#include "assets/launcher_heading.h"

/*
 * Static launcher heading rendered once at build time.
 * This avoids runtime font scaling and animation work on the embedded target.
 */
static const LV_ATTRIBUTE_MEM_ALIGN LV_ATTRIBUTE_LARGE_CONST uint8_t launcher_heading_light_map[] = {
    0xFF, 0xFF, 0xFF, 0xFF, 0xFF, 0xFF, 0xFF, 0xFF, 0xFF, 0xFF, 0xFF, 0xFF, 0xFF, 0xFF, 0xFF, 0xFF,
    0xFF, 0xFF, 0xFF, 0xFF, 0xFF, 0xFF, 0xFF, 0xFF, 0xFF, 0xFF, 0xFF, 0xFF, 0xFF, 0xFF, 0xFF, 0xFF,
    0xFF, 0xFF, 0xFF, 0xFF, 0xFF, 0xFF, 0xFF, 0xFF, 0xFF, 0xFF, 0xFF, 0xFF, 0xFF, 0xFF, 0xFF, 0xFF,
    0xFF, 0xFF, 0xFF, 0xFF, 0xFF, 0xFF, 0xFF, 0xFF, 0xFF, 0xFF, 0xFF, 0xFF, 0xFF, 0xFF, 0xFF, 0xFF,
    0xFF, 0xFF, 0xFF, 0xFF, 0xFF, 0xFF, 0xFF, 0xFF, 0xFF, 0xFF, 0xFF, 0xFF, 0xFF, 0xFF, 0xFF, 0xFF,
    0xFF, 0xFF, 0xFF, 0xFF, 0xFF, 0xFF, 0xFF, 0xFF, 0xFF, 0xFF, 0xFF, 0xFF, 0xFF, 0xFF, 0xFF, 0xFF,
    0xFF, 0xFF, 0xFF, 0xFF, 0xFF, 0xFF, 0xFF, 0xFF, 0xFF, 0xFF, 0xFF, 0xFF, 0xFF, 0xFF, 0xFF, 0xFF,
    0xFF, 0xFF, 0xFF, 0xFF, 0xFF, 0xFF, 0xFF, 0xFF, 0xFF, 0xFF, 0xFF, 0xFF, 0xFF, 0xFF, 0xFF, 0xFF,
    0xFF, 0xFF, 0xFF, 0xFF, 0xFF, 0xFF, 0xFF, 0xFF, 0xFF, 0xFF, 0xFF, 0xFF, 0xFF, 0xFF, 0xFF, 0xFF,
    0xFF, 0xFF, 0xFF, 0xFF, 0xFF, 0xFF, 0xFF, 0xFF, 0xFF, 0xFF, 0xFF, 0xFF, 0xFF, 0xFF, 0xFF, 0xFF,
    0xFF, 0xFF, 0xFF, 0xFF, 0xFF, 0xFF, 0xFF, 0xFF, 0xFF, 0xFF, 0xFF, 0xFF, 0xFF, 0xFF, 0xFF, 0xFF,
    0xFF, 0xFF, 0xFF, 0xFF, 0xFF, 0xFF, 0xFF, 0xFF, 0xFF, 0xFF, 0xFF, 0xFF, 0xFF, 0xFF, 0xFF, 0xFF,
    0xFF, 0xFF, 0xFF, 0xFF, 0xFF, 0xFF, 0xFF, 0xFF, 0xFF, 0xFF, 0xFF, 0xFF, 0xFF, 0xFF, 0xFF, 0xFF,
    0xFF, 0xFF, 0xFF, 0xFF, 0xFF, 0xFF, 0xFF, 0xFF, 0xFF, 0xFF, 0xFF, 0xFF, 0xFF, 0xFF, 0xFF, 0xFF,
    0xFF, 0xFF, 0xFF, 0xFF, 0xFF, 0xFF, 0xFF, 0xFF, 0xFF, 0xFF, 0xFF, 0xFF, 0xFF, 0xFF, 0xFF, 0xFF,
    0xFF, 0xFF, 0xFF, 0xFF, 0xFF, 0xFF, 0xFF, 0xFF, 0xFF, 0xFF, 0xFF, 0xFF, 0xFF, 0xFF, 0xFF, 0xFF,
    0xFF, 0xFF, 0xFF, 0xFF, 0xFF, 0xFF, 0xFF, 0xFF, 0xFF, 0xFF, 0xFF, 0xFF, 0xFF, 0xFF, 0xFF, 0xFF,
    0xFF, 0xFF, 0xFF, 0xFF, 0xFF, 0xFF, 0xFF, 0xFF, 0xFF, 0xFF, 0xFF, 0xFF, 0xFF, 0xFF, 0xFF, 0xFF,
    0xFF, 0xFF, 0xFF, 0xFF, 0xFF, 0xFF, 0xFF, 0xFF, 0xFF, 0xFF, 0xFF, 0xFF, 0xFF, 0xFF, 0xFF, 0xFF,
    0xFF, 0xFF, 0xFF, 0xFF, 0xFF, 0xFF, 0xFF, 0xFF, 0xFF, 0xFF, 0xFF, 0xFF, 0xFF, 0xFF, 0xFF, 0xFF,
    0xFF, 0xFF, 0xFF, 0xFF, 0xFF, 0xFF, 0xFF, 0xFF, 0xFF, 0xFF, 0xFF, 0xFF, 0xFF, 0xFF, 0xFF, 0xFF,
    0xFF, 0xFF, 0xFF, 0xFF, 0xFF, 0xFF, 0xFF, 0xFF, 0xFF, 0xFF, 0xFF, 0xFF, 0xFF, 0xFF, 0xFF, 0xFF,
    0xFF, 0xFF, 0xFF, 0xFF, 0xFF, 0xFF, 0xFF, 0xFF, 0xFF, 0xFF, 0xFF, 0xFF, 0xFF, 0xFF, 0xFF, 0xFF,
    0xFF, 0xFF, 0xFF, 0xFF, 0xFF, 0xFF, 0xFF, 0xFF, 0xFF, 0xFF, 0xFF, 0xFF, 0xFF, 0xFF, 0xFF, 0xFF,
    0xFF, 0xFF, 0xFF, 0xFF, 0xFF, 0xFF, 0xFF, 0xFF, 0xFF, 0xFF, 0xFF, 0xFF, 0xFF, 0xFF, 0xFF, 0xFF,
    0xFF, 0xFF, 0xFF, 0xFF, 0xFF, 0xFF, 0xFF, 0xFF, 0xFF, 0xFF, 0xFF, 0xFF, 0xFF, 0xFF, 0xFF, 0xFF,
    0xFF, 0xFF, 0xFF, 0xFF, 0xFF, 0xFF, 0xFF, 0xFF, 0xFF, 0xFF, 0xFF, 0xFF, 0xFF, 0xFF, 0xFF, 0xFF,
    0xFF, 0xFF, 0xFF, 0xFF, 0xFF, 0xFF, 0xFF, 0xFF, 0xFF, 0xFF, 0xFF, 0xFF, 0xFF, 0xFF, 0xFF, 0xFF,
    0xFF, 0xFF, 0xFF, 0xFF, 0xFF, 0xFF, 0xFF, 0xFF, 0xFF, 0xFF, 0xFF, 0xFF, 0xFF, 0xFF, 0xFF, 0xFF,
    0xFF, 0xFF, 0xFF, 0xFF, 0xFF, 0xFF, 0xFF, 0xFF, 0xFF, 0xFF, 0xFF, 0xFF, 0xFF, 0xFF, 0xFF, 0xFF,
    0xFF, 0xFF, 0xFF, 0xFF, 0xFF, 0xFF, 0xFF, 0xFF, 0xFF, 0xFF, 0xFF, 0xFF, 0xFF, 0xFF, 0xFF, 0xFF,
    0xFF, 0xFF, 0xFF, 0xFF, 0xFF, 0xFF, 0xFF, 0xFF, 0xFF, 0xFF, 0xFF, 0xFF, 0xFF, 0xFF, 0xFF, 0xFF,
    0xFF, 0xFF, 0xFF, 0xFF, 0xFF, 0xFF, 0xFF, 0xFF, 0xFF, 0xFF, 0xFF, 0xFF, 0xFF, 0xFF, 0xFF, 0xFF,
    0xFF, 0xFF, 0xFF, 0xFF, 0xFF, 0xFF, 0xFF, 0xFF, 0xFF, 0xFF, 0xFF, 0xFF, 0xFF, 0xFF, 0xFF, 0xFF,
    0xFF, 0xFF, 0xFF, 0xFF, 0xFF, 0xFF, 0xFF, 0xFF, 0xFF, 0xFF, 0xFF, 0xFF, 0xFF, 0xFF, 0xFF, 0xFF,
    0xFF, 0xFF, 0xFF, 0xFF, 0xFF, 0xFF, 0xFF, 0xFF, 0xFF, 0xFF, 0xFF, 0xFF, 0xFF, 0xFF, 0xFF, 0xFF,
    0xFF, 0xFF, 0xFF, 0xFF, 0xFF, 0xFF, 0xFF, 0xFF, 0xFF, 0xFF, 0xFF, 0xFF, 0xFF, 0xFF, 0xFF, 0xFF,
    0xFF, 0xFF, 0xFF, 0xFF, 0xFF, 0xFF, 0xFF, 0xFF, 0xFF, 0xFF, 0xFF, 0xFF, 0xFF, 0xFF, 0xFF, 0xFF,
    0xFF, 0xFF, 0xFF, 0xFF, 0xFF, 0xFF, 0xFF, 0xFF, 0xFF, 0xFF, 0xFF, 0xFF, 0xFF, 0xFF, 0xFF, 0xFF,
    0xFF, 0xFF, 0xFF, 0xFF, 0xFF, 0xFF, 0xFF, 0xFF, 0xFF, 0xFF, 0xFF, 0xFF, 0xFF, 0xFF, 0xFF, 0xFF,
    0xFF, 0xFF, 0xFF, 0xFF, 0xFF, 0xFF, 0xFF, 0xFF, 0xFF, 0xFF, 0xFF, 0xFF, 0xFF, 0xFF, 0xFF, 0xFF,
    0xFF, 0xFF, 0xFF, 0xFF, 0xFF, 0xFF, 0xFF, 0xFF, 0xFF, 0xFF, 0xFF, 0xFF, 0xFF, 0xFF, 0xFF, 0xFF,
    0xFF, 0xFF, 0xFF, 0xFF, 0xFF, 0xFF, 0xFF, 0xFF, 0xFF, 0xFF, 0xFF, 0xFF, 0xFF, 0xFF, 0xFF, 0xFF,
    0xFF, 0xFF, 0xFF, 0xFF, 0xFF, 0xFF, 0xFF, 0xFF, 0xFF, 0xFF, 0xFF, 0xFF, 0xFF, 0xFF, 0xFF, 0xFF,
    0xFF, 0xFF, 0xFF, 0xFF, 0xFF, 0xFF, 0xFF, 0xFF, 0xFF, 0xFF, 0xFF, 0xFF, 0xFF, 0xFF, 0xFF, 0xFF,
    0xFF, 0xFF, 0xFF, 0xFF, 0xFF, 0xFF, 0xFF, 0xFF, 0xFF, 0xFF, 0xFF, 0xFF, 0xFF, 0xFF, 0xFF, 0xFF,
    0xFF, 0xFF, 0xFF, 0xFF, 0xFF, 0xFF, 0xFF, 0xFF, 0xFF, 0xFF, 0xFF, 0xFF, 0xFF, 0xFF, 0xFF, 0xFF,
    0xFF, 0xFF, 0xFF, 0xFF, 0xFF, 0xFF, 0xFF, 0xFF, 0xFF, 0xFF, 0xFF, 0xFF, 0xFF, 0xFF, 0xFF, 0xFF,
    0xFF, 0xFF, 0xFF, 0xFF, 0xFF, 0xFF, 0xFF, 0xFF, 0xFF, 0xFF, 0xFF, 0xFF, 0xFF, 0xFF, 0xFF, 0xFF,
    0xFF, 0xFF, 0xFF, 0xFF, 0xFF, 0xFF, 0xFF, 0xFF, 0xFF, 0xFF, 0xFF, 0xFF, 0xFF, 0xFF, 0xFF, 0xFF,
    0xFF, 0xFF, 0xFF, 0xFF, 0xFF, 0xFF, 0xFF, 0xFF, 0xFF, 0xFF, 0xFF, 0xFF, 0xFF, 0xFF, 0xFF, 0xFF,
    0xFF, 0xFF, 0xFF, 0xFF, 0xFF, 0xFF, 0xFF, 0xFF, 0xFF, 0xFF, 0xFF, 0xFF, 0xFF, 0xFF, 0xFF, 0xFF,
    0xFF, 0xFF, 0xFF, 0xFF, 0xFF, 0xFF, 0xFF, 0xFF, 0xFF, 0xFF, 0xFF, 0xFF, 0xFF, 0xFF, 0xFF, 0xFF,
    0xFF, 0xFF, 0xFF, 0xFF, 0xFF, 0xFF, 0xFF, 0xFF, 0xFF, 0xFF, 0xFF, 0xFF, 0xFF, 0xFF, 0xFF, 0xFF,
    0xFF, 0xFF, 0xFF, 0xFF, 0xFF, 0xFF, 0xFF, 0xFF, 0xFF, 0xFF, 0xFF, 0xFF, 0xFF, 0xFF, 0xFF, 0xFF,
    0xFF, 0xFF, 0xFF, 0xFF, 0xFF, 0xFF, 0xFF, 0xFF, 0xFF, 0xFF, 0xFF, 0xFF, 0xFF, 0xFF, 0xFF, 0xFF,
    0xFF, 0xFF, 0xFF, 0xFF, 0xFF, 0xFF, 0xFF, 0xFF, 0xFF, 0xFF, 0xFF, 0xFF, 0xFF, 0xFF, 0xFF, 0xFF,
    0xFF, 0xFF, 0xFF, 0xFF, 0xFF, 0xFF, 0xFF, 0xFF, 0xFF, 0xFF, 0xFF, 0xFF, 0xFF, 0xFF, 0xFF, 0xFF,
    0xFF, 0xFF, 0xFF, 0xFF, 0xFF, 0xFF, 0xFF, 0xFF, 0xFF, 0xFF, 0xFF, 0xFF, 0xFF, 0xFF, 0xFF, 0xFF,
    0xFF, 0xFF, 0xFF, 0xFF, 0xFF, 0xFF, 0xFF, 0xFF, 0xFF, 0xFF, 0xFF, 0xFF, 0xFF, 0xFF, 0xFF, 0xFF,
    0xFF, 0xFF, 0xFF, 0xFF, 0xFF, 0xFF, 0xFF, 0xFF, 0xFF, 0xFF, 0xFF, 0xFF, 0xFF, 0xFF, 0xFF, 0xFF,
    0xFF, 0xFF, 0xFF, 0xFF, 0xFF, 0xFF, 0xFF, 0xFF, 0xFF, 0xFF, 0xFF, 0xFF, 0xFF, 0xFF, 0xFF, 0xFF,
    0xFF, 0xFF, 0xFF, 0xFF, 0xFF, 0xFF, 0xFF, 0xFF, 0xFF, 0xFF, 0xFF, 0xFF, 0xFF, 0xFF, 0xFF, 0xFF,
    0xFF, 0xFF, 0xFF, 0xFF, 0xFF, 0xFF, 0xFF, 0xFF, 0xFF, 0xFF, 0xFF, 0xFF, 0xFF, 0xFF, 0xFF, 0xFF,
    0xFF, 0xFF, 0xFF, 0xFF, 0xFF, 0xFF, 0xFF, 0xFF, 0xFF, 0xFF, 0xFF, 0xFF, 0xFF, 0xFF, 0xFF, 0xFF,
    0xFF, 0xFF, 0xFF, 0xFF, 0xFF, 0xFF, 0xFF, 0xFF, 0xFF, 0xFF, 0xFF, 0xFF, 0xFF, 0xFF, 0xFF, 0xFF,
    0xFF, 0xFF, 0xFF, 0xFF, 0xFF, 0xFF, 0xFF, 0xFF, 0xFF, 0xFF, 0xFF, 0xFF, 0xFF, 0xFF, 0xFF, 0xFF,
    0xFF, 0xFF, 0xFF, 0xFF, 0xFF, 0xFF, 0xFF, 0xFF, 0xFF, 0xFF, 0xFF, 0xFF, 0xFF, 0xFF, 0xFF, 0xFF,
    0xFF, 0xFF, 0xFF, 0xFF, 0xFF, 0xFF, 0xFF, 0xFF, 0xFF, 0xFF, 0xFF, 0xFF, 0xFF, 0xFF, 0xFF, 0xFF,
    0xFF, 0xFF, 0xFF, 0xFF, 0xFF, 0xFF, 0xFF, 0xFF, 0xFF, 0xFF, 0xFF, 0xFF, 0xFF, 0xFF, 0xFF, 0xFF,
    0xFF, 0xFF, 0xFF, 0xFF, 0xFF, 0xFF, 0xFF, 0xFF, 0xFF, 0xFF, 0xFF, 0xFF, 0xFF, 0xFF, 0xFF, 0xFF,
    0xFF, 0xFF, 0xFF, 0xFF, 0xFF, 0xFF, 0xFF, 0xFF, 0xFF, 0xFF, 0xFF, 0xFF, 0xFF, 0xFF, 0xFF, 0xFF,
    0xFF, 0xFF, 0xFF, 0xFF, 0xFF, 0xFF, 0xFF, 0xFF, 0xFF, 0xFF, 0xFF, 0xFF, 0xFF, 0xFF, 0xFF, 0xFF,
    0xFF, 0xFF, 0xFF, 0xFF, 0xFF, 0xFF, 0xFF, 0xFF, 0xFF, 0xFF, 0xFF, 0xFF, 0xFF, 0xFF, 0xFF, 0xFF,
    0xFF, 0xFF, 0xFF, 0xFF, 0xFF, 0xFF, 0xFF, 0xFF, 0xFF, 0xFF, 0xFF, 0xFF, 0xFF, 0xFF, 0xFF, 0xFF,
    0xFF, 0xFF, 0xFF, 0xFF, 0xFF, 0xFF, 0xFF, 0xFF, 0xFF, 0xFF, 0xFF, 0xFF, 0xFF, 0xFF, 0xFF, 0xFF,
    0xFF, 0xFF, 0xFF, 0xFF, 0xFF, 0xFF, 0xFF, 0xFF, 0xFF, 0xFF, 0xFF, 0xFF, 0xFF, 0xFF, 0xFF, 0xFF,
    0xFF, 0xFF, 0xFF, 0xFF, 0xFF, 0xFF, 0xFF, 0xFF, 0xFF, 0xFF, 0xFF, 0xFF, 0xFF, 0xFF, 0xFF, 0xFF,
    0xFF, 0xFF, 0xFF, 0xFF, 0xFF, 0xFF, 0xFF, 0xFF, 0xFF, 0xFF, 0xFF, 0xFF, 0xFF, 0xFF, 0xFF, 0xFF,
    0xFF, 0xFF, 0xFF, 0xFF, 0xFF, 0xFF, 0xFF, 0xFF, 0xFF, 0xFF, 0xFF, 0xFF, 0xFF, 0xFF, 0xFF, 0xFF,
    0xFF, 0xFF, 0xFF, 0xFF, 0xFF, 0xFF, 0xFF, 0xFF, 0xFF, 0xFF, 0xFF, 0xFF, 0xFF, 0xFF, 0xFF, 0xFF,
    0xFF, 0xFF, 0xFF, 0xFF, 0xFF, 0xFF, 0xFF, 0xFF, 0xFF, 0xFF, 0xFF, 0xFF, 0xFF, 0xFF, 0xFF, 0xFF,
    0xFF, 0xFF, 0xFF, 0xFF, 0xFF, 0xFF, 0xFF, 0xFF, 0xFF, 0xFF, 0xFF, 0xFF, 0xFF, 0xFF, 0xFF, 0xFF,
    0xFF, 0xFF, 0xFF, 0xFF, 0xFF, 0xFF, 0xFF, 0xFF, 0xFF, 0xFF, 0xFF, 0xFF, 0xFF, 0xFF, 0xFF, 0xFF,
    0xFF, 0xFF, 0xFF, 0xFF, 0xFF, 0xFF, 0xFF, 0xFF, 0xFF, 0xFF, 0xFF, 0xFF, 0xFF, 0xFF, 0xFF, 0xFF,
    0xFF, 0xFF, 0xFF, 0xFF, 0xFF, 0xFF, 0xFF, 0xFF, 0xFF, 0xFF, 0xFF, 0xFF, 0xFF, 0xFF, 0xFF, 0xFF,
    0xFF, 0xFF, 0xFF, 0xFF, 0xFF, 0xFF, 0xFF, 0xFF, 0xFF, 0xFF, 0xFF, 0xFF, 0xFF, 0xFF, 0xFF, 0xFF,
    0xFF, 0xFF, 0xFF, 0xFF, 0xFF, 0xFF, 0xFF, 0xFF, 0xFF, 0xFF, 0xFF, 0xFF, 0xFF, 0xFF, 0xFF, 0xFF,
    0xFF, 0xFF, 0xFF, 0xFF, 0xFF, 0xFF, 0xFF, 0xFF, 0xFF, 0xFF, 0xFF, 0xFF, 0xFF, 0xFF, 0xFF, 0xFF,
    0xFF, 0xFF, 0xFF, 0xFF, 0xFF, 0xFF, 0xFF, 0xFF, 0xFF, 0xFF, 0xFF, 0xFF, 0xFF, 0xFF, 0xFF, 0xFF,
    0xFF, 0xFF, 0xFF, 0xFF, 0xFF, 0xFF, 0xFF, 0xFF, 0xFF, 0xFF, 0xFF, 0xFF, 0xFF, 0xFF, 0xFF, 0xFF,
    0xFF, 0xFF, 0xFF, 0xFF, 0xFF, 0xFF, 0xFF, 0xFF, 0xFF, 0xFF, 0xFF, 0xFF, 0xFF, 0xFF, 0xFF, 0xFF,
    0xFF, 0xFF, 0xFF, 0xFF, 0xFF, 0xFF, 0xFF, 0xFF, 0xFF, 0xFF, 0xFF, 0xFF, 0xFF, 0xFF, 0xFF, 0xFF,
    0xFF, 0xFF, 0xFF, 0xFF, 0xFF, 0xFF, 0xFF, 0xFF, 0xFF, 0xFF, 0xFF, 0xFF, 0xFF, 0xFF, 0xFF, 0xFF,
    0xFF, 0xFF, 0xFF, 0xFF, 0xFF, 0xFF, 0xFF, 0xFF, 0xFF, 0xFF, 0xFF, 0xFF, 0xFF, 0xFF, 0xFF, 0xFF,
    0xFF, 0xFF, 0xFF, 0xFF, 0xFF, 0xFF, 0xFF, 0xFF, 0xFF, 0xFF, 0xFF, 0xFF, 0xFF, 0xFF, 0xFF, 0xFF,
    0xFF, 0xFF, 0xFF, 0xFF, 0xFF, 0xFF, 0xFF, 0xFF, 0xFF, 0xFF, 0xFF, 0xFF, 0xFF, 0xFF, 0xFF, 0xFF,
    0xFF, 0xFF, 0xFF, 0xFF, 0xFF, 0xFF, 0xFF, 0xFF, 0xFF, 0xFF, 0xFF, 0xFF, 0xFF, 0xFF, 0xFF, 0xFF,
    0xFF, 0xFF, 0xFF, 0xFF, 0xFF, 0xFF, 0xFF, 0xFF, 0xFF, 0xFF, 0xFF, 0xFF, 0xFF, 0xFF, 0xFF, 0xFF,
    0xFF, 0xFF, 0xFF, 0xFF, 0xFF, 0xFF, 0xFF, 0xFF, 0xFF, 0xFF, 0xFF, 0xFF, 0xFF, 0xFF, 0xFF, 0xFF,
    0xFF, 0xFF, 0xFF, 0xFF, 0xFF, 0xFF, 0xFF, 0xFF, 0xFF, 0xFF, 0xFF, 0xFF, 0xFF, 0xFF, 0xFF, 0xFF,
    0xFF, 0xFF, 0xFF, 0xFF, 0xFF, 0xFF, 0xFF, 0xFF, 0xFF, 0xFF, 0xFF, 0xFF, 0xFF, 0xFF, 0xFF, 0xFF,
    0xFF, 0xFF, 0xFF, 0xFF, 0xFF, 0xFF, 0xFF, 0xFF, 0xFF, 0xFF, 0xFF, 0xFF, 0xFF, 0xFF, 0xFF, 0xFF,
    0xFF, 0xFF, 0xFF, 0xFF, 0xFF, 0xFF, 0xFF, 0xFF, 0xFF, 0xFF, 0xFF, 0xFF, 0xFF, 0xFF, 0xFF, 0xFF,
    0xFF, 0xFF, 0xFF, 0xFF, 0xFF, 0xFF, 0xFF, 0xFF, 0xFF, 0xFF, 0xFF, 0xFF, 0xFF, 0xFF, 0xFF, 0xFF,
    0xFF, 0xFF, 0xFF, 0xFF, 0xFF, 0xFF, 0xFF, 0xFF, 0xFF, 0xFF, 0xFF, 0xFF, 0xFF, 0xFF, 0xFF, 0xFF,
    0xFF, 0xFF, 0xFF, 0xFF, 0xFF, 0xFF, 0xFF, 0xFF, 0xFF, 0xFF, 0xFF, 0xFF, 0xFF, 0xFF, 0xFF, 0xFF,
    0xFF, 0xFF, 0xFF, 0xFF, 0xFF, 0xFF, 0xFF, 0xFF, 0xFF, 0xFF, 0xFF, 0xFF, 0xFF, 0xFF, 0xFF, 0xFF,
    0xFF, 0xFF, 0xFF, 0xFF, 0xFF, 0xFF, 0xFF, 0xFF, 0xFF, 0xFF, 0xFF, 0xFF, 0xFF, 0xFF, 0xFF, 0xFF,
    0xFF, 0xFF, 0xFF, 0xFF, 0xFF, 0xFF, 0xFF, 0xFF, 0xFF, 0xFF, 0xFF, 0xFF, 0xFF, 0xFF, 0xFF, 0xFF,
    0xFF, 0xFF, 0xFF, 0xFF, 0xFF, 0xFF, 0xFF, 0xFF, 0xFF, 0xFF, 0xFF, 0xFF, 0xFF, 0xFF, 0xFF, 0xFF,
    0xFF, 0xFF, 0xFF, 0xFF, 0xFF, 0xFF, 0xFF, 0xFF, 0xFF, 0xFF, 0xFF, 0xFF, 0xFF, 0xFF, 0xFF, 0xFF,
    0xFF, 0xFF, 0xFF, 0xFF, 0xFF, 0xFF, 0xFF, 0xFF, 0xFF, 0xFF, 0xFF, 0xFF, 0xFF, 0xFF, 0xFF, 0xFF,
    0xFF, 0xFF, 0xFF, 0xFF, 0xFF, 0xFF, 0xFF, 0xFF, 0xFF, 0xFF, 0xFF, 0xFF, 0xFF, 0xFF, 0xFF, 0xFF,
    0xFF, 0xFF, 0xFF, 0xFF, 0xFF, 0xFF, 0xFF, 0xFF, 0xFF, 0xFF, 0xFF, 0xFF, 0xFF, 0xFF, 0xFF, 0xFF,
    0xFF, 0xFF, 0xFF, 0xFF, 0xFF, 0xFF, 0xFF, 0xFF, 0xFF, 0xFF, 0xFF, 0xFF, 0xFF, 0xFF, 0xFF, 0xFF,
    0xFF, 0xFF, 0xFF, 0xFF, 0xFF, 0xFF, 0xFF, 0xFF, 0xFF, 0xFF, 0xFF, 0xFF, 0xFF, 0xFF, 0xFF, 0xFF,
    0xFF, 0xFF, 0xFF, 0xFF, 0xFF, 0xFF, 0xFF, 0xFF, 0xFF, 0xFF, 0xFF, 0xFF, 0xFF, 0xFF, 0xFF, 0xFF,
    0xFF, 0xFF, 0xFF, 0xFF, 0xFF, 0xFF, 0xFF, 0xFF, 0xFF, 0xFF, 0xFF, 0xFF, 0xFF, 0xFF, 0xFF, 0xFF,
    0xFF, 0xFF, 0xFF, 0xFF, 0xFF, 0xFF, 0xFF, 0xFF, 0xFF, 0xFF, 0xFF, 0xFF, 0xFF, 0xFF, 0xFF, 0xFF,
    0xFF, 0xFF, 0xFF, 0xFF, 0xFF, 0xFF, 0xFF, 0xFF, 0xFF, 0xFF, 0xFF, 0xFF, 0xFF, 0xFF, 0xFF, 0xFF,
    0xFF, 0xFF, 0xFF, 0xFF, 0xFF, 0xFF, 0xFF, 0xFF, 0xFF, 0xFF, 0xFF, 0xFF, 0xFF, 0xFF, 0xFF, 0xFF,
    0xFF, 0xFF, 0xFF, 0xFF, 0xFF, 0xFF, 0xFF, 0xFF, 0xFF, 0xFF, 0xFF, 0xFF, 0xFF, 0xFF, 0xFF, 0xFF,
    0xFF, 0xFF, 0xFF, 0xFF, 0xFF, 0xFF, 0xFF, 0xFF, 0xFF, 0xFF, 0xFF, 0xFF, 0xFF, 0xFF, 0xFF, 0xFF,
    0xFF, 0xFF, 0xFF, 0xFF, 0xFF, 0xFF, 0xFF, 0xFF, 0xFF, 0xFF, 0xFF, 0xFF, 0xFF, 0xFF, 0xFF, 0xFF,
    0xFF, 0xFF, 0xFF, 0xFF, 0xFF, 0xFF, 0xFF, 0xFF, 0xFF, 0xFF, 0xFF, 0xFF, 0xFF, 0xFF, 0xFF, 0xFF,
    0xFF, 0xFF, 0xFF, 0xFF, 0xFF, 0xFF, 0xFF, 0xFF, 0xFF, 0xFF, 0xFF, 0xFF, 0xFF, 0xFF, 0xFF, 0xFF,
    0xFF, 0xFF, 0xFF, 0xFF, 0xFF, 0xFF, 0xFF, 0xFF, 0xFF, 0xFF, 0xFF, 0xFF, 0xFF, 0xFF, 0xFF, 0xFF,
    0xFF, 0xFF, 0xFF, 0xFF, 0xFF, 0xFF, 0xFF, 0xFF, 0xFF, 0xFF, 0xFF, 0xFF, 0xFF, 0xFF, 0xFF, 0xFF,
    0xFF, 0xFF, 0xFF, 0xFF, 0xFF, 0xFF, 0xFF, 0xFF, 0xFF, 0xFF, 0xFF, 0xFF, 0xFF, 0xFF, 0xFF, 0xFF,
    0xFF, 0xFF, 0xFF, 0xFF, 0xFF, 0xFF, 0xFF, 0xFF, 0xFF, 0xFF, 0xFF, 0xFF, 0xFF, 0xFF, 0xFF, 0xFF,
    0xFF, 0xFF, 0xFF, 0xFF, 0xFF, 0xFF, 0xFF, 0xFF, 0xFF, 0xFF, 0xFF, 0xFF, 0xFF, 0xFF, 0xFF, 0xFF,
    0xFF, 0xFF, 0xFF, 0xFF, 0xFF, 0xFF, 0xFF, 0xFF, 0xFF, 0xFF, 0xFF, 0xFF, 0xFF, 0xFF, 0xFF, 0xFF,
    0xFF, 0xFF, 0xFF, 0xFF, 0xFF, 0xFF, 0xFF, 0xFF, 0xFF, 0xFF, 0xFF, 0xFF, 0xFF, 0xFF, 0xFF, 0xFF,
    0xFF, 0xFF, 0xFF, 0xFF, 0xFF, 0xFF, 0xFF, 0xFF, 0xFF, 0xFF, 0xFF, 0xFF, 0xFF, 0xFF, 0xFF, 0xFF,
    0xFF, 0xFF, 0xFF, 0xFF, 0xFF, 0xFF, 0xFF, 0xFF, 0xFF, 0xFF, 0xFF, 0xFF, 0xFF, 0xFF, 0xFF, 0xFF,
    0xFF, 0xFF, 0xFF, 0xFF, 0xFF, 0xFF, 0xFF, 0xFF, 0xFF, 0xFF, 0xFF, 0xFF, 0xFF, 0xFF, 0xFF, 0xFF,
    0xFF, 0xFF, 0xFF, 0xFF, 0xFF, 0xFF, 0xFF, 0xFF, 0xFF, 0xFF, 0xFF, 0xFF, 0xFF, 0xFF, 0xFF, 0xFF,
    0xFF, 0xFF, 0xFF, 0xFF, 0xFF, 0xFF, 0xFF, 0xFF, 0xFF, 0xFF, 0xFF, 0xFF, 0xFF, 0xFF, 0xFF, 0xFF,
    0xFF, 0xFF, 0xFF, 0xFF, 0xFF, 0xFF, 0xFF, 0xFF, 0xFF, 0xFF, 0xFF, 0xFF, 0xFF, 0xFF, 0xFF, 0xFF,
    0xFF, 0xFF, 0xFF, 0xFF, 0xFF, 0xFF, 0xFF, 0xFF, 0xFF, 0xFF, 0xFF, 0xFF, 0xFF, 0xFF, 0xFF, 0xFF,
    0xFF, 0xFF, 0xFF, 0xFF, 0xFF, 0xFF, 0xFF, 0xFF, 0xFF, 0xFF, 0xFF, 0xFF, 0xFF, 0xFF, 0xFF, 0xFF,
    0xFF, 0xFF, 0xFF, 0xFF, 0xFF, 0xFF, 0xFF, 0xFF, 0xFF, 0xFF, 0xFF, 0xFF, 0xFF, 0xFF, 0xFF, 0xFF,
    0xFF, 0xFF, 0xFF, 0xFF, 0xFF, 0xFF, 0xFF, 0xFF, 0xFF, 0xFF, 0xFF, 0xFF, 0xFF, 0xFF, 0xFF, 0xFF,
    0xFF, 0xFF, 0xFF, 0xFF, 0xFF, 0xFF, 0xFF, 0xFF, 0xFF, 0xFF, 0xFF, 0xFF, 0xFF, 0xFF, 0xFF, 0xFF,
    0xFF, 0xFF, 0xFF, 0xFF, 0xFF, 0xFF, 0xFF, 0xFF, 0xFF, 0xFF, 0xFF, 0xFF, 0xFF, 0xFF, 0xFF, 0xFF,
    0xFF, 0xFF, 0xFF, 0xFF, 0xFF, 0xFF, 0xFF, 0xFF, 0xFF, 0xFF, 0xFF, 0xFF, 0xFF, 0xFF, 0xFF, 0xFF,
    0xFF, 0xFF, 0xFF, 0xFF, 0xFF, 0xFF, 0xFF, 0xFF, 0xFF, 0xFF, 0xFF, 0xFF, 0xFF, 0xFF, 0xFF, 0xFF,
    0xFF, 0xFF, 0xFF, 0xFF, 0xFF, 0xFF, 0xFF, 0xFF, 0xFF, 0xFF, 0xFF, 0xFF, 0xFF, 0xFF, 0xFF, 0xFF,
    0xFF, 0xFF, 0xFF, 0xFF, 0xFF, 0xFF, 0xFF, 0xFF, 0xFF, 0xFF, 0xFF, 0xFF, 0xFF, 0xFF, 0xFF, 0xFF,
    0xFF, 0xFF, 0xFF, 0xFF, 0xFF, 0xFF, 0xFF, 0xFF, 0xFF, 0xFF, 0xFF, 0xFF, 0xFF, 0xFF, 0xFF, 0xFF,
    0xFF, 0xFF, 0xFF, 0xFF, 0xFF, 0xFF, 0xFF, 0xFF, 0xFF, 0xFF, 0xFF, 0xFF, 0xFF, 0xFF, 0xFF, 0xFF,
    0xFF, 0xFF, 0xFF, 0xFF, 0xFF, 0xFF, 0xFF, 0xFF, 0xFF, 0xFF, 0xFF, 0xFF, 0xFF, 0xFF, 0xFF, 0xFF,
    0xFF, 0xFF, 0xFF, 0xFF, 0xFF, 0xFF, 0xFF, 0xFF, 0xFF, 0xFF, 0xFF, 0xFF, 0xFF, 0xFF, 0xFF, 0xFF,
    0xFF, 0xFF, 0xFF, 0xFF, 0xFF, 0xFF, 0xFF, 0xFF, 0xFF, 0xFF, 0xFF, 0xFF, 0xFF, 0xFF, 0xFF, 0xFF,
    0xFF, 0xFF, 0xFF, 0xFF, 0xFF, 0xFF, 0xFF, 0xFF, 0xFF, 0xFF, 0xFF, 0xFF, 0xFF, 0xFF, 0xFF, 0xFF,
    0xFF, 0xFF, 0xFF, 0xFF, 0xFF, 0xFF, 0xFF, 0xFF, 0xFF, 0xFF, 0xFF, 0xFF, 0xFF, 0xFF, 0xFF, 0xFF,
    0xFF, 0xFF, 0xFF, 0xFF, 0xFF, 0xFF, 0xFF, 0xFF, 0xFF, 0xFF, 0xFF, 0xFF, 0xFF, 0xFF, 0xFF, 0xFF,
    0xFF, 0xFF, 0xFF, 0xFF, 0xFF, 0xFF, 0xFF, 0xFF, 0xFF, 0xFF, 0xFF, 0xFF, 0xFF, 0xFF, 0xFF, 0xFF,
    0xFF, 0xFF, 0xFF, 0xFF, 0xFF, 0xFF, 0xFF, 0xFF, 0xFF, 0xFF, 0xFF, 0xFF, 0xFF, 0xFF, 0xFF, 0xFF,
    0xFF, 0xFF, 0xFF, 0xFF, 0xFF, 0xFF, 0xFF, 0xFF, 0xFF, 0xFF, 0xFF, 0xFF, 0xFF, 0xFF, 0xFF, 0xFF,
    0xFF, 0xFF, 0xFF, 0xFF, 0xFF, 0xFF, 0xFF, 0xFF, 0xFF, 0xFF, 0xFF, 0xFF, 0xFF, 0xFF, 0xFF, 0xFF,
    0xFF, 0xFF, 0xFF, 0xFF, 0xFF, 0xFF, 0xFF, 0xFF, 0xFF, 0xFF, 0xFF, 0xFF, 0xFF, 0xFF, 0xFF, 0xFF,
    0xFF, 0xFF, 0xFF, 0xFF, 0xFF, 0xFF, 0xFF, 0xFF, 0xFF, 0xFF, 0xFF, 0xFF, 0xFF, 0xFF, 0xFF, 0xFF,
    0xFF, 0xFF, 0xFF, 0xFF, 0xFF, 0xFF, 0xFF, 0xFF, 0xFF, 0xFF, 0xFF, 0xFF, 0xFF, 0xFF, 0xFF, 0xFF,
    0xFF, 0xFF, 0xFF, 0xFF, 0xFF, 0xFF, 0xFF, 0xFF, 0xFF, 0xFF, 0xFF, 0xFF, 0xFF, 0xFF, 0xFF, 0xFF,
    0xFF, 0xFF, 0xFF, 0xFF, 0xFF, 0xFF, 0xFF, 0xFF, 0xFF, 0xFF, 0xFF, 0xFF, 0xFF, 0xFF, 0xFF, 0xFF,
    0xFF, 0xFF, 0xFF, 0xFF, 0xFF, 0xFF, 0xFF, 0xFF, 0xFF, 0xFF, 0xFF, 0xFF, 0xFF, 0xFF, 0xFF, 0xFF,
    0xFF, 0xFF, 0xFF, 0xFF, 0xFF, 0xFF, 0xFF, 0xFF, 0xFF, 0xFF, 0xFF, 0xFF, 0xFF, 0xFF, 0xFF, 0xFF,
    0xFF, 0xFF, 0xFF, 0xFF, 0xFF, 0xFF, 0xFF, 0xFF, 0xFF, 0xFF, 0xFF, 0xFF, 0xFF, 0xFF, 0xFF, 0xFF,
    0xFF, 0xFF, 0xFF, 0xFF, 0xFF, 0xFF, 0xFF, 0xFF, 0xFF, 0xFF, 0xFF, 0xFF, 0xFF, 0xFF, 0xFF, 0xFF,
    0xFF, 0xFF, 0xFF, 0xFF, 0xFF, 0xFF, 0xFF, 0xFF, 0xFF, 0xFF, 0xFF, 0xFF, 0xFF, 0xFF, 0xFF, 0xFF,
    0xFF, 0xFF, 0xFF, 0xFF, 0xFF, 0xFF, 0xFF, 0xFF, 0xFF, 0xFF, 0xFF, 0xFF, 0xFF, 0xFF, 0xFF, 0xFF,
    0xFF, 0xFF, 0xFF, 0xFF, 0xFF, 0xFF, 0xFF, 0xFF, 0xFF, 0xFF, 0xFF, 0xFF, 0xFF, 0xFF, 0xFF, 0xFF,
    0xFF, 0xFF, 0xFF, 0xFF, 0xFF, 0xFF, 0xFF, 0xFF, 0xFF, 0xFF, 0xFF, 0xFF, 0xFF, 0xFF, 0xFF, 0xFF,
    0xFF, 0xFF, 0xFF, 0xFF, 0xFF, 0xFF, 0xFF, 0xFF, 0xFF, 0xFF, 0xFF, 0xFF, 0xFF, 0xFF, 0xFF, 0xFF,
    0xFF, 0xFF, 0xFF, 0xFF, 0xFF, 0xFF, 0xFF, 0xFF, 0xFF, 0xFF, 0xFF, 0xFF, 0xFF, 0xFF, 0xFF, 0xFF,
    0xFF, 0xFF, 0xFF, 0xFF, 0xFF, 0xFF, 0xFF, 0xFF, 0xFF, 0xFF, 0xFF, 0xFF, 0xFF, 0xFF, 0xFF, 0xFF,
    0xFF, 0xFF, 0xFF, 0xFF, 0xFF, 0xFF, 0xFF, 0xFF, 0xFF, 0xFF, 0xFF, 0xFF, 0xFF, 0xFF, 0xFF, 0xFF,
    0xFF, 0xFF, 0xFF, 0xFF, 0xFF, 0xFF, 0xFF, 0xFF, 0xFF, 0xFF, 0xFF, 0xFF, 0xFF, 0xFF, 0xFF, 0xFF,
    0xFF, 0xFF, 0xFF, 0xFF, 0xFF, 0xFF, 0xFF, 0xFF, 0xFF, 0xFF, 0xFF, 0xFF, 0xFF, 0xFF, 0xFF, 0xFF,
    0xFF, 0xFF, 0xFF, 0xFF, 0xFF, 0xFF, 0xFF, 0xFF, 0xFF, 0xFF, 0xFF, 0xFF, 0xFF, 0xFF, 0xFF, 0xFF,
    0xFF, 0xFF, 0xFF, 0xFF, 0xFF, 0xFF, 0xFF, 0xFF, 0xFF, 0xFF, 0xFF, 0xFF, 0xFF, 0xFF, 0xFF, 0xFF,
    0xFF, 0xFF, 0xFF, 0xFF, 0xFF, 0xFF, 0xFF, 0xFF, 0xFF, 0xFF, 0xFF, 0xFF, 0xFF, 0xFF, 0xFF, 0xFF,
    0xFF, 0xFF, 0xFF, 0xFF, 0xFF, 0xFF, 0xFF, 0xFF, 0xFF, 0xFF, 0xFF, 0xFF, 0xFF, 0xFF, 0xFF, 0xFF,
    0xFF, 0xFF, 0xFF, 0xFF, 0xFF, 0xFF, 0xFF, 0xFF, 0xFF, 0xFF, 0xFF, 0xFF, 0xFF, 0xFF, 0xFF, 0xFF,
    0xFF, 0xFF, 0xFF, 0xFF, 0xFF, 0xFF, 0xFF, 0xFF, 0xFF, 0xFF, 0xFF, 0xFF, 0xFF, 0xFF, 0xFF, 0xFF,
    0xFF, 0xFF, 0xFF, 0xFF, 0xFF, 0xFF, 0xFF, 0xFF, 0xFF, 0xFF, 0xFF, 0xFF, 0xFF, 0xFF, 0xFF, 0xFF,
    0xFF, 0xFF, 0xFF, 0xFF, 0xFF, 0xFF, 0xFF, 0xFF, 0xFF, 0xFF, 0xFF, 0xFF, 0xFF, 0xFF, 0xFF, 0xFF,
    0xFF, 0xFF, 0xFF, 0xFF, 0xFF, 0xFF, 0xFF, 0xFF, 0xFF, 0xFF, 0xFF, 0xFF, 0xFF, 0xFF, 0xFF, 0xFF,
    0xFF, 0xFF, 0xFF, 0xFF, 0xFF, 0xFF, 0xFF, 0xFF, 0xFF, 0xFF, 0xFF, 0xFF, 0xFF, 0xFF, 0xFF, 0xFF,
    0xFF, 0xFF, 0xFF, 0xFF, 0xFF, 0xFF, 0xFF, 0xFF, 0xFF, 0xFF, 0xFF, 0xFF, 0xFF, 0xFF, 0xFF, 0xFF,
    0xFF, 0xFF, 0xFF, 0xFF, 0xFF, 0xFF, 0xFF, 0xFF, 0xFF, 0xFF, 0xFF, 0xFF, 0xFF, 0xFF, 0xFF, 0xFF,
    0xFF, 0xFF, 0xFF, 0xFF, 0xFF, 0xFF, 0xFF, 0xFF, 0xFF, 0xFF, 0xFF, 0xFF, 0xFF, 0xFF, 0xFF, 0xFF,
    0xFF, 0xFF, 0xFF, 0xFF, 0xFF, 0xFF, 0xFF, 0xFF, 0xFF, 0xFF, 0xFF, 0xFF, 0xFF, 0xFF, 0xFF, 0xFF,
    0xFF, 0xFF, 0xFF, 0xFF, 0xFF, 0xFF, 0xFF, 0xFF, 0xFF, 0xFF, 0xFF, 0xFF, 0xFF, 0xFF, 0xFF, 0xFF,
    0xFF, 0xFF, 0xFF, 0xFF, 0xFF, 0xFF, 0xFF, 0xFF, 0xFF, 0xFF, 0xFF, 0xFF, 0xFF, 0xFF, 0xFF, 0xFF,
    0xFF, 0xFF, 0xFF, 0xFF, 0xFF, 0xFF, 0xFF, 0xFF, 0xFF, 0xFF, 0xFF, 0xFF, 0xFF, 0xFF, 0xFF, 0xFF,
    0xFF, 0xFF, 0xFF, 0xFF, 0xFF, 0xFF, 0xFF, 0xFF, 0xFF, 0xFF, 0xFF, 0xFF, 0xFF, 0xFF, 0xFF, 0xFF,
    0xFF, 0xFF, 0xFF, 0xFF, 0xFF, 0xFF, 0xFF, 0xFF, 0xFF, 0xFF, 0xFF, 0xFF, 0xFF, 0xFF, 0xFF, 0xFF,
    0xFF, 0xFF, 0xFF, 0xFF, 0xFF, 0xFF, 0xFF, 0xFF, 0xFF, 0xFF, 0xFF, 0xFF, 0xFF, 0xFF, 0xFF, 0xFF,
    0xFF, 0xFF, 0xFF, 0xFF, 0xFF, 0xFF, 0xFF, 0xFF, 0xFF, 0xFF, 0xFF, 0xFF, 0xFF, 0xFF, 0xFF, 0xFF,
    0xFF, 0xFF, 0xFF, 0xFF, 0xFF, 0xFF, 0xFF, 0xFF, 0xFF, 0xFF, 0xFF, 0xFF, 0xFF, 0xFF, 0xFF, 0xFF,
    0xFF, 0xFF, 0xFF, 0xFF, 0xFF, 0xFF, 0xFF, 0xFF, 0xFF, 0xFF, 0xFF, 0xFF, 0xFF, 0xFF, 0xFF, 0xFF,
    0xFF, 0xFF, 0xFF, 0xFF, 0xFF, 0xFF, 0xFF, 0xFF, 0xFF, 0xFF, 0xFF, 0xFF, 0xFF, 0xFF, 0xFF, 0xFF,
    0xFF, 0xFF, 0xFF, 0xFF, 0xFF, 0xFF, 0xFF, 0xFF, 0xFF, 0xFF, 0xFF, 0xFF, 0xFF, 0xFF, 0xFF, 0xFF,
    0xFF, 0xFF, 0xFF, 0xFF, 0xFF, 0xFF, 0xFF, 0xFF, 0xFF, 0xFF, 0xFF, 0xFF, 0xFF, 0xFF, 0xFF, 0xFF,
    0xFF, 0xFF, 0xFF, 0xFF, 0xFF, 0xFF, 0xFF, 0xFF, 0xFF, 0xFF, 0xFF, 0xFF, 0xFF, 0xFF, 0xFF, 0xFF,
    0xFF, 0xFF, 0xFF, 0xFF, 0xFF, 0xFF, 0xFF, 0xFF, 0xFF, 0xFF, 0xFF, 0xFF, 0xFF, 0xFF, 0xFF, 0xFF,
    0xFF, 0xFF, 0xFF, 0xFF, 0xFF, 0xFF, 0xFF, 0xFF, 0xFF, 0xFF, 0xFF, 0xFF, 0xFF, 0xFF, 0xFF, 0xFF,
    0xFF, 0xFF, 0xFF, 0xFF, 0xFF, 0xFF, 0xFF, 0xFF, 0xFF, 0xFF, 0xFF, 0xFF, 0xFF, 0xFF, 0xFF, 0xFF,
    0xFF, 0xFF, 0xFF, 0xFF, 0xFF, 0xFF, 0xFF, 0xFF, 0xFF, 0xFF, 0xFF, 0xFF, 0xFF, 0xFF, 0xFF, 0xFF,
    0xFF, 0xFF, 0xFF, 0xFF, 0xFF, 0xFF, 0xFF, 0xFF, 0xFF, 0xFF, 0xFF, 0xFF, 0xFF, 0xFF, 0xFF, 0xFF,
    0xFF, 0xFF, 0xFF, 0xFF, 0xFF, 0xFF, 0xFF, 0xFF, 0xFF, 0xFF, 0xFF, 0xFF, 0xFF, 0xFF, 0xFF, 0xFF,
    0xFF, 0xFF, 0xFF, 0xFF, 0xFF, 0xFF, 0xFF, 0xFF, 0xFF, 0xFF, 0xFF, 0xFF, 0xFF, 0xFF, 0xFF, 0xFF,
    0xFF, 0xFF, 0xFF, 0xFF, 0xFF, 0xFF, 0xFF, 0xFF, 0xFF, 0xFF, 0xFF, 0xFF, 0xFF, 0xFF, 0xFF, 0xFF,
    0xFF, 0xFF, 0xFF, 0xFF, 0xFF, 0xFF, 0xFF, 0xFF, 0xFF, 0xFF, 0xFF, 0xFF, 0xFF, 0xFF, 0xFF, 0xFF,
    0xFF, 0xFF, 0xFF, 0xFF, 0xFF, 0xFF, 0xFF, 0xFF, 0xFF, 0xFF, 0xFF, 0xFF, 0xFF, 0xFF, 0xFF, 0xFF,
    0xFF, 0xFF, 0xFF, 0xFF, 0xFF, 0xFF, 0xFF, 0xFF, 0xFF, 0xFF, 0xFF, 0xFF, 0xFF, 0xFF, 0xFF, 0xFF,
    0xFF, 0xFF, 0xFF, 0xFF, 0xFF, 0xFF, 0xFF, 0xFF, 0xFF, 0xFF, 0xFF, 0xFF, 0xFF, 0xFF, 0xFF, 0xFF,
    0xFF, 0xFF, 0xFF, 0xFF, 0xFF, 0xFF, 0xFF, 0xFF, 0xFF, 0xFF, 0xFF, 0xFF, 0xFF, 0xFF, 0xFF, 0xFF,
    0xFF, 0xFF, 0xFF, 0xFF, 0xFF, 0xFF, 0xFF, 0xFF, 0xFF, 0xFF, 0xFF, 0xFF, 0xFF, 0xFF, 0xFF, 0xFF,
    0xFF, 0xFF, 0xFF, 0xFF, 0xFF, 0xFF, 0xFF, 0xFF, 0xFF, 0xFF, 0xFF, 0xFF, 0xFF, 0xFF, 0xFF, 0xFF,
    0xFF, 0xFF, 0xFF, 0xFF, 0xFF, 0xFF, 0xFF, 0xFF, 0xFF, 0xFF, 0xFF, 0xFF, 0xFF, 0xFF, 0xFF, 0xFF,
    0xFF, 0xFF, 0xFF, 0xFF, 0xFF, 0xFF, 0xFF, 0xFF, 0xFF, 0xFF, 0xFF, 0xFF, 0xFF, 0xFF, 0xFF, 0xFF,
    0xFF, 0xFF, 0xFF, 0xFF, 0xFF, 0xFF, 0xFF, 0xFF, 0xFF, 0xFF, 0xFF, 0xFF, 0xFF, 0xFF, 0xFF, 0xFF,
    0xFF, 0xFF, 0xFF, 0xFF, 0xFF, 0xFF, 0xFF, 0xFF, 0xFF, 0xFF, 0xFF, 0xFF, 0xFF, 0xFF, 0xFF, 0xFF,
    0xFF, 0xFF, 0xFF, 0xFF, 0xFF, 0xFF, 0xFF, 0xFF, 0xFF, 0xFF, 0xFF, 0xFF, 0xFF, 0xFF, 0xFF, 0xFF,
    0xFF, 0xFF, 0xFF, 0xFF, 0xFF, 0xFF, 0xFF, 0xFF, 0xFF, 0xFF, 0xFF, 0xFF, 0xFF, 0xFF, 0xFF, 0xFF,
    0xFF, 0xFF, 0xFF, 0xFF, 0xFF, 0xFF, 0xFF, 0xFF, 0xFF, 0xFF, 0xFF, 0xFF, 0xFF, 0xFF, 0xFF, 0xFF,
    0xFF, 0xFF, 0xFF, 0xFF, 0xFF, 0xFF, 0xFF, 0xFF, 0xFF, 0xFF, 0xFF, 0xFF, 0xFF, 0xFF, 0xFF, 0xFF,
    0xFF, 0xFF, 0xFF, 0xFF, 0xFF, 0xFF, 0xFF, 0xFF, 0xFF, 0xFF, 0xFF, 0xFF, 0xFF, 0xFF, 0xFF, 0xFF,
    0xFF, 0xFF, 0xFF, 0xFF, 0xFF, 0xFF, 0xFF, 0xFF, 0xFF, 0xFF, 0xFF, 0xFF, 0xFF, 0xFF, 0xFF, 0xFF,
    0xFF, 0xFF, 0xFF, 0xFF, 0xFF, 0xFF, 0xFF, 0xFF, 0xFF, 0xFF, 0xFF, 0xFF, 0xFF, 0xFF, 0xFF, 0xFF,
    0xFF, 0xFF, 0xFF, 0xFF, 0xFF, 0xFF, 0xFF, 0xFF, 0xFF, 0xFF, 0xFF, 0xFF, 0xFF, 0xFF, 0xFF, 0xFF,
    0xFF, 0xFF, 0xFF, 0xFF, 0xFF, 0xFF, 0xFF, 0xFF, 0xFF, 0xFF, 0xFF, 0xFF, 0xFF, 0xFF, 0xFF, 0xFF,
    0xFF, 0xFF, 0xFF, 0xFF, 0xFF, 0xFF, 0xFF, 0xFF, 0xFF, 0xFF, 0xFF, 0xFF, 0xFF, 0xFF, 0xFF, 0xFF,
    0xFF, 0xFF, 0xFF, 0xFF, 0xFF, 0xFF, 0xFF, 0xFF, 0xFF, 0xFF, 0xFF, 0xFF, 0xFF, 0xFF, 0xFF, 0xFF,
    0xFF, 0xFF, 0xFF, 0xFF, 0xFF, 0xFF, 0xFF, 0xFF, 0xFF, 0xFF, 0xFF, 0xFF, 0xFF, 0xFF, 0xFF, 0xFF,
    0xFF, 0xFF, 0xFF, 0xFF, 0xFF, 0xFF, 0xFF, 0xFF, 0xFF, 0xFF, 0xFF, 0xFF, 0xFF, 0xFF, 0xFF, 0xFF,
    0xFF, 0xFF, 0xFF, 0xFF, 0xFF, 0xFF, 0xFF, 0xFF, 0xFF, 0xFF, 0xFF, 0xFF, 0xFF, 0xFF, 0xFF, 0xFF,
    0xFF, 0xFF, 0xFF, 0xFF, 0xFF, 0xFF, 0xFF, 0xFF, 0xFF, 0xFF, 0xFF, 0xFF, 0xFF, 0xFF, 0xFF, 0xFF,
    0xFF, 0xFF, 0xFF, 0xFF, 0xFF, 0xFF, 0xFF, 0xFF, 0xFF, 0xFF, 0xFF, 0xFF, 0xFF, 0xFF, 0xFF, 0xFF,
    0xFF, 0xFF, 0xFF, 0xFF, 0xFF, 0xFF, 0xFF, 0xFF, 0xFF, 0xFF, 0xFF, 0xFF, 0xFF, 0xFF, 0xFF, 0xFF,
    0xFF, 0xFF, 0xFF, 0xFF, 0xFF, 0xFF, 0xFF, 0xFF, 0xFF, 0xFF, 0xFF, 0xFF, 0xFF, 0xFF, 0xFF, 0xFF,
    0xFF, 0xFF, 0xFF, 0xFF, 0xFF, 0xFF, 0xFF, 0xFF, 0xFF, 0xFF, 0xFF, 0xFF, 0xFF, 0xFF, 0xFF, 0xFF,
    0xFF, 0xFF, 0xFF, 0xFF, 0xFF, 0xFF, 0xFF, 0xFF, 0xFF, 0xFF, 0xFF, 0xFF, 0xFF, 0xFF, 0xFF, 0xFF,
    0xFF, 0xFF, 0xFF, 0xFF, 0xFF, 0xFF, 0xFF, 0xFF, 0xFF, 0xFF, 0xFF, 0xFF, 0xFF, 0xFF, 0xFF, 0xFF,
    0xFF, 0xFF, 0xFF, 0xFF, 0xFF, 0xFF, 0xFF, 0xFF, 0xFF, 0xFF, 0xFF, 0xFF, 0xFF, 0xFF, 0xFF, 0xFF,
    0xFF, 0xFF, 0xFF, 0xFF, 0xFF, 0xFF, 0xFF, 0xFF, 0xFF, 0xFF, 0xFF, 0xFF, 0xFF, 0xFF, 0xFF, 0xFF,
    0xFF, 0xFF, 0xFF, 0xFF, 0xFF, 0xFF, 0xFF, 0xFF, 0xFF, 0xFF, 0xFF, 0xFF, 0xFF, 0xFF, 0xFF, 0xFF,
    0xFF, 0xFF, 0xFF, 0xFF, 0xFF, 0xFF, 0xFF, 0xFF, 0xFF, 0xFF, 0xFF, 0xFF, 0xFF, 0xFF, 0xFF, 0xFF,
    0xFF, 0xFF, 0xFF, 0xFF, 0xFF, 0xFF, 0xFF, 0xFF, 0xFF, 0xFF, 0xFF, 0xFF, 0xFF, 0xFF, 0xFF, 0xFF,
    0xFF, 0xFF, 0xFF, 0xFF, 0xFF, 0xFF, 0xFF, 0xFF, 0xFF, 0xFF, 0xFF, 0xFF, 0xFF, 0xFF, 0xFF, 0xFF,
    0xFF, 0xFF, 0xFF, 0xFF, 0xFF, 0xFF, 0xFF, 0xFF, 0xFF, 0xFF, 0xFF, 0xFF, 0xFF, 0xFF, 0xFF, 0xFF,
    0xFF, 0xFF, 0xFF, 0xFF, 0xFF, 0xFF, 0xFF, 0xFF, 0xFF, 0xFF, 0xFF, 0xFF, 0xFF, 0xFF, 0xFF, 0xFF,
    0xFF, 0xFF, 0xFF, 0xFF, 0xFF, 0xFF, 0xFF, 0xFF, 0xFF, 0xFF, 0xFF, 0xFF, 0xFF, 0xFF, 0xFF, 0xFF,
    0xFF, 0xFF, 0xFF, 0xFF, 0xFF, 0xFF, 0xFF, 0xFF, 0xFF, 0xFF, 0xFF, 0xFF, 0xFF, 0xFF, 0xFF, 0xFF,
    0xFF, 0xFF, 0xFF, 0xFF, 0xFF, 0xFF, 0xFF, 0xFF, 0xFF, 0xFF, 0xFF, 0xFF, 0xFF, 0xFF, 0xFF, 0xFF,
    0xFF, 0xFF, 0xFF, 0xFF, 0xFF, 0xFF, 0xFF, 0xFF, 0xFF, 0xFF, 0xFF, 0xFF, 0xFF, 0xFF, 0xFF, 0xFF,
    0xFF, 0xFF, 0xFF, 0xFF, 0xFF, 0xFF, 0xFF, 0xFF, 0xFF, 0xFF, 0xFF, 0xFF, 0xFF, 0xFF, 0xFF, 0xFF,
    0xFF, 0xFF, 0xFF, 0xFF, 0xFF, 0xFF, 0xFF, 0xFF, 0xFF, 0xFF, 0xFF, 0xFF, 0xFF, 0xFF, 0xFF, 0xFF,
    0xFF, 0xFF, 0xFF, 0xFF, 0xFF, 0xFF, 0xFF, 0xFF, 0xFF, 0xFF, 0xFF, 0xFF, 0xFF, 0xFF, 0xFF, 0xFF,
    0xFF, 0xFF, 0xFF, 0xFF, 0xFF, 0xFF, 0xFF, 0xFF, 0xFF, 0xFF, 0xFF, 0xFF, 0xFF, 0xFF, 0xFF, 0xFF,
    0xFF, 0xFF, 0xFF, 0xFF, 0xFF, 0xFF, 0xFF, 0xFF, 0xFF, 0xFF, 0xFF, 0xFF, 0xFF, 0xFF, 0xFF, 0xFF,
    0xFF, 0xFF, 0xFF, 0xFF, 0xFF, 0xFF, 0xFF, 0xFF, 0xFF, 0xFF, 0xFF, 0xFF, 0xFF, 0xFF, 0xFF, 0xFF,
    0xFF, 0xFF, 0xFF, 0xFF, 0xFF, 0xFF, 0xFF, 0xFF, 0xFF, 0xFF, 0xFF, 0xFF, 0xFF, 0xFF, 0xFF, 0xFF,
    0xFF, 0xFF, 0xFF, 0xFF, 0xFF, 0xFF, 0xFF, 0xFF, 0xFF, 0xFF, 0xFF, 0xFF, 0xFF, 0xFF, 0xFF, 0xFF,
    0xFF, 0xFF, 0xFF, 0xFF, 0xFF, 0xFF, 0xFF, 0xFF, 0xFF, 0xFF, 0xFF, 0xFF, 0xFF, 0xFF, 0xFF, 0xFF,
    0xFF, 0xFF, 0xFF, 0xFF, 0xFF, 0xFF, 0xFF, 0xFF, 0xFF, 0xFF, 0xFF, 0xFF, 0xFF, 0xFF, 0xFF, 0xFF,
    0xFF, 0xFF, 0xFF, 0xFF, 0xFF, 0xFF, 0xFF, 0xFF, 0xFF, 0xFF, 0xFF, 0xFF, 0xFF, 0xFF, 0xFF, 0xFF,
    0xFF, 0xFF, 0xFF, 0xFF, 0xFF, 0xFF, 0xFF, 0xFF, 0xFF, 0xFF, 0xFF, 0xFF, 0xFF, 0xFF, 0xFF, 0xFF,
    0xFF, 0xFF, 0xFF, 0xFF, 0xFF, 0xFF, 0xFF, 0xFF, 0xFF, 0xFF, 0xFF, 0xFF, 0xFF, 0xFF, 0xFF, 0xFF,
    0xFF, 0xFF, 0xFF, 0xFF, 0xFF, 0xFF, 0xFF, 0xFF, 0xFF, 0xFF, 0xFF, 0xFF, 0xFF, 0xFF, 0xFF, 0xFF,
    0xFF, 0xFF, 0xFF, 0xFF, 0xFF, 0xFF, 0xFF, 0xFF, 0xFF, 0xFF, 0xFF, 0xFF, 0xFF, 0xFF, 0xFF, 0xFF,
    0xFF, 0xFF, 0xFF, 0xFF, 0xFF, 0xFF, 0xFF, 0xFF, 0xFF, 0xFF, 0xFF, 0xFF, 0xFF, 0xFF, 0xFF, 0xFF,
    0xFF, 0xFF, 0xFF, 0xFF, 0xFF, 0xFF, 0xFF, 0xFF, 0xFF, 0xFF, 0xFF, 0xFF, 0xFF, 0xFF, 0xFF, 0xFF,
    0xFF, 0xFF, 0xFF, 0xFF, 0xFF, 0xFF, 0xFF, 0xFF, 0xFF, 0xFF, 0xFF, 0xFF, 0xFF, 0xFF, 0xFF, 0xFF,
    0xFF, 0xFF, 0xFF, 0xFF, 0xFF, 0xFF, 0xFF, 0xFF, 0xFF, 0xFF, 0xFF, 0xFF, 0xFF, 0xFF, 0xFF, 0xFF,
    0xFF, 0xFF, 0xFF, 0xFF, 0xFF, 0xFF, 0xFF, 0xFF, 0xFF, 0xFF, 0xFF, 0xFF, 0xFF, 0xFF, 0xFF, 0xFF,
    0xFF, 0xFF, 0xFF, 0xFF, 0xFF, 0xFF, 0xFF, 0xFF, 0xFF, 0xFF, 0xFF, 0xFF, 0xFF, 0xFF, 0xFF, 0xFF,
    0xFF, 0xFF, 0xFF, 0xFF, 0xFF, 0xFF, 0xFF, 0xFF, 0xFF, 0xFF, 0xFF, 0xFF, 0xFF, 0xFF, 0xFF, 0xFF,
    0xFF, 0xFF, 0xFF, 0xFF, 0xFF, 0xFF, 0xFF, 0xFF, 0xFF, 0xFF, 0xFF, 0xFF, 0xFF, 0xFF, 0xFF, 0xFF,
    0xFF, 0xFF, 0xFF, 0xFF, 0xFF, 0xFF, 0xFF, 0xFF, 0xFF, 0xFF, 0xFF, 0xFF, 0xFF, 0xFF, 0xFF, 0xFF,
    0xFF, 0xFF, 0xFF, 0xFF, 0xFF, 0xFF, 0xFF, 0xFF, 0xFF, 0xFF, 0xFF, 0xFF, 0xFF, 0xFF, 0xFF, 0xFF,
    0xFF, 0xFF, 0xFF, 0xFF, 0xFF, 0xFF, 0xFF, 0xFF, 0xFF, 0xFF, 0xFF, 0xFF, 0xFF, 0xFF, 0xFF, 0xFF,
    0xFF, 0xFF, 0xFF, 0xFF, 0xFF, 0xFF, 0xFF, 0xFF, 0xFF, 0xFF, 0xFF, 0xFF, 0xFF, 0xFF, 0xFF, 0xFF,
    0xFF, 0xFF, 0xFF, 0xFF, 0xFF, 0xFF, 0xFF, 0xFF, 0xFF, 0xFF, 0xFF, 0xFF, 0xFF, 0xFF, 0xFF, 0xFF,
    0xFF, 0xFF, 0xFF, 0xFF, 0xFF, 0xFF, 0xFF, 0xFF, 0xFF, 0xFF, 0xFF, 0xFF, 0xFF, 0xFF, 0xFF, 0xFF,
    0xFF, 0xFF, 0xFF, 0xFF, 0xFF, 0xFF, 0xFF, 0xFF, 0xFF, 0xFF, 0xFF, 0xFF, 0xFF, 0xFF, 0xFF, 0xFF,
    0xFF, 0xFF, 0xD0, 0x73, 0x06, 0x11, 0x06, 0x11, 0x06, 0x11, 0x06, 0x11, 0x06, 0x11, 0xDB, 0xDE,
    0xFF, 0xFF, 0xFF, 0xFF, 0xFF, 0xFF, 0xFF, 0xFF, 0xFF, 0xFF, 0xFF, 0xFF, 0xFF, 0xFF, 0x6B, 0x42,
    0x06, 0x11, 0x06, 0x11, 0x06, 0x11, 0xED, 0x5A, 0xFF, 0xFF, 0xFF, 0xFF, 0xFF, 0xFF, 0xFF, 0xFF,
    0xFF, 0xFF, 0xFF, 0xFF, 0xFF, 0xFF, 0xFF, 0xFF, 0xFF, 0xFF, 0xFF, 0xFF, 0xFF, 0xFF, 0xFF, 0xFF,
    0xFF, 0xFF, 0xFF, 0xFF, 0x6B, 0x42, 0x06, 0x11, 0x06, 0x11, 0x06, 0x11, 0x06, 0x11, 0x06, 0x11,
    0x06, 0x11, 0x06, 0x11, 0x06, 0x11, 0x06, 0x11, 0x06, 0x11, 0x06, 0x11, 0x56, 0xAD, 0xFF, 0xFF,
    0xFF, 0xFF, 0xFF, 0xFF, 0xFF, 0xFF, 0xFF, 0xFF, 0xFF, 0xFF, 0xFF, 0xFF, 0xFF, 0xFF, 0xFF, 0xFF,
    0xFF, 0xFF, 0xFF, 0xFF, 0xFF, 0xFF, 0xFF, 0xFF, 0xFF, 0xFF, 0xFF, 0xFF, 0xFF, 0xFF, 0xFF, 0xFF,
    0xFF, 0xFF, 0xFF, 0xFF, 0xFF, 0xFF, 0xFF, 0xFF, 0xFF, 0xFF, 0xFF, 0xFF, 0xFF, 0xFF, 0xFF, 0xFF,
    0xFF, 0xFF, 0xFF, 0xFF, 0xFF, 0xFF, 0xFF, 0xFF, 0xFF, 0xFF, 0xFF, 0xFF, 0xFF, 0xFF, 0xFF, 0xFF,
    0xFF, 0xFF, 0xFF, 0xFF, 0xFF, 0xFF, 0xFF, 0xFF, 0xFF, 0xFF, 0xFF, 0xFF, 0xFF, 0xFF, 0xFF, 0xFF,
    0xFF, 0xFF, 0xFF, 0xFF, 0xFF, 0xFF, 0xFF, 0xFF, 0xFF, 0xFF, 0xFF, 0xFF, 0xFF, 0xFF, 0xFF, 0xFF,
    0xFF, 0xFF, 0xFF, 0xFF, 0xFF, 0xFF, 0xFF, 0xFF, 0xFF, 0xFF, 0xFF, 0xFF, 0xFF, 0xFF, 0xFF, 0xFF,
    0x6B, 0x42, 0x06, 0x11, 0x06, 0x11, 0x06, 0x11, 0x06, 0x11, 0x06, 0x11, 0x06, 0x11, 0x26, 0x19,
    0x68, 0x21, 0x6B, 0x42, 0xF1, 0x7B, 0xBB, 0xD6, 0xFF, 0xFF, 0xFF, 0xFF, 0xFF, 0xFF, 0xFF, 0xFF,
    0xFF, 0xFF, 0xFF, 0xFF, 0xFF, 0xFF, 0xFF, 0xFF, 0xFF, 0xFF, 0xFF, 0xFF, 0xFF, 0xFF, 0xFF, 0xFF,
    0xFF, 0xFF, 0xFF, 0xFF, 0xFF, 0xFF, 0xFF, 0xFF, 0xFF, 0xFF, 0xFF, 0xFF, 0xFF, 0xFF, 0xFF, 0xFF,
    0xFF, 0xFF, 0xFF, 0xFF, 0xFF, 0xFF, 0xFF, 0xFF, 0xFF, 0xFF, 0xFF, 0xFF, 0xFF, 0xFF, 0xFF, 0xFF,
    0xFF, 0xFF, 0xFF, 0xFF, 0xFF, 0xFF, 0xFF, 0xFF, 0xFF, 0xFF, 0xFF, 0xFF, 0xFF, 0xFF, 0xFF, 0xFF,
    0xFF, 0xFF, 0xFF, 0xFF, 0xFF, 0xFF, 0xFF, 0xFF, 0xFF, 0xFF, 0xFF, 0xFF, 0xFF, 0xFF, 0xFF, 0xFF,
    0xFF, 0xFF, 0xFF, 0xFF, 0xFF, 0xFF, 0xFF, 0xFF, 0xFF, 0xFF, 0xFF, 0xFF, 0xFF, 0xFF, 0xFF, 0xFF,
    0xFF, 0xFF, 0xFF, 0xFF, 0xFF, 0xFF, 0xFF, 0xFF, 0xFF, 0xFF, 0xFF, 0xFF, 0xFF, 0xFF, 0xFF, 0xFF,
    0xFF, 0xFF, 0xFF, 0xFF, 0xFF, 0xFF, 0xFF, 0xFF, 0xFF, 0xFF, 0xFF, 0xFF, 0xFF, 0xFF, 0xFF, 0xFF,
    0xFF, 0xFF, 0xFF, 0xFF, 0xFF, 0xFF, 0xFF, 0xFF, 0xFF, 0xFF, 0xFF, 0xFF, 0xFF, 0xFF, 0xFF, 0xFF,
    0xFF, 0xFF, 0xFF, 0xFF, 0xFF, 0xFF, 0xFF, 0xFF, 0xFF, 0xFF, 0xFF, 0xFF, 0xFF, 0xFF, 0xFF, 0xFF,
    0xFF, 0xFF, 0xFF, 0xFF, 0xFF, 0xFF, 0xFF, 0xFF, 0x06, 0x19, 0x06, 0x11, 0x06, 0x11, 0x06, 0x11,
    0x7A, 0xCE, 0xFF, 0xFF, 0xFF, 0xFF, 0xFF, 0xFF, 0xFF, 0xFF, 0xFF, 0xFF, 0xFF, 0xFF, 0xFF, 0xFF,
    0xFF, 0xFF, 0xFF, 0xFF, 0xFF, 0xFF, 0xFF, 0xFF, 0xFF, 0xFF, 0xFF, 0xFF, 0xFF, 0xFF, 0xFF, 0xFF,
    0x06, 0x19, 0x06, 0x11, 0x06, 0x11, 0x06, 0x11, 0x7A, 0xCE, 0xFF, 0xFF, 0xFF, 0xFF, 0xFF, 0xFF,
    0xFF, 0xFF, 0xFF, 0xFF, 0xFF, 0xFF, 0xFF, 0xFF, 0xFF, 0xFF, 0xFF, 0xFF, 0xFF, 0xFF, 0xFF, 0xFF,
    0xFF, 0xFF, 0xFF, 0xFF, 0xFF, 0xFF, 0xFF, 0xFF, 0xFF, 0xFF, 0xFF, 0xFF, 0xFF, 0xFF, 0xFF, 0xFF,
    0xFF, 0xFF, 0xFF, 0xFF, 0xFF, 0xFF, 0xFF, 0xFF, 0xFF, 0xFF, 0xFF, 0xFF, 0xFF, 0xFF, 0xFF, 0xFF,
    0xFF, 0xFF, 0xFF, 0xFF, 0xFF, 0xFF, 0xFF, 0xFF, 0xFF, 0xFF, 0xFF, 0xFF, 0xFF, 0xFF, 0xFF, 0xFF,
    0xFF, 0xFF, 0xFF, 0xFF, 0xFF, 0xFF, 0xFF, 0xFF, 0xFF, 0xFF, 0xFF, 0xFF, 0xFF, 0xFF, 0xFF, 0xFF,
    0xFF, 0xFF, 0xFF, 0xFF, 0xFF, 0xFF, 0xFF, 0xFF, 0xFF, 0xFF, 0xFF, 0xFF, 0xD0, 0x73, 0x06, 0x11,
    0x06, 0x11, 0x06, 0x11, 0x06, 0x11, 0x06, 0x11, 0xDB, 0xDE, 0xFF, 0xFF, 0xFF, 0xFF, 0xFF, 0xFF,
    0xFF, 0xFF, 0xFF, 0xFF, 0xFF, 0xFF, 0xFF, 0xFF, 0xFF, 0xFF, 0xFF, 0xFF, 0xFF, 0xFF, 0xFF, 0xFF,
    0xFF, 0xFF, 0xFF, 0xFF, 0xFF, 0xFF, 0xFF, 0xFF, 0xFF, 0xFF, 0xFF, 0xFF, 0xFF, 0xFF, 0xFF, 0xFF,
    0xFF, 0xFF, 0xFF, 0xFF, 0xFF, 0xFF, 0xFF, 0xFF, 0xFF, 0xFF, 0xFF, 0xFF, 0xFF, 0xFF, 0xFF, 0xFF,
    0xFF, 0xFF, 0xFF, 0xFF, 0xFF, 0xFF, 0xFF, 0xFF, 0xFF, 0xFF, 0xFF, 0xFF, 0xFF, 0xFF, 0xFF, 0xFF,
    0xFF, 0xFF, 0xFF, 0xFF, 0xFF, 0xFF, 0xFF, 0xFF, 0xFF, 0xFF, 0xFF, 0xFF, 0xFF, 0xFF, 0x06, 0x19,
    0x06, 0x11, 0x06, 0x11, 0x06, 0x11, 0x7A, 0xCE, 0xFF, 0xFF, 0xFF, 0xFF, 0xFF, 0xFF, 0x06, 0x19,
    0x06, 0x11, 0x06, 0x11, 0x06, 0x11, 0x7A, 0xCE, 0xFF, 0xFF, 0xFF, 0xFF, 0xFF, 0xFF, 0xFF, 0xFF,
    0xFF, 0xFF, 0xFF, 0xFF, 0xFF, 0xFF, 0xFF, 0xFF, 0xFF, 0xFF, 0xFF, 0xFF, 0xFF, 0xFF, 0xFF, 0xFF,
    0xFF, 0xFF, 0xFF, 0xFF, 0xFF, 0xFF, 0xFF, 0xFF, 0xFF, 0xFF, 0xFF, 0xFF, 0xFF, 0xFF, 0xFF, 0xFF,
    0xFF, 0xFF, 0xFF, 0xFF, 0xFF, 0xFF, 0xFF, 0xFF, 0xFF, 0xFF, 0xFF, 0xFF, 0xFF, 0xFF, 0xFF, 0xFF,
    0xFF, 0xFF, 0xFF, 0xFF, 0xFF, 0xFF, 0xFF, 0xFF, 0xFF, 0xFF, 0xFF, 0xFF, 0xFF, 0xFF, 0xFF, 0xFF,
    0xFF, 0xFF, 0xFF, 0xFF, 0xFF, 0xFF, 0xFF, 0xFF, 0xFF, 0xFF, 0xFF, 0xFF, 0xFF, 0xFF, 0xFF, 0xFF,
    0xFF, 0xFF, 0x06, 0x19, 0x06, 0x11, 0x06, 0x11, 0x06, 0x11, 0x7A, 0xCE, 0xFF, 0xFF, 0xFF, 0xFF,
    0xFF, 0xFF, 0xFF, 0xFF, 0xFF, 0xFF, 0xFF, 0xFF, 0xFF, 0xFF, 0xFF, 0xFF, 0xFF, 0xFF, 0xFF, 0xFF,
    0xFF, 0xFF, 0xFF, 0xFF, 0xFF, 0xFF, 0xFF, 0xFF, 0xFF, 0xFF, 0xFF, 0xFF, 0xFF, 0xFF, 0xFF, 0xFF,
    0xFF, 0xFF, 0xFF, 0xFF, 0xFF, 0xFF, 0xFF, 0xFF, 0xFF, 0xFF, 0xFF, 0xFF, 0xFF, 0xFF, 0xFF, 0xFF,
    0xFF, 0xFF, 0xFF, 0xFF, 0xFF, 0xFF, 0xFF, 0xFF, 0xFF, 0xFF, 0xFF, 0xFF, 0xFF, 0xFF, 0xFF, 0xFF,
    0xFF, 0xFF, 0xFF, 0xFF, 0xFF, 0xFF, 0xFF, 0xFF, 0xFF, 0xFF, 0xFF, 0xFF, 0xFF, 0xFF, 0xFF, 0xFF,
    0xFF, 0xFF, 0xFF, 0xFF, 0xFF, 0xFF, 0xFF, 0xFF, 0xFF, 0xFF, 0xFF, 0xFF, 0xFF, 0xFF, 0xFF, 0xFF,
    0xFF, 0xFF, 0xFF, 0xFF, 0xFF, 0xFF, 0xFF, 0xFF, 0xFF, 0xFF, 0xFF, 0xFF, 0xFF, 0xFF, 0xFF, 0xFF,
    0xFF, 0xFF, 0xFF, 0xFF, 0xFF, 0xFF, 0xFF, 0xFF, 0xFF, 0xFF, 0xFF, 0xFF, 0xFF, 0xFF, 0xFF, 0xFF,
    0xFF, 0xFF, 0xFF, 0xFF, 0xFF, 0xFF, 0xFF, 0xFF, 0xDF, 0xFF, 0x88, 0x29, 0x06, 0x11, 0x06, 0x11,
    0x06, 0x11, 0x06, 0x11, 0x06, 0x11, 0x52, 0x84, 0xFF, 0xFF, 0xFF, 0xFF, 0xFF, 0xFF, 0xFF, 0xFF,
    0xFF, 0xFF, 0xFF, 0xFF, 0xFF, 0xFF, 0x6B, 0x42, 0x06, 0x11, 0x06, 0x11, 0x06, 0x11, 0xED, 0x5A,
    0xFF, 0xFF, 0xFF, 0xFF, 0xFF, 0xFF, 0xFF, 0xFF, 0xFF, 0xFF, 0xFF, 0xFF, 0xFF, 0xFF, 0xFF, 0xFF,
    0xFF, 0xFF, 0xFF, 0xFF, 0xFF, 0xFF, 0xFF, 0xFF, 0xFF, 0xFF, 0xFF, 0xFF, 0x6B, 0x42, 0x06, 0x11,
    0x06, 0x11, 0x06, 0x11, 0x06, 0x11, 0x06, 0x11, 0x06, 0x11, 0x06, 0x11, 0x06, 0x11, 0x06, 0x11,
    0x06, 0x11, 0x06, 0x11, 0x56, 0xAD, 0xFF, 0xFF, 0xFF, 0xFF, 0xFF, 0xFF, 0xFF, 0xFF, 0xFF, 0xFF,
    0xFF, 0xFF, 0xFF, 0xFF, 0xFF, 0xFF, 0xFF, 0xFF, 0xFF, 0xFF, 0xFF, 0xFF, 0xFF, 0xFF, 0xFF, 0xFF,
    0xFF, 0xFF, 0xFF, 0xFF, 0xFF, 0xFF, 0xFF, 0xFF, 0xFF, 0xFF, 0xFF, 0xFF, 0xFF, 0xFF, 0xFF, 0xFF,
    0xFF, 0xFF, 0xFF, 0xFF, 0xFF, 0xFF, 0xFF, 0xFF, 0xFF, 0xFF, 0xFF, 0xFF, 0xFF, 0xFF, 0xFF, 0xFF,
    0xFF, 0xFF, 0xFF, 0xFF, 0xFF, 0xFF, 0xFF, 0xFF, 0xFF, 0xFF, 0xFF, 0xFF, 0xFF, 0xFF, 0xFF, 0xFF,
    0xFF, 0xFF, 0xFF, 0xFF, 0xFF, 0xFF, 0xFF, 0xFF, 0xFF, 0xFF, 0xFF, 0xFF, 0xFF, 0xFF, 0xFF, 0xFF,
    0xFF, 0xFF, 0xFF, 0xFF, 0xFF, 0xFF, 0xFF, 0xFF, 0xFF, 0xFF, 0xFF, 0xFF, 0xFF, 0xFF, 0xFF, 0xFF,
    0xFF, 0xFF, 0xFF, 0xFF, 0xFF, 0xFF, 0xFF, 0xFF, 0x6B, 0x42, 0x06, 0x11, 0x06, 0x11, 0x06, 0x11,
    0x06, 0x11, 0x06, 0x11, 0x06, 0x11, 0x06, 0x11, 0x06, 0x11, 0x06, 0x11, 0x06, 0x11, 0x06, 0x19,
    0x93, 0x8C, 0xFF, 0xFF, 0xFF, 0xFF, 0xFF, 0xFF, 0xFF, 0xFF, 0xFF, 0xFF, 0xFF, 0xFF, 0xFF, 0xFF,
    0xFF, 0xFF, 0xFF, 0xFF, 0xFF, 0xFF, 0xFF, 0xFF, 0xFF, 0xFF, 0xFF, 0xFF, 0xFF, 0xFF, 0xFF, 0xFF,
    0xFF, 0xFF, 0xFF, 0xFF, 0xFF, 0xFF, 0xFF, 0xFF, 0xFF, 0xFF, 0xFF, 0xFF, 0xFF, 0xFF, 0xFF, 0xFF,
    0xFF, 0xFF, 0xFF, 0xFF, 0xFF, 0xFF, 0xFF, 0xFF, 0xFF, 0xFF, 0xFF, 0xFF, 0xFF, 0xFF, 0xFF, 0xFF,
    0xFF, 0xFF, 0xFF, 0xFF, 0xFF, 0xFF, 0xFF, 0xFF, 0xFF, 0xFF, 0xFF, 0xFF, 0xFF, 0xFF, 0xFF, 0xFF,
    0xFF, 0xFF, 0xFF, 0xFF, 0xFF, 0xFF, 0xFF, 0xFF, 0xFF, 0xFF, 0xFF, 0xFF, 0xFF, 0xFF, 0xFF, 0xFF,
    0xFF, 0xFF, 0xFF, 0xFF, 0xFF, 0xFF, 0xFF, 0xFF, 0xFF, 0xFF, 0xFF, 0xFF, 0xFF, 0xFF, 0xFF, 0xFF,
    0xFF, 0xFF, 0xFF, 0xFF, 0xFF, 0xFF, 0xFF, 0xFF, 0xFF, 0xFF, 0xFF, 0xFF, 0xFF, 0xFF, 0xFF, 0xFF,
    0xFF, 0xFF, 0xFF, 0xFF, 0xFF, 0xFF, 0xFF, 0xFF, 0xFF, 0xFF, 0xFF, 0xFF, 0xFF, 0xFF, 0xFF, 0xFF,
    0xFF, 0xFF, 0xFF, 0xFF, 0xFF, 0xFF, 0xFF, 0xFF, 0xFF, 0xFF, 0xFF, 0xFF, 0xFF, 0xFF, 0xFF, 0xFF,
    0xFF, 0xFF, 0xFF, 0xFF, 0xFF, 0xFF, 0xFF, 0xFF, 0xFF, 0xFF, 0xFF, 0xFF, 0xFF, 0xFF, 0xFF, 0xFF,
    0x06, 0x19, 0x06, 0x11, 0x06, 0x11, 0x06, 0x11, 0x7A, 0xCE, 0xFF, 0xFF, 0xFF, 0xFF, 0xFF, 0xFF,
    0xD0, 0x73, 0x06, 0x11, 0x06, 0x11, 0x06, 0x11, 0xD0, 0x73, 0xFF, 0xFF, 0xFF, 0xFF, 0xFF, 0xFF,
    0xFF, 0xFF, 0xFF, 0xFF, 0xFF, 0xFF, 0xFF, 0xFF, 0x06, 0x19, 0x06, 0x11, 0x06, 0x11, 0x06, 0x11,
    0x7A, 0xCE, 0xFF, 0xFF, 0xFF, 0xFF, 0xFF, 0xFF, 0xFF, 0xFF, 0xFF, 0xFF, 0xFF, 0xFF, 0xFF, 0xFF,
    0xFF, 0xFF, 0xFF, 0xFF, 0xFF, 0xFF, 0xFF, 0xFF, 0xFF, 0xFF, 0xFF, 0xFF, 0xFF, 0xFF, 0xFF, 0xFF,
    0xFF, 0xFF, 0xFF, 0xFF, 0xFF, 0xFF, 0xFF, 0xFF, 0xFF, 0xFF, 0xFF, 0xFF, 0xFF, 0xFF, 0xFF, 0xFF,
    0xFF, 0xFF, 0xFF, 0xFF, 0xFF, 0xFF, 0xFF, 0xFF, 0xFF, 0xFF, 0xFF, 0xFF, 0xFF, 0xFF, 0xFF, 0xFF,
    0xFF, 0xFF, 0xFF, 0xFF, 0xFF, 0xFF, 0xFF, 0xFF, 0xFF, 0xFF, 0xFF, 0xFF, 0xFF, 0xFF, 0xFF, 0xFF,
    0xFF, 0xFF, 0xFF, 0xFF, 0xFF, 0xFF, 0xFF, 0xFF, 0xFF, 0xFF, 0xFF, 0xFF, 0xFF, 0xFF, 0xFF, 0xFF,
    0xFF, 0xFF, 0xDF, 0xFF, 0x88, 0x29, 0x06, 0x11, 0x06, 0x11, 0x06, 0x11, 0x06, 0x11, 0x06, 0x11,
    0x52, 0x84, 0xFF, 0xFF, 0xFF, 0xFF, 0xFF, 0xFF, 0xFF, 0xFF, 0xFF, 0xFF, 0xFF, 0xFF, 0xFF, 0xFF,
    0xFF, 0xFF, 0xFF, 0xFF, 0xFF, 0xFF, 0xFF, 0xFF, 0xFF, 0xFF, 0xFF, 0xFF, 0xFF, 0xFF, 0xFF, 0xFF,
    0xFF, 0xFF, 0xFF, 0xFF, 0xFF, 0xFF, 0xFF, 0xFF, 0xFF, 0xFF, 0xFF, 0xFF, 0xFF, 0xFF, 0xFF, 0xFF,
    0xFF, 0xFF, 0xFF, 0xFF, 0xFF, 0xFF, 0xFF, 0xFF, 0xFF, 0xFF, 0xFF, 0xFF, 0xFF, 0xFF, 0xFF, 0xFF,
    0xFF, 0xFF, 0xFF, 0xFF, 0xFF, 0xFF, 0xFF, 0xFF, 0xFF, 0xFF, 0xFF, 0xFF, 0xFF, 0xFF, 0xFF, 0xFF,
    0xFF, 0xFF, 0xFF, 0xFF, 0xFF, 0xFF, 0x06, 0x19, 0x06, 0x11, 0x06, 0x11, 0x06, 0x11, 0x7A, 0xCE,
    0xFF, 0xFF, 0xFF, 0xFF, 0xFF, 0xFF, 0x06, 0x19, 0x06, 0x11, 0x06, 0x11, 0x06, 0x11, 0x7A, 0xCE,
    0xFF, 0xFF, 0xFF, 0xFF, 0xFF, 0xFF, 0xFF, 0xFF, 0xFF, 0xFF, 0xFF, 0xFF, 0xFF, 0xFF, 0xFF, 0xFF,
    0xFF, 0xFF, 0xFF, 0xFF, 0xFF, 0xFF, 0xFF, 0xFF, 0xFF, 0xFF, 0xFF, 0xFF, 0xFF, 0xFF, 0xFF, 0xFF,
    0xFF, 0xFF, 0xFF, 0xFF, 0xFF, 0xFF, 0xFF, 0xFF, 0xFF, 0xFF, 0xFF, 0xFF, 0xFF, 0xFF, 0xFF, 0xFF,
    0xFF, 0xFF, 0xFF, 0xFF, 0xFF, 0xFF, 0xFF, 0xFF, 0xFF, 0xFF, 0xFF, 0xFF, 0xFF, 0xFF, 0xFF, 0xFF,
    0xFF, 0xFF, 0xFF, 0xFF, 0xD0, 0x73, 0x06, 0x11, 0x06, 0x11, 0x06, 0x11, 0xD0, 0x73, 0xFF, 0xFF,
    0xFF, 0xFF, 0xFF, 0xFF, 0xFF, 0xFF, 0xFF, 0xFF, 0xFF, 0xFF, 0x06, 0x19, 0x06, 0x11, 0x06, 0x11,
    0x06, 0x11, 0x7A, 0xCE, 0xFF, 0xFF, 0xFF, 0xFF, 0xFF, 0xFF, 0xFF, 0xFF, 0xFF, 0xFF, 0xFF, 0xFF,
    0xFF, 0xFF, 0xFF, 0xFF, 0xFF, 0xFF, 0xFF, 0xFF, 0xFF, 0xFF, 0xFF, 0xFF, 0xFF, 0xFF, 0xFF, 0xFF,
    0xFF, 0xFF, 0xFF, 0xFF, 0xFF, 0xFF, 0xFF, 0xFF, 0xFF, 0xFF, 0xFF, 0xFF, 0xFF, 0xFF, 0xFF, 0xFF,
    0xFF, 0xFF, 0xFF, 0xFF, 0xFF, 0xFF, 0xFF, 0xFF, 0xFF, 0xFF, 0xFF, 0xFF, 0xFF, 0xFF, 0xFF, 0xFF,
    0xFF, 0xFF, 0xFF, 0xFF, 0xFF, 0xFF, 0xFF, 0xFF, 0xFF, 0xFF, 0xFF, 0xFF, 0xFF, 0xFF, 0xFF, 0xFF,
    0xFF, 0xFF, 0xFF, 0xFF, 0xFF, 0xFF, 0xFF, 0xFF, 0xFF, 0xFF, 0xFF, 0xFF, 0xFF, 0xFF, 0xFF, 0xFF,
    0xFF, 0xFF, 0xFF, 0xFF, 0xFF, 0xFF, 0xFF, 0xFF, 0xFF, 0xFF, 0xFF, 0xFF, 0xFF, 0xFF, 0xFF, 0xFF,
    0xFF, 0xFF, 0xFF, 0xFF, 0xFF, 0xFF, 0xFF, 0xFF, 0xFF, 0xFF, 0xFF, 0xFF, 0xFF, 0xFF, 0xFF, 0xFF,
    0xFF, 0xFF, 0xFF, 0xFF, 0xFF, 0xFF, 0xFF, 0xFF, 0xFF, 0xFF, 0xFF, 0xFF, 0xFF, 0xFF, 0xFF, 0xFF,
    0xD8, 0xB5, 0x06, 0x11, 0x06, 0x11, 0x06, 0x11, 0x06, 0x11, 0x06, 0x11, 0x06, 0x11, 0xC9, 0x31,
    0xFF, 0xFF, 0xFF, 0xFF, 0xFF, 0xFF, 0xFF, 0xFF, 0xFF, 0xFF, 0xFF, 0xFF, 0xFF, 0xFF, 0x6B, 0x42,
    0x06, 0x11, 0x06, 0x11, 0x06, 0x11, 0xED, 0x5A, 0xFF, 0xFF, 0xFF, 0xFF, 0xFF, 0xFF, 0xFF, 0xFF,
    0xFF, 0xFF, 0xFF, 0xFF, 0xFF, 0xFF, 0xFF, 0xFF, 0xFF, 0xFF, 0xFF, 0xFF, 0xFF, 0xFF, 0xFF, 0xFF,
    0xFF, 0xFF, 0xFF, 0xFF, 0x6B, 0x42, 0x06, 0x11, 0x06, 0x11, 0x06, 0x11, 0x06, 0x11, 0x06, 0x11,
    0x06, 0x11, 0x06, 0x11, 0x06, 0x11, 0x06, 0x11, 0x06, 0x11, 0x06, 0x11, 0x56, 0xAD, 0xFF, 0xFF,
    0xFF, 0xFF, 0xFF, 0xFF, 0xFF, 0xFF, 0xFF, 0xFF, 0xFF, 0xFF, 0xFF, 0xFF, 0xFF, 0xFF, 0xFF, 0xFF,
    0xFF, 0xFF, 0xFF, 0xFF, 0xFF, 0xFF, 0xFF, 0xFF, 0xFF, 0xFF, 0xFF, 0xFF, 0xFF, 0xFF, 0xFF, 0xFF,
    0xFF, 0xFF, 0xFF, 0xFF, 0xFF, 0xFF, 0xFF, 0xFF, 0xFF, 0xFF, 0xFF, 0xFF, 0xFF, 0xFF, 0xFF, 0xFF,
    0xFF, 0xFF, 0xFF, 0xFF, 0xFF, 0xFF, 0xFF, 0xFF, 0xFF, 0xFF, 0xFF, 0xFF, 0xFF, 0xFF, 0xFF, 0xFF,
    0xFF, 0xFF, 0xFF, 0xFF, 0xFF, 0xFF, 0xFF, 0xFF, 0xFF, 0xFF, 0xFF, 0xFF, 0xFF, 0xFF, 0xFF, 0xFF,
    0xFF, 0xFF, 0xFF, 0xFF, 0xFF, 0xFF, 0xFF, 0xFF, 0xFF, 0xFF, 0xFF, 0xFF, 0xFF, 0xFF, 0xFF, 0xFF,
    0xFF, 0xFF, 0xFF, 0xFF, 0xFF, 0xFF, 0xFF, 0xFF, 0xFF, 0xFF, 0xFF, 0xFF, 0xFF, 0xFF, 0xFF, 0xFF,
    0x6B, 0x42, 0x06, 0x11, 0x06, 0x11, 0x06, 0x11, 0x06, 0x11, 0x06, 0x11, 0x06, 0x11, 0x06, 0x11,
    0x06, 0x11, 0x06, 0x11, 0x06, 0x11, 0x06, 0x11, 0x06, 0x11, 0x59, 0xC6, 0xFF, 0xFF, 0xFF, 0xFF,
    0xFF, 0xFF, 0xFF, 0xFF, 0xFF, 0xFF, 0xFF, 0xFF, 0xFF, 0xFF, 0xFF, 0xFF, 0xFF, 0xFF, 0xFF, 0xFF,
    0xFF, 0xFF, 0xFF, 0xFF, 0xFF, 0xFF, 0xFF, 0xFF, 0xFF, 0xFF, 0xFF, 0xFF, 0xFF, 0xFF, 0xFF, 0xFF,
    0xFF, 0xFF, 0xFF, 0xFF, 0xFF, 0xFF, 0xFF, 0xFF, 0xFF, 0xFF, 0xFF, 0xFF, 0xFF, 0xFF, 0xFF, 0xFF,
    0xFF, 0xFF, 0xFF, 0xFF, 0xFF, 0xFF, 0xFF, 0xFF, 0xFF, 0xFF, 0xFF, 0xFF, 0xFF, 0xFF, 0xFF, 0xFF,
    0xFF, 0xFF, 0xFF, 0xFF, 0xFF, 0xFF, 0xFF, 0xFF, 0xFF, 0xFF, 0xFF, 0xFF, 0xFF, 0xFF, 0xFF, 0xFF,
    0xFF, 0xFF, 0xFF, 0xFF, 0xFF, 0xFF, 0xFF, 0xFF, 0xFF, 0xFF, 0xFF, 0xFF, 0xFF, 0xFF, 0xFF, 0xFF,
    0xFF, 0xFF, 0xFF, 0xFF, 0xFF, 0xFF, 0xFF, 0xFF, 0xFF, 0xFF, 0xFF, 0xFF, 0xFF, 0xFF, 0xFF, 0xFF,
    0xFF, 0xFF, 0xFF, 0xFF, 0xFF, 0xFF, 0xFF, 0xFF, 0xFF, 0xFF, 0xFF, 0xFF, 0xFF, 0xFF, 0xFF, 0xFF,
    0xFF, 0xFF, 0xFF, 0xFF, 0xFF, 0xFF, 0xFF, 0xFF, 0xFF, 0xFF, 0xFF, 0xFF, 0xFF, 0xFF, 0xFF, 0xFF,
    0xFF, 0xFF, 0xFF, 0xFF, 0xFF, 0xFF, 0xFF, 0xFF, 0xFF, 0xFF, 0xFF, 0xFF, 0xFF, 0xFF, 0xFF, 0xFF,
    0xFF, 0xFF, 0xFF, 0xFF, 0xFF, 0xFF, 0xFF, 0xFF, 0x06, 0x19, 0x06, 0x11, 0x06, 0x11, 0x06, 0x11,
    0x7A, 0xCE, 0xFF, 0xFF, 0xFF, 0xFF, 0xFF, 0xFF, 0xD0, 0x73, 0x06, 0x11, 0x06, 0x11, 0x06, 0x11,
    0xD0, 0x73, 0xFF, 0xFF, 0xFF, 0xFF, 0xFF, 0xFF, 0xFF, 0xFF, 0xFF, 0xFF, 0xFF, 0xFF, 0xFF, 0xFF,
    0x06, 0x19, 0x06, 0x11, 0x06, 0x11, 0x06, 0x11, 0x7A, 0xCE, 0xFF, 0xFF, 0xFF, 0xFF, 0xFF, 0xFF,
    0xFF, 0xFF, 0xFF, 0xFF, 0xFF, 0xFF, 0xFF, 0xFF, 0xFF, 0xFF, 0xFF, 0xFF, 0xFF, 0xFF, 0xFF, 0xFF,
    0xFF, 0xFF, 0xFF, 0xFF, 0xFF, 0xFF, 0xFF, 0xFF, 0xFF, 0xFF, 0xFF, 0xFF, 0xFF, 0xFF, 0xFF, 0xFF,
    0xFF, 0xFF, 0xFF, 0xFF, 0xFF, 0xFF, 0xFF, 0xFF, 0xFF, 0xFF, 0xFF, 0xFF, 0xFF, 0xFF, 0xFF, 0xFF,
    0xFF, 0xFF, 0xFF, 0xFF, 0xFF, 0xFF, 0xFF, 0xFF, 0xFF, 0xFF, 0xFF, 0xFF, 0xFF, 0xFF, 0xFF, 0xFF,
    0xFF, 0xFF, 0xFF, 0xFF, 0xFF, 0xFF, 0xFF, 0xFF, 0xFF, 0xFF, 0xFF, 0xFF, 0xFF, 0xFF, 0xFF, 0xFF,
    0xFF, 0xFF, 0xFF, 0xFF, 0xFF, 0xFF, 0xFF, 0xFF, 0xFF, 0xFF, 0xD8, 0xB5, 0x06, 0x11, 0x06, 0x11,
    0x06, 0x11, 0x06, 0x11, 0x06, 0x11, 0x06, 0x11, 0xC9, 0x31, 0xFF, 0xFF, 0xFF, 0xFF, 0xFF, 0xFF,
    0xFF, 0xFF, 0xFF, 0xFF, 0xFF, 0xFF, 0xFF, 0xFF, 0xFF, 0xFF, 0xFF, 0xFF, 0xFF, 0xFF, 0xFF, 0xFF,
    0xFF, 0xFF, 0xFF, 0xFF, 0xFF, 0xFF, 0xFF, 0xFF, 0xFF, 0xFF, 0xFF, 0xFF, 0xFF, 0xFF, 0xFF, 0xFF,
    0xFF, 0xFF, 0xFF, 0xFF, 0xFF, 0xFF, 0xFF, 0xFF, 0xFF, 0xFF, 0xFF, 0xFF, 0xFF, 0xFF, 0xFF, 0xFF,
    0xFF, 0xFF, 0xFF, 0xFF, 0xFF, 0xFF, 0xFF, 0xFF, 0xFF, 0xFF, 0xFF, 0xFF, 0xFF, 0xFF, 0xFF, 0xFF,
    0xFF, 0xFF, 0xFF, 0xFF, 0xFF, 0xFF, 0xFF, 0xFF, 0xFF, 0xFF, 0xFF, 0xFF, 0xFF, 0xFF, 0x06, 0x19,
    0x06, 0x11, 0x06, 0x11, 0x06, 0x11, 0x7A, 0xCE, 0xFF, 0xFF, 0xFF, 0xFF, 0xFF, 0xFF, 0x06, 0x19,
    0x06, 0x11, 0x06, 0x11, 0x06, 0x11, 0x7A, 0xCE, 0xFF, 0xFF, 0xFF, 0xFF, 0xFF, 0xFF, 0xFF, 0xFF,
    0xFF, 0xFF, 0xFF, 0xFF, 0xFF, 0xFF, 0xFF, 0xFF, 0xFF, 0xFF, 0xFF, 0xFF, 0xFF, 0xFF, 0xFF, 0xFF,
    0xFF, 0xFF, 0xFF, 0xFF, 0xFF, 0xFF, 0xFF, 0xFF, 0xFF, 0xFF, 0xFF, 0xFF, 0xFF, 0xFF, 0xFF, 0xFF,
    0xFF, 0xFF, 0xFF, 0xFF, 0xFF, 0xFF, 0xFF, 0xFF, 0xFF, 0xFF, 0xFF, 0xFF, 0xFF, 0xFF, 0xFF, 0xFF,
    0xFF, 0xFF, 0xFF, 0xFF, 0xFF, 0xFF, 0xFF, 0xFF, 0xFF, 0xFF, 0xFF, 0xFF, 0xD0, 0x73, 0x06, 0x11,
    0x06, 0x11, 0x06, 0x11, 0xD0, 0x73, 0xFF, 0xFF, 0xFF, 0xFF, 0xFF, 0xFF, 0xFF, 0xFF, 0xFF, 0xFF,
    0xFF, 0xFF, 0x06, 0x19, 0x06, 0x11, 0x06, 0x11, 0x06, 0x11, 0x7A, 0xCE, 0xFF, 0xFF, 0xFF, 0xFF,
    0xFF, 0xFF, 0xFF, 0xFF, 0xFF, 0xFF, 0xFF, 0xFF, 0xFF, 0xFF, 0xFF, 0xFF, 0xFF, 0xFF, 0xFF, 0xFF,
    0xFF, 0xFF, 0xFF, 0xFF, 0xFF, 0xFF, 0xFF, 0xFF, 0xFF, 0xFF, 0xFF, 0xFF, 0xFF, 0xFF, 0xFF, 0xFF,
    0xFF, 0xFF, 0xFF, 0xFF, 0xFF, 0xFF, 0xFF, 0xFF, 0xFF, 0xFF, 0xFF, 0xFF, 0xFF, 0xFF, 0xFF, 0xFF,
    0xFF, 0xFF, 0xFF, 0xFF, 0xFF, 0xFF, 0xFF, 0xFF, 0xFF, 0xFF, 0xFF, 0xFF, 0xFF, 0xFF, 0xFF, 0xFF,
    0xFF, 0xFF, 0xFF, 0xFF, 0xFF, 0xFF, 0xFF, 0xFF, 0xFF, 0xFF, 0xFF, 0xFF, 0xFF, 0xFF, 0xFF, 0xFF,
    0xFF, 0xFF, 0xFF, 0xFF, 0xFF, 0xFF, 0xFF, 0xFF, 0xFF, 0xFF, 0xFF, 0xFF, 0xFF, 0xFF, 0xFF, 0xFF,
    0xFF, 0xFF, 0xFF, 0xFF, 0xFF, 0xFF, 0xFF, 0xFF, 0xFF, 0xFF, 0xFF, 0xFF, 0xFF, 0xFF, 0xFF, 0xFF,
    0xFF, 0xFF, 0xFF, 0xFF, 0xFF, 0xFF, 0xFF, 0xFF, 0xFF, 0xFF, 0xFF, 0xFF, 0xFF, 0xFF, 0xFF, 0xFF,
    0xFF, 0xFF, 0xFF, 0xFF, 0xFF, 0xFF, 0xFF, 0xFF, 0x4E, 0x63, 0x06, 0x11, 0x06, 0x11, 0x06, 0x11,
    0x06, 0x11, 0x06, 0x11, 0x06, 0x11, 0x06, 0x11, 0x59, 0xCE, 0xFF, 0xFF, 0xFF, 0xFF, 0xFF, 0xFF,
    0xFF, 0xFF, 0xFF, 0xFF, 0xFF, 0xFF, 0x6B, 0x42, 0x06, 0x11, 0x06, 0x11, 0x06, 0x11, 0xED, 0x5A,
    0xFF, 0xFF, 0xFF, 0xFF, 0xFF, 0xFF, 0xFF, 0xFF, 0xFF, 0xFF, 0xFF, 0xFF, 0xFF, 0xFF, 0xFF, 0xFF,
    0xFF, 0xFF, 0xFF, 0xFF, 0xFF, 0xFF, 0xFF, 0xFF, 0xFF, 0xFF, 0xFF, 0xFF, 0x6B, 0x42, 0x06, 0x11,
    0x06, 0x11, 0x06, 0x11, 0xED, 0x5A, 0xFF, 0xFF, 0xFF, 0xFF, 0xFF, 0xFF, 0xFF, 0xFF, 0xFF, 0xFF,
    0xFF, 0xFF, 0xFF, 0xFF, 0xFF, 0xFF, 0xFF, 0xFF, 0xFF, 0xFF, 0xFF, 0xFF, 0xFF, 0xFF, 0xFF, 0xFF,
    0xFF, 0xFF, 0xFF, 0xFF, 0xFF, 0xFF, 0xFF, 0xFF, 0xFF, 0xFF, 0xFF, 0xFF, 0xFF, 0xFF, 0xFF, 0xFF,
    0xFF, 0xFF, 0xFF, 0xFF, 0xFF, 0xFF, 0xFF, 0xFF, 0xFF, 0xFF, 0xFF, 0xFF, 0xFF, 0xFF, 0xFF, 0xFF,
    0xFF, 0xFF, 0xFF, 0xFF, 0xFF, 0xFF, 0xFF, 0xFF, 0xFF, 0xFF, 0xFF, 0xFF, 0xFF, 0xFF, 0xFF, 0xFF,
    0xFF, 0xFF, 0xFF, 0xFF, 0xFF, 0xFF, 0xFF, 0xFF, 0xFF, 0xFF, 0xFF, 0xFF, 0xFF, 0xFF, 0xFF, 0xFF,
    0xFF, 0xFF, 0xFF, 0xFF, 0xFF, 0xFF, 0xFF, 0xFF, 0xFF, 0xFF, 0xFF, 0xFF, 0xFF, 0xFF, 0xFF, 0xFF,
    0xFF, 0xFF, 0xFF, 0xFF, 0xFF, 0xFF, 0xFF, 0xFF, 0xFF, 0xFF, 0xFF, 0xFF, 0xFF, 0xFF, 0xFF, 0xFF,
    0xFF, 0xFF, 0xFF, 0xFF, 0xFF, 0xFF, 0xFF, 0xFF, 0x6B, 0x42, 0x06, 0x11, 0x06, 0x11, 0x06, 0x11,
    0xED, 0x5A, 0xFF, 0xFF, 0xFF, 0xFF, 0x3D, 0xE7, 0x11, 0x7C, 0x06, 0x11, 0x06, 0x11, 0x06, 0x11,
    0x06, 0x11, 0xD0, 0x73, 0xFF, 0xFF, 0xFF, 0xFF, 0xFF, 0xFF, 0xFF, 0xFF, 0xFF, 0xFF, 0xFF, 0xFF,
    0xFF, 0xFF, 0xFF, 0xFF, 0xFF, 0xFF, 0xFF, 0xFF, 0xFF, 0xFF, 0xFF, 0xFF, 0xFF, 0xFF, 0xFF, 0xFF,
    0xFF, 0xFF, 0xFF, 0xFF, 0xFF, 0xFF, 0xFF, 0xFF, 0xFF, 0xFF, 0xFF, 0xFF, 0xFF, 0xFF, 0xFF, 0xFF,
    0xFF, 0xFF, 0xFF, 0xFF, 0xFF, 0xFF, 0xFF, 0xFF, 0xFF, 0xFF, 0xFF, 0xFF, 0xFF, 0xFF, 0xFF, 0xFF,
    0xFF, 0xFF, 0xFF, 0xFF, 0xFF, 0xFF, 0xFF, 0xFF, 0xFF, 0xFF, 0xFF, 0xFF, 0xFF, 0xFF, 0xFF, 0xFF,
    0xFF, 0xFF, 0xFF, 0xFF, 0xFF, 0xFF, 0xFF, 0xFF, 0xFF, 0xFF, 0xFF, 0xFF, 0xFF, 0xFF, 0xFF, 0xFF,
    0xFF, 0xFF, 0xFF, 0xFF, 0xFF, 0xFF, 0xFF, 0xFF, 0xFF, 0xFF, 0xFF, 0xFF, 0xFF, 0xFF, 0xFF, 0xFF,
    0xFF, 0xFF, 0xFF, 0xFF, 0xFF, 0xFF, 0xFF, 0xFF, 0xFF, 0xFF, 0xFF, 0xFF, 0xFF, 0xFF, 0xFF, 0xFF,
    0xFF, 0xFF, 0xFF, 0xFF, 0xFF, 0xFF, 0xFF, 0xFF, 0xFF, 0xFF, 0xFF, 0xFF, 0xFF, 0xFF, 0xFF, 0xFF,
    0xFF, 0xFF, 0xFF, 0xFF, 0xFF, 0xFF, 0xFF, 0xFF, 0xFF, 0xFF, 0xFF, 0xFF, 0xFF, 0xFF, 0xFF, 0xFF,
    0xFF, 0xFF, 0xFF, 0xFF, 0xFF, 0xFF, 0xFF, 0xFF, 0xFF, 0xFF, 0xFF, 0xFF, 0xFF, 0xFF, 0xFF, 0xFF,
    0x06, 0x19, 0x06, 0x11, 0x06, 0x11, 0x06, 0x11, 0x7A, 0xCE, 0xFF, 0xFF, 0xFF, 0xFF, 0xFF, 0xFF,
    0xD0, 0x73, 0x06, 0x11, 0x06, 0x11, 0x06, 0x11, 0xD0, 0x73, 0xFF, 0xFF, 0xFF, 0xFF, 0xFF, 0xFF,
    0xFF, 0xFF, 0xFF, 0xFF, 0xFF, 0xFF, 0xFF, 0xFF, 0x06, 0x19, 0x06, 0x11, 0x06, 0x11, 0x06, 0x11,
    0x7A, 0xCE, 0xFF, 0xFF, 0xFF, 0xFF, 0xFF, 0xFF, 0xFF, 0xFF, 0xFF, 0xFF, 0xFF, 0xFF, 0xFF, 0xFF,
    0xFF, 0xFF, 0xFF, 0xFF, 0xFF, 0xFF, 0xFF, 0xFF, 0xFF, 0xFF, 0xFF, 0xFF, 0xFF, 0xFF, 0xFF, 0xFF,
    0xFF, 0xFF, 0xFF, 0xFF, 0xFF, 0xFF, 0xFF, 0xFF, 0xFF, 0xFF, 0xFF, 0xFF, 0xFF, 0xFF, 0xFF, 0xFF,
    0xFF, 0xFF, 0xFF, 0xFF, 0xFF, 0xFF, 0xFF, 0xFF, 0xFF, 0xFF, 0xFF, 0xFF, 0xFF, 0xFF, 0xFF, 0xFF,
    0xFF, 0xFF, 0xFF, 0xFF, 0xFF, 0xFF, 0xFF, 0xFF, 0xFF, 0xFF, 0xFF, 0xFF, 0xFF, 0xFF, 0xFF, 0xFF,
    0xFF, 0xFF, 0xFF, 0xFF, 0xFF, 0xFF, 0xFF, 0xFF, 0xFF, 0xFF, 0xFF, 0xFF, 0xFF, 0xFF, 0xFF, 0xFF,
    0xFF, 0xFF, 0x4E, 0x63, 0x06, 0x11, 0x06, 0x11, 0x06, 0x11, 0x06, 0x11, 0x06, 0x11, 0x06, 0x11,
    0x06, 0x11, 0x59, 0xCE, 0xFF, 0xFF, 0xFF, 0xFF, 0xFF, 0xFF, 0xFF, 0xFF, 0xFF, 0xFF, 0xFF, 0xFF,
    0xFF, 0xFF, 0xFF, 0xFF, 0xFF, 0xFF, 0xFF, 0xFF, 0xFF, 0xFF, 0xFF, 0xFF, 0xFF, 0xFF, 0xFF, 0xFF,
    0xFF, 0xFF, 0xFF, 0xFF, 0xFF, 0xFF, 0xFF, 0xFF, 0xFF, 0xFF, 0xFF, 0xFF, 0xFF, 0xFF, 0xFF, 0xFF,
    0xFF, 0xFF, 0xFF, 0xFF, 0xFF, 0xFF, 0xFF, 0xFF, 0xFF, 0xFF, 0xFF, 0xFF, 0xFF, 0xFF, 0xFF, 0xFF,
    0xFF, 0xFF, 0xFF, 0xFF, 0xFF, 0xFF, 0xFF, 0xFF, 0xFF, 0xFF, 0xFF, 0xFF, 0xFF, 0xFF, 0xFF, 0xFF,
    0xFF, 0xFF, 0xFF, 0xFF, 0xFF, 0xFF, 0x06, 0x19, 0x06, 0x11, 0x06, 0x11, 0x06, 0x11, 0x7A, 0xCE,
    0xFF, 0xFF, 0xFF, 0xFF, 0xFF, 0xFF, 0x06, 0x19, 0x06, 0x11, 0x06, 0x11, 0x06, 0x11, 0x7A, 0xCE,
    0xFF, 0xFF, 0xFF, 0xFF, 0xFF, 0xFF, 0xFF, 0xFF, 0xFF, 0xFF, 0xFF, 0xFF, 0xFF, 0xFF, 0xFF, 0xFF,
    0xFF, 0xFF, 0xFF, 0xFF, 0xFF, 0xFF, 0xFF, 0xFF, 0xFF, 0xFF, 0xFF, 0xFF, 0xFF, 0xFF, 0xFF, 0xFF,
    0xFF, 0xFF, 0xFF, 0xFF, 0xFF, 0xFF, 0xFF, 0xFF, 0xFF, 0xFF, 0xFF, 0xFF, 0xFF, 0xFF, 0xFF, 0xFF,
    0xFF, 0xFF, 0xFF, 0xFF, 0xFF, 0xFF, 0xFF, 0xFF, 0xFF, 0xFF, 0xFF, 0xFF, 0xFF, 0xFF, 0xFF, 0xFF,
    0xFF, 0xFF, 0xFF, 0xFF, 0xD0, 0x73, 0x06, 0x11, 0x06, 0x11, 0x06, 0x11, 0xD0, 0x73, 0xFF, 0xFF,
    0xFF, 0xFF, 0xFF, 0xFF, 0xFF, 0xFF, 0xFF, 0xFF, 0xFF, 0xFF, 0x06, 0x19, 0x06, 0x11, 0x06, 0x11,
    0x06, 0x11, 0x7A, 0xCE, 0xFF, 0xFF, 0xFF, 0xFF, 0xFF, 0xFF, 0xFF, 0xFF, 0xFF, 0xFF, 0xFF, 0xFF,
    0xFF, 0xFF, 0xFF, 0xFF, 0xFF, 0xFF, 0xFF, 0xFF, 0xFF, 0xFF, 0xFF, 0xFF, 0xFF, 0xFF, 0xFF, 0xFF,
    0xFF, 0xFF, 0xFF, 0xFF, 0xFF, 0xFF, 0xFF, 0xFF, 0xFF, 0xFF, 0xFF, 0xFF, 0xFF, 0xFF, 0xFF, 0xFF,
    0xFF, 0xFF, 0xFF, 0xFF, 0xFF, 0xFF, 0xFF, 0xFF, 0xFF, 0xFF, 0xFF, 0xFF, 0xFF, 0xFF, 0xFF, 0xFF,
    0xFF, 0xFF, 0xFF, 0xFF, 0xFF, 0xFF, 0xFF, 0xFF, 0xFF, 0xFF, 0xFF, 0xFF, 0xFF, 0xFF, 0xFF, 0xFF,
    0xFF, 0xFF, 0xFF, 0xFF, 0xFF, 0xFF, 0xFF, 0xFF, 0xFF, 0xFF, 0xFF, 0xFF, 0xFF, 0xFF, 0xFF, 0xFF,
    0xFF, 0xFF, 0xFF, 0xFF, 0xFF, 0xFF, 0xFF, 0xFF, 0xFF, 0xFF, 0xFF, 0xFF, 0xFF, 0xFF, 0xFF, 0xFF,
    0xFF, 0xFF, 0xFF, 0xFF, 0xFF, 0xFF, 0xFF, 0xFF, 0xFF, 0xFF, 0xFF, 0xFF, 0xFF, 0xFF, 0xFF, 0xFF,
    0xFF, 0xFF, 0xFF, 0xFF, 0xFF, 0xFF, 0xFF, 0xFF, 0xFF, 0xFF, 0xFF, 0xFF, 0xFF, 0xFF, 0x9E, 0xF7,
    0x27, 0x19, 0x06, 0x11, 0x06, 0x11, 0x06, 0x11, 0xA8, 0x29, 0x06, 0x11, 0x06, 0x11, 0x06, 0x11,
    0xD0, 0x73, 0xFF, 0xFF, 0xFF, 0xFF, 0xFF, 0xFF, 0xFF, 0xFF, 0xFF, 0xFF, 0xFF, 0xFF, 0x6B, 0x42,
    0x06, 0x11, 0x06, 0x11, 0x06, 0x11, 0xED, 0x5A, 0xFF, 0xFF, 0xFF, 0xFF, 0xFF, 0xFF, 0xFF, 0xFF,
    0xFF, 0xFF, 0xFF, 0xFF, 0xFF, 0xFF, 0xFF, 0xFF, 0xFF, 0xFF, 0xFF, 0xFF, 0xFF, 0xFF, 0xFF, 0xFF,
    0xFF, 0xFF, 0xFF, 0xFF, 0x6B, 0x42, 0x06, 0x11, 0x06, 0x11, 0x06, 0x11, 0xED, 0x5A, 0xFF, 0xFF,
    0xFF, 0xFF, 0xFF, 0xFF, 0xFF, 0xFF, 0xFF, 0xFF, 0xFF, 0xFF, 0xFF, 0xFF, 0xFF, 0xFF, 0xFF, 0xFF,
    0xFF, 0xFF, 0xFF, 0xFF, 0xFF, 0xFF, 0xFF, 0xFF, 0xFF, 0xFF, 0xFF, 0xFF, 0xFF, 0xFF, 0xFF, 0xFF,
    0xFF, 0xFF, 0xFF, 0xFF, 0xFF, 0xFF, 0xFF, 0xFF, 0xFF, 0xFF, 0xFF, 0xFF, 0xFF, 0xFF, 0xFF, 0xFF,
    0xFF, 0xFF, 0xFF, 0xFF, 0xFF, 0xFF, 0xFF, 0xFF, 0xFF, 0xFF, 0xFF, 0xFF, 0xFF, 0xFF, 0xFF, 0xFF,
    0xFF, 0xFF, 0xFF, 0xFF, 0xFF, 0xFF, 0xFF, 0xFF, 0xFF, 0xFF, 0xFF, 0xFF, 0xFF, 0xFF, 0xFF, 0xFF,
    0xFF, 0xFF, 0xFF, 0xFF, 0xFF, 0xFF, 0xFF, 0xFF, 0xFF, 0xFF, 0xFF, 0xFF, 0xFF, 0xFF, 0xFF, 0xFF,
    0xFF, 0xFF, 0xFF, 0xFF, 0xFF, 0xFF, 0xFF, 0xFF, 0xFF, 0xFF, 0xFF, 0xFF, 0xFF, 0xFF, 0xFF, 0xFF,
    0xFF, 0xFF, 0xFF, 0xFF, 0xFF, 0xFF, 0xFF, 0xFF, 0xFF, 0xFF, 0xFF, 0xFF, 0xFF, 0xFF, 0xFF, 0xFF,
    0x6B, 0x42, 0x06, 0x11, 0x06, 0x11, 0x06, 0x11, 0xED, 0x5A, 0xFF, 0xFF, 0xFF, 0xFF, 0xFF, 0xFF,
    0xFF, 0xFF, 0xC9, 0x31, 0x06, 0x11, 0x06, 0x11, 0x06, 0x11, 0xCC, 0x52, 0xFF, 0xFF, 0xFF, 0xFF,
    0xFF, 0xFF, 0xFF, 0xFF, 0xFF, 0xFF, 0xFF, 0xFF, 0xFF, 0xFF, 0xFF, 0xFF, 0xFF, 0xFF, 0xFF, 0xFF,
    0xFF, 0xFF, 0xFF, 0xFF, 0xFF, 0xFF, 0xFF, 0xFF, 0xFF, 0xFF, 0xFF, 0xFF, 0xFF, 0xFF, 0xFF, 0xFF,
    0xFF, 0xFF, 0xFF, 0xFF, 0xFF, 0xFF, 0xFF, 0xFF, 0xFF, 0xFF, 0xFF, 0xFF, 0xFF, 0xFF, 0xFF, 0xFF,
    0xFF, 0xFF, 0xFF, 0xFF, 0xFF, 0xFF, 0xFF, 0xFF, 0xFF, 0xFF, 0xFF, 0xFF, 0xFF, 0xFF, 0xFF, 0xFF,
    0xFF, 0xFF, 0xFF, 0xFF, 0xFF, 0xFF, 0xFF, 0xFF, 0xFF, 0xFF, 0xFF, 0xFF, 0xFF, 0xFF, 0xFF, 0xFF,
    0xFF, 0xFF, 0xFF, 0xFF, 0xFF, 0xFF, 0xFF, 0xFF, 0xFF, 0xFF, 0xFF, 0xFF, 0xFF, 0xFF, 0xFF, 0xFF,
    0xFF, 0xFF, 0xFF, 0xFF, 0xFF, 0xFF, 0xFF, 0xFF, 0xFF, 0xFF, 0xFF, 0xFF, 0xFF, 0xFF, 0xFF, 0xFF,
    0xFF, 0xFF, 0xFF, 0xFF, 0xFF, 0xFF, 0xFF, 0xFF, 0xFF, 0xFF, 0xFF, 0xFF, 0xFF, 0xFF, 0xFF, 0xFF,
    0xFF, 0xFF, 0xFF, 0xFF, 0xFF, 0xFF, 0xFF, 0xFF, 0xFF, 0xFF, 0xFF, 0xFF, 0xFF, 0xFF, 0xFF, 0xFF,
    0xFF, 0xFF, 0xFF, 0xFF, 0xFF, 0xFF, 0xFF, 0xFF, 0xFF, 0xFF, 0xFF, 0xFF, 0xFF, 0xFF, 0xFF, 0xFF,
    0xFF, 0xFF, 0xFF, 0xFF, 0xFF, 0xFF, 0xFF, 0xFF, 0xFF, 0xFF, 0xFF, 0xFF, 0xFF, 0xFF, 0xFF, 0xFF,
    0xFF, 0xFF, 0xFF, 0xFF, 0xFF, 0xFF, 0xFF, 0xFF, 0xD0, 0x73, 0x06, 0x11, 0x06, 0x11, 0x06, 0x11,
    0xD0, 0x73, 0xFF, 0xFF, 0xFF, 0xFF, 0xFF, 0xFF, 0xFF, 0xFF, 0xFF, 0xFF, 0xFF, 0xFF, 0xFF, 0xFF,
    0xFF, 0xFF, 0xFF, 0xFF, 0xFF, 0xFF, 0xFF, 0xFF, 0xFF, 0xFF, 0xFF, 0xFF, 0xFF, 0xFF, 0xFF, 0xFF,
    0xFF, 0xFF, 0xFF, 0xFF, 0xFF, 0xFF, 0xFF, 0xFF, 0xFF, 0xFF, 0xFF, 0xFF, 0xFF, 0xFF, 0xFF, 0xFF,
    0xFF, 0xFF, 0xFF, 0xFF, 0xFF, 0xFF, 0xFF, 0xFF, 0xFF, 0xFF, 0xFF, 0xFF, 0xFF, 0xFF, 0xFF, 0xFF,
    0xFF, 0xFF, 0xFF, 0xFF, 0xFF, 0xFF, 0xFF, 0xFF, 0xFF, 0xFF, 0xFF, 0xFF, 0xFF, 0xFF, 0xFF, 0xFF,
    0xFF, 0xFF, 0xFF, 0xFF, 0xFF, 0xFF, 0xFF, 0xFF, 0xFF, 0xFF, 0xFF, 0xFF, 0xFF, 0xFF, 0xFF, 0xFF,
    0xFF, 0xFF, 0xFF, 0xFF, 0xFF, 0xFF, 0xFF, 0xFF, 0xFF, 0xFF, 0xFF, 0xFF, 0xFF, 0xFF, 0xFF, 0xFF,
    0xFF, 0xFF, 0xFF, 0xFF, 0xFF, 0xFF, 0xFF, 0xFF, 0x9E, 0xF7, 0x27, 0x19, 0x06, 0x11, 0x06, 0x11,
    0x06, 0x11, 0xA8, 0x29, 0x06, 0x11, 0x06, 0x11, 0x06, 0x11, 0xD0, 0x73, 0xFF, 0xFF, 0xFF, 0xFF,
    0xFF, 0xFF, 0xFF, 0xFF, 0xFF, 0xFF, 0xFF, 0xFF, 0xFF, 0xFF, 0xFF, 0xFF, 0xFF, 0xFF, 0xFF, 0xFF,
    0xFF, 0xFF, 0xFF, 0xFF, 0xFF, 0xFF, 0xFF, 0xFF, 0xFF, 0xFF, 0xFF, 0xFF, 0xFF, 0xFF, 0xFF, 0xFF,
    0xFF, 0xFF, 0xFF, 0xFF, 0xFF, 0xFF, 0xFF, 0xFF, 0xFF, 0xFF, 0xFF, 0xFF, 0xFF, 0xFF, 0xFF, 0xFF,
    0xFF, 0xFF, 0xFF, 0xFF, 0xFF, 0xFF, 0xFF, 0xFF, 0xFF, 0xFF, 0xFF, 0xFF, 0xFF, 0xFF, 0xFF, 0xFF,
    0xFF, 0xFF, 0xFF, 0xFF, 0xFF, 0xFF, 0xFF, 0xFF, 0xFF, 0xFF, 0xFF, 0xFF, 0xFF, 0xFF, 0x06, 0x19,
    0x06, 0x11, 0x06, 0x11, 0x06, 0x11, 0x7A, 0xCE, 0xFF, 0xFF, 0xFF, 0xFF, 0xFF, 0xFF, 0xFF, 0xFF,
    0xFF, 0xFF, 0xFF, 0xFF, 0xFF, 0xFF, 0xFF, 0xFF, 0xFF, 0xFF, 0xFF, 0xFF, 0xFF, 0xFF, 0xFF, 0xFF,
    0xFF, 0xFF, 0xFF, 0xFF, 0xFF, 0xFF, 0xFF, 0xFF, 0xFF, 0xFF, 0xFF, 0xFF, 0xFF, 0xFF, 0xFF, 0xFF,
    0xFF, 0xFF, 0xFF, 0xFF, 0xFF, 0xFF, 0xFF, 0xFF, 0xFF, 0xFF, 0xFF, 0xFF, 0xFF, 0xFF, 0xFF, 0xFF,
    0xFF, 0xFF, 0xFF, 0xFF, 0xFF, 0xFF, 0xFF, 0xFF, 0xFF, 0xFF, 0xFF, 0xFF, 0xFF, 0xFF, 0xFF, 0xFF,
    0xFF, 0xFF, 0xFF, 0xFF, 0xFF, 0xFF, 0xFF, 0xFF, 0xFF, 0xFF, 0xFF, 0xFF, 0xD0, 0x73, 0x06, 0x11,
    0x06, 0x11, 0x06, 0x11, 0xD0, 0x73, 0xFF, 0xFF, 0xFF, 0xFF, 0xFF, 0xFF, 0xFF, 0xFF, 0xFF, 0xFF,
    0xFF, 0xFF, 0xFF, 0xFF, 0xFF, 0xFF, 0xFF, 0xFF, 0xFF, 0xFF, 0xFF, 0xFF, 0xFF, 0xFF, 0xFF, 0xFF,
    0xFF, 0xFF, 0xFF, 0xFF, 0xFF, 0xFF, 0xFF, 0xFF, 0xFF, 0xFF, 0xFF, 0xFF, 0xFF, 0xFF, 0xFF, 0xFF,
    0xFF, 0xFF, 0xFF, 0xFF, 0xFF, 0xFF, 0xFF, 0xFF, 0xFF, 0xFF, 0xFF, 0xFF, 0xFF, 0xFF, 0xFF, 0xFF,
    0xFF, 0xFF, 0xFF, 0xFF, 0xFF, 0xFF, 0xFF, 0xFF, 0xFF, 0xFF, 0xFF, 0xFF, 0xFF, 0xFF, 0xFF, 0xFF,
    0xFF, 0xFF, 0xFF, 0xFF, 0xFF, 0xFF, 0xFF, 0xFF, 0xFF, 0xFF, 0xFF, 0xFF, 0xFF, 0xFF, 0xFF, 0xFF,
    0xFF, 0xFF, 0xFF, 0xFF, 0xFF, 0xFF, 0xFF, 0xFF, 0xFF, 0xFF, 0xFF, 0xFF, 0xFF, 0xFF, 0xFF, 0xFF,
    0xFF, 0xFF, 0xFF, 0xFF, 0xFF, 0xFF, 0xFF, 0xFF, 0xFF, 0xFF, 0xFF, 0xFF, 0xFF, 0xFF, 0xFF, 0xFF,
    0xFF, 0xFF, 0xFF, 0xFF, 0xFF, 0xFF, 0xFF, 0xFF, 0xFF, 0xFF, 0xFF, 0xFF, 0xFF, 0xFF, 0xFF, 0xFF,
    0xFF, 0xFF, 0xFF, 0xFF, 0xFF, 0xFF, 0xFF, 0xFF, 0xFF, 0xFF, 0xFF, 0xFF, 0xFF, 0xFF, 0xFF, 0xFF,
    0xFF, 0xFF, 0xFF, 0xFF, 0xFF, 0xFF, 0x56, 0xA5, 0x06, 0x11, 0x06, 0x11, 0x06, 0x11, 0x67, 0x21,
    0x35, 0xA5, 0x06, 0x11, 0x06, 0x11, 0x06, 0x11, 0x68, 0x21, 0xDF, 0xFF, 0xFF, 0xFF, 0xFF, 0xFF,
    0xFF, 0xFF, 0xFF, 0xFF, 0xFF, 0xFF, 0x6B, 0x42, 0x06, 0x11, 0x06, 0x11, 0x06, 0x11, 0xED, 0x5A,
    0xFF, 0xFF, 0xFF, 0xFF, 0xFF, 0xFF, 0xFF, 0xFF, 0xFF, 0xFF, 0xFF, 0xFF, 0xFF, 0xFF, 0xFF, 0xFF,
    0xFF, 0xFF, 0xFF, 0xFF, 0xFF, 0xFF, 0xFF, 0xFF, 0xFF, 0xFF, 0xFF, 0xFF, 0x6B, 0x42, 0x06, 0x11,
    0x06, 0x11, 0x06, 0x11, 0xED, 0x5A, 0xFF, 0xFF, 0xFF, 0xFF, 0xFF, 0xFF, 0xFF, 0xFF, 0xFF, 0xFF,
    0xFF, 0xFF, 0xFF, 0xFF, 0xFF, 0xFF, 0xFF, 0xFF, 0xFF, 0xFF, 0x7D, 0xEF, 0x76, 0xAD, 0x8F, 0x6B,
    0x2A, 0x42, 0x67, 0x21, 0x06, 0x19, 0x47, 0x21, 0xEA, 0x39, 0x6F, 0x63, 0xD8, 0xB5, 0xFF, 0xFF,
    0xFF, 0xFF, 0xFF, 0xFF, 0xFF, 0xFF, 0xFF, 0xFF, 0xFF, 0xFF, 0xFF, 0xFF, 0xFF, 0xFF, 0xFF, 0xFF,
    0xBB, 0xD6, 0x11, 0x7C, 0x6B, 0x42, 0x88, 0x21, 0x26, 0x19, 0xC9, 0x31, 0xCC, 0x52, 0x15, 0x9D,
    0x7E, 0xEF, 0xFF, 0xFF, 0xFF, 0xFF, 0xFF, 0xFF, 0xFF, 0xFF, 0xFF, 0xFF, 0x7A, 0xCE, 0xB0, 0x73,
    0x2A, 0x3A, 0x67, 0x21, 0x26, 0x19, 0xA8, 0x29, 0x0E, 0x5B, 0x96, 0xAD, 0xFF, 0xFF, 0xFF, 0xFF,
    0xFF, 0xFF, 0xFF, 0xFF, 0xFF, 0xFF, 0xFF, 0xFF, 0xFF, 0xFF, 0xFF, 0xFF, 0xFF, 0xFF, 0xFF, 0xFF,
    0xFF, 0xFF, 0xFF, 0xFF, 0xFF, 0xFF, 0xFF, 0xFF, 0x6B, 0x42, 0x06, 0x11, 0x06, 0x11, 0x06, 0x11,
    0xED, 0x5A, 0xFF, 0xFF, 0xFF, 0xFF, 0xFF, 0xFF, 0xFF, 0xFF, 0xAC, 0x4A, 0x06, 0x11, 0x06, 0x11,
    0x06, 0x11, 0x0D, 0x5B, 0xFF, 0xFF, 0xFF, 0xFF, 0xFF, 0xFF, 0xFF, 0xFF, 0xFF, 0xFF, 0xFF, 0xFF,
    0xFF, 0xFF, 0x7A, 0xCE, 0xB0, 0x73, 0x2A, 0x3A, 0x67, 0x21, 0x26, 0x19, 0xA8, 0x29, 0x0E, 0x5B,
    0x96, 0xAD, 0xFF, 0xFF, 0xFF, 0xFF, 0xFF, 0xFF, 0xFF, 0xFF, 0xFF, 0xFF, 0xFF, 0xFF, 0xFF, 0xFF,
    0xFF, 0xFF, 0xBB, 0xD6, 0x11, 0x7C, 0x6B, 0x42, 0x88, 0x21, 0x26, 0x19, 0xC9, 0x31, 0xCC, 0x52,
    0x15, 0x9D, 0x7E, 0xEF, 0xFF, 0xFF, 0xFF, 0xFF, 0xFF, 0xFF, 0xFF, 0xFF, 0xFF, 0xFF, 0x59, 0xC6,
    0xB0, 0x6B, 0x0A, 0x3A, 0x47, 0x21, 0x26, 0x19, 0x88, 0x29, 0xCC, 0x52, 0xD4, 0x94, 0x9E, 0xF7,
    0xFF, 0xFF, 0xFF, 0xFF, 0xFF, 0xFF, 0xFF, 0xFF, 0xFF, 0xFF, 0xFF, 0xFF, 0xFF, 0xFF, 0x9E, 0xF7,
    0x32, 0x84, 0xEA, 0x39, 0x27, 0x19, 0x88, 0x29, 0x2E, 0x63, 0x5A, 0xCE, 0xBE, 0xF7, 0x06, 0x11,
    0x06, 0x11, 0x06, 0x11, 0x06, 0x11, 0xDB, 0xD6, 0xFF, 0xFF, 0xFF, 0xFF, 0xFF, 0xFF, 0x06, 0x19,
    0x06, 0x11, 0x06, 0x11, 0x06, 0x11, 0x7A, 0xCE, 0x3D, 0xE7, 0xD0, 0x73, 0xC9, 0x31, 0x27, 0x19,
    0x88, 0x29, 0x4F, 0x63, 0xDB, 0xDE, 0xFF, 0xFF, 0xFF, 0xFF, 0xFF, 0xFF, 0xFF, 0xFF, 0xFF, 0xFF,
    0x06, 0x19, 0x06, 0x11, 0x06, 0x11, 0x06, 0x11, 0x7A, 0xCE, 0xFF, 0xFF, 0x2E, 0x5B, 0x06, 0x11,
    0x06, 0x11, 0x06, 0x11, 0x06, 0x11, 0x06, 0x11, 0x06, 0x11, 0x06, 0x11, 0x06, 0x11, 0x06, 0x11,
    0x88, 0x29, 0xFF, 0xFF, 0xFF, 0xFF, 0xFF, 0xFF, 0x06, 0x19, 0x06, 0x11, 0x06, 0x11, 0x06, 0x11,
    0x7A, 0xCE, 0xFF, 0xFF, 0xFF, 0xFF, 0xFF, 0xFF, 0xFF, 0xFF, 0xFF, 0xFF, 0x59, 0xC6, 0xB0, 0x6B,
    0x0A, 0x3A, 0x47, 0x21, 0x26, 0x19, 0x88, 0x29, 0xCC, 0x52, 0xD4, 0x94, 0x9E, 0xF7, 0xFF, 0xFF,
    0xFF, 0xFF, 0xFF, 0xFF, 0xFF, 0xFF, 0xFF, 0xFF, 0xFF, 0xFF, 0x06, 0x19, 0x06, 0x11, 0x06, 0x11,
    0x06, 0x11, 0x7A, 0xCE, 0x3D, 0xE7, 0xD0, 0x73, 0xC9, 0x31, 0x27, 0x19, 0x88, 0x29, 0x4F, 0x63,
    0xDB, 0xDE, 0xFF, 0xFF, 0xFF, 0xFF, 0xFF, 0xFF, 0xFF, 0xFF, 0xFF, 0xFF, 0xFF, 0xFF, 0xFF, 0xFF,
    0xFF, 0xFF, 0xFF, 0xFF, 0xFF, 0xFF, 0xFF, 0xFF, 0xFF, 0xFF, 0xFF, 0xFF, 0xFF, 0xFF, 0xFF, 0xFF,
    0x56, 0xA5, 0x06, 0x11, 0x06, 0x11, 0x06, 0x11, 0x67, 0x21, 0x35, 0xA5, 0x06, 0x11, 0x06, 0x11,
    0x06, 0x11, 0x68, 0x21, 0xDF, 0xFF, 0xFF, 0xFF, 0xFF, 0xFF, 0xFF, 0xFF, 0xFF, 0xFF, 0xFF, 0xFF,
    0xFF, 0xFF, 0x06, 0x19, 0x06, 0x11, 0x06, 0x11, 0x06, 0x11, 0x7A, 0xCE, 0xFC, 0xDE, 0x8F, 0x6B,
    0xC9, 0x31, 0x27, 0x19, 0xA9, 0x29, 0xB0, 0x6B, 0x1C, 0xE7, 0xFF, 0xFF, 0xFF, 0xFF, 0xFF, 0xFF,
    0xFF, 0xFF, 0xFF, 0xFF, 0x06, 0x19, 0x06, 0x11, 0x06, 0x11, 0x06, 0x11, 0x7A, 0xCE, 0xFC, 0xDE,
    0x8F, 0x6B, 0xC9, 0x31, 0x27, 0x19, 0xA9, 0x29, 0xB0, 0x6B, 0x1C, 0xE7, 0xFF, 0xFF, 0xFF, 0xFF,
    0xFF, 0xFF, 0xFF, 0xFF, 0xFF, 0xFF, 0x06, 0x19, 0x06, 0x11, 0x06, 0x11, 0x06, 0x11, 0x7A, 0xCE,
    0xFF, 0xFF, 0xFF, 0xFF, 0xFF, 0xFF, 0x06, 0x19, 0x06, 0x11, 0x06, 0x11, 0x06, 0x11, 0x7A, 0xCE,
    0xFF, 0xFF, 0xFF, 0xFF, 0xFF, 0xFF, 0xFF, 0xFF, 0xFF, 0xFF, 0xBB, 0xD6, 0x11, 0x7C, 0x6B, 0x42,
    0x88, 0x21, 0x26, 0x19, 0xC9, 0x31, 0xCC, 0x52, 0x15, 0x9D, 0x7E, 0xEF, 0xFF, 0xFF, 0xFF, 0xFF,
    0xFF, 0xFF, 0xFF, 0xFF, 0x7D, 0xEF, 0x76, 0xAD, 0x8F, 0x6B, 0x2A, 0x42, 0x67, 0x21, 0x06, 0x19,
    0x47, 0x21, 0xEA, 0x39, 0x6F, 0x63, 0xD8, 0xB5, 0xFF, 0xFF, 0xFF, 0xFF, 0xFF, 0xFF, 0xFF, 0xFF,
    0x2E, 0x5B, 0x06, 0x11, 0x06, 0x11, 0x06, 0x11, 0x06, 0x11, 0x06, 0x11, 0x06, 0x11, 0x06, 0x11,
    0x06, 0x11, 0x06, 0x11, 0x88, 0x29, 0xFF, 0xFF, 0xFF, 0xFF, 0x06, 0x19, 0x06, 0x11, 0x06, 0x11,
    0x06, 0x11, 0x7A, 0xCE, 0xFF, 0xFF, 0xFF, 0xFF, 0xFF, 0xFF, 0xFF, 0xFF, 0xFF, 0xFF, 0xFF, 0xFF,
    0x59, 0xC6, 0xB0, 0x6B, 0x0A, 0x3A, 0x47, 0x21, 0x26, 0x19, 0x88, 0x29, 0xCC, 0x52, 0xD4, 0x94,
    0x9E, 0xF7, 0xFF, 0xFF, 0xFF, 0xFF, 0xFF, 0xFF, 0xFF, 0xFF, 0xFF, 0xFF, 0x06, 0x19, 0x06, 0x11,
    0x06, 0x11, 0x06, 0x11, 0x7A, 0xCE, 0x3D, 0xE7, 0xD0, 0x73, 0xC9, 0x31, 0x27, 0x19, 0x88, 0x29,
    0x4F, 0x63, 0xDB, 0xDE, 0xFF, 0xFF, 0xFF, 0xFF, 0xFF, 0xFF, 0xFF, 0xFF, 0xFF, 0xFF, 0xFF, 0xFF,
    0xFF, 0xFF, 0xFF, 0xFF, 0xFF, 0xFF, 0xFF, 0xFF, 0xFF, 0xFF, 0xFF, 0xFF, 0xFF, 0xFF, 0xFF, 0xFF,
    0xFF, 0xFF, 0xFF, 0xFF, 0xFF, 0xFF, 0xFF, 0xFF, 0xFF, 0xFF, 0xFF, 0xFF, 0xFF, 0xFF, 0xFF, 0xFF,
    0xFF, 0xFF, 0xFF, 0xFF, 0xFF, 0xFF, 0xFF, 0xFF, 0xFF, 0xFF, 0xFF, 0xFF, 0xFF, 0xFF, 0xFF, 0xFF,
    0xFF, 0xFF, 0xFF, 0xFF, 0xFF, 0xFF, 0xFF, 0xFF, 0xFF, 0xFF, 0xFF, 0xFF, 0xFF, 0xFF, 0xCC, 0x52,
    0x06, 0x11, 0x06, 0x11, 0x06, 0x11, 0x8F, 0x6B, 0x7E, 0xEF, 0x06, 0x19, 0x06, 0x11, 0x06, 0x11,
    0x06, 0x11, 0xD7, 0xB5, 0xFF, 0xFF, 0xFF, 0xFF, 0xFF, 0xFF, 0xFF, 0xFF, 0xFF, 0xFF, 0x6B, 0x42,
    0x06, 0x11, 0x06, 0x11, 0x06, 0x11, 0xED, 0x5A, 0xFF, 0xFF, 0xFF, 0xFF, 0xFF, 0xFF, 0xFF, 0xFF,
    0xFF, 0xFF, 0xFF, 0xFF, 0xFF, 0xFF, 0xFF, 0xFF, 0xFF, 0xFF, 0xFF, 0xFF, 0xFF, 0xFF, 0xFF, 0xFF,
    0xFF, 0xFF, 0xFF, 0xFF, 0x6B, 0x42, 0x06, 0x11, 0x06, 0x11, 0x06, 0x11, 0xED, 0x5A, 0xFF, 0xFF,
    0xFF, 0xFF, 0xFF, 0xFF, 0xFF, 0xFF, 0xFF, 0xFF, 0xFF, 0xFF, 0xFF, 0xFF, 0xFF, 0xFF, 0xFF, 0xFF,
    0xFF, 0xFF, 0x4B, 0x42, 0x06, 0x11, 0x06, 0x11, 0x06, 0x11, 0x06, 0x11, 0x06, 0x11, 0x06, 0x11,
    0x06, 0x11, 0x06, 0x11, 0x06, 0x11, 0x0E, 0x5B, 0xDF, 0xFF, 0xFF, 0xFF, 0xFF, 0xFF, 0xFF, 0xFF,
    0xFF, 0xFF, 0xFF, 0xFF, 0xDF, 0xFF, 0xD0, 0x73, 0x06, 0x11, 0x06, 0x11, 0x06, 0x11, 0x06, 0x11,
    0x06, 0x11, 0x06, 0x11, 0x06, 0x11, 0x06, 0x11, 0x8F, 0x6B, 0xFF, 0xFF, 0xFF, 0xFF, 0xFF, 0xFF,
    0xBE, 0xF7, 0x6F, 0x6B, 0x06, 0x11, 0x06, 0x11, 0x06, 0x11, 0x06, 0x11, 0x06, 0x11, 0x06, 0x11,
    0x06, 0x11, 0x06, 0x11, 0x8C, 0x4A, 0x5D, 0xEF, 0xFF, 0xFF, 0xFF, 0xFF, 0xFF, 0xFF, 0xFF, 0xFF,
    0xFF, 0xFF, 0xFF, 0xFF, 0xFF, 0xFF, 0xFF, 0xFF, 0xFF, 0xFF, 0xFF, 0xFF, 0xFF, 0xFF, 0xFF, 0xFF,
    0x6B, 0x42, 0x06, 0x11, 0x06, 0x11, 0x06, 0x11, 0xED, 0x5A, 0xFF, 0xFF, 0xFF, 0xFF, 0xFF, 0xFF,
    0xFF, 0xFF, 0xC9, 0x31, 0x06, 0x11, 0x06, 0x11, 0x06, 0x11, 0x52, 0x84, 0xFF, 0xFF, 0xFF, 0xFF,
    0xFF, 0xFF, 0xFF, 0xFF, 0xFF, 0xFF, 0xBE, 0xF7, 0x6F, 0x6B, 0x06, 0x11, 0x06, 0x11, 0x06, 0x11,
    0x06, 0x11, 0x06, 0x11, 0x06, 0x11, 0x06, 0x11, 0x06, 0x11, 0x8C, 0x4A, 0x5D, 0xEF, 0xFF, 0xFF,
    0xFF, 0xFF, 0xFF, 0xFF, 0xFF, 0xFF, 0xDF, 0xFF, 0xD0, 0x73, 0x06, 0x11, 0x06, 0x11, 0x06, 0x11,
    0x06, 0x11, 0x06, 0x11, 0x06, 0x11, 0x06, 0x11, 0x06, 0x11, 0x8F, 0x6B, 0xFF, 0xFF, 0xFF, 0xFF,
    0xFF, 0xFF, 0xBE, 0xF7, 0x4E, 0x63, 0x06, 0x11, 0x06, 0x11, 0x06, 0x11, 0x06, 0x11, 0x06, 0x11,
    0x06, 0x11, 0x06, 0x11, 0x06, 0x11, 0x88, 0x29, 0x18, 0xBE, 0xFF, 0xFF, 0xFF, 0xFF, 0xFF, 0xFF,
    0xFF, 0xFF, 0xFF, 0xFF, 0x1C, 0xE7, 0xE9, 0x31, 0x06, 0x11, 0x06, 0x11, 0x06, 0x11, 0x06, 0x11,
    0x06, 0x11, 0x06, 0x19, 0x93, 0x8C, 0x06, 0x11, 0x06, 0x11, 0x06, 0x11, 0x06, 0x11, 0xDB, 0xD6,
    0xFF, 0xFF, 0xFF, 0xFF, 0xFF, 0xFF, 0x06, 0x19, 0x06, 0x11, 0x06, 0x11, 0x06, 0x11, 0x93, 0x8C,
    0x47, 0x21, 0x06, 0x11, 0x06, 0x11, 0x06, 0x11, 0x06, 0x11, 0x06, 0x11, 0x67, 0x21, 0xDB, 0xDE,
    0xFF, 0xFF, 0xFF, 0xFF, 0xFF, 0xFF, 0xFF, 0xFF, 0x06, 0x19, 0x06, 0x11, 0x06, 0x11, 0x06, 0x11,
    0x7A, 0xCE, 0xFF, 0xFF, 0x2E, 0x5B, 0x06, 0x11, 0x06, 0x11, 0x06, 0x11, 0x06, 0x11, 0x06, 0x11,
    0x06, 0x11, 0x06, 0x11, 0x06, 0x11, 0x06, 0x11, 0x88, 0x29, 0xFF, 0xFF, 0xFF, 0xFF, 0xFF, 0xFF,
    0x06, 0x19, 0x06, 0x11, 0x06, 0x11, 0x06, 0x11, 0x7A, 0xCE, 0xFF, 0xFF, 0xFF, 0xFF, 0xFF, 0xFF,
    0xBE, 0xF7, 0x4E, 0x63, 0x06, 0x11, 0x06, 0x11, 0x06, 0x11, 0x06, 0x11, 0x06, 0x11, 0x06, 0x11,
    0x06, 0x11, 0x06, 0x11, 0x88, 0x29, 0x18, 0xBE, 0xFF, 0xFF, 0xFF, 0xFF, 0xFF, 0xFF, 0xFF, 0xFF,
    0xFF, 0xFF, 0x06, 0x19, 0x06, 0x11, 0x06, 0x11, 0x06, 0x11, 0x93, 0x8C, 0x47, 0x21, 0x06, 0x11,
    0x06, 0x11, 0x06, 0x11, 0x06, 0x11, 0x06, 0x11, 0x67, 0x21, 0xDB, 0xDE, 0xFF, 0xFF, 0xFF, 0xFF,
    0xFF, 0xFF, 0xFF, 0xFF, 0xFF, 0xFF, 0xFF, 0xFF, 0xFF, 0xFF, 0xFF, 0xFF, 0xFF, 0xFF, 0xFF, 0xFF,
    0xFF, 0xFF, 0xFF, 0xFF, 0xFF, 0xFF, 0xFF, 0xFF, 0xCC, 0x52, 0x06, 0x11, 0x06, 0x11, 0x06, 0x11,
    0x8F, 0x6B, 0x7E, 0xEF, 0x06, 0x19, 0x06, 0x11, 0x06, 0x11, 0x06, 0x11, 0xD7, 0xB5, 0xFF, 0xFF,
    0xFF, 0xFF, 0xFF, 0xFF, 0xFF, 0xFF, 0xFF, 0xFF, 0xFF, 0xFF, 0x06, 0x19, 0x06, 0x11, 0x06, 0x11,
    0x06, 0x11, 0x72, 0x8C, 0x27, 0x19, 0x06, 0x11, 0x06, 0x11, 0x06, 0x11, 0x06, 0x11, 0x06, 0x11,
    0x47, 0x21, 0x59, 0xC6, 0xFF, 0xFF, 0xFF, 0xFF, 0xFF, 0xFF, 0xFF, 0xFF, 0x06, 0x19, 0x06, 0x11,
    0x06, 0x11, 0x06, 0x11, 0x72, 0x8C, 0x27, 0x19, 0x06, 0x11, 0x06, 0x11, 0x06, 0x11, 0x06, 0x11,
    0x06, 0x11, 0x47, 0x21, 0x59, 0xC6, 0xFF, 0xFF, 0xFF, 0xFF, 0xFF, 0xFF, 0xFF, 0xFF, 0x06, 0x19,
    0x06, 0x11, 0x06, 0x11, 0x06, 0x11, 0x7A, 0xCE, 0xFF, 0xFF, 0xFF, 0xFF, 0xFF, 0xFF, 0x06, 0x19,
    0x06, 0x11, 0x06, 0x11, 0x06, 0x11, 0x7A, 0xCE, 0xFF, 0xFF, 0xFF, 0xFF, 0xFF, 0xFF, 0xDF, 0xFF,
    0xD0, 0x73, 0x06, 0x11, 0x06, 0x11, 0x06, 0x11, 0x06, 0x11, 0x06, 0x11, 0x06, 0x11, 0x06, 0x11,
    0x06, 0x11, 0x8F, 0x6B, 0xFF, 0xFF, 0xFF, 0xFF, 0xFF, 0xFF, 0xFF, 0xFF, 0x4B, 0x42, 0x06, 0x11,
    0x06, 0x11, 0x06, 0x11, 0x06, 0x11, 0x06, 0x11, 0x06, 0x11, 0x06, 0x11, 0x06, 0x11, 0x06, 0x11,
    0x0E, 0x5B, 0xDF, 0xFF, 0xFF, 0xFF, 0xFF, 0xFF, 0x2E, 0x5B, 0x06, 0x11, 0x06, 0x11, 0x06, 0x11,
    0x06, 0x11, 0x06, 0x11, 0x06, 0x11, 0x06, 0x11, 0x06, 0x11, 0x06, 0x11, 0x88, 0x29, 0xFF, 0xFF,
    0xFF, 0xFF, 0x06, 0x19, 0x06, 0x11, 0x06, 0x11, 0x06, 0x11, 0x7A, 0xCE, 0xFF, 0xFF, 0xFF, 0xFF,
    0xFF, 0xFF, 0xFF, 0xFF, 0xBE, 0xF7, 0x4E, 0x63, 0x06, 0x11, 0x06, 0x11, 0x06, 0x11, 0x06, 0x11,
    0x06, 0x11, 0x06, 0x11, 0x06, 0x11, 0x06, 0x11, 0x88, 0x29, 0x18, 0xBE, 0xFF, 0xFF, 0xFF, 0xFF,
    0xFF, 0xFF, 0xFF, 0xFF, 0x06, 0x19, 0x06, 0x11, 0x06, 0x11, 0x06, 0x11, 0x93, 0x8C, 0x47, 0x21,
    0x06, 0x11, 0x06, 0x11, 0x06, 0x11, 0x06, 0x11, 0x06, 0x11, 0x67, 0x21, 0xDB, 0xDE, 0xFF, 0xFF,
    0xFF, 0xFF, 0xFF, 0xFF, 0xFF, 0xFF, 0xFF, 0xFF, 0xFF, 0xFF, 0xFF, 0xFF, 0xFF, 0xFF, 0xFF, 0xFF,
    0xFF, 0xFF, 0xFF, 0xFF, 0xFF, 0xFF, 0xFF, 0xFF, 0xFF, 0xFF, 0xFF, 0xFF, 0xFF, 0xFF, 0xFF, 0xFF,
    0xFF, 0xFF, 0xFF, 0xFF, 0xFF, 0xFF, 0xFF, 0xFF, 0xFF, 0xFF, 0xFF, 0xFF, 0xFF, 0xFF, 0xFF, 0xFF,
    0xFF, 0xFF, 0xFF, 0xFF, 0xFF, 0xFF, 0xFF, 0xFF, 0xFF, 0xFF, 0xFF, 0xFF, 0xFF, 0xFF, 0xFF, 0xFF,
    0xFF, 0xFF, 0xFF, 0xFF, 0x3D, 0xE7, 0x06, 0x19, 0x06, 0x11, 0x06, 0x11, 0x06, 0x11, 0xB7, 0xB5,
    0xFF, 0xFF, 0xCD, 0x52, 0x06, 0x11, 0x06, 0x11, 0x06, 0x11, 0x4E, 0x63, 0xFF, 0xFF, 0xFF, 0xFF,
    0xFF, 0xFF, 0xFF, 0xFF, 0xFF, 0xFF, 0x6B, 0x42, 0x06, 0x11, 0x06, 0x11, 0x06, 0x11, 0xED, 0x5A,
    0xFF, 0xFF, 0xFF, 0xFF, 0xFF, 0xFF, 0xFF, 0xFF, 0xFF, 0xFF, 0xFF, 0xFF, 0xFF, 0xFF, 0xFF, 0xFF,
    0xFF, 0xFF, 0xFF, 0xFF, 0xFF, 0xFF, 0xFF, 0xFF, 0xFF, 0xFF, 0xFF, 0xFF, 0x6B, 0x42, 0x06, 0x11,
    0x06, 0x11, 0x06, 0x11, 0x06, 0x11, 0x06, 0x11, 0x06, 0x11, 0x06, 0x11, 0x06, 0x11, 0x06, 0x11,
    0x06, 0x11, 0x88, 0x29, 0xFF, 0xFF, 0xFF, 0xFF, 0xFF, 0xFF, 0x4B, 0x42, 0x06, 0x11, 0x06, 0x11,
    0x06, 0x11, 0x06, 0x11, 0x06, 0x11, 0x06, 0x11, 0x06, 0x11, 0x06, 0x11, 0x06, 0x11, 0x06, 0x11,
    0x52, 0x84, 0xFF, 0xFF, 0xFF, 0xFF, 0xFF, 0xFF, 0xFF, 0xFF, 0xFF, 0xFF, 0x4E, 0x63, 0x06, 0x11,
    0x06, 0x11, 0x06, 0x11, 0x06, 0x11, 0x06, 0x11, 0x06, 0x11, 0x06, 0x11, 0x06, 0x11, 0x06, 0x11,
    0x8F, 0x6B, 0xFF, 0xFF, 0xFF, 0xFF, 0xFF, 0xFF, 0x0E, 0x5B, 0x06, 0x11, 0x06, 0x11, 0x06, 0x11,
    0x06, 0x11, 0x06, 0x11, 0x06, 0x11, 0x06, 0x11, 0x06, 0x11, 0x06, 0x11, 0x06, 0x11, 0x4B, 0x42,
    0xDF, 0xFF, 0xFF, 0xFF, 0xFF, 0xFF, 0xFF, 0xFF, 0xFF, 0xFF, 0xFF, 0xFF, 0xFF, 0xFF, 0xFF, 0xFF,
    0xFF, 0xFF, 0xFF, 0xFF, 0xFF, 0xFF, 0xFF, 0xFF, 0x6B, 0x42, 0x06, 0x11, 0x06, 0x11, 0x06, 0x11,
    0xED, 0x5A, 0xFF, 0xFF, 0xFF, 0xFF, 0x3D, 0xE7, 0x11, 0x7C, 0x06, 0x11, 0x06, 0x11, 0x06, 0x11,
    0x27, 0x19, 0x3C, 0xE7, 0xFF, 0xFF, 0xFF, 0xFF, 0xFF, 0xFF, 0xFF, 0xFF, 0xFF, 0xFF, 0x0E, 0x5B,
    0x06, 0x11, 0x06, 0x11, 0x06, 0x11, 0x06, 0x11, 0x06, 0x11, 0x06, 0x11, 0x06, 0x11, 0x06, 0x11,
    0x06, 0x11, 0x06, 0x11, 0x4B, 0x42, 0xDF, 0xFF, 0xFF, 0xFF, 0xFF, 0xFF, 0xFF, 0xFF, 0x4E, 0x63,
    0x06, 0x11, 0x06, 0x11, 0x06, 0x11, 0x06, 0x11, 0x06, 0x11, 0x06, 0x11, 0x06, 0x11, 0x06, 0x11,
    0x06, 0x11, 0x8F, 0x6B, 0xFF, 0xFF, 0xFF, 0xFF, 0xFF, 0xFF, 0xED, 0x5A, 0x06, 0x11, 0x06, 0x11,
    0x06, 0x11, 0x06, 0x11, 0x06, 0x11, 0x06, 0x11, 0x06, 0x11, 0x06, 0x11, 0x06, 0x11, 0x06, 0x11,
    0x27, 0x19, 0x7A, 0xCE, 0xFF, 0xFF, 0xFF, 0xFF, 0xFF, 0xFF, 0xFF, 0xFF, 0x4B, 0x42, 0x06, 0x11,
    0x06, 0x11, 0x06, 0x11, 0x06, 0x11, 0x06, 0x11, 0x06, 0x11, 0x06, 0x11, 0x06, 0x11, 0x06, 0x11,
    0x06, 0x11, 0x06, 0x11, 0x06, 0x11, 0xDB, 0xD6, 0xFF, 0xFF, 0xFF, 0xFF, 0xFF, 0xFF, 0x06, 0x19,
    0x06, 0x11, 0x06, 0x11, 0x06, 0x11, 0x06, 0x11, 0x06, 0x11, 0x06, 0x11, 0x06, 0x11, 0x06, 0x11,
    0x06, 0x11, 0x06, 0x11, 0x06, 0x11, 0xED, 0x5A, 0xFF, 0xFF, 0xFF, 0xFF, 0xFF, 0xFF, 0xFF, 0xFF,
    0x06, 0x19, 0x06, 0x11, 0x06, 0x11, 0x06, 0x11, 0x7A, 0xCE, 0xFF, 0xFF, 0x2E, 0x5B, 0x06, 0x11,
    0x06, 0x11, 0x06, 0x11, 0x06, 0x11, 0x06, 0x11, 0x06, 0x11, 0x06, 0x11, 0x06, 0x11, 0x06, 0x11,
    0x88, 0x29, 0xFF, 0xFF, 0xFF, 0xFF, 0xFF, 0xFF, 0x06, 0x19, 0x06, 0x11, 0x06, 0x11, 0x06, 0x11,
    0x7A, 0xCE, 0xFF, 0xFF, 0xFF, 0xFF, 0xFF, 0xFF, 0xED, 0x5A, 0x06, 0x11, 0x06, 0x11, 0x06, 0x11,
    0x06, 0x11, 0x06, 0x11, 0x06, 0x11, 0x06, 0x11, 0x06, 0x11, 0x06, 0x11, 0x06, 0x11, 0x27, 0x19,
    0x7A, 0xCE, 0xFF, 0xFF, 0xFF, 0xFF, 0xFF, 0xFF, 0xFF, 0xFF, 0x06, 0x19, 0x06, 0x11, 0x06, 0x11,
    0x06, 0x11, 0x06, 0x11, 0x06, 0x11, 0x06, 0x11, 0x06, 0x11, 0x06, 0x11, 0x06, 0x11, 0x06, 0x11,
    0x06, 0x11, 0xED, 0x5A, 0xFF, 0xFF, 0xFF, 0xFF, 0xFF, 0xFF, 0xFF, 0xFF, 0xFF, 0xFF, 0xFF, 0xFF,
    0xFF, 0xFF, 0xFF, 0xFF, 0xFF, 0xFF, 0xFF, 0xFF, 0xFF, 0xFF, 0xFF, 0xFF, 0xFF, 0xFF, 0x3D, 0xE7,
    0x06, 0x19, 0x06, 0x11, 0x06, 0x11, 0x06, 0x11, 0xB7, 0xB5, 0xFF, 0xFF, 0xCD, 0x52, 0x06, 0x11,
    0x06, 0x11, 0x06, 0x11, 0x4E, 0x63, 0xFF, 0xFF, 0xFF, 0xFF, 0xFF, 0xFF, 0xFF, 0xFF, 0xFF, 0xFF,
    0xFF, 0xFF, 0x06, 0x19, 0x06, 0x11, 0x06, 0x11, 0x06, 0x11, 0x06, 0x11, 0x06, 0x11, 0x06, 0x11,
    0x06, 0x11, 0x06, 0x11, 0x06, 0x11, 0x06, 0x11, 0x06, 0x11, 0x88, 0x29, 0x5D, 0xEF, 0xFF, 0xFF,
    0xFF, 0xFF, 0xFF, 0xFF, 0x06, 0x19, 0x06, 0x11, 0x06, 0x11, 0x06, 0x11, 0x06, 0x11, 0x06, 0x11,
    0x06, 0x11, 0x06, 0x11, 0x06, 0x11, 0x06, 0x11, 0x06, 0x11, 0x06, 0x11, 0x88, 0x29, 0x5D, 0xEF,
    0xFF, 0xFF, 0xFF, 0xFF, 0xFF, 0xFF, 0x06, 0x19, 0x06, 0x11, 0x06, 0x11, 0x06, 0x11, 0x7A, 0xCE,
    0xFF, 0xFF, 0xFF, 0xFF, 0xFF, 0xFF, 0x06, 0x19, 0x06, 0x11, 0x06, 0x11, 0x06, 0x11, 0x7A, 0xCE,
    0xFF, 0xFF, 0xFF, 0xFF, 0xFF, 0xFF, 0x4E, 0x63, 0x06, 0x11, 0x06, 0x11, 0x06, 0x11, 0x06, 0x11,
    0x06, 0x11, 0x06, 0x11, 0x06, 0x11, 0x06, 0x11, 0x06, 0x11, 0x8F, 0x6B, 0xFF, 0xFF, 0xFF, 0xFF,
    0xFF, 0xFF, 0xFF, 0xFF, 0x4B, 0x42, 0x06, 0x11, 0x06, 0x11, 0x06, 0x11, 0x06, 0x11, 0x06, 0x11,
    0x06, 0x11, 0x06, 0x11, 0x06, 0x11, 0x06, 0x11, 0x06, 0x11, 0x52, 0x84, 0xFF, 0xFF, 0xFF, 0xFF,
    0x2E, 0x5B, 0x06, 0x11, 0x06, 0x11, 0x06, 0x11, 0x06, 0x11, 0x06, 0x11, 0x06, 0x11, 0x06, 0x11,
    0x06, 0x11, 0x06, 0x11, 0x88, 0x29, 0xFF, 0xFF, 0xFF, 0xFF, 0x06, 0x19, 0x06, 0x11, 0x06, 0x11,
    0x06, 0x11, 0x7A, 0xCE, 0xFF, 0xFF, 0xFF, 0xFF, 0xFF, 0xFF, 0xFF, 0xFF, 0xED, 0x5A, 0x06, 0x11,
    0x06, 0x11, 0x06, 0x11, 0x06, 0x11, 0x06, 0x11, 0x06, 0x11, 0x06, 0x11, 0x06, 0x11, 0x06, 0x11,
    0x06, 0x11, 0x27, 0x19, 0x7A, 0xCE, 0xFF, 0xFF, 0xFF, 0xFF, 0xFF, 0xFF, 0x06, 0x19, 0x06, 0x11,
    0x06, 0x11, 0x06, 0x11, 0x06, 0x11, 0x06, 0x11, 0x06, 0x11, 0x06, 0x11, 0x06, 0x11, 0x06, 0x11,
    0x06, 0x11, 0x06, 0x11, 0xED, 0x5A, 0xFF, 0xFF, 0xFF, 0xFF, 0xFF, 0xFF, 0xFF, 0xFF, 0xFF, 0xFF,
    0xFF, 0xFF, 0xFF, 0xFF, 0xFF, 0xFF, 0xFF, 0xFF, 0xFF, 0xFF, 0xFF, 0xFF, 0xFF, 0xFF, 0xFF, 0xFF,
    0xFF, 0xFF, 0xFF, 0xFF, 0xFF, 0xFF, 0xFF, 0xFF, 0xFF, 0xFF, 0xFF, 0xFF, 0xFF, 0xFF, 0xFF, 0xFF,
    0xFF, 0xFF, 0xFF, 0xFF, 0xFF, 0xFF, 0xFF, 0xFF, 0xFF, 0xFF, 0xFF, 0xFF, 0xFF, 0xFF, 0xFF, 0xFF,
    0xFF, 0xFF, 0xFF, 0xFF, 0xFF, 0xFF, 0xFF, 0xFF, 0xFF, 0xFF, 0xFF, 0xFF, 0xB4, 0x94, 0x06, 0x11,
    0x06, 0x11, 0x06, 0x11, 0x47, 0x19, 0xBE, 0xF7, 0xFF, 0xFF, 0x15, 0x9D, 0x06, 0x11, 0x06, 0x11,
    0x06, 0x11, 0x27, 0x19, 0x9E, 0xF7, 0xFF, 0xFF, 0xFF, 0xFF, 0xFF, 0xFF, 0xFF, 0xFF, 0x6B, 0x42,
    0x06, 0x11, 0x06, 0x11, 0x06, 0x11, 0xED, 0x5A, 0xFF, 0xFF, 0xFF, 0xFF, 0xFF, 0xFF, 0xFF, 0xFF,
    0xFF, 0xFF, 0xFF, 0xFF, 0xFF, 0xFF, 0xFF, 0xFF, 0xFF, 0xFF, 0xFF, 0xFF, 0xFF, 0xFF, 0xFF, 0xFF,
    0xFF, 0xFF, 0xFF, 0xFF, 0x6B, 0x42, 0x06, 0x11, 0x06, 0x11, 0x06, 0x11, 0x06, 0x11, 0x06, 0x11,
    0x06, 0x11, 0x06, 0x11, 0x06, 0x11, 0x06, 0x11, 0x06, 0x11, 0x88, 0x29, 0xFF, 0xFF, 0xFF, 0xFF,
    0xFF, 0xFF, 0x0E, 0x5B, 0x32, 0x84, 0x39, 0xC6, 0x1C, 0xDF, 0xBF, 0xF7, 0xBE, 0xF7, 0xBB, 0xD6,
    0x8F, 0x6B, 0x06, 0x11, 0x06, 0x11, 0x06, 0x11, 0x68, 0x21, 0xFF, 0xFF, 0xFF, 0xFF, 0xFF, 0xFF,
    0xFF, 0xFF, 0xD8, 0xB5, 0x06, 0x11, 0x06, 0x11, 0x06, 0x11, 0x06, 0x11, 0x2A, 0x3A, 0xD8, 0xBD,
    0x5D, 0xEF, 0x9E, 0xF7, 0xBB, 0xD6, 0xB4, 0x94, 0x52, 0x84, 0xFF, 0xFF, 0xFF, 0xFF, 0xB7, 0xB5,
    0x06, 0x11, 0x06, 0x11, 0x06, 0x11, 0x06, 0x19, 0xD4, 0x94, 0x5D, 0xEF, 0xBE, 0xF7, 0x39, 0xC6,
    0xE9, 0x31, 0x06, 0x11, 0x06, 0x11, 0x06, 0x11, 0xD4, 0x94, 0xFF, 0xFF, 0xFF, 0xFF, 0xFF, 0xFF,
    0xFF, 0xFF, 0xFF, 0xFF, 0xFF, 0xFF, 0xFF, 0xFF, 0xFF, 0xFF, 0xFF, 0xFF, 0xFF, 0xFF, 0xFF, 0xFF,
    0x6B, 0x42, 0x06, 0x11, 0x06, 0x11, 0x06, 0x11, 0x06, 0x11, 0x06, 0x11, 0x06, 0x11, 0x06, 0x11,
    0x06, 0x11, 0x06, 0x11, 0x06, 0x11, 0x68, 0x21, 0x39, 0xC6, 0xFF, 0xFF, 0xFF, 0xFF, 0xFF, 0xFF,
    0xFF, 0xFF, 0xFF, 0xFF, 0xB7, 0xB5, 0x06, 0x11, 0x06, 0x11, 0x06, 0x11, 0x06, 0x19, 0xD4, 0x94,
    0x5D, 0xEF, 0xBE, 0xF7, 0x39, 0xC6, 0xE9, 0x31, 0x06, 0x11, 0x06, 0x11, 0x06, 0x11, 0xD4, 0x94,
    0xFF, 0xFF, 0xFF, 0xFF, 0xD8, 0xB5, 0x06, 0x11, 0x06, 0x11, 0x06, 0x11, 0x06, 0x11, 0x2A, 0x3A,
    0xD8, 0xBD, 0x5D, 0xEF, 0x9E, 0xF7, 0xBB, 0xD6, 0xB4, 0x94, 0x52, 0x84, 0xFF, 0xFF, 0xFF, 0xFF,
    0xB7, 0xB5, 0x06, 0x11, 0x06, 0x11, 0x06, 0x11, 0x06, 0x11, 0x8F, 0x6B, 0x1C, 0xDF, 0x9E, 0xF7,
    0xD8, 0xB5, 0x88, 0x29, 0x06, 0x11, 0x06, 0x11, 0x06, 0x11, 0x4B, 0x42, 0xFF, 0xFF, 0xFF, 0xFF,
    0xFF, 0xFF, 0x96, 0xAD, 0x06, 0x11, 0x06, 0x11, 0x06, 0x11, 0x06, 0x11, 0x8F, 0x6B, 0x1C, 0xDF,
    0x7E, 0xEF, 0x56, 0xA5, 0x47, 0x19, 0x06, 0x11, 0x06, 0x11, 0x06, 0x11, 0x06, 0x11, 0xDB, 0xD6,
    0xFF, 0xFF, 0xFF, 0xFF, 0xFF, 0xFF, 0x06, 0x19, 0x06, 0x11, 0x06, 0x11, 0x06, 0x11, 0x06, 0x11,
    0x31, 0x7C, 0x3D, 0xE7, 0x3D, 0xE7, 0x2E, 0x5B, 0x06, 0x11, 0x06, 0x11, 0x06, 0x11, 0x06, 0x19,
    0xBE, 0xF7, 0xFF, 0xFF, 0xFF, 0xFF, 0xFF, 0xFF, 0x06, 0x19, 0x06, 0x11, 0x06, 0x11, 0x06, 0x11,
    0x7A, 0xCE, 0xFF, 0xFF, 0xFF, 0xFF, 0xFF, 0xFF, 0xD0, 0x73, 0x06, 0x11, 0x06, 0x11, 0x06, 0x11,
    0xD0, 0x73, 0xFF, 0xFF, 0xFF, 0xFF, 0xFF, 0xFF, 0xFF, 0xFF, 0xFF, 0xFF, 0xFF, 0xFF, 0xFF, 0xFF,
    0x06, 0x19, 0x06, 0x11, 0x06, 0x11, 0x06, 0x11, 0x7A, 0xCE, 0xFF, 0xFF, 0xFF, 0xFF, 0xB7, 0xB5,
    0x06, 0x11, 0x06, 0x11, 0x06, 0x11, 0x06, 0x11, 0x8F, 0x6B, 0x1C, 0xDF, 0x9E, 0xF7, 0xD8, 0xB5,
    0x88, 0x29, 0x06, 0x11, 0x06, 0x11, 0x06, 0x11, 0x4B, 0x42, 0xFF, 0xFF, 0xFF, 0xFF, 0xFF, 0xFF,
    0xFF, 0xFF, 0x06, 0x19, 0x06, 0x11, 0x06, 0x11, 0x06, 0x11, 0x06, 0x11, 0x31, 0x7C, 0x3D, 0xE7,
    0x3D, 0xE7, 0x2E, 0x5B, 0x06, 0x11, 0x06, 0x11, 0x06, 0x11, 0x06, 0x19, 0xBE, 0xF7, 0xFF, 0xFF,
    0xFF, 0xFF, 0xFF, 0xFF, 0xFF, 0xFF, 0xFF, 0xFF, 0xFF, 0xFF, 0xFF, 0xFF, 0xFF, 0xFF, 0xFF, 0xFF,
    0xFF, 0xFF, 0xFF, 0xFF, 0xFF, 0xFF, 0xB4, 0x94, 0x06, 0x11, 0x06, 0x11, 0x06, 0x11, 0x47, 0x19,
    0xBE, 0xF7, 0xFF, 0xFF, 0x15, 0x9D, 0x06, 0x11, 0x06, 0x11, 0x06, 0x11, 0x27, 0x19, 0x9E, 0xF7,
    0xFF, 0xFF, 0xFF, 0xFF, 0xFF, 0xFF, 0xFF, 0xFF, 0xFF, 0xFF, 0x06, 0x19, 0x06, 0x11, 0x06, 0x11,
    0x06, 0x11, 0x06, 0x19, 0xB3, 0x94, 0x5D, 0xEF, 0x5D, 0xEF, 0x93, 0x8C, 0x06, 0x19, 0x06, 0x11,
    0x06, 0x11, 0x06, 0x11, 0x32, 0x84, 0xFF, 0xFF, 0xFF, 0xFF, 0xFF, 0xFF, 0x06, 0x19, 0x06, 0x11,
    0x06, 0x11, 0x06, 0x11, 0x06, 0x19, 0xB3, 0x94, 0x5D, 0xEF, 0x5D, 0xEF, 0x93, 0x8C, 0x06, 0x19,
    0x06, 0x11, 0x06, 0x11, 0x06, 0x11, 0x32, 0x84, 0xFF, 0xFF, 0xFF, 0xFF, 0xFF, 0xFF, 0x06, 0x19,
    0x06, 0x11, 0x06, 0x11, 0x06, 0x11, 0x7A, 0xCE, 0xFF, 0xFF, 0xFF, 0xFF, 0xFF, 0xFF, 0x06, 0x19,
    0x06, 0x11, 0x06, 0x11, 0x06, 0x11, 0x7A, 0xCE, 0xFF, 0xFF, 0xFF, 0xFF, 0xD8, 0xB5, 0x06, 0x11,
    0x06, 0x11, 0x06, 0x11, 0x06, 0x11, 0x2A, 0x3A, 0xD8, 0xBD, 0x5D, 0xEF, 0x9E, 0xF7, 0xBB, 0xD6,
    0xB4, 0x94, 0x52, 0x84, 0xFF, 0xFF, 0xFF, 0xFF, 0xFF, 0xFF, 0xFF, 0xFF, 0x0E, 0x5B, 0x32, 0x84,
    0x39, 0xC6, 0x1C, 0xDF, 0xBF, 0xF7, 0xBE, 0xF7, 0xBB, 0xD6, 0x8F, 0x6B, 0x06, 0x11, 0x06, 0x11,
    0x06, 0x11, 0x68, 0x21, 0xFF, 0xFF, 0xFF, 0xFF, 0xFF, 0xFF, 0xFF, 0xFF, 0xD0, 0x73, 0x06, 0x11,
    0x06, 0x11, 0x06, 0x11, 0xD0, 0x73, 0xFF, 0xFF, 0xFF, 0xFF, 0xFF, 0xFF, 0xFF, 0xFF, 0xFF, 0xFF,
    0xFF, 0xFF, 0x06, 0x19, 0x06, 0x11, 0x06, 0x11, 0x06, 0x11, 0x7A, 0xCE, 0xFF, 0xFF, 0xFF, 0xFF,
    0xFF, 0xFF, 0xB7, 0xB5, 0x06, 0x11, 0x06, 0x11, 0x06, 0x11, 0x06, 0x11, 0x8F, 0x6B, 0x1C, 0xDF,
    0x9E, 0xF7, 0xD8, 0xB5, 0x88, 0x29, 0x06, 0x11, 0x06, 0x11, 0x06, 0x11, 0x4B, 0x42, 0xFF, 0xFF,
    0xFF, 0xFF, 0xFF, 0xFF, 0x06, 0x19, 0x06, 0x11, 0x06, 0x11, 0x06, 0x11, 0x06, 0x11, 0x31, 0x7C,
    0x3D, 0xE7, 0x3D, 0xE7, 0x2E, 0x5B, 0x06, 0x11, 0x06, 0x11, 0x06, 0x11, 0x06, 0x19, 0xBE, 0xF7,
    0xFF, 0xFF, 0xFF, 0xFF, 0xFF, 0xFF, 0xFF, 0xFF, 0xFF, 0xFF, 0xFF, 0xFF, 0xFF, 0xFF, 0xFF, 0xFF,
    0xFF, 0xFF, 0xFF, 0xFF, 0xFF, 0xFF, 0xFF, 0xFF, 0xFF, 0xFF, 0xFF, 0xFF, 0xFF, 0xFF, 0xFF, 0xFF,
    0xFF, 0xFF, 0xFF, 0xFF, 0xFF, 0xFF, 0xFF, 0xFF, 0xFF, 0xFF, 0xFF, 0xFF, 0xFF, 0xFF, 0xFF, 0xFF,
    0xFF, 0xFF, 0xFF, 0xFF, 0xFF, 0xFF, 0xFF, 0xFF, 0xFF, 0xFF, 0xFF, 0xFF, 0xFF, 0xFF, 0xFF, 0xFF,
    0xFF, 0xFF, 0xFF, 0xFF, 0x2A, 0x42, 0x06, 0x11, 0x06, 0x11, 0x06, 0x11, 0x2E, 0x63, 0xFF, 0xFF,
    0xFF, 0xFF, 0x3D, 0xE7, 0x06, 0x19, 0x06, 0x11, 0x06, 0x11, 0x06, 0x11, 0x35, 0xA5, 0xFF, 0xFF,
    0xFF, 0xFF, 0xFF, 0xFF, 0xFF, 0xFF, 0x6B, 0x42, 0x06, 0x11, 0x06, 0x11, 0x06, 0x11, 0xED, 0x5A,
    0xFF, 0xFF, 0xFF, 0xFF, 0xFF, 0xFF, 0x0D, 0x5B, 0x06, 0x11, 0x06, 0x11, 0x06, 0x11, 0x06, 0x11,
    0x06, 0x11, 0x06, 0x11, 0x6F, 0x63, 0xFF, 0xFF, 0xFF, 0xFF, 0xFF, 0xFF, 0x6B, 0x42, 0x06, 0x11,
    0x06, 0x11, 0x06, 0x11, 0x06, 0x11, 0x06, 0x11, 0x06, 0x11, 0x06, 0x11, 0x06, 0x11, 0x06, 0x11,
    0x06, 0x11, 0x88, 0x29, 0xFF, 0xFF, 0xFF, 0xFF, 0xFF, 0xFF, 0xFF, 0xFF, 0xFF, 0xFF, 0xFF, 0xFF,
    0xFF, 0xFF, 0xFF, 0xFF, 0xFF, 0xFF, 0xFF, 0xFF, 0xDF, 0xFF, 0x27, 0x19, 0x06, 0x11, 0x06, 0x11,
    0x06, 0x11, 0xDB, 0xD6, 0xFF, 0xFF, 0xFF, 0xFF, 0xFF, 0xFF, 0x2E, 0x63, 0x06, 0x11, 0x06, 0x11,
    0x06, 0x11, 0x88, 0x29, 0x7D, 0xEF, 0xFF, 0xFF, 0xFF, 0xFF, 0xFF, 0xFF, 0xFF, 0xFF, 0xFF, 0xFF,
    0xFF, 0xFF, 0xFF, 0xFF, 0xFF, 0xFF, 0x2E, 0x5B, 0x06, 0x11, 0x06, 0x11, 0x06, 0x11, 0x11, 0x7C,
    0xFF, 0xFF, 0xFF, 0xFF, 0xFF, 0xFF, 0xFF, 0xFF, 0xD8, 0xBD, 0x06, 0x11, 0x06, 0x11, 0x06, 0x11,
    0x2A, 0x42, 0xFF, 0xFF, 0xFF, 0xFF, 0xFF, 0xFF, 0xFF, 0xFF, 0xFF, 0xFF, 0xFF, 0xFF, 0xFF, 0xFF,
    0xFF, 0xFF, 0xFF, 0xFF, 0xFF, 0xFF, 0xFF, 0xFF, 0x6B, 0x42, 0x06, 0x11, 0x06, 0x11, 0x06, 0x11,
    0x06, 0x11, 0x06, 0x11, 0x06, 0x11, 0x06, 0x11, 0x06, 0x11, 0x06, 0x11, 0x0A, 0x3A, 0x1C, 0xE7,
    0xFF, 0xFF, 0xFF, 0xFF, 0xFF, 0xFF, 0xFF, 0xFF, 0xFF, 0xFF, 0xFF, 0xFF, 0x2E, 0x5B, 0x06, 0x11,
    0x06, 0x11, 0x06, 0x11, 0x11, 0x7C, 0xFF, 0xFF, 0xFF, 0xFF, 0xFF, 0xFF, 0xFF, 0xFF, 0xD8, 0xBD,
    0x06, 0x11, 0x06, 0x11, 0x06, 0x11, 0x2A, 0x42, 0xFF, 0xFF, 0xFF, 0xFF, 0x2E, 0x63, 0x06, 0x11,
    0x06, 0x11, 0x06, 0x11, 0x88, 0x29, 0x7D, 0xEF, 0xFF, 0xFF, 0xFF, 0xFF, 0xFF, 0xFF, 0xFF, 0xFF,
    0xFF, 0xFF, 0xFF, 0xFF, 0xFF, 0xFF, 0xFF, 0xFF, 0x0E, 0x5B, 0x06, 0x11, 0x06, 0x11, 0x06, 0x11,
    0x2A, 0x3A, 0xFF, 0xFF, 0xFF, 0xFF, 0xFF, 0xFF, 0xFF, 0xFF, 0x97, 0xB5, 0x06, 0x11, 0x06, 0x11,
    0x06, 0x11, 0x06, 0x11, 0xDB, 0xD6, 0xFF, 0xFF, 0xFF, 0xFF, 0x4E, 0x63, 0x06, 0x11, 0x06, 0x11,
    0x06, 0x11, 0x0A, 0x3A, 0xFF, 0xFF, 0xFF, 0xFF, 0xFF, 0xFF, 0xFF, 0xFF, 0x93, 0x8C, 0x06, 0x11,
    0x06, 0x11, 0x06, 0x11, 0x06, 0x11, 0xDB, 0xD6, 0xFF, 0xFF, 0xFF, 0xFF, 0xFF, 0xFF, 0x06, 0x19,
    0x06, 0x11, 0x06, 0x11, 0x06, 0x11, 0xED, 0x5A, 0xFF, 0xFF, 0xFF, 0xFF, 0xFF, 0xFF, 0x1C, 0xDF,
    0x06, 0x11, 0x06, 0x11, 0x06, 0x11, 0x06, 0x11, 0xDB, 0xD6, 0xFF, 0xFF, 0xFF, 0xFF, 0xFF, 0xFF,
    0x06, 0x19, 0x06, 0x11, 0x06, 0x11, 0x06, 0x11, 0x7A, 0xCE, 0xFF, 0xFF, 0xFF, 0xFF, 0xFF, 0xFF,
    0xD0, 0x73, 0x06, 0x11, 0x06, 0x11, 0x06, 0x11, 0xD0, 0x73, 0xFF, 0xFF, 0xFF, 0xFF, 0xFF, 0xFF,
    0xFF, 0xFF, 0xFF, 0xFF, 0xFF, 0xFF, 0xFF, 0xFF, 0x06, 0x19, 0x06, 0x11, 0x06, 0x11, 0x06, 0x11,
    0x7A, 0xCE, 0xFF, 0xFF, 0xFF, 0xFF, 0x0E, 0x5B, 0x06, 0x11, 0x06, 0x11, 0x06, 0x11, 0x2A, 0x3A,
    0xFF, 0xFF, 0xFF, 0xFF, 0xFF, 0xFF, 0xFF, 0xFF, 0x97, 0xB5, 0x06, 0x11, 0x06, 0x11, 0x06, 0x11,
    0x06, 0x11, 0xDB, 0xD6, 0xFF, 0xFF, 0xFF, 0xFF, 0xFF, 0xFF, 0x06, 0x19, 0x06, 0x11, 0x06, 0x11,
    0x06, 0x11, 0xED, 0x5A, 0xFF, 0xFF, 0xFF, 0xFF, 0xFF, 0xFF, 0x1C, 0xDF, 0x06, 0x11, 0x06, 0x11,
    0x06, 0x11, 0x06, 0x11, 0xDB, 0xD6, 0xFF, 0xFF, 0xFF, 0xFF, 0xFF, 0xFF, 0xFF, 0xFF, 0xFF, 0xFF,
    0xFF, 0xFF, 0xFF, 0xFF, 0xFF, 0xFF, 0xFF, 0xFF, 0xFF, 0xFF, 0xFF, 0xFF, 0xFF, 0xFF, 0x2A, 0x42,
    0x06, 0x11, 0x06, 0x11, 0x06, 0x11, 0x2E, 0x63, 0xFF, 0xFF, 0xFF, 0xFF, 0x3D, 0xE7, 0x06, 0x19,
    0x06, 0x11, 0x06, 0x11, 0x06, 0x11, 0x35, 0xA5, 0xFF, 0xFF, 0xFF, 0xFF, 0xFF, 0xFF, 0xFF, 0xFF,
    0xFF, 0xFF, 0x06, 0x19, 0x06, 0x11, 0x06, 0x11, 0x06, 0x11, 0x6F, 0x6B, 0xFF, 0xFF, 0xFF, 0xFF,
    0xFF, 0xFF, 0xFF, 0xFF, 0x4F, 0x63, 0x06, 0x11, 0x06, 0x11, 0x06, 0x11, 0xEA, 0x39, 0xFF, 0xFF,
    0xFF, 0xFF, 0xFF, 0xFF, 0x06, 0x19, 0x06, 0x11, 0x06, 0x11, 0x06, 0x11, 0x6F, 0x6B, 0xFF, 0xFF,
    0xFF, 0xFF, 0xFF, 0xFF, 0xFF, 0xFF, 0x4F, 0x63, 0x06, 0x11, 0x06, 0x11, 0x06, 0x11, 0xEA, 0x39,
    0xFF, 0xFF, 0xFF, 0xFF, 0xFF, 0xFF, 0x06, 0x19, 0x06, 0x11, 0x06, 0x11, 0x06, 0x11, 0x7A, 0xCE,
    0xFF, 0xFF, 0xFF, 0xFF, 0xFF, 0xFF, 0x06, 0x19, 0x06, 0x11, 0x06, 0x11, 0x06, 0x11, 0x7A, 0xCE,
    0xFF, 0xFF, 0xFF, 0xFF, 0x2E, 0x63, 0x06, 0x11, 0x06, 0x11, 0x06, 0x11, 0x88, 0x29, 0x7D, 0xEF,
    0xFF, 0xFF, 0xFF, 0xFF, 0xFF, 0xFF, 0xFF, 0xFF, 0xFF, 0xFF, 0xFF, 0xFF, 0xFF, 0xFF, 0xFF, 0xFF,
    0xFF, 0xFF, 0xFF, 0xFF, 0xFF, 0xFF, 0xFF, 0xFF, 0xFF, 0xFF, 0xFF, 0xFF, 0xFF, 0xFF, 0xFF, 0xFF,
    0xFF, 0xFF, 0xDF, 0xFF, 0x27, 0x19, 0x06, 0x11, 0x06, 0x11, 0x06, 0x11, 0xDB, 0xD6, 0xFF, 0xFF,
    0xFF, 0xFF, 0xFF, 0xFF, 0xD0, 0x73, 0x06, 0x11, 0x06, 0x11, 0x06, 0x11, 0xD0, 0x73, 0xFF, 0xFF,
    0xFF, 0xFF, 0xFF, 0xFF, 0xFF, 0xFF, 0xFF, 0xFF, 0xFF, 0xFF, 0x06, 0x19, 0x06, 0x11, 0x06, 0x11,
    0x06, 0x11, 0x7A, 0xCE, 0xFF, 0xFF, 0xFF, 0xFF, 0xFF, 0xFF, 0x0E, 0x5B, 0x06, 0x11, 0x06, 0x11,
    0x06, 0x11, 0x2A, 0x3A, 0xFF, 0xFF, 0xFF, 0xFF, 0xFF, 0xFF, 0xFF, 0xFF, 0x97, 0xB5, 0x06, 0x11,
    0x06, 0x11, 0x06, 0x11, 0x06, 0x11, 0xDB, 0xD6, 0xFF, 0xFF, 0xFF, 0xFF, 0x06, 0x19, 0x06, 0x11,
    0x06, 0x11, 0x06, 0x11, 0xED, 0x5A, 0xFF, 0xFF, 0xFF, 0xFF, 0xFF, 0xFF, 0x1C, 0xDF, 0x06, 0x11,
    0x06, 0x11, 0x06, 0x11, 0x06, 0x11, 0xDB, 0xD6, 0xFF, 0xFF, 0xFF, 0xFF, 0xFF, 0xFF, 0xFF, 0xFF,
    0xFF, 0xFF, 0xFF, 0xFF, 0xFF, 0xFF, 0xFF, 0xFF, 0xFF, 0xFF, 0xFF, 0xFF, 0xFF, 0xFF, 0xFF, 0xFF,
    0xFF, 0xFF, 0xFF, 0xFF, 0xFF, 0xFF, 0xFF, 0xFF, 0xFF, 0xFF, 0xFF, 0xFF, 0xFF, 0xFF, 0xFF, 0xFF,
    0xFF, 0xFF, 0xFF, 0xFF, 0xFF, 0xFF, 0xFF, 0xFF, 0xFF, 0xFF, 0xFF, 0xFF, 0xFF, 0xFF, 0xFF, 0xFF,
    0xFF, 0xFF, 0xFF, 0xFF, 0xFF, 0xFF, 0xFF, 0xFF, 0xFF, 0xFF, 0xBB, 0xD6, 0x06, 0x11, 0x06, 0x11,
    0x06, 0x11, 0x06, 0x11, 0x76, 0xAD, 0xFF, 0xFF, 0xFF, 0xFF, 0xFF, 0xFF, 0x6B, 0x42, 0x06, 0x11,
    0x06, 0x11, 0x06, 0x11, 0xAC, 0x4A, 0xFF, 0xFF, 0xFF, 0xFF, 0xFF, 0xFF, 0xFF, 0xFF, 0x6B, 0x42,
    0x06, 0x11, 0x06, 0x11, 0x06, 0x11, 0xED, 0x5A, 0xFF, 0xFF, 0xFF, 0xFF, 0xFF, 0xFF, 0x0D, 0x5B,
    0x06, 0x11, 0x06, 0x11, 0x06, 0x11, 0x06, 0x11, 0x06, 0x11, 0x06, 0x11, 0x6F, 0x63, 0xFF, 0xFF,
    0xFF, 0xFF, 0xFF, 0xFF, 0x6B, 0x42, 0x06, 0x11, 0x06, 0x11, 0x06, 0x11, 0xED, 0x5A, 0xFF, 0xFF,
    0xFF, 0xFF, 0xFF, 0xFF, 0xFF, 0xFF, 0xFF, 0xFF, 0xFF, 0xFF, 0xFF, 0xFF, 0xFF, 0xFF, 0xFF, 0xFF,
    0xFF, 0xFF, 0xBE, 0xF7, 0x15, 0x9D, 0x0E, 0x5B, 0xE9, 0x31, 0x47, 0x21, 0x06, 0x19, 0x06, 0x11,
    0x06, 0x11, 0x06, 0x11, 0x06, 0x11, 0x06, 0x11, 0x06, 0x11, 0x19, 0xC6, 0xFF, 0xFF, 0xFF, 0xFF,
    0xFF, 0xFF, 0xC9, 0x31, 0x06, 0x11, 0x06, 0x11, 0x06, 0x11, 0xF1, 0x7B, 0xFF, 0xFF, 0xFF, 0xFF,
    0xFF, 0xFF, 0xFF, 0xFF, 0xFF, 0xFF, 0xFF, 0xFF, 0xFF, 0xFF, 0xFF, 0xFF, 0xFF, 0xFF, 0xC9, 0x31,
    0x06, 0x11, 0x06, 0x11, 0x06, 0x11, 0x06, 0x11, 0x06, 0x11, 0x06, 0x11, 0x06, 0x11, 0x06, 0x11,
    0x06, 0x11, 0x06, 0x11, 0x06, 0x11, 0x06, 0x11, 0x06, 0x11, 0xDF, 0xFF, 0xFF, 0xFF, 0xFF, 0xFF,
    0xFF, 0xFF, 0xFF, 0xFF, 0xFF, 0xFF, 0xFF, 0xFF, 0xFF, 0xFF, 0xFF, 0xFF, 0xFF, 0xFF, 0xFF, 0xFF,
    0x6B, 0x42, 0x06, 0x11, 0x06, 0x11, 0x06, 0x11, 0x06, 0x11, 0x06, 0x11, 0x06, 0x11, 0x06, 0x11,
    0x06, 0x11, 0x06, 0x11, 0x06, 0x11, 0xC9, 0x31, 0xFC, 0xDE, 0xFF, 0xFF, 0xFF, 0xFF, 0xFF, 0xFF,
    0xFF, 0xFF, 0xFF, 0xFF, 0xC9, 0x31, 0x06, 0x11, 0x06, 0x11, 0x06, 0x11, 0x06, 0x11, 0x06, 0x11,
    0x06, 0x11, 0x06, 0x11, 0x06, 0x11, 0x06, 0x11, 0x06, 0x11, 0x06, 0x11, 0x06, 0x11, 0x06, 0x11,
    0xDF, 0xFF, 0xFF, 0xFF, 0xC9, 0x31, 0x06, 0x11, 0x06, 0x11, 0x06, 0x11, 0xF1, 0x7B, 0xFF, 0xFF,
    0xFF, 0xFF, 0xFF, 0xFF, 0xFF, 0xFF, 0xFF, 0xFF, 0xFF, 0xFF, 0xFF, 0xFF, 0xFF, 0xFF, 0xFF, 0xFF,
    0xC9, 0x31, 0x06, 0x11, 0x06, 0x11, 0x06, 0x11, 0x52, 0x84, 0xFF, 0xFF, 0xFF, 0xFF, 0xFF, 0xFF,
    0xFF, 0xFF, 0xDF, 0xFF, 0x06, 0x19, 0x06, 0x11, 0x06, 0x11, 0x06, 0x11, 0x76, 0xAD, 0xFF, 0xFF,
    0xFF, 0xFF, 0x0A, 0x3A, 0x06, 0x11, 0x06, 0x11, 0x06, 0x11, 0x32, 0x84, 0xFF, 0xFF, 0xFF, 0xFF,
    0xFF, 0xFF, 0xFF, 0xFF, 0xDB, 0xDE, 0x06, 0x11, 0x06, 0x11, 0x06, 0x11, 0x06, 0x11, 0xDB, 0xD6,
    0xFF, 0xFF, 0xFF, 0xFF, 0xFF, 0xFF, 0x06, 0x19, 0x06, 0x11, 0x06, 0x11, 0x06, 0x11, 0x76, 0xAD,
    0xFF, 0xFF, 0xFF, 0xFF, 0xFF, 0xFF, 0xDF, 0xFF, 0x06, 0x11, 0x06, 0x11, 0x06, 0x11, 0x06, 0x11,
    0x7A, 0xCE, 0xFF, 0xFF, 0xFF, 0xFF, 0xFF, 0xFF, 0x06, 0x19, 0x06, 0x11, 0x06, 0x11, 0x06, 0x11,
    0x7A, 0xCE, 0xFF, 0xFF, 0xFF, 0xFF, 0xFF, 0xFF, 0xD0, 0x73, 0x06, 0x11, 0x06, 0x11, 0x06, 0x11,
    0xD0, 0x73, 0xFF, 0xFF, 0xFF, 0xFF, 0xFF, 0xFF, 0xFF, 0xFF, 0xFF, 0xFF, 0xFF, 0xFF, 0xFF, 0xFF,
    0x06, 0x19, 0x06, 0x11, 0x06, 0x11, 0x06, 0x11, 0x7A, 0xCE, 0xFF, 0xFF, 0xFF, 0xFF, 0xC9, 0x31,
    0x06, 0x11, 0x06, 0x11, 0x06, 0x11, 0x52, 0x84, 0xFF, 0xFF, 0xFF, 0xFF, 0xFF, 0xFF, 0xFF, 0xFF,
    0xDF, 0xFF, 0x06, 0x19, 0x06, 0x11, 0x06, 0x11, 0x06, 0x11, 0x76, 0xAD, 0xFF, 0xFF, 0xFF, 0xFF,
    0xFF, 0xFF, 0x06, 0x19, 0x06, 0x11, 0x06, 0x11, 0x06, 0x11, 0x76, 0xAD, 0xFF, 0xFF, 0xFF, 0xFF,
    0xFF, 0xFF, 0xDF, 0xFF, 0x06, 0x11, 0x06, 0x11, 0x06, 0x11, 0x06, 0x11, 0x7A, 0xCE, 0xFF, 0xFF,
    0xFF, 0xFF, 0xFF, 0xFF, 0xFF, 0xFF, 0xFF, 0xFF, 0xFF, 0xFF, 0xFF, 0xFF, 0xFF, 0xFF, 0xFF, 0xFF,
    0xFF, 0xFF, 0xFF, 0xFF, 0xBB, 0xD6, 0x06, 0x11, 0x06, 0x11, 0x06, 0x11, 0x06, 0x11, 0x76, 0xAD,
    0xFF, 0xFF, 0xFF, 0xFF, 0xFF, 0xFF, 0x6B, 0x42, 0x06, 0x11, 0x06, 0x11, 0x06, 0x11, 0xAC, 0x4A,
    0xFF, 0xFF, 0xFF, 0xFF, 0xFF, 0xFF, 0xFF, 0xFF, 0xFF, 0xFF, 0x06, 0x19, 0x06, 0x11, 0x06, 0x11,
    0x06, 0x11, 0xB7, 0xB5, 0xFF, 0xFF, 0xFF, 0xFF, 0xFF, 0xFF, 0xFF, 0xFF, 0x76, 0xAD, 0x06, 0x11,
    0x06, 0x11, 0x06, 0x11, 0x06, 0x11, 0xBF, 0xF7, 0xFF, 0xFF, 0xFF, 0xFF, 0x06, 0x19, 0x06, 0x11,
    0x06, 0x11, 0x06, 0x11, 0xB7, 0xB5, 0xFF, 0xFF, 0xFF, 0xFF, 0xFF, 0xFF, 0xFF, 0xFF, 0x76, 0xAD,
    0x06, 0x11, 0x06, 0x11, 0x06, 0x11, 0x06, 0x11, 0xBF, 0xF7, 0xFF, 0xFF, 0xFF, 0xFF, 0x06, 0x19,
    0x06, 0x11, 0x06, 0x11, 0x06, 0x11, 0x7A, 0xCE, 0xFF, 0xFF, 0xFF, 0xFF, 0xFF, 0xFF, 0x06, 0x19,
    0x06, 0x11, 0x06, 0x11, 0x06, 0x11, 0x7A, 0xCE, 0xFF, 0xFF, 0xFF, 0xFF, 0xC9, 0x31, 0x06, 0x11,
    0x06, 0x11, 0x06, 0x11, 0xF1, 0x7B, 0xFF, 0xFF, 0xFF, 0xFF, 0xFF, 0xFF, 0xFF, 0xFF, 0xFF, 0xFF,
    0xFF, 0xFF, 0xFF, 0xFF, 0xFF, 0xFF, 0xFF, 0xFF, 0xFF, 0xFF, 0xFF, 0xFF, 0xBE, 0xF7, 0x15, 0x9D,
    0x0E, 0x5B, 0xE9, 0x31, 0x47, 0x21, 0x06, 0x19, 0x06, 0x11, 0x06, 0x11, 0x06, 0x11, 0x06, 0x11,
    0x06, 0x11, 0x06, 0x11, 0x19, 0xC6, 0xFF, 0xFF, 0xFF, 0xFF, 0xFF, 0xFF, 0xD0, 0x73, 0x06, 0x11,
    0x06, 0x11, 0x06, 0x11, 0xD0, 0x73, 0xFF, 0xFF, 0xFF, 0xFF, 0xFF, 0xFF, 0xFF, 0xFF, 0xFF, 0xFF,
    0xFF, 0xFF, 0x06, 0x19, 0x06, 0x11, 0x06, 0x11, 0x06, 0x11, 0x7A, 0xCE, 0xFF, 0xFF, 0xFF, 0xFF,
    0xFF, 0xFF, 0xC9, 0x31, 0x06, 0x11, 0x06, 0x11, 0x06, 0x11, 0x52, 0x84, 0xFF, 0xFF, 0xFF, 0xFF,
    0xFF, 0xFF, 0xFF, 0xFF, 0xDF, 0xFF, 0x06, 0x19, 0x06, 0x11, 0x06, 0x11, 0x06, 0x11, 0x76, 0xAD,
    0xFF, 0xFF, 0xFF, 0xFF, 0x06, 0x19, 0x06, 0x11, 0x06, 0x11, 0x06, 0x11, 0x76, 0xAD, 0xFF, 0xFF,
    0xFF, 0xFF, 0xFF, 0xFF, 0xDF, 0xFF, 0x06, 0x11, 0x06, 0x11, 0x06, 0x11, 0x06, 0x11, 0x7A, 0xCE,
    0xFF, 0xFF, 0xFF, 0xFF, 0xFF, 0xFF, 0xFF, 0xFF, 0xFF, 0xFF, 0xFF, 0xFF, 0xFF, 0xFF, 0xFF, 0xFF,
    0xFF, 0xFF, 0xFF, 0xFF, 0xFF, 0xFF, 0xFF, 0xFF, 0xFF, 0xFF, 0xFF, 0xFF, 0xFF, 0xFF, 0xFF, 0xFF,
    0xFF, 0xFF, 0xFF, 0xFF, 0xFF, 0xFF, 0xFF, 0xFF, 0xFF, 0xFF, 0xFF, 0xFF, 0xFF, 0xFF, 0xFF, 0xFF,
    0xFF, 0xFF, 0xFF, 0xFF, 0xFF, 0xFF, 0xFF, 0xFF, 0xFF, 0xFF, 0xFF, 0xFF, 0xFF, 0xFF, 0xFF, 0xFF,
    0xFF, 0xFF, 0x32, 0x84, 0x06, 0x11, 0x06, 0x11, 0x06, 0x11, 0x06, 0x19, 0x9E, 0xF7, 0xFF, 0xFF,
    0xFF, 0xFF, 0xFF, 0xFF, 0xB3, 0x94, 0x06, 0x11, 0x06, 0x11, 0x06, 0x11, 0x06, 0x19, 0x3C, 0xE7,
    0xFF, 0xFF, 0xFF, 0xFF, 0xFF, 0xFF, 0x6B, 0x42, 0x06, 0x11, 0x06, 0x11, 0x06, 0x11, 0xED, 0x5A,
    0xFF, 0xFF, 0xFF, 0xFF, 0xFF, 0xFF, 0x0D, 0x5B, 0x06, 0x11, 0x06, 0x11, 0x06, 0x11, 0x06, 0x11,
    0x06, 0x11, 0x06, 0x11, 0x6F, 0x63, 0xFF, 0xFF, 0xFF, 0xFF, 0xFF, 0xFF, 0x6B, 0x42, 0x06, 0x11,
    0x06, 0x11, 0x06, 0x11, 0xED, 0x5A, 0xFF, 0xFF, 0xFF, 0xFF, 0xFF, 0xFF, 0xFF, 0xFF, 0xFF, 0xFF,
    0xFF, 0xFF, 0xFF, 0xFF, 0xFF, 0xFF, 0xFF, 0xFF, 0x3D, 0xE7, 0xEA, 0x39, 0x06, 0x11, 0x06, 0x11,
    0x06, 0x11, 0x06, 0x11, 0x06, 0x11, 0x06, 0x11, 0x06, 0x11, 0x06, 0x11, 0x06, 0x11, 0x06, 0x11,
    0x06, 0x11, 0xD8, 0xB5, 0xFF, 0xFF, 0xFF, 0xFF, 0xFF, 0xFF, 0x47, 0x21, 0x06, 0x11, 0x06, 0x11,
    0x06, 0x11, 0xD4, 0x94, 0xFF, 0xFF, 0xFF, 0xFF, 0xFF, 0xFF, 0xFF, 0xFF, 0xFF, 0xFF, 0xFF, 0xFF,
    0xFF, 0xFF, 0xFF, 0xFF, 0xFF, 0xFF, 0x47, 0x21, 0x06, 0x11, 0x06, 0x11, 0x06, 0x11, 0x06, 0x11,
    0x06, 0x11, 0x06, 0x11, 0x06, 0x11, 0x06, 0x11, 0x06, 0x11, 0x06, 0x11, 0x06, 0x11, 0x06, 0x11,
    0x06, 0x11, 0x3D, 0xE7, 0xFF, 0xFF, 0xFF, 0xFF, 0xFF, 0xFF, 0xFF, 0xFF, 0xFF, 0xFF, 0xFF, 0xFF,
    0xFF, 0xFF, 0xFF, 0xFF, 0xFF, 0xFF, 0xFF, 0xFF, 0x6B, 0x42, 0x06, 0x11, 0x06, 0x11, 0x06, 0x11,
    0xED, 0x5A, 0xFF, 0xFF, 0x9E, 0xF7, 0x35, 0xA5, 0x26, 0x19, 0x06, 0x11, 0x06, 0x11, 0x06, 0x11,
    0x4B, 0x42, 0xFF, 0xFF, 0xFF, 0xFF, 0xFF, 0xFF, 0xFF, 0xFF, 0xFF, 0xFF, 0x47, 0x21, 0x06, 0x11,
    0x06, 0x11, 0x06, 0x11, 0x06, 0x11, 0x06, 0x11, 0x06, 0x11, 0x06, 0x11, 0x06, 0x11, 0x06, 0x11,
    0x06, 0x11, 0x06, 0x11, 0x06, 0x11, 0x06, 0x11, 0x3D, 0xE7, 0xFF, 0xFF, 0x47, 0x21, 0x06, 0x11,
    0x06, 0x11, 0x06, 0x11, 0xD4, 0x94, 0xFF, 0xFF, 0xFF, 0xFF, 0xFF, 0xFF, 0xFF, 0xFF, 0xFF, 0xFF,
    0xFF, 0xFF, 0xFF, 0xFF, 0xFF, 0xFF, 0xFF, 0xFF, 0x47, 0x21, 0x06, 0x11, 0x06, 0x11, 0x06, 0x11,
    0xF4, 0x9C, 0xFF, 0xFF, 0xFF, 0xFF, 0xFF, 0xFF, 0xFF, 0xFF, 0xFF, 0xFF, 0x67, 0x21, 0x06, 0x11,
    0x06, 0x11, 0x06, 0x11, 0xF4, 0x9C, 0xFF, 0xFF, 0xFF, 0xFF, 0xA8, 0x29, 0x06, 0x11, 0x06, 0x11,
    0x06, 0x11, 0xD4, 0x94, 0xFF, 0xFF, 0xFF, 0xFF, 0xFF, 0xFF, 0xFF, 0xFF, 0x7D, 0xEF, 0x06, 0x11,
    0x06, 0x11, 0x06, 0x11, 0x06, 0x11, 0xDB, 0xD6, 0xFF, 0xFF, 0xFF, 0xFF, 0xFF, 0xFF, 0x06, 0x19,
    0x06, 0x11, 0x06, 0x11, 0x06, 0x11, 0x59, 0xC6, 0xFF, 0xFF, 0xFF, 0xFF, 0xFF, 0xFF, 0xFF, 0xFF,
    0x06, 0x11, 0x06, 0x11, 0x06, 0x11, 0x06, 0x11, 0x7A, 0xCE, 0xFF, 0xFF, 0xFF, 0xFF, 0xFF, 0xFF,
    0x06, 0x19, 0x06, 0x11, 0x06, 0x11, 0x06, 0x11, 0x7A, 0xCE, 0xFF, 0xFF, 0xFF, 0xFF, 0xFF, 0xFF,
    0xD0, 0x73, 0x06, 0x11, 0x06, 0x11, 0x06, 0x11, 0xD0, 0x73, 0xFF, 0xFF, 0xFF, 0xFF, 0xFF, 0xFF,
    0xFF, 0xFF, 0xFF, 0xFF, 0xFF, 0xFF, 0xFF, 0xFF, 0x06, 0x19, 0x06, 0x11, 0x06, 0x11, 0x06, 0x11,
    0x7A, 0xCE, 0xFF, 0xFF, 0xFF, 0xFF, 0x47, 0x21, 0x06, 0x11, 0x06, 0x11, 0x06, 0x11, 0xF4, 0x9C,
    0xFF, 0xFF, 0xFF, 0xFF, 0xFF, 0xFF, 0xFF, 0xFF, 0xFF, 0xFF, 0x67, 0x21, 0x06, 0x11, 0x06, 0x11,
    0x06, 0x11, 0xF4, 0x9C, 0xFF, 0xFF, 0xFF, 0xFF, 0xFF, 0xFF, 0x06, 0x19, 0x06, 0x11, 0x06, 0x11,
    0x06, 0x11, 0x59, 0xC6, 0xFF, 0xFF, 0xFF, 0xFF, 0xFF, 0xFF, 0xFF, 0xFF, 0x06, 0x11, 0x06, 0x11,
    0x06, 0x11, 0x06, 0x11, 0x7A, 0xCE, 0xFF, 0xFF, 0xFF, 0xFF, 0xFF, 0xFF, 0xFF, 0xFF, 0xFF, 0xFF,
    0xFF, 0xFF, 0xFF, 0xFF, 0xFF, 0xFF, 0xFF, 0xFF, 0xFF, 0xFF, 0xFF, 0xFF, 0x32, 0x84, 0x06, 0x11,
    0x06, 0x11, 0x06, 0x11, 0x06, 0x19, 0x9E, 0xF7, 0xFF, 0xFF, 0xFF, 0xFF, 0xFF, 0xFF, 0xB3, 0x94,
    0x06, 0x11, 0x06, 0x11, 0x06, 0x11, 0x06, 0x19, 0x3C, 0xE7, 0xFF, 0xFF, 0xFF, 0xFF, 0xFF, 0xFF,
    0xFF, 0xFF, 0x06, 0x19, 0x06, 0x11, 0x06, 0x11, 0x06, 0x11, 0x59, 0xC6, 0xFF, 0xFF, 0xFF, 0xFF,
    0xFF, 0xFF, 0xFF, 0xFF, 0x39, 0xC6, 0x06, 0x11, 0x06, 0x11, 0x06, 0x11, 0x06, 0x11, 0x5D, 0xEF,
    0xFF, 0xFF, 0xFF, 0xFF, 0x06, 0x19, 0x06, 0x11, 0x06, 0x11, 0x06, 0x11, 0x59, 0xC6, 0xFF, 0xFF,
    0xFF, 0xFF, 0xFF, 0xFF, 0xFF, 0xFF, 0x39, 0xC6, 0x06, 0x11, 0x06, 0x11, 0x06, 0x11, 0x06, 0x11,
    0x5D, 0xEF, 0xFF, 0xFF, 0xFF, 0xFF, 0x06, 0x19, 0x06, 0x11, 0x06, 0x11, 0x06, 0x11, 0x7A, 0xCE,
    0xFF, 0xFF, 0xFF, 0xFF, 0xFF, 0xFF, 0x06, 0x19, 0x06, 0x11, 0x06, 0x11, 0x06, 0x11, 0x7A, 0xCE,
    0xFF, 0xFF, 0xFF, 0xFF, 0x47, 0x21, 0x06, 0x11, 0x06, 0x11, 0x06, 0x11, 0xD4, 0x94, 0xFF, 0xFF,
    0xFF, 0xFF, 0xFF, 0xFF, 0xFF, 0xFF, 0xFF, 0xFF, 0xFF, 0xFF, 0xFF, 0xFF, 0xFF, 0xFF, 0xFF, 0xFF,
    0xFF, 0xFF, 0x3D, 0xE7, 0xEA, 0x39, 0x06, 0x11, 0x06, 0x11, 0x06, 0x11, 0x06, 0x11, 0x06, 0x11,
    0x06, 0x11, 0x06, 0x11, 0x06, 0x11, 0x06, 0x11, 0x06, 0x11, 0x06, 0x11, 0xD8, 0xB5, 0xFF, 0xFF,
    0xFF, 0xFF, 0xFF, 0xFF, 0xD0, 0x73, 0x06, 0x11, 0x06, 0x11, 0x06, 0x11, 0xD0, 0x73, 0xFF, 0xFF,
    0xFF, 0xFF, 0xFF, 0xFF, 0xFF, 0xFF, 0xFF, 0xFF, 0xFF, 0xFF, 0x06, 0x19, 0x06, 0x11, 0x06, 0x11,
    0x06, 0x11, 0x7A, 0xCE, 0xFF, 0xFF, 0xFF, 0xFF, 0xFF, 0xFF, 0x47, 0x21, 0x06, 0x11, 0x06, 0x11,
    0x06, 0x11, 0xF4, 0x9C, 0xFF, 0xFF, 0xFF, 0xFF, 0xFF, 0xFF, 0xFF, 0xFF, 0xFF, 0xFF, 0x67, 0x21,
    0x06, 0x11, 0x06, 0x11, 0x06, 0x11, 0xF4, 0x9C, 0xFF, 0xFF, 0xFF, 0xFF, 0x06, 0x19, 0x06, 0x11,
    0x06, 0x11, 0x06, 0x11, 0x59, 0xC6, 0xFF, 0xFF, 0xFF, 0xFF, 0xFF, 0xFF, 0xFF, 0xFF, 0x06, 0x11,
    0x06, 0x11, 0x06, 0x11, 0x06, 0x11, 0x7A, 0xCE, 0xFF, 0xFF, 0xFF, 0xFF, 0xFF, 0xFF, 0xFF, 0xFF,
    0xFF, 0xFF, 0xFF, 0xFF, 0xFF, 0xFF, 0xFF, 0xFF, 0xFF, 0xFF, 0xFF, 0xFF, 0xFF, 0xFF, 0xFF, 0xFF,
    0xFF, 0xFF, 0xFF, 0xFF, 0xFF, 0xFF, 0xFF, 0xFF, 0xFF, 0xFF, 0xFF, 0xFF, 0xFF, 0xFF, 0xFF, 0xFF,
    0xFF, 0xFF, 0xFF, 0xFF, 0xFF, 0xFF, 0xFF, 0xFF, 0xFF, 0xFF, 0xFF, 0xFF, 0xFF, 0xFF, 0xFF, 0xFF,
    0xFF, 0xFF, 0xFF, 0xFF, 0xFF, 0xFF, 0xFF, 0xFF, 0xFF, 0xFF, 0xC9, 0x31, 0x06, 0x11, 0x06, 0x11,
    0x06, 0x11, 0x06, 0x11, 0x06, 0x11, 0x06, 0x11, 0x06, 0x11, 0x06, 0x11, 0x06, 0x11, 0x06, 0x11,
    0x06, 0x11, 0x06, 0x11, 0x06, 0x11, 0xB3, 0x94, 0xFF, 0xFF, 0xFF, 0xFF, 0xFF, 0xFF, 0x6B, 0x42,
    0x06, 0x11, 0x06, 0x11, 0x06, 0x11, 0xED, 0x5A, 0xFF, 0xFF, 0xFF, 0xFF, 0xFF, 0xFF, 0xFF, 0xFF,
    0xFF, 0xFF, 0xFF, 0xFF, 0xFF, 0xFF, 0xFF, 0xFF, 0xFF, 0xFF, 0xFF, 0xFF, 0xFF, 0xFF, 0xFF, 0xFF,
    0xFF, 0xFF, 0xFF, 0xFF, 0x6B, 0x42, 0x06, 0x11, 0x06, 0x11, 0x06, 0x11, 0xED, 0x5A, 0xFF, 0xFF,
    0xFF, 0xFF, 0xFF, 0xFF, 0xFF, 0xFF, 0xFF, 0xFF, 0xFF, 0xFF, 0xFF, 0xFF, 0xFF, 0xFF, 0xFF, 0xFF,
    0x6F, 0x63, 0x06, 0x11, 0x06, 0x11, 0x06, 0x11, 0x06, 0x11, 0x06, 0x11, 0x06, 0x11, 0x06, 0x11,
    0x06, 0x11, 0x06, 0x11, 0x06, 0x11, 0x06, 0x11, 0x06, 0x11, 0xD7, 0xB5, 0xFF, 0xFF, 0xFF, 0xFF,
    0xFF, 0xFF, 0xC9, 0x31, 0x06, 0x11, 0x06, 0x11, 0x06, 0x11, 0xF1, 0x7B, 0xFF, 0xFF, 0xFF, 0xFF,
    0xFF, 0xFF, 0xFF, 0xFF, 0xFF, 0xFF, 0xFF, 0xFF, 0xFF, 0xFF, 0xFF, 0xFF, 0xFF, 0xFF, 0xC9, 0x31,
    0x06, 0x11, 0x06, 0x11, 0x06, 0x11, 0x06, 0x11, 0x06, 0x11, 0x06, 0x11, 0x06, 0x11, 0x06, 0x11,
    0x06, 0x11, 0x06, 0x11, 0x06, 0x11, 0x06, 0x11, 0x06, 0x11, 0x1C, 0xE7, 0xFF, 0xFF, 0xFF, 0xFF,
    0xFF, 0xFF, 0xFF, 0xFF, 0xFF, 0xFF, 0xFF, 0xFF, 0xFF, 0xFF, 0xFF, 0xFF, 0xFF, 0xFF, 0xFF, 0xFF,
    0x6B, 0x42, 0x06, 0x11, 0x06, 0x11, 0x06, 0x11, 0xED, 0x5A, 0xFF, 0xFF, 0xFF, 0xFF, 0xFF, 0xFF,
    0xD4, 0x94, 0x06, 0x11, 0x06, 0x11, 0x06, 0x11, 0x06, 0x11, 0x35, 0xA5, 0xFF, 0xFF, 0xFF, 0xFF,
    0xFF, 0xFF, 0xFF, 0xFF, 0xC9, 0x31, 0x06, 0x11, 0x06, 0x11, 0x06, 0x11, 0x06, 0x11, 0x06, 0x11,
    0x06, 0x11, 0x06, 0x11, 0x06, 0x11, 0x06, 0x11, 0x06, 0x11, 0x06, 0x11, 0x06, 0x11, 0x06, 0x11,
    0x1C, 0xE7, 0xFF, 0xFF, 0xC9, 0x31, 0x06, 0x11, 0x06, 0x11, 0x06, 0x11, 0xF1, 0x7B, 0xFF, 0xFF,
    0xFF, 0xFF, 0xFF, 0xFF, 0xFF, 0xFF, 0xFF, 0xFF, 0xFF, 0xFF, 0xFF, 0xFF, 0xFF, 0xFF, 0xFF, 0xFF,
    0xC9, 0x31, 0x06, 0x11, 0x06, 0x11, 0x06, 0x11, 0x52, 0x84, 0xFF, 0xFF, 0xFF, 0xFF, 0xFF, 0xFF,
    0xFF, 0xFF, 0xDF, 0xFF, 0x06, 0x19, 0x06, 0x11, 0x06, 0x11, 0x06, 0x11, 0x76, 0xAD, 0xFF, 0xFF,
    0xFF, 0xFF, 0x0A, 0x3A, 0x06, 0x11, 0x06, 0x11, 0x06, 0x11, 0x32, 0x84, 0xFF, 0xFF, 0xFF, 0xFF,
    0xFF, 0xFF, 0xFF, 0xFF, 0xDB, 0xDE, 0x06, 0x11, 0x06, 0x11, 0x06, 0x11, 0x06, 0x11, 0xDB, 0xD6,
    0xFF, 0xFF, 0xFF, 0xFF, 0xFF, 0xFF, 0x06, 0x19, 0x06, 0x11, 0x06, 0x11, 0x06, 0x11, 0x7A, 0xCE,
    0xFF, 0xFF, 0xFF, 0xFF, 0xFF, 0xFF, 0xFF, 0xFF, 0x06, 0x11, 0x06, 0x11, 0x06, 0x11, 0x06, 0x11,
    0x7A, 0xCE, 0xFF, 0xFF, 0xFF, 0xFF, 0xFF, 0xFF, 0x06, 0x19, 0x06, 0x11, 0x06, 0x11, 0x06, 0x11,
    0x7A, 0xCE, 0xFF, 0xFF, 0xFF, 0xFF, 0xFF, 0xFF, 0xD0, 0x73, 0x06, 0x11, 0x06, 0x11, 0x06, 0x11,
    0xD0, 0x73, 0xFF, 0xFF, 0xFF, 0xFF, 0xFF, 0xFF, 0xFF, 0xFF, 0xFF, 0xFF, 0xFF, 0xFF, 0xFF, 0xFF,
    0x06, 0x19, 0x06, 0x11, 0x06, 0x11, 0x06, 0x11, 0x7A, 0xCE, 0xFF, 0xFF, 0xFF, 0xFF, 0xC9, 0x31,
    0x06, 0x11, 0x06, 0x11, 0x06, 0x11, 0x52, 0x84, 0xFF, 0xFF, 0xFF, 0xFF, 0xFF, 0xFF, 0xFF, 0xFF,
    0xDF, 0xFF, 0x06, 0x19, 0x06, 0x11, 0x06, 0x11, 0x06, 0x11, 0x76, 0xAD, 0xFF, 0xFF, 0xFF, 0xFF,
    0xFF, 0xFF, 0x06, 0x19, 0x06, 0x11, 0x06, 0x11, 0x06, 0x11, 0x7A, 0xCE, 0xFF, 0xFF, 0xFF, 0xFF,
    0xFF, 0xFF, 0xFF, 0xFF, 0x06, 0x11, 0x06, 0x11, 0x06, 0x11, 0x06, 0x11, 0x7A, 0xCE, 0xFF, 0xFF,
    0xFF, 0xFF, 0xFF, 0xFF, 0xFF, 0xFF, 0xFF, 0xFF, 0xFF, 0xFF, 0xFF, 0xFF, 0xFF, 0xFF, 0xFF, 0xFF,
    0xFF, 0xFF, 0xFF, 0xFF, 0xC9, 0x31, 0x06, 0x11, 0x06, 0x11, 0x06, 0x11, 0x06, 0x11, 0x06, 0x11,
    0x06, 0x11, 0x06, 0x11, 0x06, 0x11, 0x06, 0x11, 0x06, 0x11, 0x06, 0x11, 0x06, 0x11, 0x06, 0x11,
    0xB3, 0x94, 0xFF, 0xFF, 0xFF, 0xFF, 0xFF, 0xFF, 0xFF, 0xFF, 0x06, 0x19, 0x06, 0x11, 0x06, 0x11,
    0x06, 0x11, 0xB7, 0xB5, 0xFF, 0xFF, 0xFF, 0xFF, 0xFF, 0xFF, 0xFF, 0xFF, 0x76, 0xAD, 0x06, 0x11,
    0x06, 0x11, 0x06, 0x11, 0x06, 0x11, 0xBF, 0xF7, 0xFF, 0xFF, 0xFF, 0xFF, 0x06, 0x19, 0x06, 0x11,
    0x06, 0x11, 0x06, 0x11, 0xB7, 0xB5, 0xFF, 0xFF, 0xFF, 0xFF, 0xFF, 0xFF, 0xFF, 0xFF, 0x76, 0xAD,
    0x06, 0x11, 0x06, 0x11, 0x06, 0x11, 0x06, 0x11, 0xBF, 0xF7, 0xFF, 0xFF, 0xFF, 0xFF, 0x06, 0x19,
    0x06, 0x11, 0x06, 0x11, 0x06, 0x11, 0x7A, 0xCE, 0xFF, 0xFF, 0xFF, 0xFF, 0xFF, 0xFF, 0x06, 0x19,
    0x06, 0x11, 0x06, 0x11, 0x06, 0x11, 0x7A, 0xCE, 0xFF, 0xFF, 0xFF, 0xFF, 0xC9, 0x31, 0x06, 0x11,
    0x06, 0x11, 0x06, 0x11, 0xF1, 0x7B, 0xFF, 0xFF, 0xFF, 0xFF, 0xFF, 0xFF, 0xFF, 0xFF, 0xFF, 0xFF,
    0xFF, 0xFF, 0xFF, 0xFF, 0xFF, 0xFF, 0xFF, 0xFF, 0xFF, 0xFF, 0x6F, 0x63, 0x06, 0x11, 0x06, 0x11,
    0x06, 0x11, 0x06, 0x11, 0x06, 0x11, 0x06, 0x11, 0x06, 0x11, 0x06, 0x11, 0x06, 0x11, 0x06, 0x11,
    0x06, 0x11, 0x06, 0x11, 0xD7, 0xB5, 0xFF, 0xFF, 0xFF, 0xFF, 0xFF, 0xFF, 0xD0, 0x73, 0x06, 0x11,
    0x06, 0x11, 0x06, 0x11, 0xD0, 0x73, 0xFF, 0xFF, 0xFF, 0xFF, 0xFF, 0xFF, 0xFF, 0xFF, 0xFF, 0xFF,
    0xFF, 0xFF, 0x06, 0x19, 0x06, 0x11, 0x06, 0x11, 0x06, 0x11, 0x7A, 0xCE, 0xFF, 0xFF, 0xFF, 0xFF,
    0xFF, 0xFF, 0xC9, 0x31, 0x06, 0x11, 0x06, 0x11, 0x06, 0x11, 0x52, 0x84, 0xFF, 0xFF, 0xFF, 0xFF,
    0xFF, 0xFF, 0xFF, 0xFF, 0xDF, 0xFF, 0x06, 0x19, 0x06, 0x11, 0x06, 0x11, 0x06, 0x11, 0x76, 0xAD,
    0xFF, 0xFF, 0xFF, 0xFF, 0x06, 0x19, 0x06, 0x11, 0x06, 0x11, 0x06, 0x11, 0x7A, 0xCE, 0xFF, 0xFF,
    0xFF, 0xFF, 0xFF, 0xFF, 0xFF, 0xFF, 0x06, 0x11, 0x06, 0x11, 0x06, 0x11, 0x06, 0x11, 0x7A, 0xCE,
    0xFF, 0xFF, 0xFF, 0xFF, 0xFF, 0xFF, 0xFF, 0xFF, 0xFF, 0xFF, 0xFF, 0xFF, 0xFF, 0xFF, 0xFF, 0xFF,
    0xFF, 0xFF, 0xFF, 0xFF, 0xFF, 0xFF, 0xFF, 0xFF, 0xFF, 0xFF, 0xFF, 0xFF, 0xFF, 0xFF, 0xFF, 0xFF,
    0xFF, 0xFF, 0xFF, 0xFF, 0xFF, 0xFF, 0xFF, 0xFF, 0xFF, 0xFF, 0xFF, 0xFF, 0xFF, 0xFF, 0xFF, 0xFF,
    0xFF, 0xFF, 0xFF, 0xFF, 0xFF, 0xFF, 0xFF, 0xFF, 0xFF, 0xFF, 0xFF, 0xFF, 0xFF, 0xFF, 0xFF, 0xFF,
    0x39, 0xC6, 0x06, 0x11, 0x06, 0x11, 0x06, 0x11, 0x06, 0x11, 0x06, 0x11, 0x06, 0x11, 0x06, 0x11,
    0x06, 0x11, 0x06, 0x11, 0x06, 0x11, 0x06, 0x11, 0x06, 0x11, 0x06, 0x11, 0x06, 0x11, 0x2A, 0x3A,
    0xFF, 0xFF, 0xFF, 0xFF, 0xFF, 0xFF, 0x6B, 0x42, 0x06, 0x11, 0x06, 0x11, 0x06, 0x11, 0xED, 0x5A,
    0xFF, 0xFF, 0xFF, 0xFF, 0xFF, 0xFF, 0xFF, 0xFF, 0xFF, 0xFF, 0xFF, 0xFF, 0xFF, 0xFF, 0xFF, 0xFF,
    0xFF, 0xFF, 0xFF, 0xFF, 0xFF, 0xFF, 0xFF, 0xFF, 0xFF, 0xFF, 0xFF, 0xFF, 0x6B, 0x42, 0x06, 0x11,
    0x06, 0x11, 0x06, 0x11, 0xED, 0x5A, 0xFF, 0xFF, 0xFF, 0xFF, 0xFF, 0xFF, 0xFF, 0xFF, 0xFF, 0xFF,
    0xFF, 0xFF, 0xFF, 0xFF, 0xFF, 0xFF, 0xFF, 0xFF, 0x88, 0x29, 0x06, 0x11, 0x06, 0x11, 0x06, 0x11,
    0xB0, 0x6B, 0x1C, 0xE7, 0xDF, 0xFF, 0xFF, 0xFF, 0xDF, 0xFF, 0x27, 0x19, 0x06, 0x11, 0x06, 0x11,
    0x06, 0x11, 0xD7, 0xB5, 0xFF, 0xFF, 0xFF, 0xFF, 0xFF, 0xFF, 0x2E, 0x63, 0x06, 0x11, 0x06, 0x11,
    0x06, 0x11, 0x88, 0x29, 0x7D, 0xEF, 0xFF, 0xFF, 0xFF, 0xFF, 0xFF, 0xFF, 0xFF, 0xFF, 0xFF, 0xFF,
    0xFF, 0xFF, 0xFF, 0xFF, 0xFF, 0xFF, 0x2E, 0x5B, 0x06, 0x11, 0x06, 0x11, 0x06, 0x11, 0x72, 0x8C,
    0xFF, 0xFF, 0xFF, 0xFF, 0xFF, 0xFF, 0xFF, 0xFF, 0xFF, 0xFF, 0xFF, 0xFF, 0xFF, 0xFF, 0xFF, 0xFF,
    0xFF, 0xFF, 0xFF, 0xFF, 0xFF, 0xFF, 0xFF, 0xFF, 0xFF, 0xFF, 0xFF, 0xFF, 0xFF, 0xFF, 0xFF, 0xFF,
    0xFF, 0xFF, 0xFF, 0xFF, 0xFF, 0xFF, 0xFF, 0xFF, 0x6B, 0x42, 0x06, 0x11, 0x06, 0x11, 0x06, 0x11,
    0xED, 0x5A, 0xFF, 0xFF, 0xFF, 0xFF, 0xFF, 0xFF, 0xDF, 0xFF, 0xC9, 0x31, 0x06, 0x11, 0x06, 0x11,
    0x06, 0x11, 0xC9, 0x31, 0xFF, 0xFF, 0xFF, 0xFF, 0xFF, 0xFF, 0xFF, 0xFF, 0x2E, 0x5B, 0x06, 0x11,
    0x06, 0x11, 0x06, 0x11, 0x72, 0x8C, 0xFF, 0xFF, 0xFF, 0xFF, 0xFF, 0xFF, 0xFF, 0xFF, 0xFF, 0xFF,
    0xFF, 0xFF, 0xFF, 0xFF, 0xFF, 0xFF, 0xFF, 0xFF, 0xFF, 0xFF, 0xFF, 0xFF, 0x2E, 0x63, 0x06, 0x11,
    0x06, 0x11, 0x06, 0x11, 0x88, 0x29, 0x7D, 0xEF, 0xFF, 0xFF, 0xFF, 0xFF, 0xFF, 0xFF, 0xFF, 0xFF,
    0xFF, 0xFF, 0xFF, 0xFF, 0xFF, 0xFF, 0xFF, 0xFF, 0x0E, 0x5B, 0x06, 0x11, 0x06, 0x11, 0x06, 0x11,
    0x2A, 0x3A, 0xFF, 0xFF, 0xFF, 0xFF, 0xFF, 0xFF, 0xFF, 0xFF, 0xB7, 0xB5, 0x06, 0x11, 0x06, 0x11,
    0x06, 0x11, 0x06, 0x11, 0xDB, 0xD6, 0xFF, 0xFF, 0xFF, 0xFF, 0x4E, 0x63, 0x06, 0x11, 0x06, 0x11,
    0x06, 0x11, 0x2A, 0x3A, 0xFF, 0xFF, 0xFF, 0xFF, 0xFF, 0xFF, 0xFF, 0xFF, 0x93, 0x8C, 0x06, 0x11,
    0x06, 0x11, 0x06, 0x11, 0x06, 0x11, 0xDB, 0xD6, 0xFF, 0xFF, 0xFF, 0xFF, 0xFF, 0xFF, 0x06, 0x19,
    0x06, 0x11, 0x06, 0x11, 0x06, 0x11, 0x7A, 0xCE, 0xFF, 0xFF, 0xFF, 0xFF, 0xFF, 0xFF, 0xFF, 0xFF,
    0x06, 0x11, 0x06, 0x11, 0x06, 0x11, 0x06, 0x11, 0x7A, 0xCE, 0xFF, 0xFF, 0xFF, 0xFF, 0xFF, 0xFF,
    0x06, 0x19, 0x06, 0x11, 0x06, 0x11, 0x06, 0x11, 0x7A, 0xCE, 0xFF, 0xFF, 0xFF, 0xFF, 0xFF, 0xFF,
    0xF0, 0x73, 0x06, 0x11, 0x06, 0x11, 0x06, 0x11, 0xB0, 0x73, 0xFF, 0xFF, 0xFF, 0xFF, 0xFF, 0xFF,
    0xFF, 0xFF, 0xFF, 0xFF, 0xFF, 0xFF, 0xFF, 0xFF, 0x06, 0x19, 0x06, 0x11, 0x06, 0x11, 0x06, 0x11,
    0x7A, 0xCE, 0xFF, 0xFF, 0xFF, 0xFF, 0x0E, 0x5B, 0x06, 0x11, 0x06, 0x11, 0x06, 0x11, 0x2A, 0x3A,
    0xFF, 0xFF, 0xFF, 0xFF, 0xFF, 0xFF, 0xFF, 0xFF, 0xB7, 0xB5, 0x06, 0x11, 0x06, 0x11, 0x06, 0x11,
    0x06, 0x11, 0xDB, 0xD6, 0xFF, 0xFF, 0xFF, 0xFF, 0xFF, 0xFF, 0x06, 0x19, 0x06, 0x11, 0x06, 0x11,
    0x06, 0x11, 0x7A, 0xCE, 0xFF, 0xFF, 0xFF, 0xFF, 0xFF, 0xFF, 0xFF, 0xFF, 0x06, 0x11, 0x06, 0x11,
    0x06, 0x11, 0x06, 0x11, 0x7A, 0xCE, 0xFF, 0xFF, 0xFF, 0xFF, 0xFF, 0xFF, 0xFF, 0xFF, 0xFF, 0xFF,
    0xFF, 0xFF, 0xFF, 0xFF, 0xFF, 0xFF, 0xFF, 0xFF, 0xFF, 0xFF, 0x39, 0xC6, 0x06, 0x11, 0x06, 0x11,
    0x06, 0x11, 0x06, 0x11, 0x06, 0x11, 0x06, 0x11, 0x06, 0x11, 0x06, 0x11, 0x06, 0x11, 0x06, 0x11,
    0x06, 0x11, 0x06, 0x11, 0x06, 0x11, 0x06, 0x11, 0x2A, 0x3A, 0xFF, 0xFF, 0xFF, 0xFF, 0xFF, 0xFF,
    0xFF, 0xFF, 0x06, 0x19, 0x06, 0x11, 0x06, 0x11, 0x06, 0x11, 0x8F, 0x6B, 0xFF, 0xFF, 0xFF, 0xFF,
    0xFF, 0xFF, 0xFF, 0xFF, 0x6F, 0x63, 0x06, 0x11, 0x06, 0x11, 0x06, 0x11, 0xE9, 0x31, 0xFF, 0xFF,
    0xFF, 0xFF, 0xFF, 0xFF, 0x06, 0x19, 0x06, 0x11, 0x06, 0x11, 0x06, 0x11, 0x8F, 0x6B, 0xFF, 0xFF,
    0xFF, 0xFF, 0xFF, 0xFF, 0xFF, 0xFF, 0x6F, 0x63, 0x06, 0x11, 0x06, 0x11, 0x06, 0x11, 0xE9, 0x31,
    0xFF, 0xFF, 0xFF, 0xFF, 0xFF, 0xFF, 0x06, 0x19, 0x06, 0x11, 0x06, 0x11, 0x06, 0x11, 0x7A, 0xCE,
    0xFF, 0xFF, 0xFF, 0xFF, 0xFF, 0xFF, 0x06, 0x19, 0x06, 0x11, 0x06, 0x11, 0x06, 0x11, 0x7A, 0xCE,
    0xFF, 0xFF, 0xFF, 0xFF, 0x2E, 0x63, 0x06, 0x11, 0x06, 0x11, 0x06, 0x11, 0x88, 0x29, 0x7D, 0xEF,
    0xFF, 0xFF, 0xFF, 0xFF, 0xFF, 0xFF, 0xFF, 0xFF, 0xFF, 0xFF, 0xFF, 0xFF, 0xFF, 0xFF, 0xFF, 0xFF,
    0xFF, 0xFF, 0x88, 0x29, 0x06, 0x11, 0x06, 0x11, 0x06, 0x11, 0xB0, 0x6B, 0x1C, 0xE7, 0xDF, 0xFF,
    0xFF, 0xFF, 0xDF, 0xFF, 0x27, 0x19, 0x06, 0x11, 0x06, 0x11, 0x06, 0x11, 0xD7, 0xB5, 0xFF, 0xFF,
    0xFF, 0xFF, 0xFF, 0xFF, 0xF0, 0x73, 0x06, 0x11, 0x06, 0x11, 0x06, 0x11, 0xB0, 0x73, 0xFF, 0xFF,
    0xFF, 0xFF, 0xFF, 0xFF, 0xFF, 0xFF, 0xFF, 0xFF, 0xFF, 0xFF, 0x06, 0x19, 0x06, 0x11, 0x06, 0x11,
    0x06, 0x11, 0x7A, 0xCE, 0xFF, 0xFF, 0xFF, 0xFF, 0xFF, 0xFF, 0x0E, 0x5B, 0x06, 0x11, 0x06, 0x11,
    0x06, 0x11, 0x2A, 0x3A, 0xFF, 0xFF, 0xFF, 0xFF, 0xFF, 0xFF, 0xFF, 0xFF, 0xB7, 0xB5, 0x06, 0x11,
    0x06, 0x11, 0x06, 0x11, 0x06, 0x11, 0xDB, 0xD6, 0xFF, 0xFF, 0xFF, 0xFF, 0x06, 0x19, 0x06, 0x11,
    0x06, 0x11, 0x06, 0x11, 0x7A, 0xCE, 0xFF, 0xFF, 0xFF, 0xFF, 0xFF, 0xFF, 0xFF, 0xFF, 0x06, 0x11,
    0x06, 0x11, 0x06, 0x11, 0x06, 0x11, 0x7A, 0xCE, 0xFF, 0xFF, 0xFF, 0xFF, 0xFF, 0xFF, 0xFF, 0xFF,
    0xFF, 0xFF, 0xFF, 0xFF, 0xFF, 0xFF, 0xFF, 0xFF, 0xFF, 0xFF, 0xFF, 0xFF, 0xFF, 0xFF, 0xFF, 0xFF,
    0xFF, 0xFF, 0xFF, 0xFF, 0xFF, 0xFF, 0xFF, 0xFF, 0xFF, 0xFF, 0xFF, 0xFF, 0xFF, 0xFF, 0xFF, 0xFF,
    0xFF, 0xFF, 0xFF, 0xFF, 0xFF, 0xFF, 0xFF, 0xFF, 0xFF, 0xFF, 0xFF, 0xFF, 0xFF, 0xFF, 0xFF, 0xFF,
    0xFF, 0xFF, 0xFF, 0xFF, 0xFF, 0xFF, 0xFF, 0xFF, 0xB0, 0x6B, 0x06, 0x11, 0x06, 0x11, 0x06, 0x11,
    0x06, 0x11, 0x06, 0x11, 0x06, 0x11, 0x06, 0x11, 0x06, 0x11, 0x06, 0x11, 0x06, 0x11, 0x06, 0x11,
    0x06, 0x11, 0x06, 0x11, 0x06, 0x11, 0x06, 0x11, 0xBB, 0xD6, 0xFF, 0xFF, 0xFF, 0xFF, 0x6B, 0x42,
    0x06, 0x11, 0x06, 0x11, 0x06, 0x11, 0xED, 0x5A, 0xFF, 0xFF, 0xFF, 0xFF, 0xFF, 0xFF, 0xFF, 0xFF,
    0xFF, 0xFF, 0xFF, 0xFF, 0xFF, 0xFF, 0xFF, 0xFF, 0xFF, 0xFF, 0xFF, 0xFF, 0xFF, 0xFF, 0xFF, 0xFF,
    0xFF, 0xFF, 0xFF, 0xFF, 0x6B, 0x42, 0x06, 0x11, 0x06, 0x11, 0x06, 0x11, 0xED, 0x5A, 0xFF, 0xFF,
    0xFF, 0xFF, 0xFF, 0xFF, 0xFF, 0xFF, 0xFF, 0xFF, 0xFF, 0xFF, 0xFF, 0xFF, 0xFF, 0xFF, 0xFF, 0xFF,
    0x88, 0x21, 0x06, 0x11, 0x06, 0x11, 0x06, 0x11, 0xF1, 0x7B, 0x7E, 0xEF, 0xDF, 0xFF, 0xBB, 0xD6,
    0x0D, 0x5B, 0x06, 0x11, 0x06, 0x11, 0x06, 0x11, 0x06, 0x11, 0xD7, 0xB5, 0xFF, 0xFF, 0xFF, 0xFF,
    0xFF, 0xFF, 0xD8, 0xB5, 0x06, 0x11, 0x06, 0x11, 0x06, 0x11, 0x06, 0x11, 0x2A, 0x3A, 0xD8, 0xBD,
    0x5D, 0xEF, 0xBE, 0xF7, 0xBB, 0xD6, 0x93, 0x8C, 0x32, 0x84, 0xFF, 0xFF, 0xFF, 0xFF, 0xB7, 0xB5,
    0x06, 0x11, 0x06, 0x11, 0x06, 0x11, 0x06, 0x19, 0x93, 0x8C, 0xFC, 0xDE, 0xBF, 0xF7, 0xBE, 0xF7,
    0x1C, 0xDF, 0x59, 0xC6, 0xB3, 0x94, 0xCD, 0x52, 0xB4, 0x94, 0xFF, 0xFF, 0xFF, 0xFF, 0xFF, 0xFF,
    0xFF, 0xFF, 0xFF, 0xFF, 0xFF, 0xFF, 0xFF, 0xFF, 0xFF, 0xFF, 0xFF, 0xFF, 0xFF, 0xFF, 0xFF, 0xFF,
    0x6B, 0x42, 0x06, 0x11, 0x06, 0x11, 0x06, 0x11, 0xED, 0x5A, 0xFF, 0xFF, 0xFF, 0xFF, 0xFF, 0xFF,
    0xFF, 0xFF, 0xF4, 0x9C, 0x06, 0x11, 0x06, 0x11, 0x06, 0x11, 0x06, 0x11, 0x76, 0xAD, 0xFF, 0xFF,
    0xFF, 0xFF, 0xFF, 0xFF, 0xB7, 0xB5, 0x06, 0x11, 0x06, 0x11, 0x06, 0x11, 0x06, 0x19, 0x93, 0x8C,
    0xFC, 0xDE, 0xBF, 0xF7, 0xBE, 0xF7, 0x1C, 0xDF, 0x59, 0xC6, 0xB3, 0x94, 0xCD, 0x52, 0xB4, 0x94,
    0xFF, 0xFF, 0xFF, 0xFF, 0xD8, 0xB5, 0x06, 0x11, 0x06, 0x11, 0x06, 0x11, 0x06, 0x11, 0x2A, 0x3A,
    0xD8, 0xBD, 0x5D, 0xEF, 0xBE, 0xF7, 0xBB, 0xD6, 0x93, 0x8C, 0x32, 0x84, 0xFF, 0xFF, 0xFF, 0xFF,
    0xB7, 0xB5, 0x06, 0x11, 0x06, 0x11, 0x06, 0x11, 0x06, 0x11, 0x8F, 0x6B, 0x1C, 0xDF, 0x9E, 0xF7,
    0xF8, 0xBD, 0xA8, 0x29, 0x06, 0x11, 0x06, 0x11, 0x06, 0x11, 0x4B, 0x42, 0xFF, 0xFF, 0xFF, 0xFF,
    0xFF, 0xFF, 0x97, 0xAD, 0x06, 0x11, 0x06, 0x11, 0x06, 0x11, 0x06, 0x11, 0xB0, 0x73, 0x1C, 0xE7,
    0x9E, 0xF7, 0x56, 0xAD, 0x47, 0x21, 0x06, 0x11, 0x06, 0x11, 0x06, 0x11, 0x06, 0x11, 0xDB, 0xD6,
    0xFF, 0xFF, 0xFF, 0xFF, 0xFF, 0xFF, 0x06, 0x19, 0x06, 0x11, 0x06, 0x11, 0x06, 0x11, 0x7A, 0xCE,
    0xFF, 0xFF, 0xFF, 0xFF, 0xFF, 0xFF, 0xFF, 0xFF, 0x06, 0x11, 0x06, 0x11, 0x06, 0x11, 0x06, 0x11,
    0x7A, 0xCE, 0xFF, 0xFF, 0xFF, 0xFF, 0xFF, 0xFF, 0x06, 0x19, 0x06, 0x11, 0x06, 0x11, 0x06, 0x11,
    0x7A, 0xCE, 0xFF, 0xFF, 0xFF, 0xFF, 0xFF, 0xFF, 0x52, 0x84, 0x06, 0x11, 0x06, 0x11, 0x06, 0x11,
    0x0A, 0x3A, 0x3C, 0xE7, 0xFF, 0xFF, 0xFF, 0xFF, 0xFF, 0xFF, 0xFF, 0xFF, 0xFF, 0xFF, 0xFF, 0xFF,
    0x06, 0x19, 0x06, 0x11, 0x06, 0x11, 0x06, 0x11, 0x7A, 0xCE, 0xFF, 0xFF, 0xFF, 0xFF, 0xB7, 0xB5,
    0x06, 0x11, 0x06, 0x11, 0x06, 0x11, 0x06, 0x11, 0x8F, 0x6B, 0x1C, 0xDF, 0x9E, 0xF7, 0xF8, 0xBD,
    0xA8, 0x29, 0x06, 0x11, 0x06, 0x11, 0x06, 0x11, 0x4B, 0x42, 0xFF, 0xFF, 0xFF, 0xFF, 0xFF, 0xFF,
    0xFF, 0xFF, 0x06, 0x19, 0x06, 0x11, 0x06, 0x11, 0x06, 0x11, 0x7A, 0xCE, 0xFF, 0xFF, 0xFF, 0xFF,
    0xFF, 0xFF, 0xFF, 0xFF, 0x06, 0x11, 0x06, 0x11, 0x06, 0x11, 0x06, 0x11, 0x7A, 0xCE, 0xFF, 0xFF,
    0xFF, 0xFF, 0xFF, 0xFF, 0xFF, 0xFF, 0xFF, 0xFF, 0xFF, 0xFF, 0xFF, 0xFF, 0xFF, 0xFF, 0xFF, 0xFF,
    0xFF, 0xFF, 0xB0, 0x6B, 0x06, 0x11, 0x06, 0x11, 0x06, 0x11, 0x06, 0x11, 0x06, 0x11, 0x06, 0x11,
    0x06, 0x11, 0x06, 0x11, 0x06, 0x11, 0x06, 0x11, 0x06, 0x11, 0x06, 0x11, 0x06, 0x11, 0x06, 0x11,
    0x06, 0x11, 0xBB, 0xD6, 0xFF, 0xFF, 0xFF, 0xFF, 0xFF, 0xFF, 0x06, 0x19, 0x06, 0x11, 0x06, 0x11,
    0x06, 0x11, 0x06, 0x19, 0xB3, 0x94, 0x5D, 0xEF, 0x5D, 0xEF, 0xB3, 0x94, 0x06, 0x19, 0x06, 0x11,
    0x06, 0x11, 0x06, 0x11, 0x32, 0x84, 0xFF, 0xFF, 0xFF, 0xFF, 0xFF, 0xFF, 0x06, 0x19, 0x06, 0x11,
    0x06, 0x11, 0x06, 0x11, 0x06, 0x19, 0xB3, 0x94, 0x5D, 0xEF, 0x5D, 0xEF, 0xB3, 0x94, 0x06, 0x19,
    0x06, 0x11, 0x06, 0x11, 0x06, 0x11, 0x32, 0x84, 0xFF, 0xFF, 0xFF, 0xFF, 0xFF, 0xFF, 0x06, 0x19,
    0x06, 0x11, 0x06, 0x11, 0x06, 0x11, 0x7A, 0xCE, 0xFF, 0xFF, 0xFF, 0xFF, 0xFF, 0xFF, 0x06, 0x19,
    0x06, 0x11, 0x06, 0x11, 0x06, 0x11, 0x7A, 0xCE, 0xFF, 0xFF, 0xFF, 0xFF, 0xD8, 0xB5, 0x06, 0x11,
    0x06, 0x11, 0x06, 0x11, 0x06, 0x11, 0x2A, 0x3A, 0xD8, 0xBD, 0x5D, 0xEF, 0xBE, 0xF7, 0xBB, 0xD6,
    0x93, 0x8C, 0x32, 0x84, 0xFF, 0xFF, 0xFF, 0xFF, 0xFF, 0xFF, 0x88, 0x21, 0x06, 0x11, 0x06, 0x11,
    0x06, 0x11, 0xF1, 0x7B, 0x7E, 0xEF, 0xDF, 0xFF, 0xBB, 0xD6, 0x0D, 0x5B, 0x06, 0x11, 0x06, 0x11,
    0x06, 0x11, 0x06, 0x11, 0xD7, 0xB5, 0xFF, 0xFF, 0xFF, 0xFF, 0xFF, 0xFF, 0x52, 0x84, 0x06, 0x11,
    0x06, 0x11, 0x06, 0x11, 0x0A, 0x3A, 0x3C, 0xE7, 0xFF, 0xFF, 0xFF, 0xFF, 0xFF, 0xFF, 0xFF, 0xFF,
    0xFF, 0xFF, 0x06, 0x19, 0x06, 0x11, 0x06, 0x11, 0x06, 0x11, 0x7A, 0xCE, 0xFF, 0xFF, 0xFF, 0xFF,
    0xFF, 0xFF, 0xB7, 0xB5, 0x06, 0x11, 0x06, 0x11, 0x06, 0x11, 0x06, 0x11, 0x8F, 0x6B, 0x1C, 0xDF,
    0x9E, 0xF7, 0xF8, 0xBD, 0xA8, 0x29, 0x06, 0x11, 0x06, 0x11, 0x06, 0x11, 0x4B, 0x42, 0xFF, 0xFF,
    0xFF, 0xFF, 0xFF, 0xFF, 0x06, 0x19, 0x06, 0x11, 0x06, 0x11, 0x06, 0x11, 0x7A, 0xCE, 0xFF, 0xFF,
    0xFF, 0xFF, 0xFF, 0xFF, 0xFF, 0xFF, 0x06, 0x11, 0x06, 0x11, 0x06, 0x11, 0x06, 0x11, 0x7A, 0xCE,
    0xFF, 0xFF, 0xFF, 0xFF, 0xFF, 0xFF, 0xFF, 0xFF, 0xFF, 0xFF, 0xFF, 0xFF, 0xFF, 0xFF, 0xFF, 0xFF,
    0xFF, 0xFF, 0xFF, 0xFF, 0xFF, 0xFF, 0xFF, 0xFF, 0xFF, 0xFF, 0xFF, 0xFF, 0xFF, 0xFF, 0xFF, 0xFF,
    0xFF, 0xFF, 0xFF, 0xFF, 0xFF, 0xFF, 0xFF, 0xFF, 0xFF, 0xFF, 0xFF, 0xFF, 0xFF, 0xFF, 0xFF, 0xFF,
    0xFF, 0xFF, 0xFF, 0xFF, 0xFF, 0xFF, 0xFF, 0xFF, 0xFF, 0xFF, 0xFF, 0xFF, 0xFF, 0xFF, 0xDF, 0xFF,
    0x67, 0x21, 0x06, 0x11, 0x06, 0x11, 0x06, 0x11, 0xF1, 0x7B, 0xFF, 0xFF, 0xFF, 0xFF, 0xFF, 0xFF,
    0xFF, 0xFF, 0xFF, 0xFF, 0xFF, 0xFF, 0xBE, 0xF7, 0x47, 0x21, 0x06, 0x11, 0x06, 0x11, 0x06, 0x11,
    0x31, 0x7C, 0xFF, 0xFF, 0xFF, 0xFF, 0x6B, 0x42, 0x06, 0x11, 0x06, 0x11, 0x06, 0x11, 0xED, 0x5A,
    0xFF, 0xFF, 0xFF, 0xFF, 0xFF, 0xFF, 0xFF, 0xFF, 0xFF, 0xFF, 0xFF, 0xFF, 0xFF, 0xFF, 0xFF, 0xFF,
    0xFF, 0xFF, 0xFF, 0xFF, 0xFF, 0xFF, 0xFF, 0xFF, 0xFF, 0xFF, 0xFF, 0xFF, 0x6B, 0x42, 0x06, 0x11,
    0x06, 0x11, 0x06, 0x11, 0xED, 0x5A, 0xFF, 0xFF, 0xFF, 0xFF, 0xFF, 0xFF, 0xFF, 0xFF, 0xFF, 0xFF,
    0xFF, 0xFF, 0xFF, 0xFF, 0xFF, 0xFF, 0xFF, 0xFF, 0x2E, 0x5B, 0x06, 0x11, 0x06, 0x11, 0x06, 0x11,
    0x06, 0x11, 0x06, 0x11, 0x06, 0x11, 0x06, 0x11, 0x06, 0x11, 0x06, 0x11, 0x06, 0x11, 0x06, 0x11,
    0x06, 0x11, 0xD7, 0xB5, 0xFF, 0xFF, 0xFF, 0xFF, 0xFF, 0xFF, 0xFF, 0xFF, 0x4E, 0x63, 0x06, 0x11,
    0x06, 0x11, 0x06, 0x11, 0x06, 0x11, 0x06, 0x11, 0x06, 0x11, 0x06, 0x11, 0x06, 0x11, 0x06, 0x11,
    0x8F, 0x6B, 0xFF, 0xFF, 0xFF, 0xFF, 0xFF, 0xFF, 0x0D, 0x5B, 0x06, 0x11, 0x06, 0x11, 0x06, 0x11,
    0x06, 0x11, 0x06, 0x11, 0x06, 0x11, 0x06, 0x11, 0x06, 0x11, 0x06, 0x11, 0x06, 0x11, 0x06, 0x11,
    0x73, 0x8C, 0xFF, 0xFF, 0xFF, 0xFF, 0xFF, 0xFF, 0xFF, 0xFF, 0xFF, 0xFF, 0xFF, 0xFF, 0xFF, 0xFF,
    0xFF, 0xFF, 0xFF, 0xFF, 0xFF, 0xFF, 0xFF, 0xFF, 0x6B, 0x42, 0x06, 0x11, 0x06, 0x11, 0x06, 0x11,
    0xED, 0x5A, 0xFF, 0xFF, 0xFF, 0xFF, 0xFF, 0xFF, 0xFF, 0xFF, 0xBE, 0xF7, 0x88, 0x29, 0x06, 0x11,
    0x06, 0x11, 0x06, 0x11, 0x2A, 0x3A, 0xFF, 0xFF, 0xFF, 0xFF, 0xFF, 0xFF, 0xFF, 0xFF, 0x0D, 0x5B,
    0x06, 0x11, 0x06, 0x11, 0x06, 0x11, 0x06, 0x11, 0x06, 0x11, 0x06, 0x11, 0x06, 0x11, 0x06, 0x11,
    0x06, 0x11, 0x06, 0x11, 0x06, 0x11, 0x73, 0x8C, 0xFF, 0xFF, 0xFF, 0xFF, 0xFF, 0xFF, 0x4E, 0x63,
    0x06, 0x11, 0x06, 0x11, 0x06, 0x11, 0x06, 0x11, 0x06, 0x11, 0x06, 0x11, 0x06, 0x11, 0x06, 0x11,
    0x06, 0x11, 0x8F, 0x6B, 0xFF, 0xFF, 0xFF, 0xFF, 0xFF, 0xFF, 0xED, 0x52, 0x06, 0x11, 0x06, 0x11,
    0x06, 0x11, 0x06, 0x11, 0x06, 0x11, 0x06, 0x11, 0x06, 0x11, 0x06, 0x11, 0x06, 0x11, 0x06, 0x11,
    0x27, 0x19, 0x59, 0xCE, 0xFF, 0xFF, 0xFF, 0xFF, 0xFF, 0xFF, 0xFF, 0xFF, 0x4B, 0x42, 0x06, 0x11,
    0x06, 0x11, 0x06, 0x11, 0x06, 0x11, 0x06, 0x11, 0x06, 0x11, 0x06, 0x11, 0x06, 0x11, 0x06, 0x11,
    0x06, 0x11, 0x06, 0x11, 0x06, 0x11, 0xDB, 0xD6, 0xFF, 0xFF, 0xFF, 0xFF, 0xFF, 0xFF, 0x06, 0x19,
    0x06, 0x11, 0x06, 0x11, 0x06, 0x11, 0x7A, 0xCE, 0xFF, 0xFF, 0xFF, 0xFF, 0xFF, 0xFF, 0xFF, 0xFF,
    0x06, 0x11, 0x06, 0x11, 0x06, 0x11, 0x06, 0x11, 0x7A, 0xCE, 0xFF, 0xFF, 0xFF, 0xFF, 0xFF, 0xFF,
    0x06, 0x19, 0x06, 0x11, 0x06, 0x11, 0x06, 0x11, 0x7A, 0xCE, 0xFF, 0xFF, 0xFF, 0xFF, 0xFF, 0xFF,
    0xB7, 0xB5, 0x06, 0x11, 0x06, 0x11, 0x06, 0x11, 0x06, 0x11, 0x06, 0x11, 0x06, 0x11, 0x06, 0x11,
    0x11, 0x7C, 0xFF, 0xFF, 0xFF, 0xFF, 0xFF, 0xFF, 0x06, 0x19, 0x06, 0x11, 0x06, 0x11, 0x06, 0x11,
    0x7A, 0xCE, 0xFF, 0xFF, 0xFF, 0xFF, 0xFF, 0xFF, 0xED, 0x52, 0x06, 0x11, 0x06, 0x11, 0x06, 0x11,
    0x06, 0x11, 0x06, 0x11, 0x06, 0x11, 0x06, 0x11, 0x06, 0x11, 0x06, 0x11, 0x06, 0x11, 0x27, 0x19,
    0x59, 0xCE, 0xFF, 0xFF, 0xFF, 0xFF, 0xFF, 0xFF, 0xFF, 0xFF, 0x06, 0x19, 0x06, 0x11, 0x06, 0x11,
    0x06, 0x11, 0x7A, 0xCE, 0xFF, 0xFF, 0xFF, 0xFF, 0xFF, 0xFF, 0xFF, 0xFF, 0x06, 0x11, 0x06, 0x11,
    0x06, 0x11, 0x06, 0x11, 0x7A, 0xCE, 0xFF, 0xFF, 0xFF, 0xFF, 0xFF, 0xFF, 0xFF, 0xFF, 0xFF, 0xFF,
    0xFF, 0xFF, 0xFF, 0xFF, 0xFF, 0xFF, 0xFF, 0xFF, 0xDF, 0xFF, 0x67, 0x21, 0x06, 0x11, 0x06, 0x11,
    0x06, 0x11, 0xF1, 0x7B, 0xFF, 0xFF, 0xFF, 0xFF, 0xFF, 0xFF, 0xFF, 0xFF, 0xFF, 0xFF, 0xFF, 0xFF,
    0xBE, 0xF7, 0x47, 0x21, 0x06, 0x11, 0x06, 0x11, 0x06, 0x11, 0x31, 0x7C, 0xFF, 0xFF, 0xFF, 0xFF,
    0xFF, 0xFF, 0x06, 0x19, 0x06, 0x11, 0x06, 0x11, 0x06, 0x11, 0x06, 0x11, 0x06, 0x11, 0x06, 0x11,
    0x06, 0x11, 0x06, 0x11, 0x06, 0x11, 0x06, 0x11, 0x06, 0x11, 0x88, 0x21, 0x5D, 0xEF, 0xFF, 0xFF,
    0xFF, 0xFF, 0xFF, 0xFF, 0x06, 0x19, 0x06, 0x11, 0x06, 0x11, 0x06, 0x11, 0x06, 0x11, 0x06, 0x11,
    0x06, 0x11, 0x06, 0x11, 0x06, 0x11, 0x06, 0x11, 0x06, 0x11, 0x06, 0x11, 0x88, 0x21, 0x5D, 0xEF,
    0xFF, 0xFF, 0xFF, 0xFF, 0xFF, 0xFF, 0x06, 0x19, 0x06, 0x11, 0x06, 0x11, 0x06, 0x11, 0x7A, 0xCE,
    0xFF, 0xFF, 0xFF, 0xFF, 0xFF, 0xFF, 0x06, 0x19, 0x06, 0x11, 0x06, 0x11, 0x06, 0x11, 0x7A, 0xCE,
    0xFF, 0xFF, 0xFF, 0xFF, 0xFF, 0xFF, 0x4E, 0x63, 0x06, 0x11, 0x06, 0x11, 0x06, 0x11, 0x06, 0x11,
    0x06, 0x11, 0x06, 0x11, 0x06, 0x11, 0x06, 0x11, 0x06, 0x11, 0x8F, 0x6B, 0xFF, 0xFF, 0xFF, 0xFF,
    0xFF, 0xFF, 0x2E, 0x5B, 0x06, 0x11, 0x06, 0x11, 0x06, 0x11, 0x06, 0x11, 0x06, 0x11, 0x06, 0x11,
    0x06, 0x11, 0x06, 0x11, 0x06, 0x11, 0x06, 0x11, 0x06, 0x11, 0x06, 0x11, 0xD7, 0xB5, 0xFF, 0xFF,
    0xFF, 0xFF, 0xFF, 0xFF, 0xB7, 0xB5, 0x06, 0x11, 0x06, 0x11, 0x06, 0x11, 0x06, 0x11, 0x06, 0x11,
    0x06, 0x11, 0x06, 0x11, 0x11, 0x7C, 0xFF, 0xFF, 0xFF, 0xFF, 0x06, 0x19, 0x06, 0x11, 0x06, 0x11,
    0x06, 0x11, 0x7A, 0xCE, 0xFF, 0xFF, 0xFF, 0xFF, 0xFF, 0xFF, 0xFF, 0xFF, 0xED, 0x52, 0x06, 0x11,
    0x06, 0x11, 0x06, 0x11, 0x06, 0x11, 0x06, 0x11, 0x06, 0x11, 0x06, 0x11, 0x06, 0x11, 0x06, 0x11,
    0x06, 0x11, 0x27, 0x19, 0x59, 0xCE, 0xFF, 0xFF, 0xFF, 0xFF, 0xFF, 0xFF, 0x06, 0x19, 0x06, 0x11,
    0x06, 0x11, 0x06, 0x11, 0x7A, 0xCE, 0xFF, 0xFF, 0xFF, 0xFF, 0xFF, 0xFF, 0xFF, 0xFF, 0x06, 0x11,
    0x06, 0x11, 0x06, 0x11, 0x06, 0x11, 0x7A, 0xCE, 0xFF, 0xFF, 0xFF, 0xFF, 0xFF, 0xFF, 0xFF, 0xFF,
    0xFF, 0xFF, 0xFF, 0xFF, 0xFF, 0xFF, 0xFF, 0xFF, 0xFF, 0xFF, 0xFF, 0xFF, 0xFF, 0xFF, 0xFF, 0xFF,
    0xFF, 0xFF, 0xFF, 0xFF, 0xFF, 0xFF, 0xFF, 0xFF, 0xFF, 0xFF, 0xFF, 0xFF, 0xFF, 0xFF, 0xFF, 0xFF,
    0xFF, 0xFF, 0xFF, 0xFF, 0xFF, 0xFF, 0xFF, 0xFF, 0xFF, 0xFF, 0xFF, 0xFF, 0xFF, 0xFF, 0xFF, 0xFF,
    0xFF, 0xFF, 0xFF, 0xFF, 0xFF, 0xFF, 0x97, 0xB5, 0x06, 0x11, 0x06, 0x11, 0x06, 0x11, 0x06, 0x11,
    0x9A, 0xCE, 0xFF, 0xFF, 0xFF, 0xFF, 0xFF, 0xFF, 0xFF, 0xFF, 0xFF, 0xFF, 0xFF, 0xFF, 0xFF, 0xFF,
    0x8F, 0x6B, 0x06, 0x11, 0x06, 0x11, 0x06, 0x11, 0xA8, 0x29, 0xFF, 0xFF, 0xFF, 0xFF, 0x6B, 0x42,
    0x06, 0x11, 0x06, 0x11, 0x06, 0x11, 0xED, 0x5A, 0xFF, 0xFF, 0xFF, 0xFF, 0xFF, 0xFF, 0xFF, 0xFF,
    0xFF, 0xFF, 0xFF, 0xFF, 0xFF, 0xFF, 0xFF, 0xFF, 0xFF, 0xFF, 0xFF, 0xFF, 0xFF, 0xFF, 0xFF, 0xFF,
    0xFF, 0xFF, 0xFF, 0xFF, 0x6B, 0x42, 0x06, 0x11, 0x06, 0x11, 0x06, 0x11, 0xED, 0x5A, 0xFF, 0xFF,
    0xFF, 0xFF, 0xFF, 0xFF, 0xFF, 0xFF, 0xFF, 0xFF, 0xFF, 0xFF, 0xFF, 0xFF, 0xFF, 0xFF, 0xFF, 0xFF,
    0xFC, 0xDE, 0x88, 0x21, 0x06, 0x11, 0x06, 0x11, 0x06, 0x11, 0x06, 0x11, 0x06, 0x11, 0x06, 0x11,
    0xF1, 0x7B, 0x88, 0x29, 0x06, 0x11, 0x06, 0x11, 0x06, 0x11, 0xD7, 0xB5, 0xFF, 0xFF, 0xFF, 0xFF,
    0xFF, 0xFF, 0xFF, 0xFF, 0xDF, 0xFF, 0xD0, 0x73, 0x06, 0x11, 0x06, 0x11, 0x06, 0x11, 0x06, 0x11,
    0x06, 0x11, 0x06, 0x11, 0x06, 0x11, 0x06, 0x11, 0x8F, 0x6B, 0xFF, 0xFF, 0xFF, 0xFF, 0xFF, 0xFF,
    0xBE, 0xF7, 0x8F, 0x6B, 0x06, 0x11, 0x06, 0x11, 0x06, 0x11, 0x06, 0x11, 0x06, 0x11, 0x06, 0x11,
    0x06, 0x11, 0x06, 0x11, 0x06, 0x11, 0x06, 0x11, 0x73, 0x8C, 0xFF, 0xFF, 0xFF, 0xFF, 0xFF, 0xFF,
    0xFF, 0xFF, 0xFF, 0xFF, 0xFF, 0xFF, 0xFF, 0xFF, 0xFF, 0xFF, 0xFF, 0xFF, 0xFF, 0xFF, 0xFF, 0xFF,
    0x6B, 0x42, 0x06, 0x11, 0x06, 0x11, 0x06, 0x11, 0xED, 0x5A, 0xFF, 0xFF, 0xFF, 0xFF, 0xFF, 0xFF,
    0xFF, 0xFF, 0xFF, 0xFF, 0x93, 0x8C, 0x06, 0x11, 0x06, 0x11, 0x06, 0x11, 0x06, 0x11, 0xF8, 0xBD,
    0xFF, 0xFF, 0xFF, 0xFF, 0xFF, 0xFF, 0xBE, 0xF7, 0x8F, 0x6B, 0x06, 0x11, 0x06, 0x11, 0x06, 0x11,
    0x06, 0x11, 0x06, 0x11, 0x06, 0x11, 0x06, 0x11, 0x06, 0x11, 0x06, 0x11, 0x06, 0x11, 0x73, 0x8C,
    0xFF, 0xFF, 0xFF, 0xFF, 0xFF, 0xFF, 0xDF, 0xFF, 0xD0, 0x73, 0x06, 0x11, 0x06, 0x11, 0x06, 0x11,
    0x06, 0x11, 0x06, 0x11, 0x06, 0x11, 0x06, 0x11, 0x06, 0x11, 0x8F, 0x6B, 0xFF, 0xFF, 0xFF, 0xFF,
    0xFF, 0xFF, 0xBE, 0xF7, 0x2E, 0x63, 0x06, 0x11, 0x06, 0x11, 0x06, 0x11, 0x06, 0x11, 0x06, 0x11,
    0x06, 0x11, 0x06, 0x11, 0x06, 0x11, 0x88, 0x21, 0xF8, 0xBD, 0xFF, 0xFF, 0xFF, 0xFF, 0xFF, 0xFF,
    0xFF, 0xFF, 0xFF, 0xFF, 0x1C, 0xE7, 0xC9, 0x31, 0x06, 0x11, 0x06, 0x11, 0x06, 0x11, 0x06, 0x11,
    0x06, 0x11, 0x06, 0x19, 0x93, 0x8C, 0x06, 0x11, 0x06, 0x11, 0x06, 0x11, 0x06, 0x11, 0xDB, 0xDE,
    0xFF, 0xFF, 0xFF, 0xFF, 0xFF, 0xFF, 0x06, 0x19, 0x06, 0x11, 0x06, 0x11, 0x06, 0x11, 0x7A, 0xCE,
    0xFF, 0xFF, 0xFF, 0xFF, 0xFF, 0xFF, 0xFF, 0xFF, 0x06, 0x11, 0x06, 0x11, 0x06, 0x11, 0x06, 0x11,
    0x7A, 0xCE, 0xFF, 0xFF, 0xFF, 0xFF, 0xFF, 0xFF, 0x06, 0x19, 0x06, 0x11, 0x06, 0x11, 0x06, 0x11,
    0x7A, 0xCE, 0xFF, 0xFF, 0xFF, 0xFF, 0xFF, 0xFF, 0xDF, 0xFF, 0xEA, 0x39, 0x06, 0x11, 0x06, 0x11,
    0x06, 0x11, 0x06, 0x11, 0x06, 0x11, 0x06, 0x11, 0x11, 0x7C, 0xFF, 0xFF, 0xFF, 0xFF, 0xFF, 0xFF,
    0x06, 0x19, 0x06, 0x11, 0x06, 0x11, 0x06, 0x11, 0x7A, 0xCE, 0xFF, 0xFF, 0xFF, 0xFF, 0xFF, 0xFF,
    0xBE, 0xF7, 0x2E, 0x63, 0x06, 0x11, 0x06, 0x11, 0x06, 0x11, 0x06, 0x11, 0x06, 0x11, 0x06, 0x11,
    0x06, 0x11, 0x06, 0x11, 0x88, 0x21, 0xF8, 0xBD, 0xFF, 0xFF, 0xFF, 0xFF, 0xFF, 0xFF, 0xFF, 0xFF,
    0xFF, 0xFF, 0x06, 0x19, 0x06, 0x11, 0x06, 0x11, 0x06, 0x11, 0x7A, 0xCE, 0xFF, 0xFF, 0xFF, 0xFF,
    0xFF, 0xFF, 0xFF, 0xFF, 0x06, 0x11, 0x06, 0x11, 0x06, 0x11, 0x06, 0x11, 0x7A, 0xCE, 0xFF, 0xFF,
    0xFF, 0xFF, 0xFF, 0xFF, 0xFF, 0xFF, 0xFF, 0xFF, 0xFF, 0xFF, 0xFF, 0xFF, 0xFF, 0xFF, 0xFF, 0xFF,
    0x97, 0xB5, 0x06, 0x11, 0x06, 0x11, 0x06, 0x11, 0x06, 0x11, 0x9A, 0xCE, 0xFF, 0xFF, 0xFF, 0xFF,
    0xFF, 0xFF, 0xFF, 0xFF, 0xFF, 0xFF, 0xFF, 0xFF, 0xFF, 0xFF, 0x8F, 0x6B, 0x06, 0x11, 0x06, 0x11,
    0x06, 0x11, 0xA8, 0x29, 0xFF, 0xFF, 0xFF, 0xFF, 0xFF, 0xFF, 0x06, 0x19, 0x06, 0x11, 0x06, 0x11,
    0x06, 0x11, 0x72, 0x84, 0x27, 0x19, 0x06, 0x11, 0x06, 0x11, 0x06, 0x11, 0x06, 0x11, 0x06, 0x11,
    0x47, 0x21, 0x39, 0xC6, 0xFF, 0xFF, 0xFF, 0xFF, 0xFF, 0xFF, 0xFF, 0xFF, 0x06, 0x19, 0x06, 0x11,
    0x06, 0x11, 0x06, 0x11, 0x72, 0x84, 0x27, 0x19, 0x06, 0x11, 0x06, 0x11, 0x06, 0x11, 0x06, 0x11,
    0x06, 0x11, 0x47, 0x21, 0x39, 0xC6, 0xFF, 0xFF, 0xFF, 0xFF, 0xFF, 0xFF, 0xFF, 0xFF, 0x06, 0x19,
    0x06, 0x11, 0x06, 0x11, 0x06, 0x11, 0x7A, 0xCE, 0xFF, 0xFF, 0xFF, 0xFF, 0xFF, 0xFF, 0x06, 0x19,
    0x06, 0x11, 0x06, 0x11, 0x06, 0x11, 0x7A, 0xCE, 0xFF, 0xFF, 0xFF, 0xFF, 0xFF, 0xFF, 0xDF, 0xFF,
    0xD0, 0x73, 0x06, 0x11, 0x06, 0x11, 0x06, 0x11, 0x06, 0x11, 0x06, 0x11, 0x06, 0x11, 0x06, 0x11,
    0x06, 0x11, 0x8F, 0x6B, 0xFF, 0xFF, 0xFF, 0xFF, 0xFF, 0xFF, 0xFC, 0xDE, 0x88, 0x21, 0x06, 0x11,
    0x06, 0x11, 0x06, 0x11, 0x06, 0x11, 0x06, 0x11, 0x06, 0x11, 0xF1, 0x7B, 0x88, 0x29, 0x06, 0x11,
    0x06, 0x11, 0x06, 0x11, 0xD7, 0xB5, 0xFF, 0xFF, 0xFF, 0xFF, 0xFF, 0xFF, 0xDF, 0xFF, 0xEA, 0x39,
    0x06, 0x11, 0x06, 0x11, 0x06, 0x11, 0x06, 0x11, 0x06, 0x11, 0x06, 0x11, 0x11, 0x7C, 0xFF, 0xFF,
    0xFF, 0xFF, 0x06, 0x19, 0x06, 0x11, 0x06, 0x11, 0x06, 0x11, 0x7A, 0xCE, 0xFF, 0xFF, 0xFF, 0xFF,
    0xFF, 0xFF, 0xFF, 0xFF, 0xBE, 0xF7, 0x2E, 0x63, 0x06, 0x11, 0x06, 0x11, 0x06, 0x11, 0x06, 0x11,
    0x06, 0x11, 0x06, 0x11, 0x06, 0x11, 0x06, 0x11, 0x88, 0x21, 0xF8, 0xBD, 0xFF, 0xFF, 0xFF, 0xFF,
    0xFF, 0xFF, 0xFF, 0xFF, 0x06, 0x19, 0x06, 0x11, 0x06, 0x11, 0x06, 0x11, 0x7A, 0xCE, 0xFF, 0xFF,
    0xFF, 0xFF, 0xFF, 0xFF, 0xFF, 0xFF, 0x06, 0x11, 0x06, 0x11, 0x06, 0x11, 0x06, 0x11, 0x7A, 0xCE,
    0xFF, 0xFF, 0xFF, 0xFF, 0xFF, 0xFF, 0xFF, 0xFF, 0xFF, 0xFF, 0xFF, 0xFF, 0xFF, 0xFF, 0xFF, 0xFF,
    0xFF, 0xFF, 0xFF, 0xFF, 0xFF, 0xFF, 0xFF, 0xFF, 0xFF, 0xFF, 0xFF, 0xFF, 0xFF, 0xFF, 0xFF, 0xFF,
    0xFF, 0xFF, 0xFF, 0xFF, 0xFF, 0xFF, 0xFF, 0xFF, 0xFF, 0xFF, 0xFF, 0xFF, 0xFF, 0xFF, 0xFF, 0xFF,
    0xFF, 0xFF, 0xFF, 0xFF, 0xFF, 0xFF, 0xFF, 0xFF, 0xFF, 0xFF, 0xFF, 0xFF, 0xFF, 0xFF, 0x0E, 0x5B,
    0x06, 0x11, 0x06, 0x11, 0x06, 0x11, 0x0A, 0x3A, 0xFF, 0xFF, 0xFF, 0xFF, 0xFF, 0xFF, 0xFF, 0xFF,
    0xFF, 0xFF, 0xFF, 0xFF, 0xFF, 0xFF, 0xFF, 0xFF, 0x39, 0xC6, 0x06, 0x11, 0x06, 0x11, 0x06, 0x11,
    0x06, 0x11, 0x19, 0xC6, 0xFF, 0xFF, 0x6B, 0x42, 0x06, 0x11, 0x06, 0x11, 0x06, 0x11, 0xED, 0x5A,
    0xFF, 0xFF, 0xFF, 0xFF, 0xFF, 0xFF, 0xFF, 0xFF, 0xFF, 0xFF, 0xFF, 0xFF, 0xFF, 0xFF, 0xFF, 0xFF,
    0xFF, 0xFF, 0xFF, 0xFF, 0xFF, 0xFF, 0xFF, 0xFF, 0xFF, 0xFF, 0xFF, 0xFF, 0x6B, 0x42, 0x06, 0x11,
    0x06, 0x11, 0x06, 0x11, 0xED, 0x5A, 0xFF, 0xFF, 0xFF, 0xFF, 0xFF, 0xFF, 0xFF, 0xFF, 0xFF, 0xFF,
    0xFF, 0xFF, 0xFF, 0xFF, 0xFF, 0xFF, 0xFF, 0xFF, 0xFF, 0xFF, 0x3C, 0xE7, 0xB0, 0x73, 0xC9, 0x31,
    0x06, 0x19, 0x88, 0x21, 0xCD, 0x52, 0xB7, 0xB5, 0xFF, 0xFF, 0x88, 0x29, 0x06, 0x11, 0x06, 0x11,
    0x06, 0x11, 0xD7, 0xB5, 0xFF, 0xFF, 0xFF, 0xFF, 0xFF, 0xFF, 0xFF, 0xFF, 0xFF, 0xFF, 0xFF, 0xFF,
    0xBB, 0xD6, 0x11, 0x7C, 0x6B, 0x42, 0x68, 0x21, 0x26, 0x19, 0xC9, 0x31, 0xCC, 0x52, 0x15, 0x9D,
    0x7E, 0xEF, 0xFF, 0xFF, 0xFF, 0xFF, 0xFF, 0xFF, 0xFF, 0xFF, 0xFF, 0xFF, 0x9A, 0xCE, 0xF0, 0x73,
    0x4B, 0x42, 0x67, 0x21, 0x06, 0x19, 0x88, 0x29, 0x2A, 0x3A, 0xCD, 0x52, 0x73, 0x8C, 0x39, 0xC6,
    0xDF, 0xFF, 0xFF, 0xFF, 0xFF, 0xFF, 0xFF, 0xFF, 0xFF, 0xFF, 0xFF, 0xFF, 0xFF, 0xFF, 0xFF, 0xFF,
    0xFF, 0xFF, 0xFF, 0xFF, 0xFF, 0xFF, 0xFF, 0xFF, 0x6B, 0x42, 0x06, 0x11, 0x06, 0x11, 0x06, 0x11,
    0xED, 0x5A, 0xFF, 0xFF, 0xFF, 0xFF, 0xFF, 0xFF, 0xFF, 0xFF, 0xFF, 0xFF, 0x7E, 0xEF, 0x47, 0x21,
    0x06, 0x11, 0x06, 0x11, 0x06, 0x11, 0xAC, 0x4A, 0xFF, 0xFF, 0xFF, 0xFF, 0xFF, 0xFF, 0xFF, 0xFF,
    0xFF, 0xFF, 0x9A, 0xCE, 0xF0, 0x73, 0x4B, 0x42, 0x67, 0x21, 0x06, 0x19, 0x88, 0x29, 0x2A, 0x3A,
    0xCD, 0x52, 0x73, 0x8C, 0x39, 0xC6, 0xDF, 0xFF, 0xFF, 0xFF, 0xFF, 0xFF, 0xFF, 0xFF, 0xFF, 0xFF,
    0xFF, 0xFF, 0xBB, 0xD6, 0x11, 0x7C, 0x6B, 0x42, 0x68, 0x21, 0x26, 0x19, 0xC9, 0x31, 0xCC, 0x52,
    0x15, 0x9D, 0x7E, 0xEF, 0xFF, 0xFF, 0xFF, 0xFF, 0xFF, 0xFF, 0xFF, 0xFF, 0xFF, 0xFF, 0x39, 0xC6,
    0x8F, 0x6B, 0x0A, 0x3A, 0x47, 0x21, 0x06, 0x19, 0x88, 0x29, 0xAC, 0x52, 0xD4, 0x94, 0x7E, 0xEF,
    0xFF, 0xFF, 0xFF, 0xFF, 0xFF, 0xFF, 0xFF, 0xFF, 0xFF, 0xFF, 0xFF, 0xFF, 0xFF, 0xFF, 0x9E, 0xF7,
    0x32, 0x84, 0xE9, 0x31, 0x27, 0x19, 0x88, 0x29, 0x2E, 0x5B, 0x5A, 0xCE, 0xDB, 0xDE, 0x06, 0x11,
    0x06, 0x11, 0x06, 0x11, 0x06, 0x11, 0x3D, 0xE7, 0xFF, 0xFF, 0xFF, 0xFF, 0xFF, 0xFF, 0x06, 0x19,
    0x06, 0x11, 0x06, 0x11, 0x06, 0x11, 0x7A, 0xCE, 0xFF, 0xFF, 0xFF, 0xFF, 0xFF, 0xFF, 0xFF, 0xFF,
    0x06, 0x11, 0x06, 0x11, 0x06, 0x11, 0x06, 0x11, 0x7A, 0xCE, 0xFF, 0xFF, 0xFF, 0xFF, 0xFF, 0xFF,
    0x06, 0x19, 0x06, 0x11, 0x06, 0x11, 0x06, 0x11, 0x7A, 0xCE, 0xFF, 0xFF, 0xFF, 0xFF, 0xFF, 0xFF,
    0xFF, 0xFF, 0x5D, 0xEF, 0xD0, 0x73, 0xE9, 0x31, 0x27, 0x19, 0x06, 0x11, 0x06, 0x11, 0x06, 0x11,
    0x11, 0x7C, 0xFF, 0xFF, 0xFF, 0xFF, 0xFF, 0xFF, 0x06, 0x19, 0x06, 0x11, 0x06, 0x11, 0x06, 0x11,
    0x7A, 0xCE, 0xFF, 0xFF, 0xFF, 0xFF, 0xFF, 0xFF, 0xFF, 0xFF, 0xFF, 0xFF, 0x39, 0xC6, 0x8F, 0x6B,
    0x0A, 0x3A, 0x47, 0x21, 0x06, 0x19, 0x88, 0x29, 0xAC, 0x52, 0xD4, 0x94, 0x7E, 0xEF, 0xFF, 0xFF,
    0xFF, 0xFF, 0xFF, 0xFF, 0xFF, 0xFF, 0xFF, 0xFF, 0xFF, 0xFF, 0x06, 0x19, 0x06, 0x11, 0x06, 0x11,
    0x06, 0x11, 0x7A, 0xCE, 0xFF, 0xFF, 0xFF, 0xFF, 0xFF, 0xFF, 0xFF, 0xFF, 0x06, 0x11, 0x06, 0x11,
    0x06, 0x11, 0x06, 0x11, 0x7A, 0xCE, 0xFF, 0xFF, 0xFF, 0xFF, 0xFF, 0xFF, 0xFF, 0xFF, 0xFF, 0xFF,
    0xFF, 0xFF, 0xFF, 0xFF, 0xFF, 0xFF, 0xFF, 0xFF, 0x0E, 0x5B, 0x06, 0x11, 0x06, 0x11, 0x06, 0x11,
    0x0A, 0x3A, 0xFF, 0xFF, 0xFF, 0xFF, 0xFF, 0xFF, 0xFF, 0xFF, 0xFF, 0xFF, 0xFF, 0xFF, 0xFF, 0xFF,
    0xFF, 0xFF, 0x39, 0xC6, 0x06, 0x11, 0x06, 0x11, 0x06, 0x11, 0x06, 0x11, 0x19, 0xC6, 0xFF, 0xFF,
    0xFF, 0xFF, 0x06, 0x19, 0x06, 0x11, 0x06, 0x11, 0x06, 0x11, 0x7A, 0xCE, 0xFC, 0xDE, 0x8F, 0x6B,
    0xC9, 0x31, 0x26, 0x19, 0xA8, 0x29, 0x8F, 0x6B, 0x1C, 0xDF, 0xFF, 0xFF, 0xFF, 0xFF, 0xFF, 0xFF,
    0xFF, 0xFF, 0xFF, 0xFF, 0x06, 0x19, 0x06, 0x11, 0x06, 0x11, 0x06, 0x11, 0x7A, 0xCE, 0xFC, 0xDE,
    0x8F, 0x6B, 0xC9, 0x31, 0x26, 0x19, 0xA8, 0x29, 0x8F, 0x6B, 0x1C, 0xDF, 0xFF, 0xFF, 0xFF, 0xFF,
    0xFF, 0xFF, 0xFF, 0xFF, 0xFF, 0xFF, 0x06, 0x19, 0x06, 0x11, 0x06, 0x11, 0x06, 0x11, 0x7A, 0xCE,
    0xFF, 0xFF, 0xFF, 0xFF, 0xFF, 0xFF, 0x06, 0x19, 0x06, 0x11, 0x06, 0x11, 0x06, 0x11, 0x7A, 0xCE,
    0xFF, 0xFF, 0xFF, 0xFF, 0xFF, 0xFF, 0xFF, 0xFF, 0xFF, 0xFF, 0xBB, 0xD6, 0x11, 0x7C, 0x6B, 0x42,
    0x68, 0x21, 0x26, 0x19, 0xC9, 0x31, 0xCC, 0x52, 0x15, 0x9D, 0x7E, 0xEF, 0xFF, 0xFF, 0xFF, 0xFF,
    0xFF, 0xFF, 0xFF, 0xFF, 0x3C, 0xE7, 0xB0, 0x73, 0xC9, 0x31, 0x06, 0x19, 0x88, 0x21, 0xCD, 0x52,
    0xB7, 0xB5, 0xFF, 0xFF, 0x88, 0x29, 0x06, 0x11, 0x06, 0x11, 0x06, 0x11, 0xD7, 0xB5, 0xFF, 0xFF,
    0xFF, 0xFF, 0xFF, 0xFF, 0xFF, 0xFF, 0x5D, 0xEF, 0xD0, 0x73, 0xE9, 0x31, 0x27, 0x19, 0x06, 0x11,
    0x06, 0x11, 0x06, 0x11, 0x11, 0x7C, 0xFF, 0xFF, 0xFF, 0xFF, 0x06, 0x19, 0x06, 0x11, 0x06, 0x11,
    0x06, 0x11, 0x7A, 0xCE, 0xFF, 0xFF, 0xFF, 0xFF, 0xFF, 0xFF, 0xFF, 0xFF, 0xFF, 0xFF, 0xFF, 0xFF,
    0x39, 0xC6, 0x8F, 0x6B, 0x0A, 0x3A, 0x47, 0x21, 0x06, 0x19, 0x88, 0x29, 0xAC, 0x52, 0xD4, 0x94,
    0x7E, 0xEF, 0xFF, 0xFF, 0xFF, 0xFF, 0xFF, 0xFF, 0xFF, 0xFF, 0xFF, 0xFF, 0x06, 0x19, 0x06, 0x11,
    0x06, 0x11, 0x06, 0x11, 0x7A, 0xCE, 0xFF, 0xFF, 0xFF, 0xFF, 0xFF, 0xFF, 0xFF, 0xFF, 0x06, 0x11,
    0x06, 0x11, 0x06, 0x11, 0x06, 0x11, 0x7A, 0xCE, 0xFF, 0xFF, 0xFF, 0xFF, 0xFF, 0xFF, 0xFF, 0xFF,
    0xFF, 0xFF, 0xFF, 0xFF, 0xFF, 0xFF, 0xFF, 0xFF, 0xFF, 0xFF, 0xFF, 0xFF, 0xFF, 0xFF, 0xFF, 0xFF,
    0xFF, 0xFF, 0xFF, 0xFF, 0xFF, 0xFF, 0xFF, 0xFF, 0xFF, 0xFF, 0xFF, 0xFF, 0xFF, 0xFF, 0xFF, 0xFF,
    0xFF, 0xFF, 0xFF, 0xFF, 0xFF, 0xFF, 0xFF, 0xFF, 0xFF, 0xFF, 0xFF, 0xFF, 0xFF, 0xFF, 0xFF, 0xFF,
    0xFF, 0xFF, 0xFF, 0xFF, 0xFF, 0xFF, 0xFF, 0xFF, 0xFF, 0xFF, 0xFF, 0xFF, 0xFF, 0xFF, 0xFF, 0xFF,
    0xFF, 0xFF, 0xFF, 0xFF, 0xFF, 0xFF, 0xFF, 0xFF, 0xFF, 0xFF, 0xFF, 0xFF, 0xFF, 0xFF, 0xFF, 0xFF,
    0xFF, 0xFF, 0xFF, 0xFF, 0xFF, 0xFF, 0xFF, 0xFF, 0xFF, 0xFF, 0xFF, 0xFF, 0xFF, 0xFF, 0xFF, 0xFF,
    0xFF, 0xFF, 0xFF, 0xFF, 0xFF, 0xFF, 0xFF, 0xFF, 0xFF, 0xFF, 0xFF, 0xFF, 0xFF, 0xFF, 0xFF, 0xFF,
    0xFF, 0xFF, 0xFF, 0xFF, 0xFF, 0xFF, 0xFF, 0xFF, 0xFF, 0xFF, 0xFF, 0xFF, 0xFF, 0xFF, 0xFF, 0xFF,
    0xFF, 0xFF, 0xFF, 0xFF, 0xFF, 0xFF, 0xFF, 0xFF, 0xFF, 0xFF, 0xFF, 0xFF, 0xFF, 0xFF, 0xFF, 0xFF,
    0xFF, 0xFF, 0xFF, 0xFF, 0xFF, 0xFF, 0xFF, 0xFF, 0xFF, 0xFF, 0xFF, 0xFF, 0xFF, 0xFF, 0xFF, 0xFF,
    0xFF, 0xFF, 0xFF, 0xFF, 0xFF, 0xFF, 0xFF, 0xFF, 0xFF, 0xFF, 0xFF, 0xFF, 0xFF, 0xFF, 0xFF, 0xFF,
    0xFF, 0xFF, 0xFF, 0xFF, 0xFF, 0xFF, 0xFF, 0xFF, 0xFF, 0xFF, 0xFF, 0xFF, 0xFF, 0xFF, 0xFF, 0xFF,
    0xFF, 0xFF, 0xFF, 0xFF, 0xFF, 0xFF, 0xFF, 0xFF, 0xFF, 0xFF, 0xFF, 0xFF, 0xFF, 0xFF, 0xFF, 0xFF,
    0xFF, 0xFF, 0xFF, 0xFF, 0xFF, 0xFF, 0xFF, 0xFF, 0xFF, 0xFF, 0xFF, 0xFF, 0xFF, 0xFF, 0xFF, 0xFF,
    0xFF, 0xFF, 0xFF, 0xFF, 0xFF, 0xFF, 0xFF, 0xFF, 0xFF, 0xFF, 0xFF, 0xFF, 0xFF, 0xFF, 0xFF, 0xFF,
    0xFF, 0xFF, 0xFF, 0xFF, 0xFF, 0xFF, 0xFF, 0xFF, 0xFF, 0xFF, 0xFF, 0xFF, 0xFF, 0xFF, 0xFF, 0xFF,
    0xFF, 0xFF, 0xFF, 0xFF, 0xFF, 0xFF, 0xFF, 0xFF, 0xFF, 0xFF, 0xFF, 0xFF, 0xFF, 0xFF, 0xFF, 0xFF,
    0xFF, 0xFF, 0xFF, 0xFF, 0xFF, 0xFF, 0xFF, 0xFF, 0xFF, 0xFF, 0xFF, 0xFF, 0xFF, 0xFF, 0xFF, 0xFF,
    0xFF, 0xFF, 0xFF, 0xFF, 0xFF, 0xFF, 0xFF, 0xFF, 0xFF, 0xFF, 0xFF, 0xFF, 0xFF, 0xFF, 0xFF, 0xFF,
    0xFF, 0xFF, 0xFF, 0xFF, 0xFF, 0xFF, 0xFF, 0xFF, 0xFF, 0xFF, 0xFF, 0xFF, 0xFF, 0xFF, 0xFF, 0xFF,
    0xFF, 0xFF, 0xFF, 0xFF, 0xFF, 0xFF, 0xFF, 0xFF, 0xFF, 0xFF, 0xFF, 0xFF, 0xFF, 0xFF, 0xFF, 0xFF,
    0xFF, 0xFF, 0xFF, 0xFF, 0xFF, 0xFF, 0xFF, 0xFF, 0xFF, 0xFF, 0xFF, 0xFF, 0xFF, 0xFF, 0xFF, 0xFF,
    0xFF, 0xFF, 0xFF, 0xFF, 0xFF, 0xFF, 0xFF, 0xFF, 0xFF, 0xFF, 0xFF, 0xFF, 0xFF, 0xFF, 0xFF, 0xFF,
    0xFF, 0xFF, 0xFF, 0xFF, 0xFF, 0xFF, 0xFF, 0xFF, 0xFF, 0xFF, 0xFF, 0xFF, 0xFF, 0xFF, 0xFF, 0xFF,
    0xFF, 0xFF, 0xFF, 0xFF, 0xFF, 0xFF, 0xFF, 0xFF, 0xFF, 0xFF, 0xFF, 0xFF, 0xFF, 0xFF, 0xFF, 0xFF,
    0xFF, 0xFF, 0xFF, 0xFF, 0xFF, 0xFF, 0xFF, 0xFF, 0xFF, 0xFF, 0xFF, 0xFF, 0xFF, 0xFF, 0xFF, 0xFF,
    0xFF, 0xFF, 0xFF, 0xFF, 0x93, 0x8C, 0x06, 0x11, 0x06, 0x11, 0x06, 0x11, 0x67, 0x21, 0xFF, 0xFF,
    0xFF, 0xFF, 0xFF, 0xFF, 0xFF, 0xFF, 0xFF, 0xFF, 0xFF, 0xFF, 0xFF, 0xFF, 0xFF, 0xFF, 0xFF, 0xFF,
    0xFF, 0xFF, 0xFF, 0xFF, 0xFF, 0xFF, 0xFF, 0xFF, 0xFF, 0xFF, 0xFF, 0xFF, 0xFF, 0xFF, 0xFF, 0xFF,
    0xFF, 0xFF, 0xFF, 0xFF, 0xFF, 0xFF, 0xFF, 0xFF, 0xFF, 0xFF, 0xFF, 0xFF, 0xFF, 0xFF, 0xFF, 0xFF,
    0xFF, 0xFF, 0xFF, 0xFF, 0xFF, 0xFF, 0xFF, 0xFF, 0xFF, 0xFF, 0xFF, 0xFF, 0xFF, 0xFF, 0xFF, 0xFF,
    0xFF, 0xFF, 0xFF, 0xFF, 0xFF, 0xFF, 0xFF, 0xFF, 0xFF, 0xFF, 0xFF, 0xFF, 0xFF, 0xFF, 0xFF, 0xFF,
    0xFF, 0xFF, 0xFF, 0xFF, 0xFF, 0xFF, 0xFF, 0xFF, 0xFF, 0xFF, 0xFF, 0xFF, 0xFF, 0xFF, 0xFF, 0xFF,
    0xFF, 0xFF, 0xFF, 0xFF, 0xFF, 0xFF, 0xFF, 0xFF, 0xFF, 0xFF, 0xFF, 0xFF, 0xFF, 0xFF, 0xFF, 0xFF,
    0xFF, 0xFF, 0xFF, 0xFF, 0xFF, 0xFF, 0xFF, 0xFF, 0xFF, 0xFF, 0xFF, 0xFF, 0xFF, 0xFF, 0xFF, 0xFF,
    0xFF, 0xFF, 0xFF, 0xFF, 0xFF, 0xFF, 0xFF, 0xFF, 0xFF, 0xFF, 0xFF, 0xFF, 0xFF, 0xFF, 0xFF, 0xFF,
    0xFF, 0xFF, 0xFF, 0xFF, 0xFF, 0xFF, 0xFF, 0xFF, 0xFF, 0xFF, 0xFF, 0xFF, 0xFF, 0xFF, 0xFF, 0xFF,
    0xFF, 0xFF, 0xFF, 0xFF, 0xFF, 0xFF, 0xFF, 0xFF, 0xFF, 0xFF, 0xFF, 0xFF, 0xFF, 0xFF, 0xFF, 0xFF,
    0xFF, 0xFF, 0xFF, 0xFF, 0xFF, 0xFF, 0xFF, 0xFF, 0xFF, 0xFF, 0xFF, 0xFF, 0xFF, 0xFF, 0xFF, 0xFF,
    0xFF, 0xFF, 0xFF, 0xFF, 0xFF, 0xFF, 0xFF, 0xFF, 0xFF, 0xFF, 0xFF, 0xFF, 0xFF, 0xFF, 0xFF, 0xFF,
    0xFF, 0xFF, 0xFF, 0xFF, 0xFF, 0xFF, 0xFF, 0xFF, 0xFF, 0xFF, 0x06, 0x19, 0x06, 0x11, 0x06, 0x11,
    0x06, 0x11, 0x7A, 0xCE, 0xFF, 0xFF, 0xFF, 0xFF, 0xFF, 0xFF, 0xFF, 0xFF, 0xFF, 0xFF, 0xFF, 0xFF,
    0xFF, 0xFF, 0xFF, 0xFF, 0xFF, 0xFF, 0xFF, 0xFF, 0xFF, 0xFF, 0xFF, 0xFF, 0x06, 0x19, 0x06, 0x11,
    0x06, 0x11, 0x06, 0x11, 0x7A, 0xCE, 0xFF, 0xFF, 0xFF, 0xFF, 0xFF, 0xFF, 0xFF, 0xFF, 0xFF, 0xFF,
    0xFF, 0xFF, 0xFF, 0xFF, 0xFF, 0xFF, 0xFF, 0xFF, 0xFF, 0xFF, 0xFF, 0xFF, 0xFF, 0xFF, 0xFF, 0xFF,
    0xFF, 0xFF, 0xFF, 0xFF, 0xFF, 0xFF, 0xFF, 0xFF, 0xFF, 0xFF, 0xFF, 0xFF, 0xFF, 0xFF, 0xFF, 0xFF,
    0xFF, 0xFF, 0xFF, 0xFF, 0xFF, 0xFF, 0xFF, 0xFF, 0xFF, 0xFF, 0xFF, 0xFF, 0xFF, 0xFF, 0xFF, 0xFF,
    0xFF, 0xFF, 0xFF, 0xFF, 0xFF, 0xFF, 0xFF, 0xFF, 0xFF, 0xFF, 0xFF, 0xFF, 0xFF, 0xFF, 0xFF, 0xFF,
    0xFF, 0xFF, 0xFF, 0xFF, 0xFF, 0xFF, 0xFF, 0xFF, 0xFF, 0xFF, 0xFF, 0xFF, 0xFF, 0xFF, 0xFF, 0xFF,
    0xFF, 0xFF, 0xFF, 0xFF, 0xFF, 0xFF, 0xFF, 0xFF, 0xFF, 0xFF, 0xFF, 0xFF, 0xFF, 0xFF, 0xFF, 0xFF,
    0xFF, 0xFF, 0xFF, 0xFF, 0xFF, 0xFF, 0xFF, 0xFF, 0xFF, 0xFF, 0xFF, 0xFF, 0xFF, 0xFF, 0xFF, 0xFF,
    0xFF, 0xFF, 0xFF, 0xFF, 0xFF, 0xFF, 0xFF, 0xFF, 0xFF, 0xFF, 0xFF, 0xFF, 0xFF, 0xFF, 0xFF, 0xFF,
    0xFF, 0xFF, 0xFF, 0xFF, 0xFF, 0xFF, 0xFF, 0xFF, 0xFF, 0xFF, 0xFF, 0xFF, 0xFF, 0xFF, 0xFF, 0xFF,
    0xFF, 0xFF, 0xFF, 0xFF, 0xFF, 0xFF, 0xFF, 0xFF, 0xFF, 0xFF, 0xFF, 0xFF, 0xFF, 0xFF, 0xFF, 0xFF,
    0xFF, 0xFF, 0xFF, 0xFF, 0xFF, 0xFF, 0xFF, 0xFF, 0xFF, 0xFF, 0xFF, 0xFF, 0xFF, 0xFF, 0xFF, 0xFF,
    0xFF, 0xFF, 0xFF, 0xFF, 0xFF, 0xFF, 0xFF, 0xFF, 0xFF, 0xFF, 0xFF, 0xFF, 0xFF, 0xFF, 0xFF, 0xFF,
    0xFF, 0xFF, 0xFF, 0xFF, 0xFF, 0xFF, 0xFF, 0xFF, 0xFF, 0xFF, 0xFF, 0xFF, 0xFF, 0xFF, 0xFF, 0xFF,
    0xFF, 0xFF, 0xFF, 0xFF, 0xFF, 0xFF, 0xFF, 0xFF, 0xFF, 0xFF, 0xFF, 0xFF, 0xFF, 0xFF, 0xFF, 0xFF,
    0xFF, 0xFF, 0xFF, 0xFF, 0xFF, 0xFF, 0xFF, 0xFF, 0xFF, 0xFF, 0xFF, 0xFF, 0xFF, 0xFF, 0xFF, 0xFF,
    0xFF, 0xFF, 0xFF, 0xFF, 0xFF, 0xFF, 0xFF, 0xFF, 0xFF, 0xFF, 0xFF, 0xFF, 0xFF, 0xFF, 0xFF, 0xFF,
    0xFF, 0xFF, 0xFF, 0xFF, 0xFF, 0xFF, 0xFF, 0xFF, 0xFF, 0xFF, 0xFF, 0xFF, 0xFF, 0xFF, 0xFF, 0xFF,
    0xFF, 0xFF, 0xFF, 0xFF, 0xFF, 0xFF, 0xFF, 0xFF, 0xFF, 0xFF, 0xFF, 0xFF, 0xFF, 0xFF, 0xFF, 0xFF,
    0xFF, 0xFF, 0xFF, 0xFF, 0xFF, 0xFF, 0xFF, 0xFF, 0xFF, 0xFF, 0xFF, 0xFF, 0xFF, 0xFF, 0xFF, 0xFF,
    0xFF, 0xFF, 0xFF, 0xFF, 0xFF, 0xFF, 0xFF, 0xFF, 0xFF, 0xFF, 0xFF, 0xFF, 0xFF, 0xFF, 0xFF, 0xFF,
    0xFF, 0xFF, 0xFF, 0xFF, 0xFF, 0xFF, 0xFF, 0xFF, 0xFF, 0xFF, 0xFF, 0xFF, 0xFF, 0xFF, 0xFF, 0xFF,
    0xFF, 0xFF, 0xFF, 0xFF, 0xFF, 0xFF, 0xFF, 0xFF, 0xFF, 0xFF, 0xFF, 0xFF, 0xFF, 0xFF, 0xFF, 0xFF,
    0xFF, 0xFF, 0xFF, 0xFF, 0xFF, 0xFF, 0xFF, 0xFF, 0xFF, 0xFF, 0xFF, 0xFF, 0xFF, 0xFF, 0xFF, 0xFF,
    0xFF, 0xFF, 0xFF, 0xFF, 0xFF, 0xFF, 0xFF, 0xFF, 0xFF, 0xFF, 0xFF, 0xFF, 0xFF, 0xFF, 0xFF, 0xFF,
    0xFF, 0xFF, 0xFF, 0xFF, 0xFF, 0xFF, 0xFF, 0xFF, 0xFF, 0xFF, 0xFF, 0xFF, 0xFF, 0xFF, 0xFF, 0xFF,
    0xFF, 0xFF, 0xFF, 0xFF, 0xFF, 0xFF, 0xFF, 0xFF, 0xFF, 0xFF, 0xFF, 0xFF, 0xFF, 0xFF, 0xFF, 0xFF,
    0xFF, 0xFF, 0xFF, 0xFF, 0xFF, 0xFF, 0xFF, 0xFF, 0xFF, 0xFF, 0xFF, 0xFF, 0xFF, 0xFF, 0xFF, 0xFF,
    0xFF, 0xFF, 0xFF, 0xFF, 0xFF, 0xFF, 0xFF, 0xFF, 0xFF, 0xFF, 0xFF, 0xFF, 0xFF, 0xFF, 0xFF, 0xFF,
    0xFF, 0xFF, 0xFF, 0xFF, 0xFF, 0xFF, 0xFF, 0xFF, 0xFF, 0xFF, 0xFF, 0xFF, 0xFF, 0xFF, 0xFF, 0xFF,
    0xFF, 0xFF, 0xFF, 0xFF, 0xFF, 0xFF, 0xFF, 0xFF, 0xFF, 0xFF, 0xFF, 0xFF, 0xFF, 0xFF, 0xFF, 0xFF,
    0xFF, 0xFF, 0xFF, 0xFF, 0xFF, 0xFF, 0xFF, 0xFF, 0xFF, 0xFF, 0xFF, 0xFF, 0xFF, 0xFF, 0xFF, 0xFF,
    0xFF, 0xFF, 0xFF, 0xFF, 0xFF, 0xFF, 0xFF, 0xFF, 0xFF, 0xFF, 0xFF, 0xFF, 0xFF, 0xFF, 0xFF, 0xFF,
    0xFF, 0xFF, 0xFF, 0xFF, 0xFF, 0xFF, 0xFF, 0xFF, 0xFF, 0xFF, 0xFF, 0xFF, 0xFF, 0xFF, 0xFF, 0xFF,
    0xFF, 0xFF, 0xFF, 0xFF, 0xFF, 0xFF, 0xFF, 0xFF, 0xFF, 0xFF, 0xFF, 0xFF, 0xFF, 0xFF, 0xFF, 0xFF,
    0xFF, 0xFF, 0xFF, 0xFF, 0xFF, 0xFF, 0xFF, 0xFF, 0xFF, 0xFF, 0xFF, 0xFF, 0xFF, 0xFF, 0xFF, 0xFF,
    0xFF, 0xFF, 0xFF, 0xFF, 0xFF, 0xFF, 0xFF, 0xFF, 0xFF, 0xFF, 0xFF, 0xFF, 0xFF, 0xFF, 0xFF, 0xFF,
    0xFF, 0xFF, 0xFF, 0xFF, 0xFF, 0xFF, 0xFF, 0xFF, 0xFF, 0xFF, 0xFF, 0xFF, 0xFF, 0xFF, 0xFF, 0xFF,
    0xFF, 0xFF, 0xFF, 0xFF, 0xFF, 0xFF, 0xFF, 0xFF, 0xFF, 0xFF, 0xFF, 0xFF, 0xFF, 0xFF, 0xFF, 0xFF,
    0xFF, 0xFF, 0xFF, 0xFF, 0xFF, 0xFF, 0xFF, 0xFF, 0xFF, 0xFF, 0xFF, 0xFF, 0xF8, 0xBD, 0xED, 0x5A,
    0x76, 0xAD, 0xDB, 0xD6, 0x9E, 0xF7, 0xDF, 0xFF, 0xFC, 0xDE, 0x93, 0x8C, 0x06, 0x19, 0x06, 0x11,
    0x06, 0x11, 0x06, 0x11, 0xB0, 0x6B, 0xFF, 0xFF, 0xFF, 0xFF, 0xFF, 0xFF, 0xFF, 0xFF, 0xFF, 0xFF,
    0xFF, 0xFF, 0xFF, 0xFF, 0xFF, 0xFF, 0xFF, 0xFF, 0xFF, 0xFF, 0xFF, 0xFF, 0xFF, 0xFF, 0xFF, 0xFF,
    0xFF, 0xFF, 0xFF, 0xFF, 0xFF, 0xFF, 0xFF, 0xFF, 0xFF, 0xFF, 0xFF, 0xFF, 0xFF, 0xFF, 0xFF, 0xFF,
    0xFF, 0xFF, 0xFF, 0xFF, 0xFF, 0xFF, 0xFF, 0xFF, 0xFF, 0xFF, 0xFF, 0xFF, 0xFF, 0xFF, 0xFF, 0xFF,
    0xFF, 0xFF, 0xFF, 0xFF, 0xFF, 0xFF, 0xFF, 0xFF, 0xFF, 0xFF, 0xFF, 0xFF, 0xFF, 0xFF, 0xFF, 0xFF,
    0xFF, 0xFF, 0xFF, 0xFF, 0xFF, 0xFF, 0xFF, 0xFF, 0xFF, 0xFF, 0xFF, 0xFF, 0xFF, 0xFF, 0xFF, 0xFF,
    0xFF, 0xFF, 0xFF, 0xFF, 0xFF, 0xFF, 0xFF, 0xFF, 0xFF, 0xFF, 0xFF, 0xFF, 0xFF, 0xFF, 0xFF, 0xFF,
    0xFF, 0xFF, 0xFF, 0xFF, 0xFF, 0xFF, 0xFF, 0xFF, 0xFF, 0xFF, 0xFF, 0xFF, 0xFF, 0xFF, 0xFF, 0xFF,
    0xFF, 0xFF, 0xFF, 0xFF, 0xFF, 0xFF, 0xFF, 0xFF, 0xFF, 0xFF, 0xFF, 0xFF, 0xFF, 0xFF, 0xFF, 0xFF,
    0xFF, 0xFF, 0xFF, 0xFF, 0xFF, 0xFF, 0xFF, 0xFF, 0xFF, 0xFF, 0xFF, 0xFF, 0xFF, 0xFF, 0xFF, 0xFF,
    0xFF, 0xFF, 0xFF, 0xFF, 0xFF, 0xFF, 0xFF, 0xFF, 0xFF, 0xFF, 0xFF, 0xFF, 0xFF, 0xFF, 0xFF, 0xFF,
    0xFF, 0xFF, 0xFF, 0xFF, 0xFF, 0xFF, 0xFF, 0xFF, 0xFF, 0xFF, 0xFF, 0xFF, 0xFF, 0xFF, 0xFF, 0xFF,
    0xFF, 0xFF, 0xFF, 0xFF, 0xFF, 0xFF, 0xFF, 0xFF, 0xFF, 0xFF, 0xFF, 0xFF, 0xFF, 0xFF, 0xFF, 0xFF,
    0xFF, 0xFF, 0xFF, 0xFF, 0xFF, 0xFF, 0xFF, 0xFF, 0xFF, 0xFF, 0xFF, 0xFF, 0xFF, 0xFF, 0xFF, 0xFF,
    0xFF, 0xFF, 0x06, 0x19, 0x06, 0x11, 0x06, 0x11, 0x06, 0x11, 0x7A, 0xCE, 0xFF, 0xFF, 0xFF, 0xFF,
    0xFF, 0xFF, 0xFF, 0xFF, 0xFF, 0xFF, 0xFF, 0xFF, 0xFF, 0xFF, 0xFF, 0xFF, 0xFF, 0xFF, 0xFF, 0xFF,
    0xFF, 0xFF, 0xFF, 0xFF, 0x06, 0x19, 0x06, 0x11, 0x06, 0x11, 0x06, 0x11, 0x7A, 0xCE, 0xFF, 0xFF,
    0xFF, 0xFF, 0xFF, 0xFF, 0xFF, 0xFF, 0xFF, 0xFF, 0xFF, 0xFF, 0xFF, 0xFF, 0xFF, 0xFF, 0xFF, 0xFF,
    0xFF, 0xFF, 0xFF, 0xFF, 0xFF, 0xFF, 0xFF, 0xFF, 0xFF, 0xFF, 0xFF, 0xFF, 0xFF, 0xFF, 0xFF, 0xFF,
    0xFF, 0xFF, 0xFF, 0xFF, 0xFF, 0xFF, 0xFF, 0xFF, 0xFF, 0xFF, 0xFF, 0xFF, 0xFF, 0xFF, 0xFF, 0xFF,
    0xFF, 0xFF, 0xFF, 0xFF, 0xFF, 0xFF, 0xFF, 0xFF, 0xFF, 0xFF, 0xFF, 0xFF, 0xFF, 0xFF, 0xFF, 0xFF,
    0xFF, 0xFF, 0xFF, 0xFF, 0xFF, 0xFF, 0xFF, 0xFF, 0xFF, 0xFF, 0xFF, 0xFF, 0xFF, 0xFF, 0xFF, 0xFF,
    0xFF, 0xFF, 0xFF, 0xFF, 0xFF, 0xFF, 0xFF, 0xFF, 0xFF, 0xFF, 0xFF, 0xFF, 0xFF, 0xFF, 0xFF, 0xFF,
    0xFF, 0xFF, 0xFF, 0xFF, 0xFF, 0xFF, 0xFF, 0xFF, 0xFF, 0xFF, 0xFF, 0xFF, 0xFF, 0xFF, 0xFF, 0xFF,
    0xFF, 0xFF, 0xFF, 0xFF, 0xFF, 0xFF, 0xFF, 0xFF, 0xFF, 0xFF, 0xFF, 0xFF, 0xFF, 0xFF, 0xFF, 0xFF,
    0xFF, 0xFF, 0xFF, 0xFF, 0xFF, 0xFF, 0xFF, 0xFF, 0xFF, 0xFF, 0xFF, 0xFF, 0xFF, 0xFF, 0xFF, 0xFF,
    0xFF, 0xFF, 0xFF, 0xFF, 0xFF, 0xFF, 0xFF, 0xFF, 0xFF, 0xFF, 0xFF, 0xFF, 0xFF, 0xFF, 0xFF, 0xFF,
    0xFF, 0xFF, 0xFF, 0xFF, 0xFF, 0xFF, 0xFF, 0xFF, 0xFF, 0xFF, 0xFF, 0xFF, 0xFF, 0xFF, 0xFF, 0xFF,
    0xFF, 0xFF, 0xFF, 0xFF, 0xFF, 0xFF, 0xFF, 0xFF, 0xFF, 0xFF, 0xFF, 0xFF, 0xFF, 0xFF, 0xFF, 0xFF,
    0xFF, 0xFF, 0xFF, 0xFF, 0xFF, 0xFF, 0xFF, 0xFF, 0xFF, 0xFF, 0xFF, 0xFF, 0xFF, 0xFF, 0xFF, 0xFF,
    0xFF, 0xFF, 0xFF, 0xFF, 0xFF, 0xFF, 0xFF, 0xFF, 0xFF, 0xFF, 0xFF, 0xFF, 0xFF, 0xFF, 0xFF, 0xFF,
    0xFF, 0xFF, 0xFF, 0xFF, 0xFF, 0xFF, 0xFF, 0xFF, 0xFF, 0xFF, 0xFF, 0xFF, 0xFF, 0xFF, 0xFF, 0xFF,
    0xFF, 0xFF, 0xFF, 0xFF, 0xFF, 0xFF, 0xFF, 0xFF, 0xFF, 0xFF, 0xFF, 0xFF, 0xFF, 0xFF, 0xFF, 0xFF,
    0xFF, 0xFF, 0xFF, 0xFF, 0xFF, 0xFF, 0xFF, 0xFF, 0xFF, 0xFF, 0xFF, 0xFF, 0xFF, 0xFF, 0xFF, 0xFF,
    0xFF, 0xFF, 0xFF, 0xFF, 0xFF, 0xFF, 0xFF, 0xFF, 0xFF, 0xFF, 0xFF, 0xFF, 0xFF, 0xFF, 0xFF, 0xFF,
    0xFF, 0xFF, 0xFF, 0xFF, 0xFF, 0xFF, 0xFF, 0xFF, 0xFF, 0xFF, 0xFF, 0xFF, 0xFF, 0xFF, 0xFF, 0xFF,
    0xFF, 0xFF, 0xFF, 0xFF, 0xFF, 0xFF, 0xFF, 0xFF, 0xFF, 0xFF, 0xFF, 0xFF, 0xFF, 0xFF, 0xFF, 0xFF,
    0xFF, 0xFF, 0xFF, 0xFF, 0xFF, 0xFF, 0xFF, 0xFF, 0xFF, 0xFF, 0xFF, 0xFF, 0xFF, 0xFF, 0xFF, 0xFF,
    0xFF, 0xFF, 0xFF, 0xFF, 0xFF, 0xFF, 0xFF, 0xFF, 0xFF, 0xFF, 0xFF, 0xFF, 0xFF, 0xFF, 0xFF, 0xFF,
    0xFF, 0xFF, 0xFF, 0xFF, 0xFF, 0xFF, 0xFF, 0xFF, 0xFF, 0xFF, 0xFF, 0xFF, 0xFF, 0xFF, 0xFF, 0xFF,
    0xFF, 0xFF, 0xFF, 0xFF, 0xFF, 0xFF, 0xFF, 0xFF, 0xFF, 0xFF, 0xFF, 0xFF, 0xFF, 0xFF, 0xFF, 0xFF,
    0xFF, 0xFF, 0xFF, 0xFF, 0xFF, 0xFF, 0xFF, 0xFF, 0xFF, 0xFF, 0xFF, 0xFF, 0xFF, 0xFF, 0xFF, 0xFF,
    0xFF, 0xFF, 0xFF, 0xFF, 0xFF, 0xFF, 0xFF, 0xFF, 0xFF, 0xFF, 0xFF, 0xFF, 0xFF, 0xFF, 0xFF, 0xFF,
    0xFF, 0xFF, 0xFF, 0xFF, 0xFF, 0xFF, 0xFF, 0xFF, 0xFF, 0xFF, 0xFF, 0xFF, 0xFF, 0xFF, 0xFF, 0xFF,
    0xFF, 0xFF, 0xFF, 0xFF, 0xFF, 0xFF, 0xFF, 0xFF, 0xFF, 0xFF, 0xFF, 0xFF, 0xFF, 0xFF, 0xFF, 0xFF,
    0xFF, 0xFF, 0xFF, 0xFF, 0xFF, 0xFF, 0xFF, 0xFF, 0xFF, 0xFF, 0xFF, 0xFF, 0xFF, 0xFF, 0xFF, 0xFF,
    0xFF, 0xFF, 0xFF, 0xFF, 0xFF, 0xFF, 0xFF, 0xFF, 0xFF, 0xFF, 0xFF, 0xFF, 0xFF, 0xFF, 0xFF, 0xFF,
    0xFF, 0xFF, 0xFF, 0xFF, 0xFF, 0xFF, 0xFF, 0xFF, 0xFF, 0xFF, 0xFF, 0xFF, 0xFF, 0xFF, 0xFF, 0xFF,
    0xFF, 0xFF, 0xFF, 0xFF, 0xFF, 0xFF, 0xFF, 0xFF, 0xFF, 0xFF, 0xFF, 0xFF, 0xFF, 0xFF, 0xFF, 0xFF,
    0xFF, 0xFF, 0xFF, 0xFF, 0xFF, 0xFF, 0xFF, 0xFF, 0xFF, 0xFF, 0xFF, 0xFF, 0xFF, 0xFF, 0xFF, 0xFF,
    0xFF, 0xFF, 0xFF, 0xFF, 0xFF, 0xFF, 0xFF, 0xFF, 0xFF, 0xFF, 0xFF, 0xFF, 0xFF, 0xFF, 0xFF, 0xFF,
    0xFF, 0xFF, 0xFF, 0xFF, 0xFF, 0xFF, 0xFF, 0xFF, 0xFF, 0xFF, 0xFF, 0xFF, 0xFF, 0xFF, 0xFF, 0xFF,
    0xFF, 0xFF, 0xFF, 0xFF, 0xFF, 0xFF, 0xFF, 0xFF, 0xFF, 0xFF, 0xFF, 0xFF, 0xFF, 0xFF, 0xFF, 0xFF,
    0xFF, 0xFF, 0xFF, 0xFF, 0xFF, 0xFF, 0xFF, 0xFF, 0xFF, 0xFF, 0xFF, 0xFF, 0xFF, 0xFF, 0xFF, 0xFF,
    0xFF, 0xFF, 0xFF, 0xFF, 0xFF, 0xFF, 0xFF, 0xFF, 0xFF, 0xFF, 0xFF, 0xFF, 0xFF, 0xFF, 0xFF, 0xFF,
    0xFF, 0xFF, 0xFF, 0xFF, 0xFF, 0xFF, 0xFF, 0xFF, 0xFF, 0xFF, 0xFF, 0xFF, 0xFF, 0xFF, 0xFF, 0xFF,
    0xFF, 0xFF, 0xFF, 0xFF, 0xD7, 0xB5, 0x06, 0x11, 0x06, 0x11, 0x06, 0x11, 0x06, 0x11, 0x06, 0x11,
    0x06, 0x11, 0x06, 0x11, 0x06, 0x11, 0x06, 0x11, 0x06, 0x11, 0x88, 0x29, 0x3D, 0xE7, 0xFF, 0xFF,
    0xFF, 0xFF, 0xFF, 0xFF, 0xFF, 0xFF, 0xFF, 0xFF, 0xFF, 0xFF, 0xFF, 0xFF, 0xFF, 0xFF, 0xFF, 0xFF,
    0xFF, 0xFF, 0xFF, 0xFF, 0xFF, 0xFF, 0xFF, 0xFF, 0xFF, 0xFF, 0xFF, 0xFF, 0xFF, 0xFF, 0xFF, 0xFF,
    0xFF, 0xFF, 0xFF, 0xFF, 0xFF, 0xFF, 0xFF, 0xFF, 0xFF, 0xFF, 0xFF, 0xFF, 0xFF, 0xFF, 0xFF, 0xFF,
    0xFF, 0xFF, 0xFF, 0xFF, 0xFF, 0xFF, 0xFF, 0xFF, 0xFF, 0xFF, 0xFF, 0xFF, 0xFF, 0xFF, 0xFF, 0xFF,
    0xFF, 0xFF, 0xFF, 0xFF, 0xFF, 0xFF, 0xFF, 0xFF, 0xFF, 0xFF, 0xFF, 0xFF, 0xFF, 0xFF, 0xFF, 0xFF,
    0xFF, 0xFF, 0xFF, 0xFF, 0xFF, 0xFF, 0xFF, 0xFF, 0xFF, 0xFF, 0xFF, 0xFF, 0xFF, 0xFF, 0xFF, 0xFF,
    0xFF, 0xFF, 0xFF, 0xFF, 0xFF, 0xFF, 0xFF, 0xFF, 0xFF, 0xFF, 0xFF, 0xFF, 0xFF, 0xFF, 0xFF, 0xFF,
    0xFF, 0xFF, 0xFF, 0xFF, 0xFF, 0xFF, 0xFF, 0xFF, 0xFF, 0xFF, 0xFF, 0xFF, 0xFF, 0xFF, 0xFF, 0xFF,
    0xFF, 0xFF, 0xFF, 0xFF, 0xFF, 0xFF, 0xFF, 0xFF, 0xFF, 0xFF, 0xFF, 0xFF, 0xFF, 0xFF, 0xFF, 0xFF,
    0xFF, 0xFF, 0xFF, 0xFF, 0xFF, 0xFF, 0xFF, 0xFF, 0xFF, 0xFF, 0xFF, 0xFF, 0xFF, 0xFF, 0xFF, 0xFF,
    0xFF, 0xFF, 0xFF, 0xFF, 0xFF, 0xFF, 0xFF, 0xFF, 0xFF, 0xFF, 0xFF, 0xFF, 0xFF, 0xFF, 0xFF, 0xFF,
    0xFF, 0xFF, 0xFF, 0xFF, 0xFF, 0xFF, 0xFF, 0xFF, 0xFF, 0xFF, 0xFF, 0xFF, 0xFF, 0xFF, 0xFF, 0xFF,
    0xFF, 0xFF, 0xFF, 0xFF, 0xFF, 0xFF, 0xFF, 0xFF, 0xFF, 0xFF, 0xFF, 0xFF, 0xFF, 0xFF, 0xFF, 0xFF,
    0xFF, 0xFF, 0xFF, 0xFF, 0xFF, 0xFF, 0xFF, 0xFF, 0xFF, 0xFF, 0x06, 0x19, 0x06, 0x11, 0x06, 0x11,
    0x06, 0x11, 0x7A, 0xCE, 0xFF, 0xFF, 0xFF, 0xFF, 0xFF, 0xFF, 0xFF, 0xFF, 0xFF, 0xFF, 0xFF, 0xFF,
    0xFF, 0xFF, 0xFF, 0xFF, 0xFF, 0xFF, 0xFF, 0xFF, 0xFF, 0xFF, 0xFF, 0xFF, 0x06, 0x19, 0x06, 0x11,
    0x06, 0x11, 0x06, 0x11, 0x7A, 0xCE, 0xFF, 0xFF, 0xFF, 0xFF, 0xFF, 0xFF, 0xFF, 0xFF, 0xFF, 0xFF,
    0xFF, 0xFF, 0xFF, 0xFF, 0xFF, 0xFF, 0xFF, 0xFF, 0xFF, 0xFF, 0xFF, 0xFF, 0xFF, 0xFF, 0xFF, 0xFF,
    0xFF, 0xFF, 0xFF, 0xFF, 0xFF, 0xFF, 0xFF, 0xFF, 0xFF, 0xFF, 0xFF, 0xFF, 0xFF, 0xFF, 0xFF, 0xFF,
    0xFF, 0xFF, 0xFF, 0xFF, 0xFF, 0xFF, 0xFF, 0xFF, 0xFF, 0xFF, 0xFF, 0xFF, 0xFF, 0xFF, 0xFF, 0xFF,
    0xFF, 0xFF, 0xFF, 0xFF, 0xFF, 0xFF, 0xFF, 0xFF, 0xFF, 0xFF, 0xFF, 0xFF, 0xFF, 0xFF, 0xFF, 0xFF,
    0xFF, 0xFF, 0xFF, 0xFF, 0xFF, 0xFF, 0xFF, 0xFF, 0xFF, 0xFF, 0xFF, 0xFF, 0xFF, 0xFF, 0xFF, 0xFF,
    0xFF, 0xFF, 0xFF, 0xFF, 0xFF, 0xFF, 0xFF, 0xFF, 0xFF, 0xFF, 0xFF, 0xFF, 0xFF, 0xFF, 0xFF, 0xFF,
    0xFF, 0xFF, 0xFF, 0xFF, 0xFF, 0xFF, 0xFF, 0xFF, 0xFF, 0xFF, 0xFF, 0xFF, 0xFF, 0xFF, 0xFF, 0xFF,
    0xFF, 0xFF, 0xFF, 0xFF, 0xFF, 0xFF, 0xFF, 0xFF, 0xFF, 0xFF, 0xFF, 0xFF, 0xFF, 0xFF, 0xFF, 0xFF,
    0xFF, 0xFF, 0xFF, 0xFF, 0xFF, 0xFF, 0xFF, 0xFF, 0xFF, 0xFF, 0xFF, 0xFF, 0xFF, 0xFF, 0xFF, 0xFF,
    0xFF, 0xFF, 0xFF, 0xFF, 0xFF, 0xFF, 0xFF, 0xFF, 0xFF, 0xFF, 0xFF, 0xFF, 0xFF, 0xFF, 0xFF, 0xFF,
    0xFF, 0xFF, 0xFF, 0xFF, 0xFF, 0xFF, 0xFF, 0xFF, 0xFF, 0xFF, 0xFF, 0xFF, 0xFF, 0xFF, 0xFF, 0xFF,
    0xFF, 0xFF, 0xFF, 0xFF, 0xFF, 0xFF, 0xFF, 0xFF, 0xFF, 0xFF, 0xFF, 0xFF, 0xFF, 0xFF, 0xFF, 0xFF,
    0xFF, 0xFF, 0xFF, 0xFF, 0xFF, 0xFF, 0xFF, 0xFF, 0xFF, 0xFF, 0xFF, 0xFF, 0xFF, 0xFF, 0xFF, 0xFF,
    0xFF, 0xFF, 0xFF, 0xFF, 0xFF, 0xFF, 0xFF, 0xFF, 0xFF, 0xFF, 0xFF, 0xFF, 0xFF, 0xFF, 0xFF, 0xFF,
    0xFF, 0xFF, 0xFF, 0xFF, 0xFF, 0xFF, 0xFF, 0xFF, 0xFF, 0xFF, 0xFF, 0xFF, 0xFF, 0xFF, 0xFF, 0xFF,
    0xFF, 0xFF, 0xFF, 0xFF, 0xFF, 0xFF, 0xFF, 0xFF, 0xFF, 0xFF, 0xFF, 0xFF, 0xFF, 0xFF, 0xFF, 0xFF,
    0xFF, 0xFF, 0xFF, 0xFF, 0xFF, 0xFF, 0xFF, 0xFF, 0xFF, 0xFF, 0xFF, 0xFF, 0xFF, 0xFF, 0xFF, 0xFF,
    0xFF, 0xFF, 0xFF, 0xFF, 0xFF, 0xFF, 0xFF, 0xFF, 0xFF, 0xFF, 0xFF, 0xFF, 0xFF, 0xFF, 0xFF, 0xFF,
    0xFF, 0xFF, 0xFF, 0xFF, 0xFF, 0xFF, 0xFF, 0xFF, 0xFF, 0xFF, 0xFF, 0xFF, 0xFF, 0xFF, 0xFF, 0xFF,
    0xFF, 0xFF, 0xFF, 0xFF, 0xFF, 0xFF, 0xFF, 0xFF, 0xFF, 0xFF, 0xFF, 0xFF, 0xFF, 0xFF, 0xFF, 0xFF,
    0xFF, 0xFF, 0xFF, 0xFF, 0xFF, 0xFF, 0xFF, 0xFF, 0xFF, 0xFF, 0xFF, 0xFF, 0xFF, 0xFF, 0xFF, 0xFF,
    0xFF, 0xFF, 0xFF, 0xFF, 0xFF, 0xFF, 0xFF, 0xFF, 0xFF, 0xFF, 0xFF, 0xFF, 0xFF, 0xFF, 0xFF, 0xFF,
    0xFF, 0xFF, 0xFF, 0xFF, 0xFF, 0xFF, 0xFF, 0xFF, 0xFF, 0xFF, 0xFF, 0xFF, 0xFF, 0xFF, 0xFF, 0xFF,
    0xFF, 0xFF, 0xFF, 0xFF, 0xFF, 0xFF, 0xFF, 0xFF, 0xFF, 0xFF, 0xFF, 0xFF, 0xFF, 0xFF, 0xFF, 0xFF,
    0xFF, 0xFF, 0xFF, 0xFF, 0xFF, 0xFF, 0xFF, 0xFF, 0xFF, 0xFF, 0xFF, 0xFF, 0xFF, 0xFF, 0xFF, 0xFF,
    0xFF, 0xFF, 0xFF, 0xFF, 0xFF, 0xFF, 0xFF, 0xFF, 0xFF, 0xFF, 0xFF, 0xFF, 0xFF, 0xFF, 0xFF, 0xFF,
    0xFF, 0xFF, 0xFF, 0xFF, 0xFF, 0xFF, 0xFF, 0xFF, 0xFF, 0xFF, 0xFF, 0xFF, 0xFF, 0xFF, 0xFF, 0xFF,
    0xFF, 0xFF, 0xFF, 0xFF, 0xFF, 0xFF, 0xFF, 0xFF, 0xFF, 0xFF, 0xFF, 0xFF, 0xFF, 0xFF, 0xFF, 0xFF,
    0xFF, 0xFF, 0xFF, 0xFF, 0xFF, 0xFF, 0xFF, 0xFF, 0xFF, 0xFF, 0xFF, 0xFF, 0xFF, 0xFF, 0xFF, 0xFF,
    0xFF, 0xFF, 0xFF, 0xFF, 0xFF, 0xFF, 0xFF, 0xFF, 0xFF, 0xFF, 0xFF, 0xFF, 0xFF, 0xFF, 0xFF, 0xFF,
    0xFF, 0xFF, 0xFF, 0xFF, 0xFF, 0xFF, 0xFF, 0xFF, 0xFF, 0xFF, 0xFF, 0xFF, 0xFF, 0xFF, 0xFF, 0xFF,
    0xFF, 0xFF, 0xFF, 0xFF, 0xFF, 0xFF, 0xFF, 0xFF, 0xFF, 0xFF, 0xFF, 0xFF, 0xFF, 0xFF, 0xFF, 0xFF,
    0xFF, 0xFF, 0xFF, 0xFF, 0xFF, 0xFF, 0xFF, 0xFF, 0xFF, 0xFF, 0xFF, 0xFF, 0xFF, 0xFF, 0xFF, 0xFF,
    0xFF, 0xFF, 0xFF, 0xFF, 0xFF, 0xFF, 0xFF, 0xFF, 0xFF, 0xFF, 0xFF, 0xFF, 0xFF, 0xFF, 0xFF, 0xFF,
    0xFF, 0xFF, 0xFF, 0xFF, 0xFF, 0xFF, 0xFF, 0xFF, 0xFF, 0xFF, 0xFF, 0xFF, 0xFF, 0xFF, 0xFF, 0xFF,
    0xFF, 0xFF, 0xFF, 0xFF, 0xFF, 0xFF, 0xFF, 0xFF, 0xFF, 0xFF, 0xFF, 0xFF, 0xFF, 0xFF, 0xFF, 0xFF,
    0xFF, 0xFF, 0xFF, 0xFF, 0xFF, 0xFF, 0xFF, 0xFF, 0xFF, 0xFF, 0xFF, 0xFF, 0xFF, 0xFF, 0xFF, 0xFF,
    0xFF, 0xFF, 0xFF, 0xFF, 0xFF, 0xFF, 0xFF, 0xFF, 0xFF, 0xFF, 0xFF, 0xFF, 0xFF, 0xFF, 0xFF, 0xFF,
    0xFF, 0xFF, 0xFF, 0xFF, 0xFF, 0xFF, 0xFF, 0xFF, 0xFF, 0xFF, 0xFF, 0xFF, 0xD7, 0xB5, 0x06, 0x11,
    0x06, 0x11, 0x06, 0x11, 0x06, 0x11, 0x06, 0x11, 0x06, 0x11, 0x06, 0x11, 0x06, 0x11, 0x06, 0x11,
    0x2A, 0x42, 0xDB, 0xDE, 0xFF, 0xFF, 0xFF, 0xFF, 0xFF, 0xFF, 0xFF, 0xFF, 0xFF, 0xFF, 0xFF, 0xFF,
    0xFF, 0xFF, 0xFF, 0xFF, 0xFF, 0xFF, 0xFF, 0xFF, 0xFF, 0xFF, 0xFF, 0xFF, 0xFF, 0xFF, 0xFF, 0xFF,
    0xFF, 0xFF, 0xFF, 0xFF, 0xFF, 0xFF, 0xFF, 0xFF, 0xFF, 0xFF, 0xFF, 0xFF, 0xFF, 0xFF, 0xFF, 0xFF,
    0xFF, 0xFF, 0xFF, 0xFF, 0xFF, 0xFF, 0xFF, 0xFF, 0xFF, 0xFF, 0xFF, 0xFF, 0xFF, 0xFF, 0xFF, 0xFF,
    0xFF, 0xFF, 0xFF, 0xFF, 0xFF, 0xFF, 0xFF, 0xFF, 0xFF, 0xFF, 0xFF, 0xFF, 0xFF, 0xFF, 0xFF, 0xFF,
    0xFF, 0xFF, 0xFF, 0xFF, 0xFF, 0xFF, 0xFF, 0xFF, 0xFF, 0xFF, 0xFF, 0xFF, 0xFF, 0xFF, 0xFF, 0xFF,
    0xFF, 0xFF, 0xFF, 0xFF, 0xFF, 0xFF, 0xFF, 0xFF, 0xFF, 0xFF, 0xFF, 0xFF, 0xFF, 0xFF, 0xFF, 0xFF,
    0xFF, 0xFF, 0xFF, 0xFF, 0xFF, 0xFF, 0xFF, 0xFF, 0xFF, 0xFF, 0xFF, 0xFF, 0xFF, 0xFF, 0xFF, 0xFF,
    0xFF, 0xFF, 0xFF, 0xFF, 0xFF, 0xFF, 0xFF, 0xFF, 0xFF, 0xFF, 0xFF, 0xFF, 0xFF, 0xFF, 0xFF, 0xFF,
    0xFF, 0xFF, 0xFF, 0xFF, 0xFF, 0xFF, 0xFF, 0xFF, 0xFF, 0xFF, 0xFF, 0xFF, 0xFF, 0xFF, 0xFF, 0xFF,
    0xFF, 0xFF, 0xFF, 0xFF, 0xFF, 0xFF, 0xFF, 0xFF, 0xFF, 0xFF, 0xFF, 0xFF, 0xFF, 0xFF, 0xFF, 0xFF,
    0xFF, 0xFF, 0xFF, 0xFF, 0xFF, 0xFF, 0xFF, 0xFF, 0xFF, 0xFF, 0xFF, 0xFF, 0xFF, 0xFF, 0xFF, 0xFF,
    0xFF, 0xFF, 0xFF, 0xFF, 0xFF, 0xFF, 0xFF, 0xFF, 0xFF, 0xFF, 0xFF, 0xFF, 0xFF, 0xFF, 0xFF, 0xFF,
    0xFF, 0xFF, 0xFF, 0xFF, 0xFF, 0xFF, 0xFF, 0xFF, 0xFF, 0xFF, 0xFF, 0xFF, 0xFF, 0xFF, 0xFF, 0xFF,
    0xFF, 0xFF, 0x06, 0x19, 0x06, 0x11, 0x06, 0x11, 0x06, 0x11, 0x7A, 0xCE, 0xFF, 0xFF, 0xFF, 0xFF,
    0xFF, 0xFF, 0xFF, 0xFF, 0xFF, 0xFF, 0xFF, 0xFF, 0xFF, 0xFF, 0xFF, 0xFF, 0xFF, 0xFF, 0xFF, 0xFF,
    0xFF, 0xFF, 0xFF, 0xFF, 0x06, 0x19, 0x06, 0x11, 0x06, 0x11, 0x06, 0x11, 0x7A, 0xCE, 0xFF, 0xFF,
    0xFF, 0xFF, 0xFF, 0xFF, 0xFF, 0xFF, 0xFF, 0xFF, 0xFF, 0xFF, 0xFF, 0xFF, 0xFF, 0xFF, 0xFF, 0xFF,
    0xFF, 0xFF, 0xFF, 0xFF, 0xFF, 0xFF, 0xFF, 0xFF, 0xFF, 0xFF, 0xFF, 0xFF, 0xFF, 0xFF, 0xFF, 0xFF,
    0xFF, 0xFF, 0xFF, 0xFF, 0xFF, 0xFF, 0xFF, 0xFF, 0xFF, 0xFF, 0xFF, 0xFF, 0xFF, 0xFF, 0xFF, 0xFF,
    0xFF, 0xFF, 0xFF, 0xFF, 0xFF, 0xFF, 0xFF, 0xFF, 0xFF, 0xFF, 0xFF, 0xFF, 0xFF, 0xFF, 0xFF, 0xFF,
    0xFF, 0xFF, 0xFF, 0xFF, 0xFF, 0xFF, 0xFF, 0xFF, 0xFF, 0xFF, 0xFF, 0xFF, 0xFF, 0xFF, 0xFF, 0xFF,
    0xFF, 0xFF, 0xFF, 0xFF, 0xFF, 0xFF, 0xFF, 0xFF, 0xFF, 0xFF, 0xFF, 0xFF, 0xFF, 0xFF, 0xFF, 0xFF,
    0xFF, 0xFF, 0xFF, 0xFF, 0xFF, 0xFF, 0xFF, 0xFF, 0xFF, 0xFF, 0xFF, 0xFF, 0xFF, 0xFF, 0xFF, 0xFF,
    0xFF, 0xFF, 0xFF, 0xFF, 0xFF, 0xFF, 0xFF, 0xFF, 0xFF, 0xFF, 0xFF, 0xFF, 0xFF, 0xFF, 0xFF, 0xFF,
    0xFF, 0xFF, 0xFF, 0xFF, 0xFF, 0xFF, 0xFF, 0xFF, 0xFF, 0xFF, 0xFF, 0xFF, 0xFF, 0xFF, 0xFF, 0xFF,
    0xFF, 0xFF, 0xFF, 0xFF, 0xFF, 0xFF, 0xFF, 0xFF, 0xFF, 0xFF, 0xFF, 0xFF, 0xFF, 0xFF, 0xFF, 0xFF,
    0xFF, 0xFF, 0xFF, 0xFF, 0xFF, 0xFF, 0xFF, 0xFF, 0xFF, 0xFF, 0xFF, 0xFF, 0xFF, 0xFF, 0xFF, 0xFF,
    0xFF, 0xFF, 0xFF, 0xFF, 0xFF, 0xFF, 0xFF, 0xFF, 0xFF, 0xFF, 0xFF, 0xFF, 0xFF, 0xFF, 0xFF, 0xFF,
    0xFF, 0xFF, 0xFF, 0xFF, 0xFF, 0xFF, 0xFF, 0xFF, 0xFF, 0xFF, 0xFF, 0xFF, 0xFF, 0xFF, 0xFF, 0xFF,
    0xFF, 0xFF, 0xFF, 0xFF, 0xFF, 0xFF, 0xFF, 0xFF, 0xFF, 0xFF, 0xFF, 0xFF, 0xFF, 0xFF, 0xFF, 0xFF,
    0xFF, 0xFF, 0xFF, 0xFF, 0xFF, 0xFF, 0xFF, 0xFF, 0xFF, 0xFF, 0xFF, 0xFF, 0xFF, 0xFF, 0xFF, 0xFF,
    0xFF, 0xFF, 0xFF, 0xFF, 0xFF, 0xFF, 0xFF, 0xFF, 0xFF, 0xFF, 0xFF, 0xFF, 0xFF, 0xFF, 0xFF, 0xFF,
    0xFF, 0xFF, 0xFF, 0xFF, 0xFF, 0xFF, 0xFF, 0xFF, 0xFF, 0xFF, 0xFF, 0xFF, 0xFF, 0xFF, 0xFF, 0xFF,
    0xFF, 0xFF, 0xFF, 0xFF, 0xFF, 0xFF, 0xFF, 0xFF, 0xFF, 0xFF, 0xFF, 0xFF, 0xFF, 0xFF, 0xFF, 0xFF,
    0xFF, 0xFF, 0xFF, 0xFF, 0xFF, 0xFF, 0xFF, 0xFF, 0xFF, 0xFF, 0xFF, 0xFF, 0xFF, 0xFF, 0xFF, 0xFF,
    0xFF, 0xFF, 0xFF, 0xFF, 0xFF, 0xFF, 0xFF, 0xFF, 0xFF, 0xFF, 0xFF, 0xFF, 0xFF, 0xFF, 0xFF, 0xFF,
    0xFF, 0xFF, 0xFF, 0xFF, 0xFF, 0xFF, 0xFF, 0xFF, 0xFF, 0xFF, 0xFF, 0xFF, 0xFF, 0xFF, 0xFF, 0xFF,
    0xFF, 0xFF, 0xFF, 0xFF, 0xFF, 0xFF, 0xFF, 0xFF, 0xFF, 0xFF, 0xFF, 0xFF, 0xFF, 0xFF, 0xFF, 0xFF,
    0xFF, 0xFF, 0xFF, 0xFF, 0xFF, 0xFF, 0xFF, 0xFF, 0xFF, 0xFF, 0xFF, 0xFF, 0xFF, 0xFF, 0xFF, 0xFF,
    0xFF, 0xFF, 0xFF, 0xFF, 0xFF, 0xFF, 0xFF, 0xFF, 0xFF, 0xFF, 0xFF, 0xFF, 0xFF, 0xFF, 0xFF, 0xFF,
    0xFF, 0xFF, 0xFF, 0xFF, 0xFF, 0xFF, 0xFF, 0xFF, 0xFF, 0xFF, 0xFF, 0xFF, 0xFF, 0xFF, 0xFF, 0xFF,
    0xFF, 0xFF, 0xFF, 0xFF, 0xFF, 0xFF, 0xFF, 0xFF, 0xFF, 0xFF, 0xFF, 0xFF, 0xFF, 0xFF, 0xFF, 0xFF,
    0xFF, 0xFF, 0xFF, 0xFF, 0xFF, 0xFF, 0xFF, 0xFF, 0xFF, 0xFF, 0xFF, 0xFF, 0xFF, 0xFF, 0xFF, 0xFF,
    0xFF, 0xFF, 0xFF, 0xFF, 0xFF, 0xFF, 0xFF, 0xFF, 0xFF, 0xFF, 0xFF, 0xFF, 0xFF, 0xFF, 0xFF, 0xFF,
    0xFF, 0xFF, 0xFF, 0xFF, 0xFF, 0xFF, 0xFF, 0xFF, 0xFF, 0xFF, 0xFF, 0xFF, 0xFF, 0xFF, 0xFF, 0xFF,
    0xFF, 0xFF, 0xFF, 0xFF, 0xFF, 0xFF, 0xFF, 0xFF, 0xFF, 0xFF, 0xFF, 0xFF, 0xFF, 0xFF, 0xFF, 0xFF,
    0xFF, 0xFF, 0xFF, 0xFF, 0xFF, 0xFF, 0xFF, 0xFF, 0xFF, 0xFF, 0xFF, 0xFF, 0xFF, 0xFF, 0xFF, 0xFF,
    0xFF, 0xFF, 0xFF, 0xFF, 0xFF, 0xFF, 0xFF, 0xFF, 0xFF, 0xFF, 0xFF, 0xFF, 0xFF, 0xFF, 0xFF, 0xFF,
    0xFF, 0xFF, 0xFF, 0xFF, 0xFF, 0xFF, 0xFF, 0xFF, 0xFF, 0xFF, 0xFF, 0xFF, 0xFF, 0xFF, 0xFF, 0xFF,
    0xFF, 0xFF, 0xFF, 0xFF, 0xFF, 0xFF, 0xFF, 0xFF, 0xFF, 0xFF, 0xFF, 0xFF, 0xFF, 0xFF, 0xFF, 0xFF,
    0xFF, 0xFF, 0xFF, 0xFF, 0xFF, 0xFF, 0xFF, 0xFF, 0xFF, 0xFF, 0xFF, 0xFF, 0xFF, 0xFF, 0xFF, 0xFF,
    0xFF, 0xFF, 0xFF, 0xFF, 0xFF, 0xFF, 0xFF, 0xFF, 0xFF, 0xFF, 0xFF, 0xFF, 0xFF, 0xFF, 0xFF, 0xFF,
    0xFF, 0xFF, 0xFF, 0xFF, 0xFF, 0xFF, 0xFF, 0xFF, 0xFF, 0xFF, 0xFF, 0xFF, 0xFF, 0xFF, 0xFF, 0xFF,
    0xFF, 0xFF, 0xFF, 0xFF, 0xFF, 0xFF, 0xFF, 0xFF, 0xFF, 0xFF, 0xFF, 0xFF, 0xFF, 0xFF, 0xFF, 0xFF,
    0xFF, 0xFF, 0xFF, 0xFF, 0xFF, 0xFF, 0xFF, 0xFF, 0xFF, 0xFF, 0xFF, 0xFF, 0xFF, 0xFF, 0xFF, 0xFF,
    0xFF, 0xFF, 0xFF, 0xFF, 0xFF, 0xFF, 0x39, 0xC6, 0xD0, 0x73, 0x4B, 0x42, 0x88, 0x29, 0x06, 0x19,
    0x67, 0x21, 0x2A, 0x3A, 0x8F, 0x6B, 0xB7, 0xB5, 0xFF, 0xFF, 0xFF, 0xFF, 0xFF, 0xFF, 0xFF, 0xFF,
    0xFF, 0xFF, 0xFF, 0xFF, 0xFF, 0xFF, 0xFF, 0xFF, 0xFF, 0xFF, 0xFF, 0xFF, 0xFF, 0xFF, 0xFF, 0xFF,
    0xFF, 0xFF, 0xFF, 0xFF, 0xFF, 0xFF, 0xFF, 0xFF, 0xFF, 0xFF, 0xFF, 0xFF, 0xFF, 0xFF, 0xFF, 0xFF,
    0xFF, 0xFF, 0xFF, 0xFF, 0xFF, 0xFF, 0xFF, 0xFF, 0xFF, 0xFF, 0xFF, 0xFF, 0xFF, 0xFF, 0xFF, 0xFF,
    0xFF, 0xFF, 0xFF, 0xFF, 0xFF, 0xFF, 0xFF, 0xFF, 0xFF, 0xFF, 0xFF, 0xFF, 0xFF, 0xFF, 0xFF, 0xFF,
    0xFF, 0xFF, 0xFF, 0xFF, 0xFF, 0xFF, 0xFF, 0xFF, 0xFF, 0xFF, 0xFF, 0xFF, 0xFF, 0xFF, 0xFF, 0xFF,
    0xFF, 0xFF, 0xFF, 0xFF, 0xFF, 0xFF, 0xFF, 0xFF, 0xFF, 0xFF, 0xFF, 0xFF, 0xFF, 0xFF, 0xFF, 0xFF,
    0xFF, 0xFF, 0xFF, 0xFF, 0xFF, 0xFF, 0xFF, 0xFF, 0xFF, 0xFF, 0xFF, 0xFF, 0xFF, 0xFF, 0xFF, 0xFF,
    0xFF, 0xFF, 0xFF, 0xFF, 0xFF, 0xFF, 0xFF, 0xFF, 0xFF, 0xFF, 0xFF, 0xFF, 0xFF, 0xFF, 0xFF, 0xFF,
    0xFF, 0xFF, 0xFF, 0xFF, 0xFF, 0xFF, 0xFF, 0xFF, 0xFF, 0xFF, 0xFF, 0xFF, 0xFF, 0xFF, 0xFF, 0xFF,
    0xFF, 0xFF, 0xFF, 0xFF, 0xFF, 0xFF, 0xFF, 0xFF, 0xFF, 0xFF, 0xFF, 0xFF, 0xFF, 0xFF, 0xFF, 0xFF,
    0xFF, 0xFF, 0xFF, 0xFF, 0xFF, 0xFF, 0xFF, 0xFF, 0xFF, 0xFF, 0xFF, 0xFF, 0xFF, 0xFF, 0xFF, 0xFF,
    0xFF, 0xFF, 0xFF, 0xFF, 0xFF, 0xFF, 0xFF, 0xFF, 0xFF, 0xFF, 0xFF, 0xFF, 0xFF, 0xFF, 0xFF, 0xFF,
    0xFF, 0xFF, 0xFF, 0xFF, 0xFF, 0xFF, 0xFF, 0xFF, 0xFF, 0xFF, 0xFF, 0xFF, 0xFF, 0xFF, 0xFF, 0xFF,
    0xFF, 0xFF, 0xFF, 0xFF, 0xFF, 0xFF, 0xFF, 0xFF, 0xFF, 0xFF, 0x06, 0x19, 0x06, 0x11, 0x06, 0x11,
    0x06, 0x11, 0x7A, 0xCE, 0xFF, 0xFF, 0xFF, 0xFF, 0xFF, 0xFF, 0xFF, 0xFF, 0xFF, 0xFF, 0xFF, 0xFF,
    0xFF, 0xFF, 0xFF, 0xFF, 0xFF, 0xFF, 0xFF, 0xFF, 0xFF, 0xFF, 0xFF, 0xFF, 0x06, 0x19, 0x06, 0x11,
    0x06, 0x11, 0x06, 0x11, 0x7A, 0xCE, 0xFF, 0xFF, 0xFF, 0xFF, 0xFF, 0xFF, 0xFF, 0xFF, 0xFF, 0xFF,
    0xFF, 0xFF, 0xFF, 0xFF, 0xFF, 0xFF, 0xFF, 0xFF, 0xFF, 0xFF, 0xFF, 0xFF, 0xFF, 0xFF, 0xFF, 0xFF,
    0xFF, 0xFF, 0xFF, 0xFF, 0xFF, 0xFF, 0xFF, 0xFF, 0xFF, 0xFF, 0xFF, 0xFF, 0xFF, 0xFF, 0xFF, 0xFF,
    0xFF, 0xFF, 0xFF, 0xFF, 0xFF, 0xFF, 0xFF, 0xFF, 0xFF, 0xFF, 0xFF, 0xFF, 0xFF, 0xFF, 0xFF, 0xFF,
    0xFF, 0xFF, 0xFF, 0xFF, 0xFF, 0xFF, 0xFF, 0xFF, 0xFF, 0xFF, 0xFF, 0xFF, 0xFF, 0xFF, 0xFF, 0xFF,
    0xFF, 0xFF, 0xFF, 0xFF, 0xFF, 0xFF, 0xFF, 0xFF, 0xFF, 0xFF, 0xFF, 0xFF, 0xFF, 0xFF, 0xFF, 0xFF,
    0xFF, 0xFF, 0xFF, 0xFF, 0xFF, 0xFF, 0xFF, 0xFF, 0xFF, 0xFF, 0xFF, 0xFF, 0xFF, 0xFF, 0xFF, 0xFF,
    0xFF, 0xFF, 0xFF, 0xFF, 0xFF, 0xFF, 0xFF, 0xFF, 0xFF, 0xFF, 0xFF, 0xFF, 0xFF, 0xFF, 0xFF, 0xFF,
    0xFF, 0xFF, 0xFF, 0xFF, 0xFF, 0xFF, 0xFF, 0xFF, 0xFF, 0xFF, 0xFF, 0xFF, 0xFF, 0xFF, 0xFF, 0xFF,
    0xFF, 0xFF, 0xFF, 0xFF, 0xFF, 0xFF, 0xFF, 0xFF, 0xFF, 0xFF, 0xFF, 0xFF, 0xFF, 0xFF, 0xFF, 0xFF,
    0xFF, 0xFF, 0xFF, 0xFF, 0xFF, 0xFF, 0xFF, 0xFF, 0xFF, 0xFF, 0xFF, 0xFF, 0xFF, 0xFF, 0xFF, 0xFF,
    0xFF, 0xFF, 0xFF, 0xFF, 0xFF, 0xFF, 0xFF, 0xFF, 0xFF, 0xFF, 0xFF, 0xFF, 0xFF, 0xFF, 0xFF, 0xFF,
    0xFF, 0xFF, 0xFF, 0xFF, 0xFF, 0xFF, 0xFF, 0xFF, 0xFF, 0xFF, 0xFF, 0xFF, 0xFF, 0xFF, 0xFF, 0xFF,
    0xFF, 0xFF, 0xFF, 0xFF, 0xFF, 0xFF, 0xFF, 0xFF, 0xFF, 0xFF, 0xFF, 0xFF, 0xFF, 0xFF, 0xFF, 0xFF,
    0xFF, 0xFF, 0xFF, 0xFF, 0xFF, 0xFF, 0xFF, 0xFF, 0xFF, 0xFF, 0xFF, 0xFF, 0xFF, 0xFF, 0xFF, 0xFF,
    0xFF, 0xFF, 0xFF, 0xFF, 0xFF, 0xFF, 0xFF, 0xFF, 0xFF, 0xFF, 0xFF, 0xFF, 0xFF, 0xFF, 0xFF, 0xFF,
    0xFF, 0xFF, 0xFF, 0xFF, 0xFF, 0xFF, 0xFF, 0xFF, 0xFF, 0xFF, 0xFF, 0xFF, 0xFF, 0xFF, 0xFF, 0xFF,
    0xFF, 0xFF, 0xFF, 0xFF, 0xFF, 0xFF, 0xFF, 0xFF, 0xFF, 0xFF, 0xFF, 0xFF, 0xFF, 0xFF, 0xFF, 0xFF,
    0xFF, 0xFF, 0xFF, 0xFF, 0xFF, 0xFF, 0xFF, 0xFF, 0xFF, 0xFF, 0xFF, 0xFF, 0xFF, 0xFF, 0xFF, 0xFF,
    0xFF, 0xFF, 0xFF, 0xFF, 0xFF, 0xFF, 0xFF, 0xFF, 0xFF, 0xFF, 0xFF, 0xFF, 0xFF, 0xFF, 0xFF, 0xFF,
    0xFF, 0xFF, 0xFF, 0xFF, 0xFF, 0xFF, 0xFF, 0xFF, 0xFF, 0xFF, 0xFF, 0xFF, 0xFF, 0xFF, 0xFF, 0xFF,
    0xFF, 0xFF, 0xFF, 0xFF, 0xFF, 0xFF, 0xFF, 0xFF, 0xFF, 0xFF, 0xFF, 0xFF, 0xFF, 0xFF, 0xFF, 0xFF,
    0xFF, 0xFF, 0xFF, 0xFF, 0xFF, 0xFF, 0xFF, 0xFF, 0xFF, 0xFF, 0xFF, 0xFF, 0xFF, 0xFF, 0xFF, 0xFF,
    0xFF, 0xFF, 0xFF, 0xFF, 0xFF, 0xFF, 0xFF, 0xFF, 0xFF, 0xFF, 0xFF, 0xFF, 0xFF, 0xFF, 0xFF, 0xFF,
    0xFF, 0xFF, 0xFF, 0xFF, 0xFF, 0xFF, 0xFF, 0xFF, 0xFF, 0xFF, 0xFF, 0xFF, 0xFF, 0xFF, 0xFF, 0xFF,
    0xFF, 0xFF, 0xFF, 0xFF, 0xFF, 0xFF, 0xFF, 0xFF, 0xFF, 0xFF, 0xFF, 0xFF, 0xFF, 0xFF, 0xFF, 0xFF,
    0xFF, 0xFF, 0xFF, 0xFF, 0xFF, 0xFF, 0xFF, 0xFF, 0xFF, 0xFF, 0xFF, 0xFF, 0xFF, 0xFF, 0xFF, 0xFF,
    0xFF, 0xFF, 0xFF, 0xFF, 0xFF, 0xFF, 0xFF, 0xFF, 0xFF, 0xFF, 0xFF, 0xFF, 0xFF, 0xFF, 0xFF, 0xFF,
    0xFF, 0xFF, 0xFF, 0xFF, 0xFF, 0xFF, 0xFF, 0xFF, 0xFF, 0xFF, 0xFF, 0xFF, 0xFF, 0xFF, 0xFF, 0xFF,
    0xFF, 0xFF, 0xFF, 0xFF, 0xFF, 0xFF, 0xFF, 0xFF, 0xFF, 0xFF, 0xFF, 0xFF, 0xFF, 0xFF, 0xFF, 0xFF,
    0xFF, 0xFF, 0xFF, 0xFF, 0xFF, 0xFF, 0xFF, 0xFF, 0xFF, 0xFF, 0xFF, 0xFF, 0xFF, 0xFF, 0xFF, 0xFF,
    0xFF, 0xFF, 0xFF, 0xFF, 0xFF, 0xFF, 0xFF, 0xFF, 0xFF, 0xFF, 0xFF, 0xFF, 0xFF, 0xFF, 0xFF, 0xFF,
    0xFF, 0xFF, 0xFF, 0xFF, 0xFF, 0xFF, 0xFF, 0xFF, 0xFF, 0xFF, 0xFF, 0xFF, 0xFF, 0xFF, 0xFF, 0xFF,
    0xFF, 0xFF, 0xFF, 0xFF, 0xFF, 0xFF, 0xFF, 0xFF, 0xFF, 0xFF, 0xFF, 0xFF, 0xFF, 0xFF, 0xFF, 0xFF,
    0xFF, 0xFF, 0xFF, 0xFF, 0xFF, 0xFF, 0xFF, 0xFF, 0xFF, 0xFF, 0xFF, 0xFF, 0xFF, 0xFF, 0xFF, 0xFF,
    0xFF, 0xFF, 0xFF, 0xFF, 0xFF, 0xFF, 0xFF, 0xFF, 0xFF, 0xFF, 0xFF, 0xFF, 0xFF, 0xFF, 0xFF, 0xFF,
    0xFF, 0xFF, 0xFF, 0xFF, 0xFF, 0xFF, 0xFF, 0xFF, 0xFF, 0xFF, 0xFF, 0xFF, 0xFF, 0xFF, 0xFF, 0xFF,
    0xFF, 0xFF, 0xFF, 0xFF, 0xFF, 0xFF, 0xFF, 0xFF, 0xFF, 0xFF, 0xFF, 0xFF, 0xFF, 0xFF, 0xFF, 0xFF,
    0xFF, 0xFF, 0xFF, 0xFF, 0xFF, 0xFF, 0xFF, 0xFF, 0xFF, 0xFF, 0xFF, 0xFF, 0xFF, 0xFF, 0xFF, 0xFF,
    0xFF, 0xFF, 0xFF, 0xFF, 0xFF, 0xFF, 0xFF, 0xFF, 0xFF, 0xFF, 0xFF, 0xFF, 0xFF, 0xFF, 0xFF, 0xFF,
    0xFF, 0xFF, 0xFF, 0xFF, 0xFF, 0xFF, 0xFF, 0xFF, 0xFF, 0xFF, 0xFF, 0xFF, 0xFF, 0xFF, 0xFF, 0xFF,
    0xFF, 0xFF, 0xFF, 0xFF, 0xFF, 0xFF, 0xFF, 0xFF, 0xFF, 0xFF, 0xFF, 0xFF, 0xFF, 0xFF, 0xFF, 0xFF,
    0xFF, 0xFF, 0xFF, 0xFF, 0xFF, 0xFF, 0xFF, 0xFF, 0xFF, 0xFF, 0xFF, 0xFF, 0xFF, 0xFF, 0xFF, 0xFF,
    0xFF, 0xFF, 0xFF, 0xFF, 0xFF, 0xFF, 0xFF, 0xFF, 0xFF, 0xFF, 0xFF, 0xFF, 0xFF, 0xFF, 0xFF, 0xFF,
    0xFF, 0xFF, 0xFF, 0xFF, 0xFF, 0xFF, 0xFF, 0xFF, 0xFF, 0xFF, 0xFF, 0xFF, 0xFF, 0xFF, 0xFF, 0xFF,
    0xFF, 0xFF, 0xFF, 0xFF, 0xFF, 0xFF, 0xFF, 0xFF, 0xFF, 0xFF, 0xFF, 0xFF, 0xFF, 0xFF, 0xFF, 0xFF,
    0xFF, 0xFF, 0xFF, 0xFF, 0xFF, 0xFF, 0xFF, 0xFF, 0xFF, 0xFF, 0xFF, 0xFF, 0xFF, 0xFF, 0xFF, 0xFF,
    0xFF, 0xFF, 0xFF, 0xFF, 0xFF, 0xFF, 0xFF, 0xFF, 0xFF, 0xFF, 0xFF, 0xFF, 0xFF, 0xFF, 0xFF, 0xFF,
    0xFF, 0xFF, 0xFF, 0xFF, 0xFF, 0xFF, 0xFF, 0xFF, 0xFF, 0xFF, 0xFF, 0xFF, 0xFF, 0xFF, 0xFF, 0xFF,
    0xFF, 0xFF, 0xFF, 0xFF, 0xFF, 0xFF, 0xFF, 0xFF, 0xFF, 0xFF, 0xFF, 0xFF, 0xFF, 0xFF, 0xFF, 0xFF,
    0xFF, 0xFF, 0xFF, 0xFF, 0xFF, 0xFF, 0xFF, 0xFF, 0xFF, 0xFF, 0xFF, 0xFF, 0xFF, 0xFF, 0xFF, 0xFF,
    0xFF, 0xFF, 0xFF, 0xFF, 0xFF, 0xFF, 0xFF, 0xFF, 0xFF, 0xFF, 0xFF, 0xFF, 0xFF, 0xFF, 0xFF, 0xFF,
    0xFF, 0xFF, 0xFF, 0xFF, 0xFF, 0xFF, 0xFF, 0xFF, 0xFF, 0xFF, 0xFF, 0xFF, 0xFF, 0xFF, 0xFF, 0xFF,
    0xFF, 0xFF, 0xFF, 0xFF, 0xFF, 0xFF, 0xFF, 0xFF, 0xFF, 0xFF, 0xFF, 0xFF, 0xFF, 0xFF, 0xFF, 0xFF,
    0xFF, 0xFF, 0xFF, 0xFF, 0xFF, 0xFF, 0xFF, 0xFF, 0xFF, 0xFF, 0xFF, 0xFF, 0xFF, 0xFF, 0xFF, 0xFF,
    0xFF, 0xFF, 0xFF, 0xFF, 0xFF, 0xFF, 0xFF, 0xFF, 0xFF, 0xFF, 0xFF, 0xFF, 0xFF, 0xFF, 0xFF, 0xFF,
    0xFF, 0xFF, 0xFF, 0xFF, 0xFF, 0xFF, 0xFF, 0xFF, 0xFF, 0xFF, 0xFF, 0xFF, 0xFF, 0xFF, 0xFF, 0xFF,
    0xFF, 0xFF, 0xFF, 0xFF, 0xFF, 0xFF, 0xFF, 0xFF, 0xFF, 0xFF, 0xFF, 0xFF, 0xFF, 0xFF, 0xFF, 0xFF,
    0xFF, 0xFF, 0xFF, 0xFF, 0xFF, 0xFF, 0xFF, 0xFF, 0xFF, 0xFF, 0xFF, 0xFF, 0xFF, 0xFF, 0xFF, 0xFF,
    0xFF, 0xFF, 0xFF, 0xFF, 0xFF, 0xFF, 0xFF, 0xFF, 0xFF, 0xFF, 0xFF, 0xFF, 0xFF, 0xFF, 0xFF, 0xFF,
    0xFF, 0xFF, 0xFF, 0xFF, 0xFF, 0xFF, 0xFF, 0xFF, 0xFF, 0xFF, 0xFF, 0xFF, 0xFF, 0xFF, 0xFF, 0xFF,
    0xFF, 0xFF, 0xFF, 0xFF, 0xFF, 0xFF, 0xFF, 0xFF, 0xFF, 0xFF, 0xFF, 0xFF, 0xFF, 0xFF, 0xFF, 0xFF,
    0xFF, 0xFF, 0xFF, 0xFF, 0xFF, 0xFF, 0xFF, 0xFF, 0xFF, 0xFF, 0xFF, 0xFF, 0xFF, 0xFF, 0xFF, 0xFF,
    0xFF, 0xFF, 0xFF, 0xFF, 0xFF, 0xFF, 0xFF, 0xFF, 0xFF, 0xFF, 0xFF, 0xFF, 0xFF, 0xFF, 0xFF, 0xFF,
    0xFF, 0xFF, 0xFF, 0xFF, 0xFF, 0xFF, 0xFF, 0xFF, 0xFF, 0xFF, 0xFF, 0xFF, 0xFF, 0xFF, 0xFF, 0xFF,
    0xFF, 0xFF, 0xFF, 0xFF, 0xFF, 0xFF, 0xFF, 0xFF, 0xFF, 0xFF, 0xFF, 0xFF, 0xFF, 0xFF, 0xFF, 0xFF,
    0xFF, 0xFF, 0xFF, 0xFF, 0xFF, 0xFF, 0xFF, 0xFF, 0xFF, 0xFF, 0xFF, 0xFF, 0xFF, 0xFF, 0xFF, 0xFF,
    0xFF, 0xFF, 0xFF, 0xFF, 0xFF, 0xFF, 0xFF, 0xFF, 0xFF, 0xFF, 0xFF, 0xFF, 0xFF, 0xFF, 0xFF, 0xFF,
    0xFF, 0xFF, 0xFF, 0xFF, 0xFF, 0xFF, 0xFF, 0xFF, 0xFF, 0xFF, 0xFF, 0xFF, 0xFF, 0xFF, 0xFF, 0xFF,
    0xFF, 0xFF, 0xFF, 0xFF, 0xFF, 0xFF, 0xFF, 0xFF, 0xFF, 0xFF, 0xFF, 0xFF, 0xFF, 0xFF, 0xFF, 0xFF,
    0xFF, 0xFF, 0xFF, 0xFF, 0xFF, 0xFF, 0xFF, 0xFF, 0xFF, 0xFF, 0xFF, 0xFF, 0xFF, 0xFF, 0xFF, 0xFF,
    0xFF, 0xFF, 0xFF, 0xFF, 0xFF, 0xFF, 0xFF, 0xFF, 0xFF, 0xFF, 0xFF, 0xFF, 0xFF, 0xFF, 0xFF, 0xFF,
    0xFF, 0xFF, 0xFF, 0xFF, 0xFF, 0xFF, 0xFF, 0xFF, 0xFF, 0xFF, 0xFF, 0xFF, 0xFF, 0xFF, 0xFF, 0xFF,
    0xFF, 0xFF, 0xFF, 0xFF, 0xFF, 0xFF, 0xFF, 0xFF, 0xFF, 0xFF, 0xFF, 0xFF, 0xFF, 0xFF, 0xFF, 0xFF,
    0xFF, 0xFF, 0xFF, 0xFF, 0xFF, 0xFF, 0xFF, 0xFF, 0xFF, 0xFF, 0xFF, 0xFF, 0xFF, 0xFF, 0xFF, 0xFF,
    0xFF, 0xFF, 0xFF, 0xFF, 0xFF, 0xFF, 0xFF, 0xFF, 0xFF, 0xFF, 0xFF, 0xFF, 0xFF, 0xFF, 0xFF, 0xFF,
    0xFF, 0xFF, 0xFF, 0xFF, 0xFF, 0xFF, 0xFF, 0xFF, 0xFF, 0xFF, 0xFF, 0xFF, 0xFF, 0xFF, 0xFF, 0xFF,
    0xFF, 0xFF, 0xFF, 0xFF, 0xFF, 0xFF, 0xFF, 0xFF, 0xFF, 0xFF, 0xFF, 0xFF, 0xFF, 0xFF, 0xFF, 0xFF,
    0xFF, 0xFF, 0xFF, 0xFF, 0xFF, 0xFF, 0xFF, 0xFF, 0xFF, 0xFF, 0xFF, 0xFF, 0xFF, 0xFF, 0xFF, 0xFF,
    0xFF, 0xFF, 0xFF, 0xFF, 0xFF, 0xFF, 0xFF, 0xFF, 0xFF, 0xFF, 0xFF, 0xFF, 0xFF, 0xFF, 0xFF, 0xFF,
    0xFF, 0xFF, 0xFF, 0xFF, 0xFF, 0xFF, 0xFF, 0xFF, 0xFF, 0xFF, 0xFF, 0xFF, 0xFF, 0xFF, 0xFF, 0xFF,
    0xFF, 0xFF, 0xFF, 0xFF, 0xFF, 0xFF, 0xFF, 0xFF, 0xFF, 0xFF, 0xFF, 0xFF, 0xFF, 0xFF, 0xFF, 0xFF,
    0xFF, 0xFF, 0xFF, 0xFF, 0xFF, 0xFF, 0xFF, 0xFF, 0xFF, 0xFF, 0xFF, 0xFF, 0xFF, 0xFF, 0xFF, 0xFF,
    0xFF, 0xFF, 0xFF, 0xFF, 0xFF, 0xFF, 0xFF, 0xFF, 0xFF, 0xFF, 0xFF, 0xFF, 0xFF, 0xFF, 0xFF, 0xFF,
    0xFF, 0xFF, 0xFF, 0xFF, 0xFF, 0xFF, 0xFF, 0xFF, 0xFF, 0xFF, 0xFF, 0xFF, 0xFF, 0xFF, 0xFF, 0xFF,
    0xFF, 0xFF, 0xFF, 0xFF, 0xFF, 0xFF, 0xFF, 0xFF, 0xFF, 0xFF, 0xFF, 0xFF, 0xFF, 0xFF, 0xFF, 0xFF,
    0xFF, 0xFF, 0xFF, 0xFF, 0xFF, 0xFF, 0xFF, 0xFF, 0xFF, 0xFF, 0xFF, 0xFF, 0xFF, 0xFF, 0xFF, 0xFF,
    0xFF, 0xFF, 0xFF, 0xFF, 0xFF, 0xFF, 0xFF, 0xFF, 0xFF, 0xFF, 0xFF, 0xFF, 0xFF, 0xFF, 0xFF, 0xFF,
    0xFF, 0xFF, 0xFF, 0xFF, 0xFF, 0xFF, 0xFF, 0xFF, 0xFF, 0xFF, 0xFF, 0xFF, 0xFF, 0xFF, 0xFF, 0xFF,
    0xFF, 0xFF, 0xFF, 0xFF, 0xFF, 0xFF, 0xFF, 0xFF, 0xFF, 0xFF, 0xFF, 0xFF, 0xFF, 0xFF, 0xFF, 0xFF,
    0xFF, 0xFF, 0xFF, 0xFF, 0xFF, 0xFF, 0xFF, 0xFF, 0xFF, 0xFF, 0xFF, 0xFF, 0xFF, 0xFF, 0xFF, 0xFF,
    0xFF, 0xFF, 0xFF, 0xFF, 0xFF, 0xFF, 0xFF, 0xFF, 0xFF, 0xFF, 0xFF, 0xFF, 0xFF, 0xFF, 0xFF, 0xFF,
    0xFF, 0xFF, 0xFF, 0xFF, 0xFF, 0xFF, 0xFF, 0xFF, 0xFF, 0xFF, 0xFF, 0xFF, 0xFF, 0xFF, 0xFF, 0xFF,
    0xFF, 0xFF, 0xFF, 0xFF, 0xFF, 0xFF, 0xFF, 0xFF, 0xFF, 0xFF, 0xFF, 0xFF, 0xFF, 0xFF, 0xFF, 0xFF,
    0xFF, 0xFF, 0xFF, 0xFF, 0xFF, 0xFF, 0xFF, 0xFF, 0xFF, 0xFF, 0xFF, 0xFF, 0xFF, 0xFF, 0xFF, 0xFF,
    0xFF, 0xFF, 0xFF, 0xFF, 0xFF, 0xFF, 0xFF, 0xFF, 0xFF, 0xFF, 0xFF, 0xFF, 0xFF, 0xFF, 0xFF, 0xFF,
    0xFF, 0xFF, 0xFF, 0xFF, 0xFF, 0xFF, 0xFF, 0xFF, 0xFF, 0xFF, 0xFF, 0xFF, 0xFF, 0xFF, 0xFF, 0xFF,
    0xFF, 0xFF, 0xFF, 0xFF, 0xFF, 0xFF, 0xFF, 0xFF, 0xFF, 0xFF, 0xFF, 0xFF, 0xFF, 0xFF, 0xFF, 0xFF,
    0xFF, 0xFF, 0xFF, 0xFF, 0xFF, 0xFF, 0xFF, 0xFF, 0xFF, 0xFF, 0xFF, 0xFF, 0xFF, 0xFF, 0xFF, 0xFF,
    0xFF, 0xFF, 0xFF, 0xFF, 0xFF, 0xFF, 0xFF, 0xFF, 0xFF, 0xFF, 0xFF, 0xFF, 0xFF, 0xFF, 0xFF, 0xFF,
    0xFF, 0xFF, 0xFF, 0xFF, 0xFF, 0xFF, 0xFF, 0xFF, 0xFF, 0xFF, 0xFF, 0xFF, 0xFF, 0xFF, 0xFF, 0xFF,
    0xFF, 0xFF, 0xFF, 0xFF, 0xFF, 0xFF, 0xFF, 0xFF, 0xFF, 0xFF, 0xFF, 0xFF, 0xFF, 0xFF, 0xFF, 0xFF,
    0xFF, 0xFF, 0xFF, 0xFF, 0xFF, 0xFF, 0xFF, 0xFF, 0xFF, 0xFF, 0xFF, 0xFF, 0xFF, 0xFF, 0xFF, 0xFF,
    0xFF, 0xFF, 0xFF, 0xFF, 0xFF, 0xFF, 0xFF, 0xFF, 0xFF, 0xFF, 0xFF, 0xFF, 0xFF, 0xFF, 0xFF, 0xFF,
    0xFF, 0xFF, 0xFF, 0xFF, 0xFF, 0xFF, 0xFF, 0xFF, 0xFF, 0xFF, 0xFF, 0xFF, 0xFF, 0xFF, 0xFF, 0xFF,
    0xFF, 0xFF, 0xFF, 0xFF, 0xFF, 0xFF, 0xFF, 0xFF, 0xFF, 0xFF, 0xFF, 0xFF, 0xFF, 0xFF, 0xFF, 0xFF,
    0xFF, 0xFF, 0xFF, 0xFF, 0xFF, 0xFF, 0xFF, 0xFF, 0xFF, 0xFF, 0xFF, 0xFF, 0xFF, 0xFF, 0xFF, 0xFF,
    0xFF, 0xFF, 0xFF, 0xFF, 0xFF, 0xFF, 0xFF, 0xFF, 0xFF, 0xFF, 0xFF, 0xFF, 0xFF, 0xFF, 0xFF, 0xFF,
    0xFF, 0xFF, 0xFF, 0xFF, 0xFF, 0xFF, 0xFF, 0xFF, 0xFF, 0xFF, 0xFF, 0xFF, 0xFF, 0xFF, 0xFF, 0xFF,
    0xFF, 0xFF, 0xFF, 0xFF, 0xFF, 0xFF, 0xFF, 0xFF, 0xFF, 0xFF, 0xFF, 0xFF, 0xFF, 0xFF, 0xFF, 0xFF,
    0xFF, 0xFF, 0xFF, 0xFF, 0xFF, 0xFF, 0xFF, 0xFF, 0xFF, 0xFF, 0xFF, 0xFF, 0xFF, 0xFF, 0xFF, 0xFF,
    0xFF, 0xFF, 0xFF, 0xFF, 0xFF, 0xFF, 0xFF, 0xFF, 0xFF, 0xFF, 0xFF, 0xFF, 0xFF, 0xFF, 0xFF, 0xFF,
    0xFF, 0xFF, 0xFF, 0xFF, 0xFF, 0xFF, 0xFF, 0xFF, 0xFF, 0xFF, 0xFF, 0xFF, 0xFF, 0xFF, 0xFF, 0xFF,
    0xFF, 0xFF, 0xFF, 0xFF, 0xFF, 0xFF, 0xFF, 0xFF, 0xFF, 0xFF, 0xFF, 0xFF, 0xFF, 0xFF, 0xFF, 0xFF,
    0xFF, 0xFF, 0xFF, 0xFF, 0xFF, 0xFF, 0xFF, 0xFF, 0xFF, 0xFF, 0xFF, 0xFF, 0xFF, 0xFF, 0xFF, 0xFF,
    0xFF, 0xFF, 0xFF, 0xFF, 0xFF, 0xFF, 0xFF, 0xFF, 0xFF, 0xFF, 0xFF, 0xFF, 0xFF, 0xFF, 0xFF, 0xFF,
    0xFF, 0xFF, 0xFF, 0xFF, 0xFF, 0xFF, 0xFF, 0xFF, 0xFF, 0xFF, 0xFF, 0xFF, 0xFF, 0xFF, 0xFF, 0xFF,
    0xFF, 0xFF, 0xFF, 0xFF, 0xFF, 0xFF, 0xFF, 0xFF, 0xFF, 0xFF, 0xFF, 0xFF, 0xFF, 0xFF, 0xFF, 0xFF,
    0xFF, 0xFF, 0xFF, 0xFF, 0xFF, 0xFF, 0xFF, 0xFF, 0xFF, 0xFF, 0xFF, 0xFF, 0xFF, 0xFF, 0xFF, 0xFF,
    0xFF, 0xFF, 0xFF, 0xFF, 0xFF, 0xFF, 0xFF, 0xFF, 0xFF, 0xFF, 0xFF, 0xFF, 0xFF, 0xFF, 0xFF, 0xFF,
    0xFF, 0xFF, 0xFF, 0xFF, 0xFF, 0xFF, 0xFF, 0xFF, 0xFF, 0xFF, 0xFF, 0xFF, 0xFF, 0xFF, 0xFF, 0xFF,
    0xFF, 0xFF, 0xFF, 0xFF, 0xFF, 0xFF, 0xFF, 0xFF, 0xFF, 0xFF, 0xFF, 0xFF, 0xFF, 0xFF, 0xFF, 0xFF,
    0xFF, 0xFF, 0xFF, 0xFF, 0xFF, 0xFF, 0xFF, 0xFF, 0xFF, 0xFF, 0xFF, 0xFF, 0xFF, 0xFF, 0xFF, 0xFF,
    0xFF, 0xFF, 0xFF, 0xFF, 0xFF, 0xFF, 0xFF, 0xFF, 0xFF, 0xFF, 0xFF, 0xFF, 0xFF, 0xFF, 0xFF, 0xFF,
    0xFF, 0xFF, 0xFF, 0xFF, 0xFF, 0xFF, 0xFF, 0xFF, 0xFF, 0xFF, 0xFF, 0xFF, 0xFF, 0xFF, 0xFF, 0xFF,
    0xFF, 0xFF, 0xFF, 0xFF, 0xFF, 0xFF, 0xFF, 0xFF, 0xFF, 0xFF, 0xFF, 0xFF, 0xFF, 0xFF, 0xFF, 0xFF,
    0xFF, 0xFF, 0xFF, 0xFF, 0xFF, 0xFF, 0xFF, 0xFF, 0xFF, 0xFF, 0xFF, 0xFF, 0xFF, 0xFF, 0xFF, 0xFF,
    0xFF, 0xFF, 0xFF, 0xFF, 0xFF, 0xFF, 0xFF, 0xFF, 0xFF, 0xFF, 0xFF, 0xFF, 0xFF, 0xFF, 0xFF, 0xFF,
    0xFF, 0xFF, 0xFF, 0xFF, 0xFF, 0xFF, 0xFF, 0xFF, 0xFF, 0xFF, 0xFF, 0xFF, 0xFF, 0xFF, 0xFF, 0xFF,
    0xFF, 0xFF, 0xFF, 0xFF, 0xFF, 0xFF, 0xFF, 0xFF, 0xFF, 0xFF, 0xFF, 0xFF, 0xFF, 0xFF, 0xFF, 0xFF,
    0xFF, 0xFF, 0xFF, 0xFF, 0xFF, 0xFF, 0xFF, 0xFF, 0xFF, 0xFF, 0xFF, 0xFF, 0xFF, 0xFF, 0xFF, 0xFF,
    0xFF, 0xFF, 0xFF, 0xFF, 0xFF, 0xFF, 0xFF, 0xFF, 0xFF, 0xFF, 0xFF, 0xFF, 0xFF, 0xFF, 0xFF, 0xFF,
    0xFF, 0xFF, 0xFF, 0xFF, 0xFF, 0xFF, 0xFF, 0xFF, 0xFF, 0xFF, 0xFF, 0xFF, 0xFF, 0xFF, 0xFF, 0xFF,
    0xFF, 0xFF, 0xFF, 0xFF, 0xFF, 0xFF, 0xFF, 0xFF, 0xFF, 0xFF, 0xFF, 0xFF, 0xFF, 0xFF, 0xFF, 0xFF,
    0xFF, 0xFF, 0xFF, 0xFF, 0xFF, 0xFF, 0xFF, 0xFF, 0xFF, 0xFF, 0xFF, 0xFF, 0xFF, 0xFF, 0xFF, 0xFF,
    0xFF, 0xFF, 0xFF, 0xFF, 0xFF, 0xFF, 0xFF, 0xFF, 0xFF, 0xFF, 0xFF, 0xFF, 0xFF, 0xFF, 0xFF, 0xFF,
    0xFF, 0xFF, 0xFF, 0xFF, 0xFF, 0xFF, 0xFF, 0xFF, 0xFF, 0xFF, 0xFF, 0xFF, 0xFF, 0xFF, 0xFF, 0xFF,
    0xFF, 0xFF, 0xFF, 0xFF, 0xFF, 0xFF, 0xFF, 0xFF, 0xFF, 0xFF, 0xFF, 0xFF, 0xFF, 0xFF, 0xFF, 0xFF,
    0xFF, 0xFF, 0xFF, 0xFF, 0xFF, 0xFF, 0xFF, 0xFF, 0xFF, 0xFF, 0xFF, 0xFF, 0xFF, 0xFF, 0xFF, 0xFF,
    0xFF, 0xFF, 0xFF, 0xFF, 0xFF, 0xFF, 0xFF, 0xFF, 0xFF, 0xFF, 0xFF, 0xFF, 0xFF, 0xFF, 0xFF, 0xFF,
    0xFF, 0xFF, 0xFF, 0xFF, 0xFF, 0xFF, 0xFF, 0xFF, 0xFF, 0xFF, 0xFF, 0xFF, 0xFF, 0xFF, 0xFF, 0xFF,
    0xFF, 0xFF, 0xFF, 0xFF, 0xFF, 0xFF, 0xFF, 0xFF, 0xFF, 0xFF, 0xFF, 0xFF, 0xFF, 0xFF, 0xFF, 0xFF,
    0xFF, 0xFF, 0xFF, 0xFF, 0xFF, 0xFF, 0xFF, 0xFF, 0xFF, 0xFF, 0xFF, 0xFF, 0xFF, 0xFF, 0xFF, 0xFF,
    0xFF, 0xFF, 0xFF, 0xFF, 0xFF, 0xFF, 0xFF, 0xFF, 0xFF, 0xFF, 0xFF, 0xFF, 0xFF, 0xFF, 0xFF, 0xFF,
    0xFF, 0xFF, 0xFF, 0xFF, 0xFF, 0xFF, 0xFF, 0xFF, 0xFF, 0xFF, 0xFF, 0xFF, 0xFF, 0xFF, 0xFF, 0xFF,
    0xFF, 0xFF, 0xFF, 0xFF, 0xFF, 0xFF, 0xFF, 0xFF, 0xFF, 0xFF, 0xFF, 0xFF, 0xFF, 0xFF, 0xFF, 0xFF,
    0xFF, 0xFF, 0xFF, 0xFF, 0xFF, 0xFF, 0xFF, 0xFF, 0xFF, 0xFF, 0xFF, 0xFF, 0xFF, 0xFF, 0xFF, 0xFF,
    0xFF, 0xFF, 0xFF, 0xFF, 0xFF, 0xFF, 0xFF, 0xFF, 0xFF, 0xFF, 0xFF, 0xFF, 0xFF, 0xFF, 0xFF, 0xFF,
    0xFF, 0xFF, 0xFF, 0xFF, 0xFF, 0xFF, 0xFF, 0xFF, 0xFF, 0xFF, 0xFF, 0xFF, 0xFF, 0xFF, 0xFF, 0xFF,
    0xFF, 0xFF, 0xFF, 0xFF, 0xFF, 0xFF, 0xFF, 0xFF, 0xFF, 0xFF, 0xFF, 0xFF, 0xFF, 0xFF, 0xFF, 0xFF,
    0xFF, 0xFF, 0xFF, 0xFF, 0xFF, 0xFF, 0xFF, 0xFF, 0xFF, 0xFF, 0xFF, 0xFF, 0xFF, 0xFF, 0xFF, 0xFF,
    0xFF, 0xFF, 0xFF, 0xFF, 0xFF, 0xFF, 0xFF, 0xFF, 0xFF, 0xFF, 0xFF, 0xFF, 0xFF, 0xFF, 0xFF, 0xFF,
    0xFF, 0xFF, 0xFF, 0xFF, 0xFF, 0xFF, 0xFF, 0xFF, 0xFF, 0xFF, 0xFF, 0xFF, 0xFF, 0xFF, 0xFF, 0xFF,
    0xFF, 0xFF, 0xFF, 0xFF, 0xFF, 0xFF, 0xFF, 0xFF, 0xFF, 0xFF, 0xFF, 0xFF, 0xFF, 0xFF, 0xFF, 0xFF,
    0xFF, 0xFF, 0xFF, 0xFF, 0xFF, 0xFF, 0xFF, 0xFF, 0xFF, 0xFF, 0xFF, 0xFF, 0xFF, 0xFF, 0xFF, 0xFF,
    0xFF, 0xFF, 0xFF, 0xFF, 0xFF, 0xFF, 0xFF, 0xFF, 0xFF, 0xFF, 0xFF, 0xFF, 0xFF, 0xFF, 0xFF, 0xFF,
    0xFF, 0xFF, 0xFF, 0xFF, 0xFF, 0xFF, 0xFF, 0xFF, 0xFF, 0xFF, 0xFF, 0xFF, 0xFF, 0xFF, 0xFF, 0xFF,
    0xFF, 0xFF, 0xFF, 0xFF, 0xFF, 0xFF, 0xFF, 0xFF, 0xFF, 0xFF, 0xFF, 0xFF, 0xFF, 0xFF, 0xFF, 0xFF,
    0xFF, 0xFF, 0xFF, 0xFF, 0xFF, 0xFF, 0xFF, 0xFF, 0xFF, 0xFF, 0xFF, 0xFF, 0xFF, 0xFF, 0xFF, 0xFF,
    0xFF, 0xFF, 0xFF, 0xFF, 0xFF, 0xFF, 0xFF, 0xFF, 0xFF, 0xFF, 0xFF, 0xFF, 0xFF, 0xFF, 0xFF, 0xFF,
    0xFF, 0xFF, 0xFF, 0xFF, 0xFF, 0xFF, 0xFF, 0xFF, 0xFF, 0xFF, 0xFF, 0xFF, 0xFF, 0xFF, 0xFF, 0xFF,
    0xFF, 0xFF, 0xFF, 0xFF, 0xFF, 0xFF, 0xFF, 0xFF, 0xFF, 0xFF, 0xFF, 0xFF, 0xFF, 0xFF, 0xFF, 0xFF,
    0xFF, 0xFF, 0xFF, 0xFF, 0xFF, 0xFF, 0xFF, 0xFF, 0xFF, 0xFF, 0xFF, 0xFF, 0xFF, 0xFF, 0xFF, 0xFF,
    0xFF, 0xFF, 0xFF, 0xFF, 0xFF, 0xFF, 0xFF, 0xFF, 0xFF, 0xFF, 0xFF, 0xFF, 0xFF, 0xFF, 0xFF, 0xFF,
    0xFF, 0xFF, 0xFF, 0xFF, 0xFF, 0xFF, 0xFF, 0xFF, 0xFF, 0xFF, 0xFF, 0xFF, 0xFF, 0xFF, 0xFF, 0xFF,
    0xFF, 0xFF, 0xFF, 0xFF, 0xFF, 0xFF, 0xFF, 0xFF, 0xFF, 0xFF, 0xFF, 0xFF, 0xFF, 0xFF, 0xFF, 0xFF,
    0xFF, 0xFF, 0xFF, 0xFF, 0xFF, 0xFF, 0xFF, 0xFF, 0xFF, 0xFF, 0xFF, 0xFF, 0xFF, 0xFF, 0xFF, 0xFF,
    0xFF, 0xFF, 0xFF, 0xFF, 0xFF, 0xFF, 0xFF, 0xFF, 0xFF, 0xFF, 0xFF, 0xFF, 0xFF, 0xFF, 0xFF, 0xFF,
    0xFF, 0xFF, 0xFF, 0xFF, 0xFF, 0xFF, 0xFF, 0xFF, 0xFF, 0xFF, 0xFF, 0xFF, 0xFF, 0xFF, 0xFF, 0xFF,
    0xFF, 0xFF, 0xFF, 0xFF, 0xFF, 0xFF, 0xFF, 0xFF, 0xFF, 0xFF, 0xFF, 0xFF, 0xFF, 0xFF, 0xFF, 0xFF,
    0xFF, 0xFF, 0xFF, 0xFF, 0xFF, 0xFF, 0xFF, 0xFF, 0xFF, 0xFF, 0xFF, 0xFF, 0xFF, 0xFF, 0xFF, 0xFF,
    0xFF, 0xFF, 0xFF, 0xFF, 0xFF, 0xFF, 0xFF, 0xFF, 0xFF, 0xFF, 0xFF, 0xFF, 0xFF, 0xFF, 0xFF, 0xFF,
    0xFF, 0xFF, 0xFF, 0xFF, 0xFF, 0xFF, 0xFF, 0xFF, 0xFF, 0xFF, 0xFF, 0xFF, 0xFF, 0xFF, 0xFF, 0xFF,
    0xFF, 0xFF, 0xFF, 0xFF, 0xFF, 0xFF, 0xFF, 0xFF, 0xFF, 0xFF, 0xFF, 0xFF, 0xFF, 0xFF, 0xFF, 0xFF,
    0xFF, 0xFF, 0xFF, 0xFF, 0xFF, 0xFF, 0xFF, 0xFF, 0xFF, 0xFF, 0xFF, 0xFF, 0xFF, 0xFF, 0xFF, 0xFF,
    0xFF, 0xFF, 0xFF, 0xFF, 0xFF, 0xFF, 0xFF, 0xFF, 0xFF, 0xFF, 0xFF, 0xFF, 0xFF, 0xFF, 0xFF, 0xFF,
    0xFF, 0xFF, 0xFF, 0xFF, 0xFF, 0xFF, 0xFF, 0xFF, 0xFF, 0xFF, 0xFF, 0xFF, 0xFF, 0xFF, 0xFF, 0xFF,
    0xFF, 0xFF, 0xFF, 0xFF, 0xFF, 0xFF, 0xFF, 0xFF, 0xFF, 0xFF, 0xFF, 0xFF, 0xFF, 0xFF, 0xFF, 0xFF,
    0xFF, 0xFF, 0xFF, 0xFF, 0xFF, 0xFF, 0xFF, 0xFF, 0xFF, 0xFF, 0xFF, 0xFF, 0xFF, 0xFF, 0xFF, 0xFF,
    0xFF, 0xFF, 0xFF, 0xFF, 0xFF, 0xFF, 0xFF, 0xFF, 0xFF, 0xFF, 0xFF, 0xFF, 0xFF, 0xFF, 0xFF, 0xFF,
    0xFF, 0xFF, 0xFF, 0xFF, 0xFF, 0xFF, 0xFF, 0xFF, 0xFF, 0xFF, 0xFF, 0xFF, 0xFF, 0xFF, 0xFF, 0xFF,
    0xFF, 0xFF, 0xFF, 0xFF, 0xFF, 0xFF, 0xFF, 0xFF, 0xFF, 0xFF, 0xFF, 0xFF, 0xFF, 0xFF, 0xFF, 0xFF,
    0xFF, 0xFF, 0xFF, 0xFF, 0xFF, 0xFF, 0xFF, 0xFF, 0xFF, 0xFF, 0xFF, 0xFF, 0xFF, 0xFF, 0xFF, 0xFF,
    0xFF, 0xFF, 0xFF, 0xFF, 0xFF, 0xFF, 0xFF, 0xFF, 0xFF, 0xFF, 0xFF, 0xFF, 0xFF, 0xFF, 0xFF, 0xFF,
    0xFF, 0xFF, 0xFF, 0xFF, 0xFF, 0xFF, 0xFF, 0xFF, 0xFF, 0xFF, 0xFF, 0xFF, 0xFF, 0xFF, 0xFF, 0xFF,
    0xFF, 0xFF, 0xFF, 0xFF, 0xFF, 0xFF, 0xFF, 0xFF, 0xFF, 0xFF, 0xFF, 0xFF, 0xFF, 0xFF, 0xFF, 0xFF,
    0xFF, 0xFF, 0xFF, 0xFF, 0xFF, 0xFF, 0xFF, 0xFF, 0xFF, 0xFF, 0xFF, 0xFF, 0xFF, 0xFF, 0xFF, 0xFF,
    0xFF, 0xFF, 0xFF, 0xFF, 0xFF, 0xFF, 0xFF, 0xFF, 0xFF, 0xFF, 0xFF, 0xFF, 0xFF, 0xFF, 0xFF, 0xFF,
    0xFF, 0xFF, 0xFF, 0xFF, 0xFF, 0xFF, 0xFF, 0xFF, 0xFF, 0xFF, 0xFF, 0xFF, 0xFF, 0xFF, 0xFF, 0xFF,
    0xFF, 0xFF, 0xFF, 0xFF, 0xFF, 0xFF, 0xFF, 0xFF, 0xFF, 0xFF, 0xFF, 0xFF, 0xFF, 0xFF, 0xFF, 0xFF,
    0xFF, 0xFF, 0xFF, 0xFF, 0xFF, 0xFF, 0xFF, 0xFF, 0xFF, 0xFF, 0xFF, 0xFF, 0xFF, 0xFF, 0xFF, 0xFF,
    0xFF, 0xFF, 0xFF, 0xFF, 0xFF, 0xFF, 0xFF, 0xFF, 0xFF, 0xFF, 0xFF, 0xFF, 0xFF, 0xFF, 0xFF, 0xFF,
    0xFF, 0xFF, 0xFF, 0xFF, 0xFF, 0xFF, 0xFF, 0xFF, 0xFF, 0xFF, 0xFF, 0xFF, 0xFF, 0xFF, 0xFF, 0xFF,
    0xFF, 0xFF, 0xFF, 0xFF, 0xFF, 0xFF, 0xFF, 0xFF, 0xFF, 0xFF, 0xFF, 0xFF, 0xFF, 0xFF, 0xFF, 0xFF,
    0xFF, 0xFF, 0xFF, 0xFF, 0xFF, 0xFF, 0xFF, 0xFF, 0xFF, 0xFF, 0xFF, 0xFF, 0xFF, 0xFF, 0xFF, 0xFF,
    0xFF, 0xFF, 0xFF, 0xFF, 0xFF, 0xFF, 0xFF, 0xFF, 0xFF, 0xFF, 0xFF, 0xFF, 0xFF, 0xFF, 0xFF, 0xFF,
    0xFF, 0xFF, 0xFF, 0xFF, 0xFF, 0xFF, 0xFF, 0xFF, 0xFF, 0xFF, 0xFF, 0xFF, 0xFF, 0xFF, 0xFF, 0xFF,
    0xFF, 0xFF, 0xFF, 0xFF, 0xFF, 0xFF, 0xFF, 0xFF, 0xFF, 0xFF, 0xFF, 0xFF, 0xFF, 0xFF, 0xFF, 0xFF,
    0xFF, 0xFF, 0xFF, 0xFF, 0xFF, 0xFF, 0xFF, 0xFF, 0xFF, 0xFF, 0xFF, 0xFF, 0xFF, 0xFF, 0xFF, 0xFF,
    0xFF, 0xFF, 0xFF, 0xFF, 0xFF, 0xFF, 0xFF, 0xFF, 0xFF, 0xFF, 0xFF, 0xFF, 0xFF, 0xFF, 0xFF, 0xFF,
    0xFF, 0xFF, 0xFF, 0xFF, 0xFF, 0xFF, 0xFF, 0xFF, 0xFF, 0xFF, 0xFF, 0xFF, 0xFF, 0xFF, 0xFF, 0xFF,
    0xFF, 0xFF, 0xFF, 0xFF, 0xFF, 0xFF, 0xFF, 0xFF, 0xFF, 0xFF, 0xFF, 0xFF, 0xFF, 0xFF, 0xFF, 0xFF,
    0xFF, 0xFF, 0xFF, 0xFF, 0xFF, 0xFF, 0xFF, 0xFF, 0xFF, 0xFF, 0xFF, 0xFF, 0xFF, 0xFF, 0xFF, 0xFF,
    0xFF, 0xFF, 0xFF, 0xFF, 0xFF, 0xFF, 0xFF, 0xFF, 0xFF, 0xFF, 0xFF, 0xFF, 0xFF, 0xFF, 0xFF, 0xFF,
    0xFF, 0xFF, 0xFF, 0xFF, 0xFF, 0xFF, 0xFF, 0xFF, 0xFF, 0xFF, 0xFF, 0xFF, 0xFF, 0xFF, 0xFF, 0xFF,
    0xFF, 0xFF, 0xFF, 0xFF, 0xFF, 0xFF, 0xFF, 0xFF, 0xFF, 0xFF, 0xFF, 0xFF, 0xFF, 0xFF, 0xFF, 0xFF,
    0xFF, 0xFF, 0xFF, 0xFF, 0xFF, 0xFF, 0xFF, 0xFF, 0xFF, 0xFF, 0xFF, 0xFF, 0xFF, 0xFF, 0xFF, 0xFF,
    0xFF, 0xFF, 0xFF, 0xFF, 0xFF, 0xFF, 0xFF, 0xFF, 0xFF, 0xFF, 0xFF, 0xFF, 0xFF, 0xFF, 0xFF, 0xFF,
    0xFF, 0xFF, 0xFF, 0xFF, 0xFF, 0xFF, 0xFF, 0xFF, 0xFF, 0xFF, 0xFF, 0xFF, 0xFF, 0xFF, 0xFF, 0xFF,
    0xFF, 0xFF, 0xFF, 0xFF, 0xFF, 0xFF, 0xFF, 0xFF, 0xFF, 0xFF, 0xFF, 0xFF, 0xFF, 0xFF, 0xFF, 0xFF,
    0xFF, 0xFF, 0xFF, 0xFF, 0xFF, 0xFF, 0xFF, 0xFF, 0xFF, 0xFF, 0xFF, 0xFF, 0xFF, 0xFF, 0xFF, 0xFF,
    0xFF, 0xFF, 0xFF, 0xFF, 0xFF, 0xFF, 0xFF, 0xFF, 0xFF, 0xFF, 0xFF, 0xFF, 0xFF, 0xFF, 0xFF, 0xFF,
    0xFF, 0xFF, 0xFF, 0xFF, 0xFF, 0xFF, 0xFF, 0xFF, 0xFF, 0xFF, 0xFF, 0xFF, 0xFF, 0xFF, 0xFF, 0xFF,
    0xFF, 0xFF, 0xFF, 0xFF, 0xFF, 0xFF, 0xFF, 0xFF, 0xFF, 0xFF, 0xFF, 0xFF, 0xFF, 0xFF, 0xFF, 0xFF,
    0xFF, 0xFF, 0xFF, 0xFF, 0xFF, 0xFF, 0xFF, 0xFF, 0xFF, 0xFF, 0xFF, 0xFF, 0xFF, 0xFF, 0xFF, 0xFF,
    0xFF, 0xFF, 0xFF, 0xFF, 0xFF, 0xFF, 0xFF, 0xFF, 0xFF, 0xFF, 0xFF, 0xFF, 0xFF, 0xFF, 0xFF, 0xFF,
    0xFF, 0xFF, 0xFF, 0xFF, 0xFF, 0xFF, 0xFF, 0xFF, 0xFF, 0xFF, 0xFF, 0xFF, 0xFF, 0xFF, 0xFF, 0xFF,
    0xFF, 0xFF, 0xFF, 0xFF, 0xFF, 0xFF, 0xFF, 0xFF, 0xFF, 0xFF, 0xFF, 0xFF, 0xFF, 0xFF, 0xFF, 0xFF,
    0xFF, 0xFF, 0xFF, 0xFF, 0xFF, 0xFF, 0xFF, 0xFF, 0xFF, 0xFF, 0xFF, 0xFF, 0xFF, 0xFF, 0xFF, 0xFF,
    0xFF, 0xFF, 0xFF, 0xFF, 0xFF, 0xFF, 0xFF, 0xFF, 0xFF, 0xFF, 0xFF, 0xFF, 0xFF, 0xFF, 0xFF, 0xFF,
    0xFF, 0xFF, 0xFF, 0xFF, 0xFF, 0xFF, 0xFF, 0xFF, 0xFF, 0xFF, 0xFF, 0xFF, 0xFF, 0xFF, 0xFF, 0xFF,
    0xFF, 0xFF, 0xFF, 0xFF, 0xFF, 0xFF, 0xFF, 0xFF, 0xFF, 0xFF, 0xFF, 0xFF, 0xFF, 0xFF, 0xFF, 0xFF,
    0xFF, 0xFF, 0xFF, 0xFF, 0xFF, 0xFF, 0xFF, 0xFF, 0xFF, 0xFF, 0xFF, 0xFF, 0xFF, 0xFF, 0xFF, 0xFF,
    0xFF, 0xFF, 0xFF, 0xFF, 0xFF, 0xFF, 0xFF, 0xFF, 0xFF, 0xFF, 0xFF, 0xFF, 0xFF, 0xFF, 0xFF, 0xFF,
    0xFF, 0xFF, 0xFF, 0xFF, 0xFF, 0xFF, 0xFF, 0xFF, 0xFF, 0xFF, 0xFF, 0xFF, 0xFF, 0xFF, 0xFF, 0xFF,
    0xFF, 0xFF, 0xFF, 0xFF, 0xFF, 0xFF, 0xFF, 0xFF, 0xFF, 0xFF, 0xFF, 0xFF, 0xFF, 0xFF, 0xFF, 0xFF,
    0xFF, 0xFF, 0xFF, 0xFF, 0xFF, 0xFF, 0xFF, 0xFF, 0xFF, 0xFF, 0xFF, 0xFF, 0xFF, 0xFF, 0xFF, 0xFF,
    0xFF, 0xFF, 0xFF, 0xFF, 0xFF, 0xFF, 0xFF, 0xFF, 0xFF, 0xFF, 0xFF, 0xFF, 0xFF, 0xFF, 0xFF, 0xFF,
    0xFF, 0xFF, 0xFF, 0xFF, 0xFF, 0xFF, 0xFF, 0xFF, 0xFF, 0xFF, 0xFF, 0xFF, 0xFF, 0xFF, 0xFF, 0xFF,
    0xFF, 0xFF, 0xFF, 0xFF, 0xFF, 0xFF, 0xFF, 0xFF, 0xFF, 0xFF, 0xFF, 0xFF, 0xFF, 0xFF, 0xFF, 0xFF,
    0xFF, 0xFF, 0xFF, 0xFF, 0xFF, 0xFF, 0xFF, 0xFF, 0xFF, 0xFF, 0xFF, 0xFF, 0xFF, 0xFF, 0xFF, 0xFF,
    0xFF, 0xFF, 0xFF, 0xFF, 0xFF, 0xFF, 0xFF, 0xFF, 0xFF, 0xFF, 0xFF, 0xFF, 0xFF, 0xFF, 0xFF, 0xFF,
    0xFF, 0xFF, 0xFF, 0xFF, 0xFF, 0xFF, 0xFF, 0xFF, 0xFF, 0xFF, 0xFF, 0xFF, 0xFF, 0xFF, 0xFF, 0xFF,
    0xFF, 0xFF, 0xFF, 0xFF, 0xFF, 0xFF, 0xFF, 0xFF, 0xFF, 0xFF, 0xFF, 0xFF, 0xFF, 0xFF, 0xFF, 0xFF,
    0xFF, 0xFF, 0xFF, 0xFF, 0xFF, 0xFF, 0xFF, 0xFF, 0xFF, 0xFF, 0xFF, 0xFF, 0xFF, 0xFF, 0xFF, 0xFF,
    0xFF, 0xFF, 0xFF, 0xFF, 0xFF, 0xFF, 0xFF, 0xFF, 0xFF, 0xFF, 0xFF, 0xFF, 0xFF, 0xFF, 0xFF, 0xFF,
    0xFF, 0xFF, 0xFF, 0xFF, 0xFF, 0xFF, 0xFF, 0xFF, 0xFF, 0xFF, 0xFF, 0xFF, 0xFF, 0xFF, 0xFF, 0xFF,
    0xFF, 0xFF, 0xFF, 0xFF, 0xFF, 0xFF, 0xFF, 0xFF, 0xFF, 0xFF, 0xFF, 0xFF, 0xFF, 0xFF, 0xFF, 0xFF,
    0xFF, 0xFF, 0xFF, 0xFF, 0xFF, 0xFF, 0xFF, 0xFF, 0xFF, 0xFF, 0xFF, 0xFF, 0xFF, 0xFF, 0xFF, 0xFF,
    0xFF, 0xFF, 0xFF, 0xFF, 0xFF, 0xFF, 0xFF, 0xFF, 0xFF, 0xFF, 0xFF, 0xFF, 0xFF, 0xFF, 0xFF, 0xFF,
    0xFF, 0xFF, 0xFF, 0xFF, 0xFF, 0xFF, 0xFF, 0xFF, 0xFF, 0xFF, 0xFF, 0xFF, 0xFF, 0xFF, 0xFF, 0xFF,
    0xFF, 0xFF, 0xFF, 0xFF, 0xFF, 0xFF, 0xFF, 0xFF, 0xFF, 0xFF, 0xFF, 0xFF, 0xFF, 0xFF, 0xFF, 0xFF,
    0xFF, 0xFF, 0xFF, 0xFF, 0xFF, 0xFF, 0xFF, 0xFF, 0xFF, 0xFF, 0xFF, 0xFF, 0xFF, 0xFF, 0xFF, 0xFF,
    0xFF, 0xFF, 0xFF, 0xFF, 0xFF, 0xFF, 0xFF, 0xFF, 0xFF, 0xFF, 0xFF, 0xFF, 0xFF, 0xFF, 0xFF, 0xFF,
    0xFF, 0xFF, 0xFF, 0xFF, 0xFF, 0xFF, 0xFF, 0xFF, 0xFF, 0xFF, 0xFF, 0xFF, 0xFF, 0xFF, 0xFF, 0xFF,
    0xFF, 0xFF, 0xFF, 0xFF, 0xFF, 0xFF, 0xFF, 0xFF, 0xFF, 0xFF, 0xFF, 0xFF, 0xFF, 0xFF, 0xFF, 0xFF,
    0xFF, 0xFF, 0xFF, 0xFF, 0xFF, 0xFF, 0xFF, 0xFF, 0xFF, 0xFF, 0xFF, 0xFF, 0xFF, 0xFF, 0xFF, 0xFF,
    0xFF, 0xFF, 0xFF, 0xFF, 0xFF, 0xFF, 0xFF, 0xFF, 0xFF, 0xFF, 0xFF, 0xFF, 0xFF, 0xFF, 0xFF, 0xFF,
    0xFF, 0xFF, 0xFF, 0xFF, 0xFF, 0xFF, 0xFF, 0xFF, 0xFF, 0xFF, 0xFF, 0xFF, 0xFF, 0xFF, 0xFF, 0xFF,
    0xFF, 0xFF, 0xFF, 0xFF, 0xFF, 0xFF, 0xFF, 0xFF, 0xFF, 0xFF, 0xFF, 0xFF, 0xFF, 0xFF, 0xFF, 0xFF,
    0xFF, 0xFF, 0xFF, 0xFF, 0xFF, 0xFF, 0xFF, 0xFF, 0xFF, 0xFF, 0xFF, 0xFF, 0xFF, 0xFF, 0xFF, 0xFF,
    0xFF, 0xFF, 0xFF, 0xFF, 0xFF, 0xFF, 0xFF, 0xFF, 0xFF, 0xFF, 0xFF, 0xFF, 0xFF, 0xFF, 0xFF, 0xFF,
    0xFF, 0xFF, 0xFF, 0xFF, 0xFF, 0xFF, 0xFF, 0xFF, 0xFF, 0xFF, 0xFF, 0xFF, 0xFF, 0xFF, 0xFF, 0xFF,
    0xFF, 0xFF, 0xFF, 0xFF, 0xFF, 0xFF, 0xFF, 0xFF, 0xFF, 0xFF, 0xFF, 0xFF, 0xFF, 0xFF, 0xFF, 0xFF,
    0xFF, 0xFF, 0xFF, 0xFF, 0xFF, 0xFF, 0xFF, 0xFF, 0xFF, 0xFF, 0xFF, 0xFF, 0xFF, 0xFF, 0xFF, 0xFF,
    0xFF, 0xFF, 0xFF, 0xFF, 0xFF, 0xFF, 0xFF, 0xFF, 0xFF, 0xFF, 0xFF, 0xFF, 0xFF, 0xFF, 0xFF, 0xFF,
    0xFF, 0xFF, 0xFF, 0xFF, 0xFF, 0xFF, 0xFF, 0xFF, 0xFF, 0xFF, 0xFF, 0xFF, 0xFF, 0xFF, 0xFF, 0xFF,
    0xFF, 0xFF, 0xFF, 0xFF, 0xFF, 0xFF, 0xFF, 0xFF, 0xFF, 0xFF, 0xFF, 0xFF, 0xFF, 0xFF, 0xFF, 0xFF,
    0xFF, 0xFF, 0xFF, 0xFF, 0xFF, 0xFF, 0xFF, 0xFF, 0xFF, 0xFF, 0xFF, 0xFF, 0xFF, 0xFF, 0xFF, 0xFF,
    0xFF, 0xFF, 0xFF, 0xFF, 0xFF, 0xFF, 0xFF, 0xFF, 0xFF, 0xFF, 0xFF, 0xFF, 0xFF, 0xFF, 0xFF, 0xFF,
    0xFF, 0xFF, 0xFF, 0xFF, 0xFF, 0xFF, 0xFF, 0xFF, 0xFF, 0xFF, 0xFF, 0xFF, 0xFF, 0xFF, 0xFF, 0xFF,
    0xFF, 0xFF, 0xFF, 0xFF, 0xFF, 0xFF, 0xFF, 0xFF, 0xFF, 0xFF, 0xFF, 0xFF, 0xFF, 0xFF, 0xFF, 0xFF,
    0xFF, 0xFF, 0xFF, 0xFF, 0xFF, 0xFF, 0xFF, 0xFF, 0xFF, 0xFF, 0xFF, 0xFF, 0xFF, 0xFF, 0xFF, 0xFF,
    0xFF, 0xFF, 0xFF, 0xFF, 0xFF, 0xFF, 0xFF, 0xFF, 0xFF, 0xFF, 0xFF, 0xFF, 0xFF, 0xFF, 0xFF, 0xFF,
    0xFF, 0xFF, 0xFF, 0xFF, 0xFF, 0xFF, 0xFF, 0xFF, 0xFF, 0xFF, 0xFF, 0xFF, 0xFF, 0xFF, 0xFF, 0xFF,
    0xFF, 0xFF, 0xFF, 0xFF, 0xFF, 0xFF, 0xFF, 0xFF, 0xFF, 0xFF, 0xFF, 0xFF, 0xFF, 0xFF, 0xFF, 0xFF,
    0xFF, 0xFF, 0xFF, 0xFF, 0xFF, 0xFF, 0xFF, 0xFF, 0xFF, 0xFF, 0xFF, 0xFF, 0xFF, 0xFF, 0xFF, 0xFF,
    0xFF, 0xFF, 0xFF, 0xFF, 0xFF, 0xFF, 0xFF, 0xFF, 0xFF, 0xFF, 0xFF, 0xFF, 0xFF, 0xFF, 0xFF, 0xFF,
    0xFF, 0xFF, 0xFF, 0xFF, 0xFF, 0xFF, 0xFF, 0xFF, 0xFF, 0xFF, 0xFF, 0xFF, 0xFF, 0xFF, 0xFF, 0xFF,
    0xFF, 0xFF, 0xFF, 0xFF, 0xFF, 0xFF, 0xFF, 0xFF, 0xFF, 0xFF, 0xFF, 0xFF, 0xFF, 0xFF, 0xFF, 0xFF,
    0xFF, 0xFF, 0xFF, 0xFF, 0xFF, 0xFF, 0xFF, 0xFF, 0xFF, 0xFF, 0xFF, 0xFF, 0xFF, 0xFF, 0xFF, 0xFF,
    0xFF, 0xFF, 0xFF, 0xFF, 0xFF, 0xFF, 0xFF, 0xFF, 0xFF, 0xFF, 0xFF, 0xFF, 0xFF, 0xFF, 0xFF, 0xFF,
    0xFF, 0xFF, 0xFF, 0xFF, 0xFF, 0xFF, 0xFF, 0xFF, 0xFF, 0xFF, 0xFF, 0xFF, 0xFF, 0xFF, 0xFF, 0xFF,
    0xFF, 0xFF, 0xFF, 0xFF, 0xFF, 0xFF, 0xFF, 0xFF, 0xFF, 0xFF, 0xFF, 0xFF, 0xFF, 0xFF, 0xFF, 0xFF,
    0xFF, 0xFF, 0xFF, 0xFF, 0xFF, 0xFF, 0xFF, 0xFF, 0xFF, 0xFF, 0xFF, 0xFF, 0xFF, 0xFF, 0xFF, 0xFF,
    0xFF, 0xFF, 0xFF, 0xFF, 0xFF, 0xFF, 0xFF, 0xFF, 0xFF, 0xFF, 0xFF, 0xFF, 0xFF, 0xFF, 0xFF, 0xFF,
    0xFF, 0xFF, 0xFF, 0xFF, 0xFF, 0xFF, 0xFF, 0xFF, 0xFF, 0xFF, 0xFF, 0xFF, 0xFF, 0xFF, 0xFF, 0xFF,
    0xFF, 0xFF, 0xFF, 0xFF, 0xFF, 0xFF, 0xFF, 0xFF, 0xFF, 0xFF, 0xFF, 0xFF, 0xFF, 0xFF, 0xFF, 0xFF,
    0xFF, 0xFF, 0xFF, 0xFF, 0xFF, 0xFF, 0xFF, 0xFF, 0xFF, 0xFF, 0xFF, 0xFF, 0xFF, 0xFF, 0xFF, 0xFF,
    0xFF, 0xFF, 0xFF, 0xFF, 0xFF, 0xFF, 0xFF, 0xFF, 0xFF, 0xFF, 0xFF, 0xFF, 0xFF, 0xFF, 0xFF, 0xFF,
    0xFF, 0xFF, 0xFF, 0xFF, 0xFF, 0xFF, 0xFF, 0xFF, 0xFF, 0xFF, 0xFF, 0xFF, 0xFF, 0xFF, 0xFF, 0xFF,
    0xFF, 0xFF, 0xFF, 0xFF, 0xFF, 0xFF, 0xFF, 0xFF, 0xFF, 0xFF, 0xFF, 0xFF, 0xFF, 0xFF, 0xFF, 0xFF,
    0xFF, 0xFF, 0xFF, 0xFF, 0xFF, 0xFF, 0xFF, 0xFF, 0xFF, 0xFF, 0xFF, 0xFF, 0xFF, 0xFF, 0xFF, 0xFF,
    0xFF, 0xFF, 0xFF, 0xFF, 0xFF, 0xFF, 0xFF, 0xFF, 0xFF, 0xFF, 0xFF, 0xFF, 0xFF, 0xFF, 0xFF, 0xFF,
    0xFF, 0xFF, 0xFF, 0xFF, 0xFF, 0xFF, 0xFF, 0xFF, 0xFF, 0xFF, 0xFF, 0xFF, 0xFF, 0xFF, 0xFF, 0xFF,
    0xFF, 0xFF, 0xFF, 0xFF, 0xFF, 0xFF, 0xFF, 0xFF, 0xFF, 0xFF, 0xFF, 0xFF, 0xFF, 0xFF, 0xFF, 0xFF,
    0xFF, 0xFF, 0xFF, 0xFF, 0xFF, 0xFF, 0xFF, 0xFF, 0xFF, 0xFF, 0xFF, 0xFF, 0xFF, 0xFF, 0xFF, 0xFF,
    0xFF, 0xFF, 0xFF, 0xFF, 0xFF, 0xFF, 0xFF, 0xFF, 0xFF, 0xFF, 0xFF, 0xFF, 0xFF, 0xFF, 0xFF, 0xFF,
    0xFF, 0xFF, 0xFF, 0xFF, 0xFF, 0xFF, 0xFF, 0xFF, 0xFF, 0xFF, 0xFF, 0xFF, 0xFF, 0xFF, 0xFF, 0xFF,
    0xFF, 0xFF, 0xFF, 0xFF, 0xFF, 0xFF, 0xFF, 0xFF, 0xFF, 0xFF, 0xFF, 0xFF, 0xFF, 0xFF, 0xFF, 0xFF,
    0xFF, 0xFF, 0xFF, 0xFF, 0xFF, 0xFF, 0xFF, 0xFF, 0xFF, 0xFF, 0xFF, 0xFF, 0xFF, 0xFF, 0xFF, 0xFF,
    0xFF, 0xFF, 0xFF, 0xFF, 0xFF, 0xFF, 0xFF, 0xFF, 0xFF, 0xFF, 0xFF, 0xFF, 0xFF, 0xFF, 0xFF, 0xFF,
    0xFF, 0xFF, 0xFF, 0xFF, 0xFF, 0xFF, 0xFF, 0xFF, 0xFF, 0xFF, 0xFF, 0xFF, 0xFF, 0xFF, 0xFF, 0xFF,
    0xFF, 0xFF, 0xFF, 0xFF, 0xFF, 0xFF, 0xFF, 0xFF, 0xFF, 0xFF, 0xFF, 0xFF, 0xFF, 0xFF, 0xFF, 0xFF,
    0xFF, 0xFF, 0xFF, 0xFF, 0xFF, 0xFF, 0xFF, 0xFF, 0xFF, 0xFF, 0xFF, 0xFF, 0xFF, 0xFF, 0xFF, 0xFF,
    0xFF, 0xFF, 0xFF, 0xFF, 0xFF, 0xFF, 0xFF, 0xFF, 0xFF, 0xFF, 0xFF, 0xFF, 0xFF, 0xFF, 0xFF, 0xFF,
    0xFF, 0xFF, 0xFF, 0xFF, 0xFF, 0xFF, 0xFF, 0xFF, 0xFF, 0xFF, 0xFF, 0xFF, 0xFF, 0xFF, 0xFF, 0xFF,
    0xFF, 0xFF, 0xFF, 0xFF, 0xFF, 0xFF, 0xFF, 0xFF, 0xFF, 0xFF, 0xFF, 0xFF, 0xFF, 0xFF, 0xFF, 0xFF,
    0xFF, 0xFF, 0xFF, 0xFF, 0xFF, 0xFF, 0xFF, 0xFF, 0xFF, 0xFF, 0xFF, 0xFF, 0xFF, 0xFF, 0xFF, 0xFF,
    0xFF, 0xFF, 0xFF, 0xFF, 0xFF, 0xFF, 0xFF, 0xFF, 0xFF, 0xFF, 0xFF, 0xFF, 0xFF, 0xFF, 0xFF, 0xFF,
    0xFF, 0xFF, 0xFF, 0xFF, 0xFF, 0xFF, 0xFF, 0xFF, 0xFF, 0xFF, 0xFF, 0xFF, 0xFF, 0xFF, 0xFF, 0xFF,
    0xFF, 0xFF, 0xFF, 0xFF, 0xFF, 0xFF, 0xFF, 0xFF, 0xFF, 0xFF, 0xFF, 0xFF, 0xFF, 0xFF, 0xFF, 0xFF,
    0xFF, 0xFF, 0xFF, 0xFF, 0xFF, 0xFF, 0xFF, 0xFF, 0xFF, 0xFF, 0xFF, 0xFF, 0xFF, 0xFF, 0xFF, 0xFF,
    0xFF, 0xFF, 0xFF, 0xFF, 0xFF, 0xFF, 0xFF, 0xFF, 0xFF, 0xFF, 0xFF, 0xFF, 0xFF, 0xFF, 0xFF, 0xFF,
    0xFF, 0xFF, 0xFF, 0xFF, 0xFF, 0xFF, 0xFF, 0xFF, 0xFF, 0xFF, 0xFF, 0xFF, 0xFF, 0xFF, 0xFF, 0xFF,
    0xFF, 0xFF, 0xFF, 0xFF, 0xFF, 0xFF, 0xFF, 0xFF, 0xFF, 0xFF, 0xFF, 0xFF, 0xFF, 0xFF, 0xFF, 0xFF,
    0xFF, 0xFF, 0xFF, 0xFF, 0xFF, 0xFF, 0xFF, 0xFF, 0xFF, 0xFF, 0xFF, 0xFF, 0xFF, 0xFF, 0xFF, 0xFF,
    0xFF, 0xFF, 0xFF, 0xFF, 0xFF, 0xFF, 0xFF, 0xFF, 0xFF, 0xFF, 0xFF, 0xFF, 0xFF, 0xFF, 0xFF, 0xFF,
    0xFF, 0xFF, 0xFF, 0xFF, 0xFF, 0xFF, 0xFF, 0xFF, 0xFF, 0xFF, 0xFF, 0xFF, 0xFF, 0xFF, 0xFF, 0xFF,
    0xFF, 0xFF, 0xFF, 0xFF, 0xFF, 0xFF, 0xFF, 0xFF, 0xFF, 0xFF, 0xFF, 0xFF, 0xFF, 0xFF, 0xFF, 0xFF,
    0xFF, 0xFF, 0xFF, 0xFF, 0xFF, 0xFF, 0xFF, 0xFF, 0xFF, 0xFF, 0xFF, 0xFF, 0xFF, 0xFF, 0xFF, 0xFF,
    0xFF, 0xFF, 0xFF, 0xFF, 0xFF, 0xFF, 0xFF, 0xFF, 0xFF, 0xFF, 0xFF, 0xFF, 0xFF, 0xFF, 0xFF, 0xFF,
    0xFF, 0xFF, 0xFF, 0xFF, 0xFF, 0xFF, 0xFF, 0xFF, 0xFF, 0xFF, 0xFF, 0xFF, 0xFF, 0xFF, 0xFF, 0xFF,
    0xFF, 0xFF, 0xFF, 0xFF, 0xFF, 0xFF, 0xFF, 0xFF, 0xFF, 0xFF, 0xFF, 0xFF, 0xFF, 0xFF, 0xFF, 0xFF,
    0xFF, 0xFF, 0xFF, 0xFF, 0xFF, 0xFF, 0xFF, 0xFF, 0xFF, 0xFF, 0xFF, 0xFF, 0xFF, 0xFF, 0xFF, 0xFF,
    0xFF, 0xFF, 0xFF, 0xFF, 0xFF, 0xFF, 0xFF, 0xFF, 0xFF, 0xFF, 0xFF, 0xFF, 0xFF, 0xFF, 0xFF, 0xFF,
    0xFF, 0xFF, 0xFF, 0xFF, 0xFF, 0xFF, 0xFF, 0xFF, 0xFF, 0xFF, 0xFF, 0xFF, 0xFF, 0xFF, 0xFF, 0xFF,
    0xFF, 0xFF, 0xFF, 0xFF, 0xFF, 0xFF, 0xFF, 0xFF, 0xFF, 0xFF, 0xFF, 0xFF, 0xFF, 0xFF, 0xFF, 0xFF,
    0xFF, 0xFF, 0xFF, 0xFF, 0xFF, 0xFF, 0xFF, 0xFF, 0xFF, 0xFF, 0xFF, 0xFF, 0xFF, 0xFF, 0xFF, 0xFF,
    0xFF, 0xFF, 0xFF, 0xFF, 0xFF, 0xFF, 0xFF, 0xFF, 0xFF, 0xFF, 0xFF, 0xFF, 0xFF, 0xFF, 0xFF, 0xFF,
    0xFF, 0xFF, 0xFF, 0xFF, 0xFF, 0xFF, 0xFF, 0xFF, 0xFF, 0xFF, 0xFF, 0xFF, 0xFF, 0xFF, 0xFF, 0xFF,
    0xFF, 0xFF, 0xFF, 0xFF, 0xFF, 0xFF, 0xFF, 0xFF, 0xFF, 0xFF, 0xFF, 0xFF, 0xFF, 0xFF, 0xFF, 0xFF,
    0xFF, 0xFF, 0xFF, 0xFF, 0xFF, 0xFF, 0xFF, 0xFF, 0xFF, 0xFF, 0xFF, 0xFF, 0xFF, 0xFF, 0xFF, 0xFF,
    0xFF, 0xFF, 0xFF, 0xFF, 0xFF, 0xFF, 0xFF, 0xFF, 0xFF, 0xFF, 0xFF, 0xFF, 0xFF, 0xFF, 0xFF, 0xFF,
    0xFF, 0xFF, 0xFF, 0xFF, 0xFF, 0xFF, 0xFF, 0xFF, 0xFF, 0xFF, 0xFF, 0xFF, 0xFF, 0xFF, 0xFF, 0xFF,
    0xFF, 0xFF, 0xFF, 0xFF, 0xFF, 0xFF, 0xFF, 0xFF, 0xFF, 0xFF, 0xFF, 0xFF, 0xFF, 0xFF, 0xFF, 0xFF,
    0xFF, 0xFF, 0xFF, 0xFF, 0xFF, 0xFF, 0xFF, 0xFF, 0xFF, 0xFF, 0xFF, 0xFF, 0xFF, 0xFF, 0xFF, 0xFF,
    0xFF, 0xFF, 0xFF, 0xFF, 0xFF, 0xFF, 0xFF, 0xFF, 0xFF, 0xFF, 0xFF, 0xFF, 0xFF, 0xFF, 0xFF, 0xFF,
    0xFF, 0xFF, 0xFF, 0xFF, 0xFF, 0xFF, 0xFF, 0xFF, 0xFF, 0xFF, 0xFF, 0xFF, 0xFF, 0xFF, 0xFF, 0xFF,
    0xFF, 0xFF, 0xFF, 0xFF, 0xFF, 0xFF, 0xFF, 0xFF, 0xFF, 0xFF, 0xFF, 0xFF, 0xFF, 0xFF, 0xFF, 0xFF,
    0xFF, 0xFF, 0xFF, 0xFF, 0xFF, 0xFF, 0xFF, 0xFF, 0xFF, 0xFF, 0xFF, 0xFF, 0xFF, 0xFF, 0xFF, 0xFF,
    0xFF, 0xFF, 0xFF, 0xFF, 0xFF, 0xFF, 0xFF, 0xFF, 0xFF, 0xFF, 0xFF, 0xFF, 0xFF, 0xFF, 0xFF, 0xFF,
    0xFF, 0xFF, 0xFF, 0xFF, 0xFF, 0xFF, 0xFF, 0xFF, 0xFF, 0xFF, 0xFF, 0xFF, 0xFF, 0xFF, 0xFF, 0xFF,
    0xFF, 0xFF, 0xFF, 0xFF, 0xFF, 0xFF, 0xFF, 0xFF, 0xFF, 0xFF, 0xFF, 0xFF, 0xFF, 0xFF, 0xFF, 0xFF,
    0xFF, 0xFF, 0xFF, 0xFF, 0xFF, 0xFF, 0xFF, 0xFF, 0xFF, 0xFF, 0xFF, 0xFF, 0xFF, 0xFF, 0xFF, 0xFF,
    0xFF, 0xFF, 0xFF, 0xFF, 0xFF, 0xFF, 0xFF, 0xFF, 0xFF, 0xFF, 0xFF, 0xFF, 0xFF, 0xFF, 0xFF, 0xFF,
    0xFF, 0xFF, 0xFF, 0xFF, 0xFF, 0xFF, 0xFF, 0xFF, 0xFF, 0xFF, 0xFF, 0xFF, 0xFF, 0xFF, 0xFF, 0xFF,
    0xFF, 0xFF, 0xFF, 0xFF, 0xFF, 0xFF, 0xFF, 0xFF, 0xFF, 0xFF, 0xFF, 0xFF, 0xFF, 0xFF, 0xFF, 0xFF,
    0xFF, 0xFF, 0xFF, 0xFF, 0xFF, 0xFF, 0xFF, 0xFF, 0xFF, 0xFF, 0xFF, 0xFF, 0xFF, 0xFF, 0xFF, 0xFF,
    0xFF, 0xFF, 0xFF, 0xFF, 0xFF, 0xFF, 0xFF, 0xFF, 0xFF, 0xFF, 0xFF, 0xFF, 0xFF, 0xFF, 0xFF, 0xFF,
    0xFF, 0xFF, 0xFF, 0xFF, 0xFF, 0xFF, 0xFF, 0xFF, 0xFF, 0xFF, 0xFF, 0xFF, 0xFF, 0xFF, 0xFF, 0xFF,
    0xFF, 0xFF, 0xFF, 0xFF, 0xFF, 0xFF, 0xFF, 0xFF, 0xFF, 0xFF, 0xFF, 0xFF, 0xFF, 0xFF, 0xFF, 0xFF,
    0xFF, 0xFF, 0xFF, 0xFF, 0xFF, 0xFF, 0xFF, 0xFF, 0xFF, 0xFF, 0xFF, 0xFF, 0xFF, 0xFF, 0xFF, 0xFF,
    0xFF, 0xFF, 0xFF, 0xFF, 0xFF, 0xFF, 0xFF, 0xFF, 0xFF, 0xFF, 0xFF, 0xFF, 0xFF, 0xFF, 0xFF, 0xFF,
    0xFF, 0xFF, 0xFF, 0xFF, 0xFF, 0xFF, 0xFF, 0xFF, 0xFF, 0xFF, 0xFF, 0xFF, 0xFF, 0xFF, 0xFF, 0xFF,
    0xFF, 0xFF, 0xFF, 0xFF, 0xFF, 0xFF, 0xFF, 0xFF, 0xFF, 0xFF, 0xFF, 0xFF, 0xFF, 0xFF, 0xFF, 0xFF,
    0xFF, 0xFF, 0xFF, 0xFF, 0xFF, 0xFF, 0xFF, 0xFF, 0xFF, 0xFF, 0xFF, 0xFF, 0xFF, 0xFF, 0xFF, 0xFF,
    0xFF, 0xFF, 0xFF, 0xFF, 0xFF, 0xFF, 0xFF, 0xFF, 0xFF, 0xFF, 0xFF, 0xFF, 0xFF, 0xFF, 0xFF, 0xFF,
    0xFF, 0xFF, 0xFF, 0xFF, 0xFF, 0xFF, 0xFF, 0xFF, 0xFF, 0xFF, 0xFF, 0xFF, 0xFF, 0xFF, 0xFF, 0xFF,
    0xFF, 0xFF, 0xFF, 0xFF, 0xFF, 0xFF, 0xFF, 0xFF, 0xFF, 0xFF, 0xFF, 0xFF, 0xFF, 0xFF, 0xFF, 0xFF,
    0xFF, 0xFF, 0xFF, 0xFF, 0xFF, 0xFF, 0xFF, 0xFF, 0xFF, 0xFF, 0xFF, 0xFF, 0xFF, 0xFF, 0xFF, 0xFF,
    0xFF, 0xFF, 0xFF, 0xFF, 0xFF, 0xFF, 0xFF, 0xFF, 0xFF, 0xFF, 0xFF, 0xFF, 0xFF, 0xFF, 0xFF, 0xFF,
    0xFF, 0xFF, 0xFF, 0xFF, 0xFF, 0xFF, 0xFF, 0xFF, 0xFF, 0xFF, 0xFF, 0xFF, 0xFF, 0xFF, 0xFF, 0xFF,
    0xFF, 0xFF, 0xFF, 0xFF, 0xFF, 0xFF, 0xFF, 0xFF, 0xFF, 0xFF, 0xFF, 0xFF, 0xFF, 0xFF, 0xFF, 0xFF,
    0xFF, 0xFF, 0xFF, 0xFF, 0xFF, 0xFF, 0xFF, 0xFF, 0xFF, 0xFF, 0xFF, 0xFF, 0xFF, 0xFF, 0xFF, 0xFF,
    0xFF, 0xFF, 0xFF, 0xFF, 0xFF, 0xFF, 0xFF, 0xFF, 0xFF, 0xFF, 0xFF, 0xFF, 0xFF, 0xFF, 0xFF, 0xFF,
    0xFF, 0xFF, 0xFF, 0xFF, 0xFF, 0xFF, 0xFF, 0xFF, 0xFF, 0xFF, 0xFF, 0xFF, 0xFF, 0xFF, 0xFF, 0xFF,
    0xFF, 0xFF, 0xFF, 0xFF, 0xFF, 0xFF, 0xFF, 0xFF, 0xFF, 0xFF, 0xFF, 0xFF, 0xFF, 0xFF, 0xFF, 0xFF,
    0xFF, 0xFF, 0xFF, 0xFF, 0xFF, 0xFF, 0xFF, 0xFF, 0xFF, 0xFF, 0xFF, 0xFF, 0xFF, 0xFF, 0xFF, 0xFF,
    0xFF, 0xFF, 0xFF, 0xFF, 0xFF, 0xFF, 0xFF, 0xFF, 0xFF, 0xFF, 0xFF, 0xFF, 0xFF, 0xFF, 0xFF, 0xFF,
    0xFF, 0xFF, 0xFF, 0xFF, 0xFF, 0xFF, 0xFF, 0xFF, 0xFF, 0xFF, 0xFF, 0xFF, 0xFF, 0xFF, 0xFF, 0xFF,
    0xFF, 0xFF, 0xFF, 0xFF, 0xFF, 0xFF, 0xFF, 0xFF, 0xFF, 0xFF, 0xFF, 0xFF, 0xFF, 0xFF, 0xFF, 0xFF,
    0xFF, 0xFF, 0xFF, 0xFF, 0xFF, 0xFF, 0xFF, 0xFF, 0xFF, 0xFF, 0xFF, 0xFF, 0xFF, 0xFF, 0xFF, 0xFF,
    0xFF, 0xFF, 0xFF, 0xFF, 0xFF, 0xFF, 0xFF, 0xFF, 0xFF, 0xFF, 0xFF, 0xFF, 0xFF, 0xFF, 0xFF, 0xFF,
    0xFF, 0xFF, 0xFF, 0xFF, 0xFF, 0xFF, 0xFF, 0xFF, 0xFF, 0xFF, 0xFF, 0xFF, 0xFF, 0xFF, 0xFF, 0xFF,
    0xFF, 0xFF, 0xFF, 0xFF, 0xFF, 0xFF, 0xFF, 0xFF, 0xFF, 0xFF, 0xFF, 0xFF, 0xFF, 0xFF, 0xFF, 0xFF,
    0xFF, 0xFF, 0xFF, 0xFF, 0xFF, 0xFF, 0xFF, 0xFF, 0xFF, 0xFF, 0xFF, 0xFF, 0xFF, 0xFF, 0xFF, 0xFF,
    0xFF, 0xFF, 0xFF, 0xFF, 0xFF, 0xFF, 0xFF, 0xFF, 0xFF, 0xFF, 0xFF, 0xFF, 0xFF, 0xFF, 0xFF, 0xFF,
    0xFF, 0xFF, 0xFF, 0xFF, 0xFF, 0xFF, 0xFF, 0xFF, 0xFF, 0xFF, 0xFF, 0xFF, 0xFF, 0xFF, 0xFF, 0xFF,
    0xFF, 0xFF, 0xFF, 0xFF, 0xFF, 0xFF, 0xFF, 0xFF, 0xFF, 0xFF, 0xFF, 0xFF, 0xFF, 0xFF, 0xFF, 0xFF,
    0xFF, 0xFF, 0xFF, 0xFF, 0xFF, 0xFF, 0xFF, 0xFF, 0xFF, 0xFF, 0xFF, 0xFF, 0xFF, 0xFF, 0xFF, 0xFF,
    0xFF, 0xFF, 0xFF, 0xFF, 0xFF, 0xFF, 0xFF, 0xFF, 0xFF, 0xFF, 0xFF, 0xFF, 0xFF, 0xFF, 0xFF, 0xFF,
    0xFF, 0xFF, 0xFF, 0xFF, 0xFF, 0xFF, 0xFF, 0xFF, 0xFF, 0xFF, 0xFF, 0xFF, 0xFF, 0xFF, 0xFF, 0xFF,
    0xFF, 0xFF, 0xFF, 0xFF, 0xFF, 0xFF, 0xFF, 0xFF, 0xFF, 0xFF, 0xFF, 0xFF, 0xFF, 0xFF, 0xFF, 0xFF,
    0xFF, 0xFF, 0xFF, 0xFF, 0xFF, 0xFF, 0xFF, 0xFF, 0xFF, 0xFF, 0xFF, 0xFF, 0xFF, 0xFF, 0xFF, 0xFF,
    0xFF, 0xFF, 0xFF, 0xFF, 0xFF, 0xFF, 0xFF, 0xFF, 0xFF, 0xFF, 0xFF, 0xFF, 0xFF, 0xFF, 0xFF, 0xFF,
    0xFF, 0xFF, 0xFF, 0xFF, 0xFF, 0xFF, 0xFF, 0xFF, 0xFF, 0xFF, 0xFF, 0xFF, 0xFF, 0xFF, 0xFF, 0xFF,
    0xFF, 0xFF, 0xFF, 0xFF, 0xFF, 0xFF, 0xFF, 0xFF, 0xFF, 0xFF, 0xFF, 0xFF, 0xFF, 0xFF, 0xFF, 0xFF,
    0xFF, 0xFF, 0xFF, 0xFF, 0xFF, 0xFF, 0xFF, 0xFF, 0xFF, 0xFF, 0xFF, 0xFF, 0xFF, 0xFF, 0xFF, 0xFF,
    0xFF, 0xFF, 0xFF, 0xFF, 0xFF, 0xFF, 0xFF, 0xFF, 0xFF, 0xFF, 0xFF, 0xFF, 0xFF, 0xFF, 0xFF, 0xFF,
    0xFF, 0xFF, 0xFF, 0xFF, 0xFF, 0xFF, 0xFF, 0xFF, 0xFF, 0xFF, 0xFF, 0xFF, 0xFF, 0xFF, 0xFF, 0xFF,
    0xFF, 0xFF, 0xFF, 0xFF, 0xFF, 0xFF, 0xFF, 0xFF, 0xFF, 0xFF, 0xFF, 0xFF, 0xFF, 0xFF, 0xFF, 0xFF,
    0xFF, 0xFF, 0xFF, 0xFF, 0xFF, 0xFF, 0xFF, 0xFF, 0xFF, 0xFF, 0xFF, 0xFF, 0xFF, 0xFF, 0xFF, 0xFF,
    0xFF, 0xFF, 0xFF, 0xFF, 0xFF, 0xFF, 0xFF, 0xFF, 0xFF, 0xFF, 0xFF, 0xFF, 0xFF, 0xFF, 0xFF, 0xFF,
    0xFF, 0xFF, 0xFF, 0xFF, 0xFF, 0xFF, 0xFF, 0xFF, 0xFF, 0xFF, 0xFF, 0xFF, 0xFF, 0xFF, 0xFF, 0xFF,
    0xFF, 0xFF, 0xFF, 0xFF, 0xFF, 0xFF, 0xFF, 0xFF, 0xFF, 0xFF, 0xFF, 0xFF, 0xFF, 0xFF, 0xFF, 0xFF,
    0xFF, 0xFF, 0xFF, 0xFF, 0xFF, 0xFF, 0xFF, 0xFF, 0xFF, 0xFF, 0xFF, 0xFF, 0xFF, 0xFF, 0xFF, 0xFF,
    0xFF, 0xFF, 0xFF, 0xFF, 0xFF, 0xFF, 0xFF, 0xFF, 0xFF, 0xFF, 0xFF, 0xFF, 0xFF, 0xFF, 0xFF, 0xFF,
    0xFF, 0xFF, 0xFF, 0xFF, 0xFF, 0xFF, 0xFF, 0xFF, 0xFF, 0xFF, 0xFF, 0xFF, 0xFF, 0xFF, 0xFF, 0xFF,
    0xFF, 0xFF, 0xFF, 0xFF, 0xFF, 0xFF, 0xFF, 0xFF, 0xFF, 0xFF, 0xFF, 0xFF, 0xFF, 0xFF, 0xFF, 0xFF,
    0xFF, 0xFF, 0xFF, 0xFF, 0xFF, 0xFF, 0xFF, 0xFF, 0xFF, 0xFF, 0xFF, 0xFF, 0xFF, 0xFF, 0xFF, 0xFF,
    0xFF, 0xFF, 0xFF, 0xFF, 0xFF, 0xFF, 0xFF, 0xFF, 0xFF, 0xFF, 0xFF, 0xFF, 0xFF, 0xFF, 0xFF, 0xFF,
    0xFF, 0xFF, 0xFF, 0xFF, 0xFF, 0xFF, 0xFF, 0xFF, 0xFF, 0xFF, 0xFF, 0xFF, 0xFF, 0xFF, 0xFF, 0xFF,
    0xFF, 0xFF, 0xFF, 0xFF, 0xFF, 0xFF, 0xFF, 0xFF, 0xFF, 0xFF, 0xFF, 0xFF, 0xFF, 0xFF, 0xFF, 0xFF,
    0xFF, 0xFF, 0xFF, 0xFF, 0xFF, 0xFF, 0xFF, 0xFF, 0xFF, 0xFF, 0xFF, 0xFF, 0xFF, 0xFF, 0xFF, 0xFF,
    0xFF, 0xFF, 0xFF, 0xFF, 0xFF, 0xFF, 0xFF, 0xFF, 0xFF, 0xFF, 0xFF, 0xFF, 0xFF, 0xFF, 0xFF, 0xFF,
    0xFF, 0xFF, 0xFF, 0xFF, 0xFF, 0xFF, 0xFF, 0xFF, 0xFF, 0xFF, 0xFF, 0xFF, 0xFF, 0xFF, 0xFF, 0xFF,
    0xFF, 0xFF, 0xFF, 0xFF, 0xFF, 0xFF, 0xFF, 0xFF, 0xFF, 0xFF, 0xFF, 0xFF, 0xFF, 0xFF, 0xFF, 0xFF,
    0xFF, 0xFF, 0xFF, 0xFF, 0xFF, 0xFF, 0xFF, 0xFF, 0xFF, 0xFF, 0xFF, 0xFF, 0xFF, 0xFF, 0xFF, 0xFF,
    0xFF, 0xFF, 0xFF, 0xFF, 0xFF, 0xFF, 0xFF, 0xFF, 0xFF, 0xFF, 0xFF, 0xFF, 0xFF, 0xFF, 0xFF, 0xFF,
    0xFF, 0xFF, 0xFF, 0xFF, 0xFF, 0xFF, 0xFF, 0xFF, 0xFF, 0xFF, 0xFF, 0xFF, 0xFF, 0xFF, 0xFF, 0xFF,
    0xFF, 0xFF, 0xFF, 0xFF, 0xFF, 0xFF, 0xFF, 0xFF, 0xFF, 0xFF, 0xFF, 0xFF, 0xFF, 0xFF, 0xFF, 0xFF,
    0xFF, 0xFF, 0xFF, 0xFF, 0xFF, 0xFF, 0xFF, 0xFF, 0xFF, 0xFF, 0xFF, 0xFF, 0xFF, 0xFF, 0xFF, 0xFF,
    0xFF, 0xFF, 0xFF, 0xFF, 0xFF, 0xFF, 0xFF, 0xFF, 0xFF, 0xFF, 0xFF, 0xFF, 0xFF, 0xFF, 0xFF, 0xFF,
    0xFF, 0xFF, 0xFF, 0xFF, 0xFF, 0xFF, 0xFF, 0xFF, 0xFF, 0xFF, 0xFF, 0xFF, 0xFF, 0xFF, 0xFF, 0xFF,
    0xFF, 0xFF, 0xFF, 0xFF, 0xFF, 0xFF, 0xFF, 0xFF, 0xFF, 0xFF, 0xFF, 0xFF, 0xFF, 0xFF, 0xFF, 0xFF,
    0xFF, 0xFF, 0xFF, 0xFF, 0xFF, 0xFF, 0xFF, 0xFF, 0xFF, 0xFF, 0xFF, 0xFF, 0xFF, 0xFF, 0xFF, 0xFF,
    0xFF, 0xFF, 0xFF, 0xFF, 0xFF, 0xFF, 0xFF, 0xFF, 0xFF, 0xFF, 0xFF, 0xFF, 0xFF, 0xFF, 0xFF, 0xFF,
    0xFF, 0xFF, 0xFF, 0xFF, 0xFF, 0xFF, 0xFF, 0xFF, 0xFF, 0xFF, 0xFF, 0xFF, 0xFF, 0xFF, 0xFF, 0xFF,
    0xFF, 0xFF, 0xFF, 0xFF, 0xFF, 0xFF, 0xFF, 0xFF, 0xFF, 0xFF, 0xFF, 0xFF, 0xFF, 0xFF, 0xFF, 0xFF,
    0xFF, 0xFF, 0xFF, 0xFF, 0xFF, 0xFF, 0xFF, 0xFF, 0xFF, 0xFF, 0xFF, 0xFF, 0xFF, 0xFF, 0xFF, 0xFF,
    0xFF, 0xFF, 0xFF, 0xFF, 0xFF, 0xFF, 0xFF, 0xFF, 0xFF, 0xFF, 0xFF, 0xFF, 0xFF, 0xFF, 0xFF, 0xFF,
    0xFF, 0xFF, 0xFF, 0xFF, 0xFF, 0xFF, 0xFF, 0xFF, 0xFF, 0xFF, 0xFF, 0xFF, 0xFF, 0xFF, 0xFF, 0xFF,
    0xFF, 0xFF, 0xFF, 0xFF, 0xFF, 0xFF, 0xFF, 0xFF, 0xFF, 0xFF, 0xFF, 0xFF, 0xFF, 0xFF, 0xFF, 0xFF,
    0xFF, 0xFF, 0xFF, 0xFF, 0xFF, 0xFF, 0xFF, 0xFF, 0xFF, 0xFF, 0xFF, 0xFF, 0xFF, 0xFF, 0xFF, 0xFF,
    0xFF, 0xFF, 0xFF, 0xFF, 0xFF, 0xFF, 0xFF, 0xFF, 0xFF, 0xFF, 0xFF, 0xFF, 0xFF, 0xFF, 0xFF, 0xFF,
    0xFF, 0xFF, 0xFF, 0xFF, 0xFF, 0xFF, 0xFF, 0xFF, 0xFF, 0xFF, 0xFF, 0xFF, 0xFF, 0xFF, 0xFF, 0xFF,
    0xFF, 0xFF, 0xFF, 0xFF, 0xFF, 0xFF, 0xFF, 0xFF, 0xFF, 0xFF, 0xFF, 0xFF, 0xFF, 0xFF, 0xFF, 0xFF,
    0xFF, 0xFF, 0xFF, 0xFF, 0xFF, 0xFF, 0xFF, 0xFF, 0xFF, 0xFF, 0xFF, 0xFF, 0xFF, 0xFF, 0xFF, 0xFF,
    0xFF, 0xFF, 0xFF, 0xFF, 0xFF, 0xFF, 0xFF, 0xFF, 0xFF, 0xFF, 0xFF, 0xFF, 0xFF, 0xFF, 0xFF, 0xFF,
    0xFF, 0xFF, 0xFF, 0xFF, 0xFF, 0xFF, 0xFF, 0xFF, 0xFF, 0xFF, 0xFF, 0xFF, 0xFF, 0xFF, 0xFF, 0xFF,
    0xFF, 0xFF, 0xFF, 0xFF, 0xFF, 0xFF, 0xFF, 0xFF, 0xFF, 0xFF, 0xFF, 0xFF, 0xFF, 0xFF, 0xFF, 0xFF,
    0xFF, 0xFF, 0xFF, 0xFF, 0xFF, 0xFF, 0xFF, 0xFF, 0xFF, 0xFF, 0xFF, 0xFF, 0xFF, 0xFF, 0xFF, 0xFF,
    0xFF, 0xFF, 0xFF, 0xFF, 0xFF, 0xFF, 0xFF, 0xFF, 0xFF, 0xFF, 0xFF, 0xFF, 0xFF, 0xFF, 0xFF, 0xFF,
    0xFF, 0xFF, 0xFF, 0xFF, 0xFF, 0xFF, 0xFF, 0xFF, 0xFF, 0xFF, 0xFF, 0xFF, 0xFF, 0xFF, 0xFF, 0xFF,
    0xFF, 0xFF, 0xFF, 0xFF, 0xFF, 0xFF, 0xFF, 0xFF, 0xFF, 0xFF, 0xFF, 0xFF, 0xFF, 0xFF, 0xFF, 0xFF,
    0xFF, 0xFF, 0xFF, 0xFF, 0xFF, 0xFF, 0xFF, 0xFF, 0xFF, 0xFF, 0xFF, 0xFF, 0xFF, 0xFF, 0xFF, 0xFF,
    0xFF, 0xFF, 0xFF, 0xFF, 0xFF, 0xFF, 0xFF, 0xFF, 0xFF, 0xFF, 0xFF, 0xFF, 0xFF, 0xFF, 0xFF, 0xFF,
    0xFF, 0xFF, 0xFF, 0xFF, 0xFF, 0xFF, 0xFF, 0xFF, 0xFF, 0xFF, 0xFF, 0xFF, 0xFF, 0xFF, 0xFF, 0xFF,
    0xFF, 0xFF, 0xFF, 0xFF, 0xFF, 0xFF, 0xFF, 0xFF, 0xFF, 0xFF, 0xFF, 0xFF, 0xFF, 0xFF, 0xFF, 0xFF,
    0xFF, 0xFF, 0xFF, 0xFF, 0xFF, 0xFF, 0xFF, 0xFF, 0xFF, 0xFF, 0xFF, 0xFF, 0xFF, 0xFF, 0xFF, 0xFF,
    0xFF, 0xFF, 0xFF, 0xFF, 0xFF, 0xFF, 0xFF, 0xFF, 0xFF, 0xFF, 0xFF, 0xFF, 0xFF, 0xFF, 0xFF, 0xFF,
    0xFF, 0xFF, 0xFF, 0xFF, 0xFF, 0xFF, 0xFF, 0xFF, 0xFF, 0xFF, 0xFF, 0xFF, 0xFF, 0xFF, 0xFF, 0xFF,
    0xFF, 0xFF, 0xFF, 0xFF, 0xFF, 0xFF, 0xFF, 0xFF, 0xFF, 0xFF, 0xFF, 0xFF, 0xFF, 0xFF, 0xFF, 0xFF,
    0xFF, 0xFF, 0xFF, 0xFF, 0xFF, 0xFF, 0xFF, 0xFF, 0xFF, 0xFF, 0xFF, 0xFF, 0xFF, 0xFF, 0xFF, 0xFF,
    0xFF, 0xFF, 0xFF, 0xFF, 0xFF, 0xFF, 0xFF, 0xFF, 0xFF, 0xFF, 0xFF, 0xFF, 0xFF, 0xFF, 0xFF, 0xFF,
    0xFF, 0xFF, 0xFF, 0xFF, 0xFF, 0xFF, 0xFF, 0xFF, 0xFF, 0xFF, 0xFF, 0xFF, 0xFF, 0xFF, 0xFF, 0xFF,
    0xFF, 0xFF, 0xFF, 0xFF, 0xFF, 0xFF, 0xFF, 0xFF, 0xFF, 0xFF, 0xFF, 0xFF, 0xFF, 0xFF, 0xFF, 0xFF,
    0xFF, 0xFF, 0xFF, 0xFF, 0xFF, 0xFF, 0xFF, 0xFF, 0xFF, 0xFF, 0xFF, 0xFF, 0xFF, 0xFF, 0xFF, 0xFF,
    0xFF, 0xFF, 0xFF, 0xFF, 0xFF, 0xFF, 0xFF, 0xFF, 0xFF, 0xFF, 0xFF, 0xFF, 0xFF, 0xFF, 0xFF, 0xFF,
    0xFF, 0xFF, 0xFF, 0xFF, 0xFF, 0xFF, 0xFF, 0xFF, 0xFF, 0xFF, 0xFF, 0xFF, 0xFF, 0xFF, 0xFF, 0xFF,
    0xFF, 0xFF, 0xFF, 0xFF, 0xFF, 0xFF, 0xFF, 0xFF, 0xFF, 0xFF, 0xFF, 0xFF, 0xFF, 0xFF, 0xFF, 0xFF,
    0xFF, 0xFF, 0xFF, 0xFF, 0xFF, 0xFF, 0xFF, 0xFF, 0xFF, 0xFF, 0xFF, 0xFF, 0xFF, 0xFF, 0xFF, 0xFF,
    0xFF, 0xFF, 0xFF, 0xFF, 0xFF, 0xFF, 0xFF, 0xFF, 0xFF, 0xFF, 0xFF, 0xFF, 0xFF, 0xFF, 0xFF, 0xFF,
    0xFF, 0xFF, 0xFF, 0xFF, 0xFF, 0xFF, 0xFF, 0xFF, 0xFF, 0xFF, 0xFF, 0xFF, 0xFF, 0xFF, 0xFF, 0xFF,
    0xFF, 0xFF, 0xFF, 0xFF, 0xFF, 0xFF, 0xFF, 0xFF, 0xFF, 0xFF, 0xFF, 0xFF, 0xFF, 0xFF, 0xFF, 0xFF,
    0xFF, 0xFF, 0xFF, 0xFF, 0xFF, 0xFF, 0xFF, 0xFF, 0xFF, 0xFF, 0xFF, 0xFF, 0xFF, 0xFF, 0xFF, 0xFF,
    0xFF, 0xFF, 0xFF, 0xFF, 0xFF, 0xFF, 0xFF, 0xFF, 0xFF, 0xFF, 0xFF, 0xFF, 0xFF, 0xFF, 0xFF, 0xFF,
    0xFF, 0xFF, 0xFF, 0xFF, 0xFF, 0xFF, 0xFF, 0xFF, 0xFF, 0xFF, 0xFF, 0xFF, 0xFF, 0xFF, 0xFF, 0xFF,
    0xFF, 0xFF, 0xFF, 0xFF, 0xFF, 0xFF, 0xFF, 0xFF, 0xFF, 0xFF, 0xFF, 0xFF, 0xFF, 0xFF, 0xFF, 0xFF,
    0xFF, 0xFF, 0xFF, 0xFF, 0xFF, 0xFF, 0xFF, 0xFF, 0xFF, 0xFF, 0xFF, 0xFF, 0xFF, 0xFF, 0xFF, 0xFF,
    0xFF, 0xFF, 0xFF, 0xFF, 0xFF, 0xFF, 0xFF, 0xFF, 0xFF, 0xFF, 0xFF, 0xFF, 0xFF, 0xFF, 0xFF, 0xFF,
    0xFF, 0xFF, 0xFF, 0xFF, 0xFF, 0xFF, 0xFF, 0xFF, 0xFF, 0xFF, 0xFF, 0xFF, 0xFF, 0xFF, 0xFF, 0xFF,
    0xFF, 0xFF, 0xFF, 0xFF, 0xFF, 0xFF, 0xFF, 0xFF, 0xFF, 0xFF, 0xFF, 0xFF, 0xFF, 0xFF, 0xFF, 0xFF,
    0xFF, 0xFF, 0xFF, 0xFF, 0xFF, 0xFF, 0xFF, 0xFF, 0xFF, 0xFF, 0xFF, 0xFF, 0xFF, 0xFF, 0xFF, 0xFF,
    0xFF, 0xFF, 0xFF, 0xFF, 0xFF, 0xFF, 0xFF, 0xFF, 0xFF, 0xFF, 0xFF, 0xFF, 0xFF, 0xFF, 0xFF, 0xFF,
    0xFF, 0xFF, 0xFF, 0xFF, 0xFF, 0xFF, 0xFF, 0xFF, 0xFF, 0xFF, 0xFF, 0xFF, 0xFF, 0xFF, 0xFF, 0xFF,
    0xFF, 0xFF, 0xFF, 0xFF, 0xFF, 0xFF, 0xFF, 0xFF, 0xFF, 0xFF, 0xFF, 0xFF, 0xFF, 0xFF, 0xFF, 0xFF,
    0xFF, 0xFF, 0xFF, 0xFF, 0xFF, 0xFF, 0xFF, 0xFF, 0xFF, 0xFF, 0xFF, 0xFF, 0xFF, 0xFF, 0xFF, 0xFF,
    0xFF, 0xFF, 0xFF, 0xFF, 0xFF, 0xFF, 0xFF, 0xFF, 0xFF, 0xFF, 0xFF, 0xFF, 0xFF, 0xFF, 0xFF, 0xFF,
    0xFF, 0xFF, 0xFF, 0xFF, 0xFF, 0xFF, 0xFF, 0xFF, 0xFF, 0xFF, 0xFF, 0xFF, 0xFF, 0xFF, 0xFF, 0xFF,
    0xFF, 0xFF, 0xFF, 0xFF, 0xFF, 0xFF, 0xFF, 0xFF, 0xFF, 0xFF, 0xFF, 0xFF, 0xFF, 0xFF, 0xFF, 0xFF,
    0xFF, 0xFF, 0xFF, 0xFF, 0xFF, 0xFF, 0xFF, 0xFF, 0xFF, 0xFF, 0xFF, 0xFF, 0xFF, 0xFF, 0xFF, 0xFF,
    0xFF, 0xFF, 0xFF, 0xFF, 0xFF, 0xFF, 0xFF, 0xFF, 0xFF, 0xFF, 0xFF, 0xFF, 0xFF, 0xFF, 0xFF, 0xFF,
    0xFF, 0xFF, 0xFF, 0xFF, 0xFF, 0xFF, 0xFF, 0xFF, 0xFF, 0xFF, 0xFF, 0xFF, 0xFF, 0xFF, 0xFF, 0xFF,
    0xFF, 0xFF, 0xFF, 0xFF, 0xFF, 0xFF, 0xFF, 0xFF, 0xFF, 0xFF, 0xFF, 0xFF, 0xFF, 0xFF, 0xFF, 0xFF,
    0xFF, 0xFF, 0xFF, 0xFF, 0xFF, 0xFF, 0xFF, 0xFF, 0xFF, 0xFF, 0xFF, 0xFF, 0xFF, 0xFF, 0xFF, 0xFF,
    0xFF, 0xFF, 0xFF, 0xFF, 0xFF, 0xFF, 0xFF, 0xFF, 0xFF, 0xFF, 0xFF, 0xFF, 0xFF, 0xFF, 0xFF, 0xFF,
    0xFF, 0xFF, 0xFF, 0xFF, 0xFF, 0xFF, 0xFF, 0xFF, 0xFF, 0xFF, 0xFF, 0xFF, 0xFF, 0xFF, 0xFF, 0xFF,
    0xFF, 0xFF, 0xFF, 0xFF, 0xFF, 0xFF, 0xFF, 0xFF, 0xFF, 0xFF, 0xFF, 0xFF, 0xFF, 0xFF, 0xFF, 0xFF,
    0xFF, 0xFF, 0xFF, 0xFF, 0xFF, 0xFF, 0xFF, 0xFF, 0xFF, 0xFF, 0xFF, 0xFF, 0xFF, 0xFF, 0xFF, 0xFF,
    0xFF, 0xFF, 0xFF, 0xFF, 0xFF, 0xFF, 0xFF, 0xFF, 0xFF, 0xFF, 0xFF, 0xFF, 0xFF, 0xFF, 0xFF, 0xFF,
    0xFF, 0xFF, 0xFF, 0xFF, 0xFF, 0xFF, 0xFF, 0xFF, 0xFF, 0xFF, 0xFF, 0xFF, 0xFF, 0xFF, 0xFF, 0xFF,
    0xFF, 0xFF, 0xFF, 0xFF, 0xFF, 0xFF, 0xFF, 0xFF, 0xFF, 0xFF, 0xFF, 0xFF, 0xFF, 0xFF, 0xFF, 0xFF,
    0xFF, 0xFF, 0xFF, 0xFF, 0xFF, 0xFF, 0xFF, 0xFF, 0xFF, 0xFF, 0xFF, 0xFF, 0xFF, 0xFF, 0xFF, 0xFF,
    0xFF, 0xFF, 0xFF, 0xFF, 0xFF, 0xFF, 0xFF, 0xFF, 0xFF, 0xFF, 0xFF, 0xFF, 0xFF, 0xFF, 0xFF, 0xFF,
    0xFF, 0xFF, 0xFF, 0xFF, 0xFF, 0xFF, 0xFF, 0xFF, 0xFF, 0xFF, 0xFF, 0xFF, 0xFF, 0xFF, 0xFF, 0xFF,
    0xFF, 0xFF, 0xFF, 0xFF, 0xFF, 0xFF, 0xFF, 0xFF, 0xFF, 0xFF, 0xFF, 0xFF, 0xFF, 0xFF, 0xFF, 0xFF,
    0xFF, 0xFF, 0xFF, 0xFF, 0xFF, 0xFF, 0xFF, 0xFF, 0xFF, 0xFF, 0xFF, 0xFF, 0xFF, 0xFF, 0xFF, 0xFF,
    0xFF, 0xFF, 0xFF, 0xFF, 0xFF, 0xFF, 0xFF, 0xFF, 0xFF, 0xFF, 0xFF, 0xFF, 0xFF, 0xFF, 0xFF, 0xFF,
    0xFF, 0xFF, 0xFF, 0xFF, 0xFF, 0xFF, 0xFF, 0xFF, 0xFF, 0xFF, 0xFF, 0xFF, 0xFF, 0xFF, 0xFF, 0xFF,
    0xFF, 0xFF, 0xFF, 0xFF, 0xFF, 0xFF, 0xFF, 0xFF, 0xFF, 0xFF, 0xFF, 0xFF, 0xFF, 0xFF, 0xFF, 0xFF,
    0xFF, 0xFF, 0xFF, 0xFF, 0xFF, 0xFF, 0xFF, 0xFF, 0xFF, 0xFF, 0xFF, 0xFF, 0xFF, 0xFF, 0xFF, 0xFF,
    0xFF, 0xFF, 0xFF, 0xFF, 0xFF, 0xFF, 0xFF, 0xFF, 0xFF, 0xFF, 0xFF, 0xFF, 0xFF, 0xFF, 0xFF, 0xFF,
    0xFF, 0xFF, 0xFF, 0xFF, 0xFF, 0xFF, 0xFF, 0xFF, 0xFF, 0xFF, 0xFF, 0xFF, 0xFF, 0xFF, 0xFF, 0xFF,
    0xFF, 0xFF, 0xFF, 0xFF, 0xFF, 0xFF, 0xFF, 0xFF, 0xFF, 0xFF, 0xFF, 0xFF, 0xFF, 0xFF, 0xFF, 0xFF,
    0xFF, 0xFF, 0xFF, 0xFF, 0xFF, 0xFF, 0xFF, 0xFF, 0xFF, 0xFF, 0xFF, 0xFF, 0xFF, 0xFF, 0xFF, 0xFF,
    0xFF, 0xFF, 0xFF, 0xFF, 0xFF, 0xFF, 0xFF, 0xFF, 0xFF, 0xFF, 0xFF, 0xFF, 0xFF, 0xFF, 0xFF, 0xFF,
    0xFF, 0xFF, 0xFF, 0xFF, 0xFF, 0xFF, 0xFF, 0xFF, 0xFF, 0xFF, 0xFF, 0xFF, 0xFF, 0xFF, 0xFF, 0xFF,
    0xFF, 0xFF, 0xFF, 0xFF, 0xFF, 0xFF, 0xFF, 0xFF, 0xFF, 0xFF, 0xFF, 0xFF, 0xFF, 0xFF, 0xFF, 0xFF,
    0xFF, 0xFF, 0xFF, 0xFF, 0xFF, 0xFF, 0xFF, 0xFF, 0xFF, 0xFF, 0xFF, 0xFF, 0xFF, 0xFF, 0xFF, 0xFF,
    0xFF, 0xFF, 0xFF, 0xFF, 0xFF, 0xFF, 0xFF, 0xFF, 0xFF, 0xFF, 0xFF, 0xFF, 0xFF, 0xFF, 0xFF, 0xFF,
    0xFF, 0xFF, 0xFF, 0xFF, 0xFF, 0xFF, 0xFF, 0xFF, 0xFF, 0xFF, 0xFF, 0xFF, 0xFF, 0xFF, 0xFF, 0xFF,
    0xFF, 0xFF, 0xFF, 0xFF, 0xFF, 0xFF, 0xFF, 0xFF, 0xFF, 0xFF, 0xFF, 0xFF, 0xFF, 0xFF, 0xFF, 0xFF,
    0xFF, 0xFF, 0xFF, 0xFF, 0xFF, 0xFF, 0xFF, 0xFF, 0xFF, 0xFF, 0xFF, 0xFF, 0xFF, 0xFF, 0xFF, 0xFF,
    0xFF, 0xFF, 0xFF, 0xFF, 0xFF, 0xFF, 0xFF, 0xFF, 0xFF, 0xFF, 0xFF, 0xFF, 0xFF, 0xFF, 0xFF, 0xFF,
    0xFF, 0xFF, 0xFF, 0xFF, 0xFF, 0xFF, 0xFF, 0xFF, 0xFF, 0xFF, 0xFF, 0xFF, 0xFF, 0xFF, 0xFF, 0xFF,
    0xFF, 0xFF, 0xFF, 0xFF, 0xFF, 0xFF, 0xFF, 0xFF, 0xFF, 0xFF, 0xFF, 0xFF, 0xFF, 0xFF, 0xFF, 0xFF,
    0xFF, 0xFF, 0xFF, 0xFF, 0xFF, 0xFF, 0xFF, 0xFF, 0xFF, 0xFF, 0xFF, 0xFF, 0xFF, 0xFF, 0xFF, 0xFF,
    0xFF, 0xFF, 0xFF, 0xFF, 0xFF, 0xFF, 0xFF, 0xFF, 0xFF, 0xFF, 0xFF, 0xFF, 0xFF, 0xFF, 0xFF, 0xFF,
    0xFF, 0xFF, 0xFF, 0xFF, 0xFF, 0xFF, 0xFF, 0xFF, 0xFF, 0xFF, 0xFF, 0xFF, 0xFF, 0xFF, 0xFF, 0xFF,
    0xFF, 0xFF, 0xFF, 0xFF, 0xFF, 0xFF, 0xFF, 0xFF, 0xFF, 0xFF, 0xFF, 0xFF, 0xFF, 0xFF, 0xFF, 0xFF,
    0xFF, 0xFF, 0xFF, 0xFF, 0xFF, 0xFF, 0xFF, 0xFF, 0xFF, 0xFF, 0xFF, 0xFF, 0xFF, 0xFF, 0xFF, 0xFF,
    0xFF, 0xFF, 0xFF, 0xFF, 0xFF, 0xFF, 0xFF, 0xFF, 0xFF, 0xFF, 0xFF, 0xFF, 0xFF, 0xFF, 0xFF, 0xFF,
    0xFF, 0xFF, 0xFF, 0xFF, 0xFF, 0xFF, 0xFF, 0xFF, 0xFF, 0xFF, 0xFF, 0xFF, 0xFF, 0xFF, 0xFF, 0xFF,
    0xFF, 0xFF, 0xFF, 0xFF, 0xFF, 0xFF, 0xFF, 0xFF, 0xFF, 0xFF, 0xFF, 0xFF, 0xFF, 0xFF, 0xFF, 0xFF,
    0xFF, 0xFF, 0xFF, 0xFF, 0xFF, 0xFF, 0xFF, 0xFF, 0xFF, 0xFF, 0xFF, 0xFF, 0xFF, 0xFF, 0xFF, 0xFF,
    0xFF, 0xFF, 0xFF, 0xFF, 0xFF, 0xFF, 0xFF, 0xFF, 0xFF, 0xFF, 0xFF, 0xFF, 0xFF, 0xFF, 0xFF, 0xFF,
    0xFF, 0xFF, 0xFF, 0xFF, 0xFF, 0xFF, 0xFF, 0xFF, 0xFF, 0xFF, 0xFF, 0xFF, 0xFF, 0xFF, 0xFF, 0xFF,
    0xFF, 0xFF, 0xFF, 0xFF, 0xFF, 0xFF, 0xFF, 0xFF, 0xFF, 0xFF, 0xFF, 0xFF, 0xFF, 0xFF, 0xFF, 0xFF,
    0xFF, 0xFF, 0xFF, 0xFF, 0xFF, 0xFF, 0xFF, 0xFF, 0xFF, 0xFF, 0xFF, 0xFF, 0xFF, 0xFF, 0xFF, 0xFF,
    0xFF, 0xFF, 0xFF, 0xFF, 0xFF, 0xFF, 0xFF, 0xFF, 0xFF, 0xFF, 0xFF, 0xFF, 0xFF, 0xFF, 0xFF, 0xFF,
    0xFF, 0xFF, 0xFF, 0xFF, 0xFF, 0xFF, 0xFF, 0xFF, 0xFF, 0xFF, 0xFF, 0xFF, 0xFF, 0xFF, 0xFF, 0xFF,
    0xFF, 0xFF, 0xFF, 0xFF, 0xFF, 0xFF, 0xFF, 0xFF, 0xFF, 0xFF, 0xFF, 0xFF, 0xFF, 0xFF, 0xFF, 0xFF,
    0xFF, 0xFF, 0xFF, 0xFF, 0xFF, 0xFF, 0xFF, 0xFF, 0xFF, 0xFF, 0xFF, 0xFF, 0xFF, 0xFF, 0xFF, 0xFF,
    0xFF, 0xFF, 0xFF, 0xFF, 0xFF, 0xFF, 0xFF, 0xFF, 0xFF, 0xFF, 0xFF, 0xFF, 0xFF, 0xFF, 0xFF, 0xFF,
    0xFF, 0xFF, 0xFF, 0xFF, 0xFF, 0xFF, 0xFF, 0xFF, 0xFF, 0xFF, 0xFF, 0xFF, 0xFF, 0xFF, 0xFF, 0xFF,
    0xFF, 0xFF, 0xFF, 0xFF, 0xFF, 0xFF, 0xFF, 0xFF, 0xFF, 0xFF, 0xFF, 0xFF, 0xFF, 0xFF, 0xFF, 0xFF,
    0xFF, 0xFF, 0xFF, 0xFF, 0xFF, 0xFF, 0xFF, 0xFF, 0xFF, 0xFF, 0xFF, 0xFF, 0xFF, 0xFF, 0xFF, 0xFF,
    0xFF, 0xFF, 0xFF, 0xFF, 0xFF, 0xFF, 0xFF, 0xFF, 0xFF, 0xFF, 0xFF, 0xFF, 0xFF, 0xFF, 0xFF, 0xFF,
    0xFF, 0xFF, 0xFF, 0xFF, 0xFF, 0xFF, 0xFF, 0xFF, 0xFF, 0xFF, 0xFF, 0xFF, 0xFF, 0xFF, 0xFF, 0xFF,
    0xFF, 0xFF, 0xFF, 0xFF, 0xFF, 0xFF, 0xFF, 0xFF, 0xFF, 0xFF, 0xFF, 0xFF, 0xFF, 0xFF, 0xFF, 0xFF,
    0xFF, 0xFF, 0xFF, 0xFF, 0xFF, 0xFF, 0xFF, 0xFF, 0xFF, 0xFF, 0xFF, 0xFF, 0xFF, 0xFF, 0xFF, 0xFF,
    0xFF, 0xFF, 0xFF, 0xFF, 0xFF, 0xFF, 0xFF, 0xFF, 0xFF, 0xFF, 0xFF, 0xFF, 0xFF, 0xFF, 0xFF, 0xFF,
    0xFF, 0xFF, 0xFF, 0xFF, 0xFF, 0xFF, 0xFF, 0xFF, 0xFF, 0xFF, 0xFF, 0xFF, 0xFF, 0xFF, 0xFF, 0xFF,
    0xFF, 0xFF, 0xFF, 0xFF, 0xFF, 0xFF, 0xFF, 0xFF, 0xFF, 0xFF, 0xFF, 0xFF, 0xFF, 0xFF, 0xFF, 0xFF,
    0xFF, 0xFF, 0xFF, 0xFF, 0xFF, 0xFF, 0xFF, 0xFF, 0xFF, 0xFF, 0xFF, 0xFF, 0xFF, 0xFF, 0xFF, 0xFF,
    0xFF, 0xFF, 0xFF, 0xFF, 0xFF, 0xFF, 0xFF, 0xFF, 0xFF, 0xFF, 0xFF, 0xFF, 0xFF, 0xFF, 0xFF, 0xFF,
    0xFF, 0xFF, 0xFF, 0xFF, 0xFF, 0xFF, 0xFF, 0xFF, 0xFF, 0xFF, 0xFF, 0xFF, 0xFF, 0xFF, 0xFF, 0xFF,
    0xFF, 0xFF, 0xFF, 0xFF, 0xFF, 0xFF, 0xFF, 0xFF, 0xFF, 0xFF, 0xFF, 0xFF, 0xFF, 0xFF, 0xFF, 0xFF,
    0xFF, 0xFF, 0xFF, 0xFF, 0xFF, 0xFF, 0xFF, 0xFF, 0xFF, 0xFF, 0xFF, 0xFF, 0xFF, 0xFF, 0xFF, 0xFF,
    0xFF, 0xFF, 0xFF, 0xFF, 0xFF, 0xFF, 0xFF, 0xFF, 0xFF, 0xFF, 0xFF, 0xFF, 0xFF, 0xFF, 0xFF, 0xFF,
    0xFF, 0xFF, 0xFF, 0xFF, 0xFF, 0xFF, 0xFF, 0xFF, 0xFF, 0xFF, 0xFF, 0xFF, 0xFF, 0xFF, 0xFF, 0xFF,
    0xFF, 0xFF, 0xFF, 0xFF, 0xFF, 0xFF, 0xFF, 0xFF, 0xFF, 0xFF, 0xFF, 0xFF, 0xFF, 0xFF, 0xFF, 0xFF,
    0xFF, 0xFF, 0xFF, 0xFF, 0xFF, 0xFF, 0xFF, 0xFF, 0xFF, 0xFF, 0xFF, 0xFF, 0xFF, 0xFF, 0xFF, 0xFF,
    0xFF, 0xFF, 0xFF, 0xFF, 0xFF, 0xFF, 0xFF, 0xFF, 0xFF, 0xFF, 0xFF, 0xFF, 0xFF, 0xFF, 0xFF, 0xFF,
    0xFF, 0xFF, 0xFF, 0xFF, 0xFF, 0xFF, 0xFF, 0xFF, 0xFF, 0xFF, 0xFF, 0xFF, 0xFF, 0xFF, 0xFF, 0xFF,
    0xFF, 0xFF, 0xFF, 0xFF, 0xFF, 0xFF, 0xFF, 0xFF, 0xFF, 0xFF, 0xFF, 0xFF, 0xFF, 0xFF, 0xFF, 0xFF,
    0xFF, 0xFF, 0xFF, 0xFF, 0xFF, 0xFF, 0xFF, 0xFF, 0xFF, 0xFF, 0xFF, 0xFF, 0xFF, 0xFF, 0xFF, 0xFF,
    0xFF, 0xFF, 0xFF, 0xFF, 0xFF, 0xFF, 0xFF, 0xFF, 0xFF, 0xFF, 0xFF, 0xFF, 0xFF, 0xFF, 0xFF, 0xFF,
    0xFF, 0xFF, 0xFF, 0xFF, 0xFF, 0xFF, 0xFF, 0xFF, 0xFF, 0xFF, 0xFF, 0xFF, 0xFF, 0xFF, 0xFF, 0xFF,
    0xFF, 0xFF, 0xFF, 0xFF, 0xFF, 0xFF, 0xFF, 0xFF, 0xFF, 0xFF, 0xFF, 0xFF, 0xFF, 0xFF, 0xFF, 0xFF,
    0xFF, 0xFF, 0xFF, 0xFF, 0xFF, 0xFF, 0xFF, 0xFF, 0xFF, 0xFF, 0xFF, 0xFF, 0xFF, 0xFF, 0xFF, 0xFF,
    0xFF, 0xFF, 0xFF, 0xFF, 0xFF, 0xFF, 0xFF, 0xFF, 0xFF, 0xFF, 0xFF, 0xFF, 0xFF, 0xFF, 0xFF, 0xFF,
    0xFF, 0xFF, 0xFF, 0xFF, 0xFF, 0xFF, 0xFF, 0xFF, 0xFF, 0xFF, 0xFF, 0xFF, 0xFF, 0xFF, 0xFF, 0xFF,
    0xFF, 0xFF, 0xFF, 0xFF, 0xFF, 0xFF, 0xFF, 0xFF, 0xFF, 0xFF, 0xFF, 0xFF, 0xFF, 0xFF, 0xFF, 0xFF,
    0xFF, 0xFF, 0xFF, 0xFF, 0xFF, 0xFF, 0xFF, 0xFF, 0xFF, 0xFF, 0xFF, 0xFF, 0xFF, 0xFF, 0xFF, 0xFF,
    0xFF, 0xFF, 0xFF, 0xFF, 0xFF, 0xFF, 0xFF, 0xFF, 0xFF, 0xFF, 0xFF, 0xFF, 0xFF, 0xFF, 0xFF, 0xFF,
    0xFF, 0xFF, 0xFF, 0xFF, 0xFF, 0xFF, 0xFF, 0xFF, 0xFF, 0xFF, 0xFF, 0xFF, 0xFF, 0xFF, 0xFF, 0xFF,
    0xFF, 0xFF, 0xFF, 0xFF, 0xFF, 0xFF, 0xFF, 0xFF, 0xFF, 0xFF, 0xFF, 0xFF, 0xFF, 0xFF, 0xFF, 0xFF,
    0xFF, 0xFF, 0xFF, 0xFF, 0xFF, 0xFF, 0xFF, 0xFF, 0xFF, 0xFF, 0xFF, 0xFF, 0xFF, 0xFF, 0xFF, 0xFF,
    0xFF, 0xFF, 0xFF, 0xFF, 0xFF, 0xFF, 0xFF, 0xFF, 0xFF, 0xFF, 0xFF, 0xFF, 0xFF, 0xFF, 0xFF, 0xFF,
    0xFF, 0xFF, 0xFF, 0xFF, 0xFF, 0xFF, 0xFF, 0xFF, 0xFF, 0xFF, 0xFF, 0xFF, 0xFF, 0xFF, 0xFF, 0xFF,
    0xFF, 0xFF, 0xFF, 0xFF, 0xFF, 0xFF, 0xFF, 0xFF, 0xFF, 0xFF, 0xFF, 0xFF, 0xFF, 0xFF, 0xFF, 0xFF,
    0xFF, 0xFF, 0xFF, 0xFF, 0xFF, 0xFF, 0xFF, 0xFF, 0xFF, 0xFF, 0xFF, 0xFF, 0xFF, 0xFF, 0xFF, 0xFF,
    0xFF, 0xFF, 0xFF, 0xFF, 0xFF, 0xFF, 0xFF, 0xFF, 0xFF, 0xFF, 0xFF, 0xFF, 0xFF, 0xFF, 0xFF, 0xFF,
    0xFF, 0xFF, 0xFF, 0xFF, 0xFF, 0xFF, 0xFF, 0xFF, 0xFF, 0xFF, 0xFF, 0xFF, 0xFF, 0xFF, 0xFF, 0xFF,
    0xFF, 0xFF, 0xFF, 0xFF, 0xFF, 0xFF, 0xFF, 0xFF, 0xFF, 0xFF, 0xFF, 0xFF, 0xFF, 0xFF, 0xFF, 0xFF,
    0xFF, 0xFF, 0xFF, 0xFF, 0xFF, 0xFF, 0xFF, 0xFF, 0xFF, 0xFF, 0xFF, 0xFF, 0xFF, 0xFF, 0xFF, 0xFF,
    0xFF, 0xFF, 0xFF, 0xFF, 0xFF, 0xFF, 0xFF, 0xFF, 0xFF, 0xFF, 0xFF, 0xFF, 0xFF, 0xFF, 0xFF, 0xFF,
    0xFF, 0xFF, 0xFF, 0xFF, 0xFF, 0xFF, 0xFF, 0xFF, 0xFF, 0xFF, 0xFF, 0xFF, 0xFF, 0xFF, 0xFF, 0xFF,
    0xFF, 0xFF, 0xFF, 0xFF, 0xFF, 0xFF, 0xFF, 0xFF, 0xFF, 0xFF, 0xFF, 0xFF, 0xFF, 0xFF, 0xFF, 0xFF,
    0xFF, 0xFF, 0xFF, 0xFF, 0xFF, 0xFF, 0xFF, 0xFF, 0xFF, 0xFF, 0xFF, 0xFF, 0xFF, 0xFF, 0xFF, 0xFF,
    0xFF, 0xFF, 0xFF, 0xFF, 0xFF, 0xFF, 0xFF, 0xFF, 0xFF, 0xFF, 0xFF, 0xFF, 0xFF, 0xFF, 0xFF, 0xFF,
    0xFF, 0xFF, 0xFF, 0xFF, 0xFF, 0xFF, 0xFF, 0xFF, 0xFF, 0xFF, 0xFF, 0xFF, 0xFF, 0xFF, 0xFF, 0xFF,
    0xFF, 0xFF, 0xFF, 0xFF, 0xFF, 0xFF, 0xFF, 0xFF, 0xFF, 0xFF, 0xFF, 0xFF, 0xFF, 0xFF, 0xFF, 0xFF,
    0xFF, 0xFF, 0xFF, 0xFF, 0xFF, 0xFF, 0xFF, 0xFF, 0xFF, 0xFF, 0xFF, 0xFF, 0xFF, 0xFF, 0xFF, 0xFF,
    0xFF, 0xFF, 0xFF, 0xFF, 0xFF, 0xFF, 0xFF, 0xFF, 0xFF, 0xFF, 0xFF, 0xFF, 0xFF, 0xFF, 0xFF, 0xFF,
    0xFF, 0xFF, 0xFF, 0xFF, 0xFF, 0xFF, 0xFF, 0xFF, 0xFF, 0xFF, 0xFF, 0xFF, 0xFF, 0xFF, 0xFF, 0xFF,
    0xFF, 0xFF, 0xFF, 0xFF, 0xFF, 0xFF, 0xFF, 0xFF, 0xFF, 0xFF, 0xFF, 0xFF, 0xFF, 0xFF, 0xFF, 0xFF,
    0xFF, 0xFF, 0xFF, 0xFF, 0xFF, 0xFF, 0xFF, 0xFF, 0xFF, 0xFF, 0xFF, 0xFF, 0xFF, 0xFF, 0xFF, 0xFF,
    0xFF, 0xFF, 0xFF, 0xFF, 0xFF, 0xFF, 0xFF, 0xFF, 0xFF, 0xFF, 0xFF, 0xFF, 0xFF, 0xFF, 0xFF, 0xFF,
    0xFF, 0xFF, 0xFF, 0xFF, 0xFF, 0xFF, 0xFF, 0xFF, 0xFF, 0xFF, 0xFF, 0xFF, 0xFF, 0xFF, 0xFF, 0xFF,
    0xFF, 0xFF, 0xFF, 0xFF, 0xFF, 0xFF, 0xFF, 0xFF, 0xFF, 0xFF, 0xFF, 0xFF, 0xFF, 0xFF, 0xFF, 0xFF,
    0xFF, 0xFF, 0xFF, 0xFF, 0xFF, 0xFF, 0xFF, 0xFF, 0xFF, 0xFF, 0xFF, 0xFF, 0xFF, 0xFF, 0xFF, 0xFF,
    0xFF, 0xFF, 0xFF, 0xFF, 0xFF, 0xFF, 0xFF, 0xFF, 0xFF, 0xFF, 0xFF, 0xFF, 0xFF, 0xFF, 0xFF, 0xFF,
    0xFF, 0xFF, 0xFF, 0xFF, 0xFF, 0xFF, 0xFF, 0xFF, 0xFF, 0xFF, 0xFF, 0xFF, 0xFF, 0xFF, 0xFF, 0xFF,
    0xFF, 0xFF, 0xFF, 0xFF, 0xFF, 0xFF, 0xFF, 0xFF, 0xFF, 0xFF, 0xFF, 0xFF, 0xFF, 0xFF, 0xFF, 0xFF,
    0xFF, 0xFF, 0xFF, 0xFF, 0xFF, 0xFF, 0xFF, 0xFF, 0xFF, 0xFF, 0xFF, 0xFF, 0xFF, 0xFF, 0xFF, 0xFF,
    0xFF, 0xFF, 0xFF, 0xFF, 0xFF, 0xFF, 0xFF, 0xFF, 0xFF, 0xFF, 0xFF, 0xFF, 0xFF, 0xFF, 0xFF, 0xFF,
    0xFF, 0xFF, 0xFF, 0xFF, 0xFF, 0xFF, 0xFF, 0xFF, 0xFF, 0xFF, 0xFF, 0xFF, 0xFF, 0xFF, 0xFF, 0xFF,
    0xFF, 0xFF, 0xFF, 0xFF, 0xFF, 0xFF, 0xFF, 0xFF, 0xFF, 0xFF, 0xFF, 0xFF, 0xFF, 0xFF, 0xFF, 0xFF,
    0xFF, 0xFF, 0xFF, 0xFF, 0xFF, 0xFF, 0xFF, 0xFF, 0xFF, 0xFF, 0xFF, 0xFF, 0xFF, 0xFF, 0xFF, 0xFF,
    0xFF, 0xFF, 0xFF, 0xFF, 0xFF, 0xFF, 0xFF, 0xFF, 0xFF, 0xFF, 0xFF, 0xFF, 0xFF, 0xFF, 0xFF, 0xFF,
    0xFF, 0xFF, 0xFF, 0xFF, 0xFF, 0xFF, 0xFF, 0xFF, 0xFF, 0xFF, 0xFF, 0xFF, 0xFF, 0xFF, 0xFF, 0xFF,
    0xFF, 0xFF, 0xFF, 0xFF, 0xFF, 0xFF, 0xFF, 0xFF, 0xFF, 0xFF, 0xFF, 0xFF, 0xFF, 0xFF, 0xFF, 0xFF,
    0xFF, 0xFF, 0xFF, 0xFF, 0xFF, 0xFF, 0xFF, 0xFF, 0xFF, 0xFF, 0xFF, 0xFF, 0xFF, 0xFF, 0xFF, 0xFF,
    0xFF, 0xFF, 0xFF, 0xFF, 0xFF, 0xFF, 0xFF, 0xFF, 0xFF, 0xFF, 0xFF, 0xFF, 0xFF, 0xFF, 0xFF, 0xFF,
    0xFF, 0xFF, 0xFF, 0xFF, 0xFF, 0xFF, 0xFF, 0xFF, 0xFF, 0xFF, 0xFF, 0xFF, 0xFF, 0xFF, 0xFF, 0xFF,
    0xFF, 0xFF, 0xFF, 0xFF, 0xFF, 0xFF, 0xFF, 0xFF, 0xFF, 0xFF, 0xFF, 0xFF, 0xFF, 0xFF, 0xFF, 0xFF,
    0xFF, 0xFF, 0xFF, 0xFF, 0xFF, 0xFF, 0xFF, 0xFF, 0xFF, 0xFF, 0xFF, 0xFF, 0xFF, 0xFF, 0xFF, 0xFF,
    0xFF, 0xFF, 0xFF, 0xFF, 0xFF, 0xFF, 0xFF, 0xFF, 0xFF, 0xFF, 0xFF, 0xFF, 0xFF, 0xFF, 0xFF, 0xFF,
    0xFF, 0xFF, 0xFF, 0xFF, 0xFF, 0xFF, 0xFF, 0xFF, 0xFF, 0xFF, 0xFF, 0xFF, 0xFF, 0xFF, 0xFF, 0xFF,
    0xFF, 0xFF, 0xFF, 0xFF, 0xFF, 0xFF, 0xFF, 0xFF, 0xFF, 0xFF, 0xFF, 0xFF, 0xFF, 0xFF, 0xFF, 0xFF,
    0xFF, 0xFF, 0xFF, 0xFF, 0xFF, 0xFF, 0xFF, 0xFF, 0xFF, 0xFF, 0xFF, 0xFF, 0xFF, 0xFF, 0xFF, 0xFF,
    0xFF, 0xFF, 0xFF, 0xFF, 0xFF, 0xFF, 0xFF, 0xFF, 0xFF, 0xFF, 0xFF, 0xFF, 0xFF, 0xFF, 0xFF, 0xFF,
    0xFF, 0xFF, 0xFF, 0xFF, 0xFF, 0xFF, 0xFF, 0xFF, 0xFF, 0xFF, 0xFF, 0xFF, 0xFF, 0xFF, 0xFF, 0xFF,
    0xFF, 0xFF, 0xFF, 0xFF, 0xFF, 0xFF, 0xFF, 0xFF, 0xFF, 0xFF, 0xFF, 0xFF, 0xFF, 0xFF, 0xFF, 0xFF,
    0xFF, 0xFF, 0xFF, 0xFF, 0xFF, 0xFF, 0xFF, 0xFF, 0xFF, 0xFF, 0xFF, 0xFF, 0xFF, 0xFF, 0xFF, 0xFF,
    0xFF, 0xFF, 0xFF, 0xFF, 0xFF, 0xFF, 0xFF, 0xFF, 0xFF, 0xFF, 0xFF, 0xFF, 0xFF, 0xFF, 0xFF, 0xFF,
    0xFF, 0xFF, 0xFF, 0xFF, 0xFF, 0xFF, 0xFF, 0xFF, 0xFF, 0xFF, 0xFF, 0xFF, 0xFF, 0xFF, 0xFF, 0xFF,
    0xFF, 0xFF, 0xFF, 0xFF, 0xFF, 0xFF, 0xFF, 0xFF, 0xFF, 0xFF, 0xFF, 0xFF, 0xFF, 0xFF, 0xFF, 0xFF,
    0xFF, 0xFF, 0xFF, 0xFF, 0xFF, 0xFF, 0xFF, 0xFF, 0xFF, 0xFF, 0xFF, 0xFF, 0xFF, 0xFF, 0xFF, 0xFF,
    0xFF, 0xFF, 0xFF, 0xFF, 0xFF, 0xFF, 0xFF, 0xFF, 0xFF, 0xFF, 0xFF, 0xFF, 0xFF, 0xFF, 0xFF, 0xFF,
    0xFF, 0xFF, 0xFF, 0xFF, 0xFF, 0xFF, 0xFF, 0xFF, 0xFF, 0xFF, 0xFF, 0xFF, 0xFF, 0xFF, 0xFF, 0xFF,
    0xFF, 0xFF, 0xFF, 0xFF, 0xFF, 0xFF, 0xFF, 0xFF, 0xFF, 0xFF, 0xFF, 0xFF, 0xFF, 0xFF, 0xFF, 0xFF,
    0xFF, 0xFF, 0xFF, 0xFF, 0xFF, 0xFF, 0xFF, 0xFF, 0xFF, 0xFF, 0xFF, 0xFF, 0xFF, 0xFF, 0xFF, 0xFF,
    0xFF, 0xFF, 0xFF, 0xFF, 0xFF, 0xFF, 0xFF, 0xFF, 0xFF, 0xFF, 0xFF, 0xFF, 0xFF, 0xFF, 0xFF, 0xFF,
    0xFF, 0xFF, 0xFF, 0xFF, 0xFF, 0xFF, 0xFF, 0xFF, 0xFF, 0xFF, 0xFF, 0xFF, 0xFF, 0xFF, 0xFF, 0xFF,
    0xFF, 0xFF, 0xFF, 0xFF, 0xFF, 0xFF, 0xFF, 0xFF, 0xFF, 0xFF, 0xFF, 0xFF, 0xFF, 0xFF, 0xFF, 0xFF,
    0xFF, 0xFF, 0xFF, 0xFF, 0xFF, 0xFF, 0xFF, 0xFF, 0xFF, 0xFF, 0xFF, 0xFF, 0xFF, 0xFF, 0xFF, 0xFF,
    0xFF, 0xFF, 0xFF, 0xFF, 0xFF, 0xFF, 0xFF, 0xFF, 0xFF, 0xFF, 0xFF, 0xFF, 0xFF, 0xFF, 0xFF, 0xFF,
    0xFF, 0xFF, 0xFF, 0xFF, 0xFF, 0xFF, 0xFF, 0xFF, 0xFF, 0xFF, 0xFF, 0xFF, 0xFF, 0xFF, 0xFF, 0xFF,
    0xFF, 0xFF, 0xFF, 0xFF, 0xFF, 0xFF, 0xFF, 0xFF, 0xFF, 0xFF, 0xFF, 0xFF, 0xFF, 0xFF, 0xFF, 0xFF,
    0xFF, 0xFF, 0xFF, 0xFF, 0xFF, 0xFF, 0xFF, 0xFF, 0xFF, 0xFF, 0xFF, 0xFF, 0xFF, 0xFF, 0xFF, 0xFF,
    0xFF, 0xFF, 0xFF, 0xFF, 0xFF, 0xFF, 0xFF, 0xFF, 0xFF, 0xFF, 0xFF, 0xFF, 0xFF, 0xFF, 0xFF, 0xFF,
    0xFF, 0xFF, 0xFF, 0xFF, 0xFF, 0xFF, 0xFF, 0xFF, 0xFF, 0xFF, 0xFF, 0xFF, 0xFF, 0xFF, 0xFF, 0xFF,
    0xFF, 0xFF, 0xFF, 0xFF, 0xFF, 0xFF, 0xFF, 0xFF, 0xFF, 0xFF, 0xFF, 0xFF, 0xFF, 0xFF, 0xFF, 0xFF,
    0xFF, 0xFF, 0xFF, 0xFF, 0xFF, 0xFF, 0xFF, 0xFF, 0xFF, 0xFF, 0xFF, 0xFF, 0xFF, 0xFF, 0xFF, 0xFF,
    0xFF, 0xFF, 0xFF, 0xFF, 0xFF, 0xFF, 0xFF, 0xFF, 0xFF, 0xFF, 0xFF, 0xFF, 0xFF, 0xFF, 0xFF, 0xFF,
    0xFF, 0xFF, 0xFF, 0xFF, 0xFF, 0xFF, 0xFF, 0xFF, 0xFF, 0xFF, 0xFF, 0xFF, 0xFF, 0xFF, 0xFF, 0xFF,
    0xFF, 0xFF, 0xFF, 0xFF, 0xFF, 0xFF, 0xFF, 0xFF, 0xFF, 0xFF, 0xFF, 0xFF, 0xFF, 0xFF, 0xFF, 0xFF,
    0xFF, 0xFF, 0xFF, 0xFF, 0xFF, 0xFF, 0xFF, 0xFF, 0xFF, 0xFF, 0xFF, 0xFF, 0xFF, 0xFF, 0xFF, 0xFF,
    0xFF, 0xFF, 0xFF, 0xFF, 0xFF, 0xFF, 0xFF, 0xFF, 0xFF, 0xFF, 0xFF, 0xFF, 0xFF, 0xFF, 0xFF, 0xFF,
    0xFF, 0xFF, 0xFF, 0xFF, 0xFF, 0xFF, 0xFF, 0xFF, 0xFF, 0xFF, 0xFF, 0xFF, 0xFF, 0xFF, 0xFF, 0xFF,
    0xFF, 0xFF, 0xFF, 0xFF, 0xFF, 0xFF, 0xFF, 0xFF, 0xFF, 0xFF, 0xFF, 0xFF, 0xFF, 0xFF, 0xFF, 0xFF,
    0xFF, 0xFF, 0xFF, 0xFF, 0xFF, 0xFF, 0xFF, 0xFF, 0xFF, 0xFF, 0xFF, 0xFF, 0xFF, 0xFF, 0xFF, 0xFF,
    0xFF, 0xFF, 0xFF, 0xFF, 0xFF, 0xFF, 0xFF, 0xFF, 0xFF, 0xFF, 0xFF, 0xFF, 0xFF, 0xFF, 0xFF, 0xFF,
    0xFF, 0xFF, 0xFF, 0xFF, 0xFF, 0xFF, 0xFF, 0xFF, 0xFF, 0xFF, 0xFF, 0xFF, 0xFF, 0xFF, 0xFF, 0xFF,
    0xFF, 0xFF, 0xFF, 0xFF, 0xFF, 0xFF, 0xFF, 0xFF, 0xFF, 0xFF, 0xFF, 0xFF, 0xFF, 0xFF, 0xFF, 0xFF,
    0xFF, 0xFF, 0xFF, 0xFF, 0xFF, 0xFF, 0xFF, 0xFF, 0xFF, 0xFF, 0xFF, 0xFF, 0xFF, 0xFF, 0xFF, 0xFF,
    0xFF, 0xFF, 0xFF, 0xFF, 0xFF, 0xFF, 0xFF, 0xFF, 0xFF, 0xFF, 0xFF, 0xFF, 0xFF, 0xFF, 0xFF, 0xFF,
    0xFF, 0xFF, 0xFF, 0xFF, 0xFF, 0xFF, 0xFF, 0xFF, 0xFF, 0xFF, 0xFF, 0xFF, 0xFF, 0xFF, 0xFF, 0xFF,
    0xFF, 0xFF, 0xFF, 0xFF, 0xFF, 0xFF, 0xFF, 0xFF, 0xFF, 0xFF, 0xFF, 0xFF, 0xFF, 0xFF, 0xFF, 0xFF,
    0xFF, 0xFF, 0xFF, 0xFF, 0xFF, 0xFF, 0xFF, 0xFF, 0xFF, 0xFF, 0xFF, 0xFF, 0xFF, 0xFF, 0xFF, 0xFF,
    0xFF, 0xFF, 0xFF, 0xFF, 0xFF, 0xFF, 0xFF, 0xFF, 0xFF, 0xFF, 0xFF, 0xFF, 0xFF, 0xFF, 0xFF, 0xFF,
    0xFF, 0xFF, 0xFF, 0xFF, 0xFF, 0xFF, 0xFF, 0xFF, 0xFF, 0xFF, 0xFF, 0xFF, 0xFF, 0xFF, 0xFF, 0xFF,
    0xFF, 0xFF, 0xFF, 0xFF, 0xFF, 0xFF, 0xFF, 0xFF, 0xFF, 0xFF, 0xFF, 0xFF, 0xFF, 0xFF, 0xFF, 0xFF,
    0xFF, 0xFF, 0xFF, 0xFF, 0xFF, 0xFF, 0xFF, 0xFF, 0xFF, 0xFF, 0xFF, 0xFF, 0xFF, 0xFF, 0xFF, 0xFF,
    0xFF, 0xFF, 0xFF, 0xFF, 0xFF, 0xFF, 0xFF, 0xFF, 0xFF, 0xFF, 0xFF, 0xFF, 0xFF, 0xFF, 0xFF, 0xFF,
    0xFF, 0xFF, 0xFF, 0xFF, 0xFF, 0xFF, 0xFF, 0xFF, 0xFF, 0xFF, 0xFF, 0xFF, 0xFF, 0xFF, 0xFF, 0xFF,
    0xFF, 0xFF, 0xFF, 0xFF, 0xFF, 0xFF, 0xFF, 0xFF, 0xFF, 0xFF, 0xFF, 0xFF, 0xFF, 0xFF, 0xFF, 0xFF,
    0xFF, 0xFF, 0xFF, 0xFF, 0xFF, 0xFF, 0xFF, 0xFF, 0xFF, 0xFF, 0xFF, 0xFF, 0xFF, 0xFF, 0xFF, 0xFF,
    0xFF, 0xFF, 0xFF, 0xFF, 0xFF, 0xFF, 0xFF, 0xFF, 0xFF, 0xFF, 0xFF, 0xFF, 0xFF, 0xFF, 0xFF, 0xFF,
    0xFF, 0xFF, 0xFF, 0xFF, 0xFF, 0xFF, 0xFF, 0xFF, 0xFF, 0xFF, 0xFF, 0xFF, 0xFF, 0xFF, 0xFF, 0xFF,
    0xFF, 0xFF, 0xFF, 0xFF, 0xFF, 0xFF, 0xFF, 0xFF, 0xFF, 0xFF, 0xFF, 0xFF, 0xFF, 0xFF, 0xFF, 0xFF,
    0xFF, 0xFF, 0xFF, 0xFF, 0xFF, 0xFF, 0xFF, 0xFF, 0xFF, 0xFF, 0xFF, 0xFF, 0xFF, 0xFF, 0xFF, 0xFF,
    0xFF, 0xFF, 0xFF, 0xFF, 0xFF, 0xFF, 0xFF, 0xFF, 0xFF, 0xFF, 0xFF, 0xFF, 0xFF, 0xFF, 0xFF, 0xFF,
    0xFF, 0xFF, 0xFF, 0xFF, 0xFF, 0xFF, 0xFF, 0xFF, 0xFF, 0xFF, 0xFF, 0xFF, 0xFF, 0xFF, 0xFF, 0xFF,
    0xFF, 0xFF, 0xFF, 0xFF, 0xFF, 0xFF, 0xFF, 0xFF, 0xFF, 0xFF, 0xFF, 0xFF, 0xFF, 0xFF, 0xFF, 0xFF,
    0xFF, 0xFF, 0xFF, 0xFF, 0xFF, 0xFF, 0xFF, 0xFF, 0xFF, 0xFF, 0xFF, 0xFF, 0xFF, 0xFF, 0xFF, 0xFF,
    0xFF, 0xFF, 0xFF, 0xFF, 0xFF, 0xFF, 0xFF, 0xFF, 0xFF, 0xFF, 0xFF, 0xFF, 0xFF, 0xFF, 0xFF, 0xFF,
    0xFF, 0xFF, 0xFF, 0xFF, 0xFF, 0xFF, 0xFF, 0xFF, 0xFF, 0xFF, 0xFF, 0xFF, 0xFF, 0xFF, 0xFF, 0xFF,
    0xFF, 0xFF, 0xFF, 0xFF, 0xFF, 0xFF, 0xFF, 0xFF, 0xFF, 0xFF, 0xFF, 0xFF, 0xFF, 0xFF, 0xFF, 0xFF,
    0xFF, 0xFF, 0xFF, 0xFF, 0xFF, 0xFF, 0xFF, 0xFF, 0xFF, 0xFF, 0xFF, 0xFF, 0xFF, 0xFF, 0xFF, 0xFF,
    0xFF, 0xFF, 0xFF, 0xFF, 0xFF, 0xFF, 0xFF, 0xFF, 0xFF, 0xFF, 0xFF, 0xFF, 0xFF, 0xFF, 0xFF, 0xFF,
    0xFF, 0xFF, 0xFF, 0xFF, 0xFF, 0xFF, 0xFF, 0xFF, 0xFF, 0xFF, 0xFF, 0xFF, 0xFF, 0xFF, 0xFF, 0xFF,
    0xFF, 0xFF, 0xFF, 0xFF, 0xFF, 0xFF, 0xFF, 0xFF, 0xFF, 0xFF, 0xFF, 0xFF, 0xFF, 0xFF, 0xFF, 0xFF,
    0xFF, 0xFF, 0xFF, 0xFF, 0xFF, 0xFF, 0xFF, 0xFF, 0xFF, 0xFF, 0xFF, 0xFF, 0xFF, 0xFF, 0xFF, 0xFF,
    0xFF, 0xFF, 0xFF, 0xFF, 0xFF, 0xFF, 0xFF, 0xFF, 0xFF, 0xFF, 0xFF, 0xFF, 0xFF, 0xFF, 0xFF, 0xFF,
    0xFF, 0xFF, 0xFF, 0xFF, 0xFF, 0xFF, 0xFF, 0xFF, 0xFF, 0xFF, 0xFF, 0xFF, 0xFF, 0xFF, 0xFF, 0xFF,
    0xFF, 0xFF, 0xFF, 0xFF, 0xFF, 0xFF, 0xFF, 0xFF, 0xFF, 0xFF, 0xFF, 0xFF, 0xFF, 0xFF, 0xFF, 0xFF,
    0xFF, 0xFF, 0xFF, 0xFF, 0xFF, 0xFF, 0xFF, 0xFF, 0xFF, 0xFF, 0xFF, 0xFF, 0xFF, 0xFF, 0xFF, 0xFF,
    0xFF, 0xFF, 0xFF, 0xFF, 0xFF, 0xFF, 0xFF, 0xFF, 0xFF, 0xFF, 0xFF, 0xFF, 0xFF, 0xFF, 0xFF, 0xFF,
    0xFF, 0xFF, 0xFF, 0xFF, 0xFF, 0xFF, 0xFF, 0xFF, 0xFF, 0xFF, 0xFF, 0xFF, 0xFF, 0xFF, 0xFF, 0xFF,
    0xFF, 0xFF, 0xFF, 0xFF, 0xFF, 0xFF, 0xFF, 0xFF, 0xFF, 0xFF, 0xFF, 0xFF, 0xFF, 0xFF, 0xFF, 0xFF,
    0xFF, 0xFF, 0xFF, 0xFF, 0xFF, 0xFF, 0xFF, 0xFF, 0xFF, 0xFF, 0xFF, 0xFF, 0xFF, 0xFF, 0xFF, 0xFF,
    0xFF, 0xFF, 0xFF, 0xFF, 0xFF, 0xFF, 0xFF, 0xFF, 0xFF, 0xFF, 0xFF, 0xFF, 0xFF, 0xFF, 0xFF, 0xFF,
    0xFF, 0xFF, 0xFF, 0xFF, 0xFF, 0xFF, 0xFF, 0xFF, 0xFF, 0xFF, 0xFF, 0xFF, 0xFF, 0xFF, 0xFF, 0xFF,
    0xFF, 0xFF, 0xFF, 0xFF, 0xFF, 0xFF, 0xFF, 0xFF, 0xFF, 0xFF, 0xFF, 0xFF, 0xFF, 0xFF, 0xFF, 0xFF,
    0xFF, 0xFF, 0xFF, 0xFF, 0xFF, 0xFF, 0xFF, 0xFF, 0xFF, 0xFF, 0xFF, 0xFF, 0xFF, 0xFF, 0xFF, 0xFF,
    0xFF, 0xFF, 0xFF, 0xFF, 0xFF, 0xFF, 0xFF, 0xFF, 0xFF, 0xFF, 0xFF, 0xFF, 0xFF, 0xFF, 0xFF, 0xFF,
    0xFF, 0xFF, 0xFF, 0xFF, 0xFF, 0xFF, 0xFF, 0xFF, 0xFF, 0xFF, 0xFF, 0xFF, 0xFF, 0xFF, 0xFF, 0xFF,
    0xFF, 0xFF, 0xFF, 0xFF, 0xFF, 0xFF, 0xFF, 0xFF, 0xFF, 0xFF, 0xFF, 0xFF, 0xFF, 0xFF, 0xFF, 0xFF,
    0xFF, 0xFF, 0xFF, 0xFF, 0xFF, 0xFF, 0xFF, 0xFF, 0xFF, 0xFF, 0xFF, 0xFF, 0xFF, 0xFF, 0xFF, 0xFF,
    0xFF, 0xFF, 0xFF, 0xFF, 0xFF, 0xFF, 0xFF, 0xFF, 0xFF, 0xFF, 0xFF, 0xFF, 0xFF, 0xFF, 0xFF, 0xFF,
    0xFF, 0xFF, 0xFF, 0xFF, 0xFF, 0xFF, 0xFF, 0xFF, 0xFF, 0xFF, 0xFF, 0xFF, 0xFF, 0xFF, 0xFF, 0xFF,
    0xFF, 0xFF, 0xFF, 0xFF, 0xFF, 0xFF, 0xFF, 0xFF, 0xFF, 0xFF, 0xFF, 0xFF, 0xFF, 0xFF, 0xFF, 0xFF,
    0xFF, 0xFF, 0xFF, 0xFF, 0xFF, 0xFF, 0xFF, 0xFF, 0xFF, 0xFF, 0xFF, 0xFF, 0xFF, 0xFF, 0xFF, 0xFF,
    0xFF, 0xFF, 0xFF, 0xFF, 0xFF, 0xFF, 0xFF, 0xFF, 0xFF, 0xFF, 0xFF, 0xFF, 0xFF, 0xFF, 0xFF, 0xFF,
    0xFF, 0xFF, 0xFF, 0xFF, 0xFF, 0xFF, 0xFF, 0xFF, 0xFF, 0xFF, 0xFF, 0xFF, 0xFF, 0xFF, 0xFF, 0xFF,
    0xFF, 0xFF, 0xFF, 0xFF, 0xFF, 0xFF, 0xFF, 0xFF, 0xFF, 0xFF, 0xFF, 0xFF, 0xFF, 0xFF, 0xFF, 0xFF,
    0xFF, 0xFF, 0xFF, 0xFF, 0xFF, 0xFF, 0xFF, 0xFF, 0xFF, 0xFF, 0xFF, 0xFF, 0xFF, 0xFF, 0xFF, 0xFF,
    0xFF, 0xFF, 0xFF, 0xFF, 0xFF, 0xFF, 0xFF, 0xFF, 0xFF, 0xFF, 0xFF, 0xFF, 0xFF, 0xFF, 0xFF, 0xFF,
    0xFF, 0xFF, 0xFF, 0xFF, 0xFF, 0xFF, 0xFF, 0xFF, 0xFF, 0xFF, 0xFF, 0xFF, 0xFF, 0xFF, 0xFF, 0xFF,
    0xFF, 0xFF, 0xFF, 0xFF, 0xFF, 0xFF, 0xFF, 0xFF, 0xFF, 0xFF, 0xFF, 0xFF, 0xFF, 0xFF, 0xFF, 0xFF,
    0xFF, 0xFF, 0xFF, 0xFF, 0xFF, 0xFF, 0xFF, 0xFF, 0xFF, 0xFF, 0xFF, 0xFF, 0xFF, 0xFF, 0xFF, 0xFF,
    0xFF, 0xFF, 0xFF, 0xFF, 0xFF, 0xFF, 0xFF, 0xFF, 0xFF, 0xFF, 0xFF, 0xFF, 0xFF, 0xFF, 0xFF, 0xFF,
    0xFF, 0xFF, 0xFF, 0xFF, 0xFF, 0xFF, 0xFF, 0xFF, 0xFF, 0xFF, 0xFF, 0xFF, 0xFF, 0xFF, 0xFF, 0xFF,
    0xFF, 0xFF, 0xFF, 0xFF, 0xFF, 0xFF, 0xFF, 0xFF, 0xFF, 0xFF, 0xFF, 0xFF, 0xFF, 0xFF, 0xFF, 0xFF,
    0xFF, 0xFF, 0xFF, 0xFF, 0xFF, 0xFF, 0xFF, 0xFF, 0xFF, 0xFF, 0xFF, 0xFF, 0xFF, 0xFF, 0xFF, 0xFF,
    0xFF, 0xFF, 0xFF, 0xFF, 0xFF, 0xFF, 0xFF, 0xFF, 0xFF, 0xFF, 0xFF, 0xFF, 0xFF, 0xFF, 0xFF, 0xFF,
    0xFF, 0xFF, 0xFF, 0xFF, 0xFF, 0xFF, 0xFF, 0xFF, 0xFF, 0xFF, 0xFF, 0xFF, 0xFF, 0xFF, 0xFF, 0xFF,
    0xFF, 0xFF, 0xFF, 0xFF, 0xFF, 0xFF, 0xFF, 0xFF, 0xFF, 0xFF, 0xFF, 0xFF, 0xFF, 0xFF, 0xFF, 0xFF,
    0xFF, 0xFF, 0xFF, 0xFF, 0xFF, 0xFF, 0xFF, 0xFF, 0xFF, 0xFF, 0xFF, 0xFF, 0xFF, 0xFF, 0xFF, 0xFF,
    0xFF, 0xFF, 0xFF, 0xFF, 0xFF, 0xFF, 0xFF, 0xFF, 0xFF, 0xFF, 0xFF, 0xFF, 0xFF, 0xFF, 0xFF, 0xFF,
    0xFF, 0xFF, 0xFF, 0xFF, 0xFF, 0xFF, 0xFF, 0xFF, 0xFF, 0xFF, 0xFF, 0xFF, 0xFF, 0xFF, 0xFF, 0xFF,
    0xFF, 0xFF, 0xFF, 0xFF, 0xFF, 0xFF, 0xFF, 0xFF, 0xFF, 0xFF, 0xFF, 0xFF, 0xFF, 0xFF, 0xFF, 0xFF,
    0xFF, 0xFF, 0xFF, 0xFF, 0xFF, 0xFF, 0xFF, 0xFF, 0xFF, 0xFF, 0xFF, 0xFF, 0xFF, 0xFF, 0xFF, 0xFF,
    0xFF, 0xFF, 0xFF, 0xFF, 0xFF, 0xFF, 0xFF, 0xFF, 0xFF, 0xFF, 0xFF, 0xFF, 0xFF, 0xFF, 0xFF, 0xFF,
    0xFF, 0xFF, 0xFF, 0xFF, 0xFF, 0xFF, 0xFF, 0xFF, 0xFF, 0xFF, 0xFF, 0xFF, 0xFF, 0xFF, 0xFF, 0xFF,
    0xFF, 0xFF, 0xFF, 0xFF, 0xFF, 0xFF, 0xFF, 0xFF, 0xFF, 0xFF, 0xFF, 0xFF, 0xFF, 0xFF, 0xFF, 0xFF,
    0xFF, 0xFF, 0xFF, 0xFF, 0xFF, 0xFF, 0xFF, 0xFF, 0xFF, 0xFF, 0xFF, 0xFF, 0xFF, 0xFF, 0xFF, 0xFF,
    0xFF, 0xFF, 0xFF, 0xFF, 0xFF, 0xFF, 0xFF, 0xFF, 0xFF, 0xFF, 0xFF, 0xFF, 0xFF, 0xFF, 0xFF, 0xFF,
    0xFF, 0xFF, 0xFF, 0xFF, 0xFF, 0xFF, 0xFF, 0xFF, 0xFF, 0xFF, 0xFF, 0xFF, 0xFF, 0xFF, 0xFF, 0xFF,
    0xFF, 0xFF, 0xFF, 0xFF, 0xFF, 0xFF, 0xFF, 0xFF, 0xFF, 0xFF, 0xFF, 0xFF, 0xFF, 0xFF, 0xFF, 0xFF,
    0xFF, 0xFF, 0xFF, 0xFF, 0xFF, 0xFF, 0xFF, 0xFF, 0xFF, 0xFF, 0xFF, 0xFF, 0xFF, 0xFF, 0xFF, 0xFF,
    0xFF, 0xFF, 0xFF, 0xFF, 0xFF, 0xFF, 0xFF, 0xFF, 0xFF, 0xFF, 0xFF, 0xFF, 0xFF, 0xFF, 0xFF, 0xFF,
    0xFF, 0xFF, 0xFF, 0xFF, 0xFF, 0xFF, 0xFF, 0xFF, 0xFF, 0xFF, 0xFF, 0xFF, 0xFF, 0xFF, 0xFF, 0xFF,
    0xFF, 0xFF, 0xFF, 0xFF, 0xFF, 0xFF, 0xFF, 0xFF, 0xFF, 0xFF, 0xFF, 0xFF, 0xFF, 0xFF, 0xFF, 0xFF,
    0xFF, 0xFF, 0xFF, 0xFF, 0xFF, 0xFF, 0xFF, 0xFF, 0xFF, 0xFF, 0xFF, 0xFF, 0xFF, 0xFF, 0xFF, 0xFF,
    0xFF, 0xFF, 0xFF, 0xFF, 0xFF, 0xFF, 0xFF, 0xFF, 0xFF, 0xFF, 0xFF, 0xFF, 0xFF, 0xFF, 0xFF, 0xFF,
    0xFF, 0xFF, 0xFF, 0xFF, 0xFF, 0xFF, 0xFF, 0xFF, 0xFF, 0xFF, 0xFF, 0xFF, 0xFF, 0xFF, 0xFF, 0xFF,
    0xFF, 0xFF, 0xFF, 0xFF, 0xFF, 0xFF, 0xFF, 0xFF, 0xFF, 0xFF, 0xFF, 0xFF, 0xFF, 0xFF, 0xFF, 0xFF,
    0xFF, 0xFF, 0xFF, 0xFF, 0xFF, 0xFF, 0xFF, 0xFF, 0xFF, 0xFF, 0xFF, 0xFF, 0xFF, 0xFF, 0xFF, 0xFF,
    0xFF, 0xFF, 0xFF, 0xFF, 0xFF, 0xFF, 0xFF, 0xFF, 0xFF, 0xFF, 0xFF, 0xFF, 0xFF, 0xFF, 0xFF, 0xFF,
    0xFF, 0xFF, 0xFF, 0xFF, 0xFF, 0xFF, 0xFF, 0xFF, 0xFF, 0xFF, 0xFF, 0xFF, 0xFF, 0xFF, 0xFF, 0xFF,
    0xFF, 0xFF, 0xFF, 0xFF, 0xFF, 0xFF, 0xFF, 0xFF, 0xFF, 0xFF, 0xFF, 0xFF, 0xFF, 0xFF, 0xFF, 0xFF,
    0xFF, 0xFF, 0xFF, 0xFF, 0xFF, 0xFF, 0xFF, 0xFF, 0xFF, 0xFF, 0xFF, 0xFF, 0xFF, 0xFF, 0xFF, 0xFF,
    0xFF, 0xFF, 0xFF, 0xFF, 0xFF, 0xFF, 0xFF, 0xFF, 0xFF, 0xFF, 0xFF, 0xFF, 0xFF, 0xFF, 0xFF, 0xFF,
    0xFF, 0xFF, 0xFF, 0xFF, 0xFF, 0xFF, 0xFF, 0xFF, 0xFF, 0xFF, 0xFF, 0xFF, 0xFF, 0xFF, 0xFF, 0xFF,
    0xFF, 0xFF, 0xFF, 0xFF, 0xFF, 0xFF, 0xFF, 0xFF, 0xFF, 0xFF, 0xFF, 0xFF, 0xFF, 0xFF, 0xFF, 0xFF,
    0xFF, 0xFF, 0xFF, 0xFF, 0xFF, 0xFF, 0xFF, 0xFF, 0xFF, 0xFF, 0xFF, 0xFF, 0xFF, 0xFF, 0xFF, 0xFF,
    0xFF, 0xFF, 0xFF, 0xFF, 0xFF, 0xFF, 0xFF, 0xFF, 0xFF, 0xFF, 0xFF, 0xFF, 0xFF, 0xFF, 0xFF, 0xFF,
    0xFF, 0xFF, 0xFF, 0xFF, 0xFF, 0xFF, 0xFF, 0xFF, 0xFF, 0xFF, 0xFF, 0xFF, 0xFF, 0xFF, 0xFF, 0xFF,
    0xFF, 0xFF, 0xFF, 0xFF, 0xFF, 0xFF, 0xFF, 0xFF, 0xFF, 0xFF, 0xFF, 0xFF, 0xFF, 0xFF, 0xFF, 0xFF,
    0xFF, 0xFF, 0xFF, 0xFF, 0xFF, 0xFF, 0xFF, 0xFF, 0xFF, 0xFF, 0xFF, 0xFF, 0xFF, 0xFF, 0xFF, 0xFF,
    0xFF, 0xFF, 0xFF, 0xFF, 0xFF, 0xFF, 0xFF, 0xFF, 0xFF, 0xFF, 0xFF, 0xFF, 0xFF, 0xFF, 0xFF, 0xFF,
    0xFF, 0xFF, 0xFF, 0xFF, 0xFF, 0xFF, 0xFF, 0xFF, 0xFF, 0xFF, 0xFF, 0xFF, 0xFF, 0xFF, 0xFF, 0xFF,
    0xFF, 0xFF, 0xFF, 0xFF, 0xFF, 0xFF, 0xFF, 0xFF, 0xFF, 0xFF, 0xFF, 0xFF, 0xFF, 0xFF, 0xFF, 0xFF,
    0xFF, 0xFF, 0xFF, 0xFF, 0xFF, 0xFF, 0xFF, 0xFF, 0xFF, 0xFF, 0xFF, 0xFF, 0xFF, 0xFF, 0xFF, 0xFF,
    0xFF, 0xFF, 0xFF, 0xFF, 0xFF, 0xFF, 0xFF, 0xFF, 0xFF, 0xFF, 0xFF, 0xFF, 0xFF, 0xFF, 0xFF, 0xFF,
    0xFF, 0xFF, 0xFF, 0xFF, 0xFF, 0xFF, 0xFF, 0xFF, 0xFF, 0xFF, 0xFF, 0xFF, 0xFF, 0xFF, 0xFF, 0xFF,
    0xFF, 0xFF, 0xFF, 0xFF, 0xFF, 0xFF, 0xFF, 0xFF, 0xFF, 0xFF, 0xFF, 0xFF, 0xFF, 0xFF, 0xFF, 0xFF,
    0xFF, 0xFF, 0xFF, 0xFF, 0xFF, 0xFF, 0xFF, 0xFF, 0xFF, 0xFF, 0xFF, 0xFF, 0xFF, 0xFF, 0xFF, 0xFF,
    0xFF, 0xFF, 0xFF, 0xFF, 0xFF, 0xFF, 0xFF, 0xFF, 0xFF, 0xFF, 0xFF, 0xFF, 0xFF, 0xFF, 0xFF, 0xFF,
    0xFF, 0xFF, 0xFF, 0xFF, 0xFF, 0xFF, 0xFF, 0xFF, 0xFF, 0xFF, 0xFF, 0xFF, 0xFF, 0xFF, 0xFF, 0xFF,
    0xFF, 0xFF, 0xFF, 0xFF, 0xFF, 0xFF, 0xFF, 0xFF, 0xFF, 0xFF, 0xFF, 0xFF, 0xFF, 0xFF, 0xFF, 0xFF,
    0xFF, 0xFF, 0xFF, 0xFF, 0xFF, 0xFF, 0xFF, 0xFF, 0xFF, 0xFF, 0xFF, 0xFF, 0xFF, 0xFF, 0xFF, 0xFF,
    0xFF, 0xFF, 0xFF, 0xFF, 0xFF, 0xFF, 0xFF, 0xFF, 0xFF, 0xFF, 0xFF, 0xFF, 0xFF, 0xFF, 0xFF, 0xFF,
    0xFF, 0xFF, 0xFF, 0xFF, 0xFF, 0xFF, 0xFF, 0xFF, 0xFF, 0xFF, 0xFF, 0xFF, 0xFF, 0xFF, 0xFF, 0xFF,
    0xFF, 0xFF, 0xFF, 0xFF, 0xFF, 0xFF, 0xFF, 0xFF, 0xFF, 0xFF, 0xFF, 0xFF, 0xFF, 0xFF, 0xFF, 0xFF,
    0xFF, 0xFF, 0xFF, 0xFF, 0xFF, 0xFF, 0xFF, 0xFF, 0xFF, 0xFF, 0xFF, 0xFF, 0xFF, 0xFF, 0xFF, 0xFF,
    0xFF, 0xFF, 0xFF, 0xFF, 0xFF, 0xFF, 0xFF, 0xFF, 0xFF, 0xFF, 0xFF, 0xFF, 0xFF, 0xFF, 0xFF, 0xFF,
    0xFF, 0xFF, 0xFF, 0xFF, 0xFF, 0xFF, 0xFF, 0xFF, 0xFF, 0xFF, 0xFF, 0xFF, 0xFF, 0xFF, 0xFF, 0xFF,
    0xFF, 0xFF, 0xFF, 0xFF, 0xFF, 0xFF, 0xFF, 0xFF, 0xFF, 0xFF, 0xFF, 0xFF, 0xFF, 0xFF, 0xFF, 0xFF,
    0xFF, 0xFF, 0xFF, 0xFF, 0xFF, 0xFF, 0xFF, 0xFF, 0xFF, 0xFF, 0xFF, 0xFF, 0xFF, 0xFF, 0xFF, 0xFF,
    0xFF, 0xFF, 0xFF, 0xFF, 0xFF, 0xFF, 0xFF, 0xFF, 0xFF, 0xFF, 0xFF, 0xFF, 0xFF, 0xFF, 0xFF, 0xFF,
    0xFF, 0xFF, 0xFF, 0xFF, 0xFF, 0xFF, 0xFF, 0xFF, 0xFF, 0xFF, 0xFF, 0xFF, 0xFF, 0xFF, 0xFF, 0xFF,
    0xFF, 0xFF, 0xFF, 0xFF, 0xFF, 0xFF, 0xFF, 0xFF, 0xFF, 0xFF, 0xFF, 0xFF, 0xFF, 0xFF, 0xFF, 0xFF,
    0xFF, 0xFF, 0xFF, 0xFF, 0xFF, 0xFF, 0xFF, 0xFF, 0xFF, 0xFF, 0xFF, 0xFF, 0xFF, 0xFF, 0xFF, 0xFF,
    0xFF, 0xFF, 0xFF, 0xFF, 0xFF, 0xFF, 0xFF, 0xFF, 0xFF, 0xFF, 0xFF, 0xFF, 0xFF, 0xFF, 0xFF, 0xFF,
    0xFF, 0xFF, 0xFF, 0xFF, 0xFF, 0xFF, 0xFF, 0xFF, 0xFF, 0xFF, 0xFF, 0xFF, 0xFF, 0xFF, 0xFF, 0xFF,
    0xFF, 0xFF, 0xFF, 0xFF, 0xFF, 0xFF, 0xFF, 0xFF, 0xFF, 0xFF, 0xFF, 0xFF, 0xFF, 0xFF, 0xFF, 0xFF,
    0xFF, 0xFF, 0xFF, 0xFF, 0xFF, 0xFF, 0xFF, 0xFF, 0xFF, 0xFF, 0xFF, 0xFF, 0xFF, 0xFF, 0xFF, 0xFF,
    0xFF, 0xFF, 0xFF, 0xFF, 0xFF, 0xFF, 0xFF, 0xFF, 0xFF, 0xFF, 0xFF, 0xFF, 0xFF, 0xFF, 0xFF, 0xFF,
    0xFF, 0xFF, 0xFF, 0xFF, 0xFF, 0xFF, 0xFF, 0xFF, 0xFF, 0xFF, 0xFF, 0xFF, 0xFF, 0xFF, 0xFF, 0xFF,
    0xFF, 0xFF, 0xFF, 0xFF, 0xFF, 0xFF, 0xFF, 0xFF, 0xFF, 0xFF, 0xFF, 0xFF, 0xFF, 0xFF, 0xFF, 0xFF,
    0xFF, 0xFF, 0xFF, 0xFF, 0xFF, 0xFF, 0xFF, 0xFF, 0xFF, 0xFF, 0xFF, 0xFF, 0xFF, 0xFF, 0xFF, 0xFF,
    0xFF, 0xFF, 0xFF, 0xFF, 0xFF, 0xFF, 0xFF, 0xFF, 0xFF, 0xFF, 0xFF, 0xFF, 0xFF, 0xFF, 0xFF, 0xFF,
    0xFF, 0xFF, 0xFF, 0xFF, 0xFF, 0xFF, 0xFF, 0xFF, 0xFF, 0xFF, 0xFF, 0xFF, 0xFF, 0xFF, 0xFF, 0xFF,
    0xFF, 0xFF, 0xFF, 0xFF, 0xFF, 0xFF, 0xFF, 0xFF, 0xFF, 0xFF, 0xFF, 0xFF, 0xFF, 0xFF, 0xFF, 0xFF,
    0xFF, 0xFF, 0xFF, 0xFF, 0xFF, 0xFF, 0xFF, 0xFF, 0xFF, 0xFF, 0xFF, 0xFF, 0xFF, 0xFF, 0xFF, 0xFF,
    0xFF, 0xFF, 0xFF, 0xFF, 0xFF, 0xFF, 0xFF, 0xFF, 0xFF, 0xFF, 0xFF, 0xFF, 0xFF, 0xFF, 0xFF, 0xFF,
    0xFF, 0xFF, 0xFF, 0xFF, 0xFF, 0xFF, 0xFF, 0xFF, 0xFF, 0xFF, 0xFF, 0xFF, 0xFF, 0xFF, 0xFF, 0xFF,
    0xFF, 0xFF, 0xFF, 0xFF, 0xFF, 0xFF, 0xFF, 0xFF, 0xFF, 0xFF, 0xFF, 0xFF, 0xFF, 0xFF, 0xFF, 0xFF,
    0xFF, 0xFF, 0xFF, 0xFF, 0xFF, 0xFF, 0xFF, 0xFF, 0xFF, 0xFF, 0xFF, 0xFF, 0xFF, 0xFF, 0xFF, 0xFF,
    0xFF, 0xFF, 0xFF, 0xFF, 0xFF, 0xFF, 0xFF, 0xFF, 0xFF, 0xFF, 0xFF, 0xFF, 0xFF, 0xFF, 0xFF, 0xFF,
    0xFF, 0xFF, 0xFF, 0xFF, 0xFF, 0xFF, 0xFF, 0xFF, 0xFF, 0xFF, 0xFF, 0xFF, 0xFF, 0xFF, 0xFF, 0xFF,
    0xFF, 0xFF, 0xFF, 0xFF, 0xFF, 0xFF, 0xFF, 0xFF, 0xFF, 0xFF, 0xFF, 0xFF, 0xFF, 0xFF, 0xFF, 0xFF,
    0xFF, 0xFF, 0xFF, 0xFF, 0xFF, 0xFF, 0xFF, 0xFF, 0xFF, 0xFF, 0xFF, 0xFF, 0xFF, 0xFF, 0xFF, 0xFF,
    0xFF, 0xFF, 0xFF, 0xFF, 0xFF, 0xFF, 0xFF, 0xFF, 0xFF, 0xFF, 0xFF, 0xFF, 0xFF, 0xFF, 0xFF, 0xFF,
    0xFF, 0xFF, 0xFF, 0xFF, 0xFF, 0xFF, 0xFF, 0xFF, 0xFF, 0xFF, 0xFF, 0xFF, 0xFF, 0xFF, 0xFF, 0xFF,
    0xFF, 0xFF, 0xFF, 0xFF, 0xFF, 0xFF, 0xFF, 0xFF, 0xFF, 0xFF, 0xFF, 0xFF, 0xFF, 0xFF, 0xFF, 0xFF,
    0xFF, 0xFF, 0xFF, 0xFF, 0xFF, 0xFF, 0xFF, 0xFF, 0xFF, 0xFF, 0xFF, 0xFF, 0xFF, 0xFF, 0xFF, 0xFF,
    0xFF, 0xFF, 0xFF, 0xFF, 0xFF, 0xFF, 0xFF, 0xFF, 0xFF, 0xFF, 0xFF, 0xFF, 0xFF, 0xFF, 0xFF, 0xFF,
    0xFF, 0xFF, 0xFF, 0xFF, 0xFF, 0xFF, 0xFF, 0xFF, 0xFF, 0xFF, 0xFF, 0xFF, 0xFF, 0xFF, 0xFF, 0xFF,
    0xFF, 0xFF, 0xFF, 0xFF, 0xFF, 0xFF, 0xFF, 0xFF, 0xFF, 0xFF, 0xFF, 0xFF, 0xFF, 0xFF, 0xFF, 0xFF,
    0xFF, 0xFF, 0xFF, 0xFF, 0xFF, 0xFF, 0xFF, 0xFF, 0xFF, 0xFF, 0xFF, 0xFF, 0xFF, 0xFF, 0xFF, 0xFF,
    0xFF, 0xFF, 0xFF, 0xFF, 0xFF, 0xFF, 0xFF, 0xFF, 0xFF, 0xFF, 0xFF, 0xFF, 0xFF, 0xFF, 0xFF, 0xFF,
    0xFF, 0xFF, 0xFF, 0xFF, 0xFF, 0xFF, 0xFF, 0xFF, 0xFF, 0xFF, 0xFF, 0xFF, 0xFF, 0xFF, 0xFF, 0xFF,
    0xFF, 0xFF, 0xFF, 0xFF, 0xFF, 0xFF, 0xFF, 0xFF, 0xFF, 0xFF, 0xFF, 0xFF, 0xFF, 0xFF, 0xFF, 0xFF,
    0xFF, 0xFF, 0xFF, 0xFF, 0xFF, 0xFF, 0xFF, 0xFF, 0xFF, 0xFF, 0xFF, 0xFF, 0xFF, 0xFF, 0xFF, 0xFF,
    0xFF, 0xFF, 0xFF, 0xFF, 0xFF, 0xFF, 0xFF, 0xFF, 0xFF, 0xFF, 0xFF, 0xFF, 0xFF, 0xFF, 0xFF, 0xFF,
    0xFF, 0xFF, 0xFF, 0xFF, 0xFF, 0xFF, 0xFF, 0xFF, 0xFF, 0xFF, 0xFF, 0xFF, 0xFF, 0xFF, 0xFF, 0xFF,
    0xFF, 0xFF, 0xFF, 0xFF, 0xFF, 0xFF, 0xFF, 0xFF, 0xFF, 0xFF, 0xFF, 0xFF, 0xFF, 0xFF, 0xFF, 0xFF,
    0xFF, 0xFF, 0xFF, 0xFF, 0xFF, 0xFF, 0xFF, 0xFF, 0xFF, 0xFF, 0xFF, 0xFF, 0xFF, 0xFF, 0xFF, 0xFF,
    0xFF, 0xFF, 0xFF, 0xFF, 0xFF, 0xFF, 0xFF, 0xFF, 0xFF, 0xFF, 0xFF, 0xFF, 0xFF, 0xFF, 0xFF, 0xFF,
    0xFF, 0xFF, 0xFF, 0xFF, 0xFF, 0xFF, 0xFF, 0xFF, 0xFF, 0xFF, 0xFF, 0xFF, 0xFF, 0xFF, 0xFF, 0xFF,
    0xFF, 0xFF, 0xFF, 0xFF, 0xFF, 0xFF, 0xFF, 0xFF, 0xFF, 0xFF, 0xFF, 0xFF, 0xFF, 0xFF, 0xFF, 0xFF,
    0xFF, 0xFF, 0xFF, 0xFF, 0xFF, 0xFF, 0xFF, 0xFF, 0xFF, 0xFF, 0xFF, 0xFF, 0xFF, 0xFF, 0xFF, 0xFF,
    0xFF, 0xFF, 0xFF, 0xFF, 0xFF, 0xFF, 0xFF, 0xFF, 0xFF, 0xFF, 0xFF, 0xFF, 0xFF, 0xFF, 0xFF, 0xFF,
    0xFF, 0xFF, 0xFF, 0xFF, 0xFF, 0xFF, 0xFF, 0xFF, 0xFF, 0xFF, 0xFF, 0xFF, 0xFF, 0xFF, 0xFF, 0xFF,
    0xFF, 0xFF, 0xFF, 0xFF, 0xFF, 0xFF, 0xFF, 0xFF, 0xFF, 0xFF, 0xFF, 0xFF, 0xFF, 0xFF, 0xFF, 0xFF,
    0xFF, 0xFF, 0xFF, 0xFF, 0xFF, 0xFF, 0xFF, 0xFF, 0xFF, 0xFF, 0xFF, 0xFF, 0xFF, 0xFF, 0xFF, 0xFF,
    0xFF, 0xFF, 0xFF, 0xFF, 0xFF, 0xFF, 0xFF, 0xFF, 0xFF, 0xFF, 0xFF, 0xFF, 0xFF, 0xFF, 0xFF, 0xFF,
    0xFF, 0xFF, 0xFF, 0xFF, 0xFF, 0xFF, 0xFF, 0xFF, 0xFF, 0xFF, 0xFF, 0xFF, 0xFF, 0xFF, 0xFF, 0xFF,
    0xFF, 0xFF, 0xFF, 0xFF, 0xFF, 0xFF, 0xFF, 0xFF, 0xFF, 0xFF, 0xFF, 0xFF, 0xFF, 0xFF, 0xFF, 0xFF,
    0xFF, 0xFF, 0xFF, 0xFF, 0xFF, 0xFF, 0xFF, 0xFF, 0xFF, 0xFF, 0xFF, 0xFF, 0xFF, 0xFF, 0xFF, 0xFF,
    0xFF, 0xFF, 0xFF, 0xFF, 0xFF, 0xFF, 0xFF, 0xFF, 0xFF, 0xFF, 0xFF, 0xFF, 0xFF, 0xFF, 0xFF, 0xFF,
    0xFF, 0xFF, 0xFF, 0xFF, 0xFF, 0xFF, 0xFF, 0xFF, 0xFF, 0xFF, 0xFF, 0xFF, 0xFF, 0xFF, 0xFF, 0xFF,
    0xFF, 0xFF, 0xFF, 0xFF, 0xFF, 0xFF, 0xFF, 0xFF, 0xFF, 0xFF, 0xFF, 0xFF, 0xFF, 0xFF, 0xFF, 0xFF,
    0xFF, 0xFF, 0xFF, 0xFF, 0xFF, 0xFF, 0xFF, 0xFF, 0xFF, 0xFF, 0xFF, 0xFF, 0xFF, 0xFF, 0xFF, 0xFF,
    0xFF, 0xFF, 0xFF, 0xFF, 0xFF, 0xFF, 0xFF, 0xFF, 0xFF, 0xFF, 0xFF, 0xFF, 0xFF, 0xFF, 0xFF, 0xFF,
    0xFF, 0xFF, 0xFF, 0xFF, 0xFF, 0xFF, 0xFF, 0xFF, 0xFF, 0xFF, 0xFF, 0xFF, 0xFF, 0xFF, 0xFF, 0xFF,
    0xFF, 0xFF, 0xFF, 0xFF, 0xFF, 0xFF, 0xFF, 0xFF, 0xFF, 0xFF, 0xFF, 0xFF, 0xFF, 0xFF, 0xFF, 0xFF,
    0xFF, 0xFF, 0xFF, 0xFF, 0xFF, 0xFF, 0xFF, 0xFF, 0xFF, 0xFF, 0xFF, 0xFF, 0xFF, 0xFF, 0xFF, 0xFF,
    0xFF, 0xFF, 0xFF, 0xFF, 0xFF, 0xFF, 0xFF, 0xFF, 0xFF, 0xFF, 0xFF, 0xFF, 0xFF, 0xFF, 0xFF, 0xFF,
    0xFF, 0xFF, 0xFF, 0xFF, 0xFF, 0xFF, 0xFF, 0xFF, 0xFF, 0xFF, 0xFF, 0xFF, 0xFF, 0xFF, 0xFF, 0xFF,
    0xFF, 0xFF, 0xFF, 0xFF, 0xFF, 0xFF, 0xFF, 0xFF, 0xFF, 0xFF, 0xFF, 0xFF, 0xFF, 0xFF, 0xFF, 0xFF,
    0xFF, 0xFF, 0xFF, 0xFF, 0xFF, 0xFF, 0xFF, 0xFF, 0xFF, 0xFF, 0xFF, 0xFF, 0xFF, 0xFF, 0xFF, 0xFF,
    0xFF, 0xFF, 0xFF, 0xFF, 0xFF, 0xFF, 0xFF, 0xFF, 0xFF, 0xFF, 0xFF, 0xFF, 0xFF, 0xFF, 0xFF, 0xFF,
    0xFF, 0xFF, 0xFF, 0xFF, 0xFF, 0xFF, 0xFF, 0xFF, 0xFF, 0xFF, 0xFF, 0xFF, 0xFF, 0xFF, 0xFF, 0xFF,
    0xFF, 0xFF, 0xFF, 0xFF, 0xFF, 0xFF, 0xFF, 0xFF, 0xFF, 0xFF, 0xFF, 0xFF, 0xFF, 0xFF, 0xFF, 0xFF,
    0xFF, 0xFF, 0xFF, 0xFF, 0xFF, 0xFF, 0xFF, 0xFF, 0xFF, 0xFF, 0xFF, 0xFF, 0xFF, 0xFF, 0xFF, 0xFF,
    0xFF, 0xFF, 0xFF, 0xFF, 0xFF, 0xFF, 0xFF, 0xFF, 0xFF, 0xFF, 0xFF, 0xFF, 0xFF, 0xFF, 0xFF, 0xFF,
    0xFF, 0xFF, 0xFF, 0xFF, 0xFF, 0xFF, 0xFF, 0xFF, 0xFF, 0xFF, 0xFF, 0xFF, 0xFF, 0xFF, 0xFF, 0xFF,
    0xFF, 0xFF, 0xFF, 0xFF, 0xFF, 0xFF, 0xFF, 0xFF, 0xFF, 0xFF, 0xFF, 0xFF, 0xFF, 0xFF, 0xFF, 0xFF,
    0xFF, 0xFF, 0xFF, 0xFF, 0xFF, 0xFF, 0xFF, 0xFF, 0xFF, 0xFF, 0xFF, 0xFF, 0xFF, 0xFF, 0xFF, 0xFF,
    0xFF, 0xFF, 0xFF, 0xFF, 0xFF, 0xFF, 0xFF, 0xFF, 0xFF, 0xFF, 0xFF, 0xFF, 0xFF, 0xFF, 0xFF, 0xFF,
    0xFF, 0xFF, 0xFF, 0xFF, 0xFF, 0xFF, 0xFF, 0xFF, 0xFF, 0xFF, 0xFF, 0xFF, 0xFF, 0xFF, 0xFF, 0xFF,
    0xFF, 0xFF, 0xFF, 0xFF, 0xFF, 0xFF, 0xFF, 0xFF, 0xFF, 0xFF, 0xFF, 0xFF, 0xFF, 0xFF, 0xFF, 0xFF,
    0xFF, 0xFF, 0xFF, 0xFF, 0xFF, 0xFF, 0xFF, 0xFF, 0xFF, 0xFF, 0xFF, 0xFF, 0xFF, 0xFF, 0xFF, 0xFF,
    0xFF, 0xFF, 0xFF, 0xFF, 0xFF, 0xFF, 0xFF, 0xFF, 0xFF, 0xFF, 0xFF, 0xFF, 0xFF, 0xFF, 0xFF, 0xFF,
    0xFF, 0xFF, 0xFF, 0xFF, 0xFF, 0xFF, 0xFF, 0xFF, 0xFF, 0xFF, 0xFF, 0xFF, 0xFF, 0xFF, 0xFF, 0xFF,
    0xFF, 0xFF, 0xFF, 0xFF, 0xFF, 0xFF, 0xFF, 0xFF, 0xFF, 0xFF, 0xFF, 0xFF, 0xFF, 0xFF, 0xFF, 0xFF,
    0xFF, 0xFF, 0xFF, 0xFF, 0xFF, 0xFF, 0xFF, 0xFF, 0xFF, 0xFF, 0xFF, 0xFF, 0xFF, 0xFF, 0xFF, 0xFF,
    0xFF, 0xFF, 0xFF, 0xFF, 0xFF, 0xFF, 0xFF, 0xFF, 0xFF, 0xFF, 0xFF, 0xFF, 0xFF, 0xFF, 0xFF, 0xFF,
    0xFF, 0xFF, 0xFF, 0xFF, 0xFF, 0xFF, 0xFF, 0xFF, 0xFF, 0xFF, 0xFF, 0xFF, 0xFF, 0xFF, 0xFF, 0xFF,
    0xFF, 0xFF, 0xFF, 0xFF, 0xFF, 0xFF, 0xFF, 0xFF, 0xFF, 0xFF, 0xFF, 0xFF, 0xFF, 0xFF, 0xFF, 0xFF,
    0xFF, 0xFF, 0xFF, 0xFF, 0xFF, 0xFF, 0xFF, 0xFF, 0xFF, 0xFF, 0xFF, 0xFF, 0xFF, 0xFF, 0xFF, 0xFF,
    0xFF, 0xFF, 0xFF, 0xFF, 0xFF, 0xFF, 0xFF, 0xFF, 0xFF, 0xFF, 0xFF, 0xFF, 0xFF, 0xFF, 0xFF, 0xFF,
    0xFF, 0xFF, 0xFF, 0xFF, 0xFF, 0xFF, 0xFF, 0xFF, 0xFF, 0xFF, 0xFF, 0xFF, 0xFF, 0xFF, 0xFF, 0xFF,
    0xFF, 0xFF, 0xFF, 0xFF, 0xFF, 0xFF, 0xFF, 0xFF, 0xFF, 0xFF, 0xFF, 0xFF, 0xFF, 0xFF, 0xFF, 0xFF,
    0xFF, 0xFF, 0xFF, 0xFF, 0xFF, 0xFF, 0xFF, 0xFF, 0xFF, 0xFF, 0xFF, 0xFF, 0xFF, 0xFF, 0xFF, 0xFF,
    0xFF, 0xFF, 0xFF, 0xFF, 0xFF, 0xFF, 0xFF, 0xFF, 0xFF, 0xFF, 0xFF, 0xFF, 0xFF, 0xFF, 0xFF, 0xFF,
    0xFF, 0xFF, 0xFF, 0xFF, 0xFF, 0xFF, 0xFF, 0xFF, 0xFF, 0xFF, 0xFF, 0xFF, 0xFF, 0xFF, 0xFF, 0xFF,
    0xFF, 0xFF, 0xFF, 0xFF, 0xFF, 0xFF, 0xFF, 0xFF, 0xFF, 0xFF, 0xFF, 0xFF, 0xFF, 0xFF, 0xFF, 0xFF,
    0xFF, 0xFF, 0xFF, 0xFF, 0xFF, 0xFF, 0xFF, 0xFF, 0xFF, 0xFF, 0xFF, 0xFF, 0xFF, 0xFF, 0xFF, 0xFF,
    0xFF, 0xFF, 0xFF, 0xFF, 0xFF, 0xFF, 0xFF, 0xFF, 0xFF, 0xFF, 0xFF, 0xFF, 0xFF, 0xFF, 0xFF, 0xFF,
    0xFF, 0xFF, 0xFF, 0xFF, 0xFF, 0xFF, 0xFF, 0xFF, 0xFF, 0xFF, 0xFF, 0xFF, 0xFF, 0xFF, 0xFF, 0xFF,
    0xFF, 0xFF, 0xFF, 0xFF, 0xFF, 0xFF, 0xFF, 0xFF, 0xFF, 0xFF, 0xFF, 0xFF, 0xFF, 0xFF, 0xFF, 0xFF,
    0xFF, 0xFF, 0xFF, 0xFF, 0xFF, 0xFF, 0xFF, 0xFF, 0xFF, 0xFF, 0xFF, 0xFF, 0xFF, 0xFF, 0xFF, 0xFF,
    0xFF, 0xFF, 0xFF, 0xFF, 0xFF, 0xFF, 0xFF, 0xFF, 0xFF, 0xFF, 0xFF, 0xFF, 0xFF, 0xFF, 0xFF, 0xFF,
    0xFF, 0xFF, 0xFF, 0xFF, 0xFF, 0xFF, 0xFF, 0xFF, 0xFF, 0xFF, 0xFF, 0xFF, 0xFF, 0xFF, 0xFF, 0xFF,
    0xFF, 0xFF, 0xFF, 0xFF, 0xFF, 0xFF, 0xFF, 0xFF, 0xFF, 0xFF, 0xFF, 0xFF, 0xFF, 0xFF, 0xFF, 0xFF,
    0xFF, 0xFF, 0xFF, 0xFF, 0xFF, 0xFF, 0xFF, 0xFF, 0xFF, 0xFF, 0xFF, 0xFF, 0xFF, 0xFF, 0xFF, 0xFF,
    0xFF, 0xFF, 0xFF, 0xFF, 0xFF, 0xFF, 0xFF, 0xFF, 0xFF, 0xFF, 0xFF, 0xFF, 0xFF, 0xFF, 0xFF, 0xFF,
    0xFF, 0xFF, 0xFF, 0xFF, 0xFF, 0xFF, 0xFF, 0xFF, 0xFF, 0xFF, 0xFF, 0xFF, 0xFF, 0xFF, 0xFF, 0xFF,
    0xFF, 0xFF, 0xFF, 0xFF, 0xFF, 0xFF, 0xFF, 0xFF, 0xFF, 0xFF, 0xFF, 0xFF, 0xFF, 0xFF, 0xFF, 0xFF,
    0xFF, 0xFF, 0xFF, 0xFF, 0xFF, 0xFF, 0xFF, 0xFF, 0xFF, 0xFF, 0xFF, 0xFF, 0xFF, 0xFF, 0xFF, 0xFF,
    0xFF, 0xFF, 0xFF, 0xFF, 0xFF, 0xFF, 0xFF, 0xFF, 0xFF, 0xFF, 0xFF, 0xFF, 0xFF, 0xFF, 0xFF, 0xFF,
    0xFF, 0xFF, 0xFF, 0xFF, 0xFF, 0xFF, 0xFF, 0xFF, 0xFF, 0xFF, 0xFF, 0xFF, 0xFF, 0xFF, 0xFF, 0xFF,
    0xFF, 0xFF, 0xFF, 0xFF, 0xFF, 0xFF, 0xFF, 0xFF, 0xFF, 0xFF, 0xFF, 0xFF, 0xFF, 0xFF, 0xFF, 0xFF,
    0xFF, 0xFF, 0xFF, 0xFF, 0xFF, 0xFF, 0xFF, 0xFF, 0xFF, 0xFF, 0xFF, 0xFF, 0xFF, 0xFF, 0xFF, 0xFF,
    0xFF, 0xFF, 0xFF, 0xFF, 0xFF, 0xFF, 0xFF, 0xFF, 0xFF, 0xFF, 0xFF, 0xFF, 0xFF, 0xFF, 0xFF, 0xFF,
    0xFF, 0xFF, 0xFF, 0xFF, 0xFF, 0xFF, 0xFF, 0xFF, 0xFF, 0xFF, 0xFF, 0xFF, 0xFF, 0xFF, 0xFF, 0xFF,
    0xFF, 0xFF, 0xFF, 0xFF, 0xFF, 0xFF, 0xFF, 0xFF, 0xFF, 0xFF, 0xFF, 0xFF, 0xFF, 0xFF, 0xFF, 0xFF,
    0xFF, 0xFF, 0xFF, 0xFF, 0xFF, 0xFF, 0xFF, 0xFF, 0xFF, 0xFF, 0xFF, 0xFF, 0xFF, 0xFF, 0xFF, 0xFF,
    0xFF, 0xFF, 0xFF, 0xFF, 0xFF, 0xFF, 0xFF, 0xFF, 0xFF, 0xFF, 0xFF, 0xFF, 0xFF, 0xFF, 0xFF, 0xFF,
    0xFF, 0xFF, 0xFF, 0xFF, 0xFF, 0xFF, 0xFF, 0xFF, 0xFF, 0xFF, 0xFF, 0xFF, 0xFF, 0xFF, 0xFF, 0xFF,
    0xFF, 0xFF, 0xFF, 0xFF, 0xFF, 0xFF, 0xFF, 0xFF, 0xFF, 0xFF, 0xFF, 0xFF, 0xFF, 0xFF, 0xFF, 0xFF,
    0xFF, 0xFF, 0xFF, 0xFF, 0xFF, 0xFF, 0xFF, 0xFF, 0xFF, 0xFF, 0xFF, 0xFF, 0xFF, 0xFF, 0xFF, 0xFF,
    0xFF, 0xFF, 0xFF, 0xFF, 0xFF, 0xFF, 0xFF, 0xFF, 0xFF, 0xFF, 0xFF, 0xFF, 0xFF, 0xFF, 0xFF, 0xFF,
    0xFF, 0xFF, 0xFF, 0xFF, 0xFF, 0xFF, 0xFF, 0xFF, 0xFF, 0xFF, 0xFF, 0xFF, 0xFF, 0xFF, 0xFF, 0xFF,
    0xFF, 0xFF, 0xFF, 0xFF, 0xFF, 0xFF, 0xFF, 0xFF, 0xFF, 0xFF, 0xFF, 0xFF, 0xFF, 0xFF, 0xFF, 0xFF,
    0xFF, 0xFF, 0xFF, 0xFF, 0xFF, 0xFF, 0xFF, 0xFF, 0xFF, 0xFF, 0xFF, 0xFF, 0xFF, 0xFF, 0xFF, 0xFF,
    0xFF, 0xFF, 0xFF, 0xFF, 0xFF, 0xFF, 0xFF, 0xFF, 0xFF, 0xFF, 0xFF, 0xFF, 0xFF, 0xFF, 0xFF, 0xFF,
    0xFF, 0xFF, 0xFF, 0xFF, 0xFF, 0xFF, 0xFF, 0xFF, 0xFF, 0xFF, 0xFF, 0xFF, 0xFF, 0xFF, 0xFF, 0xFF,
    0xFF, 0xFF, 0xFF, 0xFF, 0xFF, 0xFF, 0xFF, 0xFF, 0xFF, 0xFF, 0xFF, 0xFF, 0xFF, 0xFF, 0xFF, 0xFF,
    0xFF, 0xFF, 0xFF, 0xFF, 0xFF, 0xFF, 0xFF, 0xFF, 0xFF, 0xFF, 0xFF, 0xFF, 0xFF, 0xFF, 0xFF, 0xFF,
    0xFF, 0xFF, 0xFF, 0xFF, 0xFF, 0xFF, 0xFF, 0xFF, 0xFF, 0xFF, 0xFF, 0xFF, 0xFF, 0xFF, 0xFF, 0xFF,
    0xFF, 0xFF, 0xFF, 0xFF, 0xFF, 0xFF, 0xFF, 0xFF, 0xFF, 0xFF, 0xFF, 0xFF, 0xFF, 0xFF, 0xFF, 0xFF,
    0xFF, 0xFF, 0xFF, 0xFF, 0xFF, 0xFF, 0xFF, 0xFF, 0xFF, 0xFF, 0xFF, 0xFF, 0xFF, 0xFF, 0xFF, 0xFF,
    0xFF, 0xFF, 0xFF, 0xFF, 0xFF, 0xFF, 0xFF, 0xFF, 0xFF, 0xFF, 0xFF, 0xFF, 0xFF, 0xFF, 0xFF, 0xFF,
    0xFF, 0xFF, 0xFF, 0xFF, 0xFF, 0xFF, 0xFF, 0xFF, 0xFF, 0xFF, 0xFF, 0xFF, 0xFF, 0xFF, 0xFF, 0xFF,
    0xFF, 0xFF, 0xFF, 0xFF, 0xFF, 0xFF, 0xFF, 0xFF, 0xFF, 0xFF, 0xFF, 0xFF, 0xFF, 0xFF, 0xFF, 0xFF,
    0xFF, 0xFF, 0xFF, 0xFF, 0xFF, 0xFF, 0xFF, 0xFF, 0xFF, 0xFF, 0xFF, 0xFF, 0xFF, 0xFF, 0xFF, 0xFF,
    0xFF, 0xFF, 0xFF, 0xFF, 0xFF, 0xFF, 0xFF, 0xFF, 0xFF, 0xFF, 0xFF, 0xFF, 0xFF, 0xFF, 0xFF, 0xFF,
    0xFF, 0xFF, 0xFF, 0xFF, 0xFF, 0xFF, 0xFF, 0xFF, 0xFF, 0xFF, 0xFF, 0xFF, 0xFF, 0xFF, 0xFF, 0xFF,
    0xFF, 0xFF, 0xFF, 0xFF, 0xFF, 0xFF, 0xFF, 0xFF, 0xFF, 0xFF, 0xFF, 0xFF, 0xFF, 0xFF, 0xFF, 0xFF,
    0xFF, 0xFF, 0xFF, 0xFF, 0xFF, 0xFF, 0xFF, 0xFF, 0xFF, 0xFF, 0xFF, 0xFF, 0xFF, 0xFF, 0xFF, 0xFF,
    0xFF, 0xFF, 0xFF, 0xFF, 0xFF, 0xFF, 0xFF, 0xFF, 0xFF, 0xFF, 0xFF, 0xFF, 0xFF, 0xFF, 0xFF, 0xFF,
    0xFF, 0xFF, 0xFF, 0xFF, 0xFF, 0xFF, 0xFF, 0xFF, 0xFF, 0xFF, 0xFF, 0xFF, 0xFF, 0xFF, 0xFF, 0xFF,
    0xFF, 0xFF, 0xFF, 0xFF, 0xFF, 0xFF, 0xFF, 0xFF, 0xFF, 0xFF, 0xFF, 0xFF, 0xFF, 0xFF, 0xFF, 0xFF,
    0xFF, 0xFF, 0xFF, 0xFF, 0xFF, 0xFF, 0xFF, 0xFF, 0xFF, 0xFF, 0xFF, 0xFF, 0xFF, 0xFF, 0xFF, 0xFF,
    0xFF, 0xFF, 0xFF, 0xFF, 0xFF, 0xFF, 0xFF, 0xFF, 0xFF, 0xFF, 0xFF, 0xFF, 0xFF, 0xFF, 0xFF, 0xFF,
    0xFF, 0xFF, 0xFF, 0xFF, 0xFF, 0xFF, 0xFF, 0xFF, 0xFF, 0xFF, 0xFF, 0xFF, 0xFF, 0xFF, 0xFF, 0xFF,
    0xFF, 0xFF, 0xFF, 0xFF, 0xFF, 0xFF, 0xFF, 0xFF, 0xFF, 0xFF, 0xFF, 0xFF, 0xFF, 0xFF, 0xFF, 0xFF,
    0xFF, 0xFF, 0xFF, 0xFF, 0xFF, 0xFF, 0xFF, 0xFF, 0xFF, 0xFF, 0xFF, 0xFF, 0xFF, 0xFF, 0xFF, 0xFF,
    0xFF, 0xFF, 0xFF, 0xFF, 0xFF, 0xFF, 0xFF, 0xFF, 0xFF, 0xFF, 0xFF, 0xFF, 0xFF, 0xFF, 0xFF, 0xFF,
    0xFF, 0xFF, 0xFF, 0xFF, 0xFF, 0xFF, 0xFF, 0xFF, 0xFF, 0xFF, 0xFF, 0xFF, 0xFF, 0xFF, 0xFF, 0xFF,
    0xFF, 0xFF, 0xFF, 0xFF, 0xFF, 0xFF, 0xFF, 0xFF, 0xFF, 0xFF, 0xFF, 0xFF, 0xFF, 0xFF, 0xFF, 0xFF,
    0xFF, 0xFF, 0xFF, 0xFF, 0xFF, 0xFF, 0xFF, 0xFF, 0xFF, 0xFF, 0xFF, 0xFF, 0xFF, 0xFF, 0xFF, 0xFF,
    0xFF, 0xFF, 0xFF, 0xFF, 0xFF, 0xFF, 0xFF, 0xFF, 0xFF, 0xFF, 0xFF, 0xFF, 0xFF, 0xFF, 0xFF, 0xFF,
    0xFF, 0xFF, 0xFF, 0xFF, 0xFF, 0xFF, 0xFF, 0xFF, 0xFF, 0xFF, 0xFF, 0xFF, 0xFF, 0xFF, 0xFF, 0xFF,
    0xFF, 0xFF, 0xFF, 0xFF, 0xFF, 0xFF, 0xFF, 0xFF, 0xFF, 0xFF, 0xFF, 0xFF, 0xFF, 0xFF, 0xFF, 0xFF,
    0xFF, 0xFF, 0xFF, 0xFF, 0xFF, 0xFF, 0xFF, 0xFF, 0xFF, 0xFF, 0xFF, 0xFF, 0xFF, 0xFF, 0xFF, 0xFF,
    0xFF, 0xFF, 0xFF, 0xFF, 0xFF, 0xFF, 0xFF, 0xFF, 0xFF, 0xFF, 0xFF, 0xFF, 0xFF, 0xFF, 0xFF, 0xFF,
    0xFF, 0xFF, 0xFF, 0xFF, 0xFF, 0xFF, 0xFF, 0xFF, 0xFF, 0xFF, 0xFF, 0xFF, 0xFF, 0xFF, 0xFF, 0xFF,
    0xFF, 0xFF, 0xFF, 0xFF, 0xFF, 0xFF, 0xFF, 0xFF, 0xFF, 0xFF, 0xFF, 0xFF, 0xFF, 0xFF, 0xFF, 0xFF,
    0xFF, 0xFF, 0xFF, 0xFF, 0xFF, 0xFF, 0xFF, 0xFF, 0xFF, 0xFF, 0xFF, 0xFF, 0xFF, 0xFF, 0xFF, 0xFF,
    0xFF, 0xFF, 0xFF, 0xFF, 0xFF, 0xFF, 0xFF, 0xFF, 0xFF, 0xFF, 0xFF, 0xFF, 0xFF, 0xFF, 0xFF, 0xFF,
    0xFF, 0xFF, 0xFF, 0xFF, 0xFF, 0xFF, 0xFF, 0xFF, 0xFF, 0xFF, 0xFF, 0xFF, 0xFF, 0xFF, 0xFF, 0xFF,
    0xFF, 0xFF, 0xFF, 0xFF, 0xFF, 0xFF, 0xFF, 0xFF, 0xFF, 0xFF, 0xFF, 0xFF, 0xFF, 0xFF, 0xFF, 0xFF,
    0xFF, 0xFF, 0xFF, 0xFF, 0xFF, 0xFF, 0xFF, 0xFF, 0xFF, 0xFF, 0xFF, 0xFF, 0xFF, 0xFF, 0xFF, 0xFF,
    0xFF, 0xFF, 0xFF, 0xFF, 0xFF, 0xFF, 0xFF, 0xFF, 0xFF, 0xFF, 0xFF, 0xFF, 0xFF, 0xFF, 0xFF, 0xFF,
    0xFF, 0xFF, 0xFF, 0xFF, 0xFF, 0xFF, 0xFF, 0xFF, 0xFF, 0xFF, 0xFF, 0xFF, 0xFF, 0xFF, 0xFF, 0xFF,
    0xFF, 0xFF, 0xFF, 0xFF, 0xFF, 0xFF, 0xFF, 0xFF, 0xFF, 0xFF, 0xFF, 0xFF, 0xFF, 0xFF, 0xFF, 0xFF,
    0xFF, 0xFF, 0xFF, 0xFF, 0xFF, 0xFF, 0xFF, 0xFF, 0xFF, 0xFF, 0xFF, 0xFF, 0xFF, 0xFF, 0xFF, 0xFF,
    0xFF, 0xFF, 0xFF, 0xFF, 0xFF, 0xFF, 0xFF, 0xFF, 0xFF, 0xFF, 0xFF, 0xFF, 0xFF, 0xFF, 0xFF, 0xFF,
    0xFF, 0xFF, 0xFF, 0xFF, 0xFF, 0xFF, 0xFF, 0xFF, 0xFF, 0xFF, 0xFF, 0xFF, 0xFF, 0xFF, 0xFF, 0xFF,
    0xFF, 0xFF, 0xFF, 0xFF, 0xFF, 0xFF, 0xFF, 0xFF, 0xFF, 0xFF, 0xFF, 0xFF, 0xFF, 0xFF, 0xFF, 0xFF,
    0xFF, 0xFF, 0xFF, 0xFF, 0xFF, 0xFF, 0xFF, 0xFF, 0xFF, 0xFF, 0xFF, 0xFF, 0xFF, 0xFF, 0xFF, 0xFF,
    0xFF, 0xFF, 0xFF, 0xFF, 0xFF, 0xFF, 0xFF, 0xFF, 0xFF, 0xFF, 0xFF, 0xFF, 0xFF, 0xFF, 0xFF, 0xFF,
    0xFF, 0xFF, 0xFF, 0xFF, 0xFF, 0xFF, 0xFF, 0xFF, 0xFF, 0xFF, 0xFF, 0xFF, 0xFF, 0xFF, 0xFF, 0xFF,
    0xFF, 0xFF, 0xFF, 0xFF, 0xFF, 0xFF, 0xFF, 0xFF, 0xFF, 0xFF, 0xFF, 0xFF, 0xFF, 0xFF, 0xFF, 0xFF,
    0xFF, 0xFF, 0xFF, 0xFF, 0xFF, 0xFF, 0xFF, 0xFF, 0xFF, 0xFF, 0xFF, 0xFF, 0xFF, 0xFF, 0xFF, 0xFF,
    0xFF, 0xFF, 0xFF, 0xFF, 0xFF, 0xFF, 0xFF, 0xFF, 0xFF, 0xFF, 0xFF, 0xFF, 0xFF, 0xFF, 0xFF, 0xFF,
    0xFF, 0xFF, 0xFF, 0xFF, 0xFF, 0xFF, 0xFF, 0xFF, 0xFF, 0xFF, 0xFF, 0xFF, 0xFF, 0xFF, 0xFF, 0xFF,
    0xFF, 0xFF, 0xFF, 0xFF, 0xFF, 0xFF, 0xFF, 0xFF, 0xFF, 0xFF, 0xFF, 0xFF, 0xFF, 0xFF, 0xFF, 0xFF,
    0xFF, 0xFF, 0xFF, 0xFF, 0xFF, 0xFF, 0xFF, 0xFF, 0xFF, 0xFF, 0xFF, 0xFF, 0xFF, 0xFF, 0xFF, 0xFF,
    0xFF, 0xFF, 0xFF, 0xFF, 0xFF, 0xFF, 0xFF, 0xFF, 0xFF, 0xFF, 0xFF, 0xFF, 0xFF, 0xFF, 0xFF, 0xFF,
    0xFF, 0xFF, 0xFF, 0xFF, 0xFF, 0xFF, 0xFF, 0xFF, 0xFF, 0xFF, 0xFF, 0xFF, 0xFF, 0xFF, 0xFF, 0xFF,
    0xFF, 0xFF, 0xFF, 0xFF, 0xFF, 0xFF, 0xFF, 0xFF, 0xFF, 0xFF, 0xFF, 0xFF, 0xFF, 0xFF, 0xFF, 0xFF,
    0xFF, 0xFF, 0xFF, 0xFF, 0xFF, 0xFF, 0xFF, 0xFF, 0xFF, 0xFF, 0xFF, 0xFF, 0xFF, 0xFF, 0xFF, 0xFF,
    0xFF, 0xFF, 0xFF, 0xFF, 0xFF, 0xFF, 0xFF, 0xFF, 0xFF, 0xFF, 0xFF, 0xFF, 0xFF, 0xFF, 0xFF, 0xFF,
    0xFF, 0xFF, 0xFF, 0xFF, 0xFF, 0xFF, 0xFF, 0xFF, 0xFF, 0xFF, 0xFF, 0xFF, 0xFF, 0xFF, 0xFF, 0xFF,
    0xFF, 0xFF, 0xFF, 0xFF, 0xFF, 0xFF, 0xFF, 0xFF, 0xFF, 0xFF, 0xFF, 0xFF, 0xFF, 0xFF, 0xFF, 0xFF,
    0xFF, 0xFF, 0xFF, 0xFF, 0xFF, 0xFF, 0xFF, 0xFF, 0xFF, 0xFF, 0xFF, 0xFF, 0xFF, 0xFF, 0xFF, 0xFF,
    0xFF, 0xFF, 0xFF, 0xFF, 0xFF, 0xFF, 0xFF, 0xFF, 0xFF, 0xFF, 0xFF, 0xFF, 0xFF, 0xFF, 0xFF, 0xFF,
    0xFF, 0xFF, 0xFF, 0xFF, 0xFF, 0xFF, 0xFF, 0xFF, 0xFF, 0xFF, 0xFF, 0xFF, 0xFF, 0xFF, 0xFF, 0xFF,
    0xFF, 0xFF, 0xFF, 0xFF, 0xFF, 0xFF, 0xFF, 0xFF, 0xFF, 0xFF, 0xFF, 0xFF, 0xFF, 0xFF, 0xFF, 0xFF,
    0xFF, 0xFF, 0xFF, 0xFF, 0xFF, 0xFF, 0xFF, 0xFF, 0xFF, 0xFF, 0xFF, 0xFF, 0xFF, 0xFF, 0xFF, 0xFF,
    0xFF, 0xFF, 0xFF, 0xFF, 0xFF, 0xFF, 0xFF, 0xFF, 0xFF, 0xFF, 0xFF, 0xFF, 0xFF, 0xFF, 0xFF, 0xFF,
    0xFF, 0xFF, 0xFF, 0xFF, 0xFF, 0xFF, 0xFF, 0xFF, 0xFF, 0xFF, 0xFF, 0xFF, 0xFF, 0xFF, 0xFF, 0xFF,
    0xFF, 0xFF, 0xFF, 0xFF, 0xFF, 0xFF, 0xFF, 0xFF, 0xFF, 0xFF, 0xFF, 0xFF, 0xFF, 0xFF, 0xFF, 0xFF,
    0xFF, 0xFF, 0xFF, 0xFF, 0xFF, 0xFF, 0xFF, 0xFF, 0xFF, 0xFF, 0xFF, 0xFF, 0xFF, 0xFF, 0xFF, 0xFF,
    0xFF, 0xFF, 0xFF, 0xFF, 0xFF, 0xFF, 0xFF, 0xFF, 0xFF, 0xFF, 0xFF, 0xFF, 0xFF, 0xFF, 0xFF, 0xFF,
    0xFF, 0xFF, 0xFF, 0xFF, 0xFF, 0xFF, 0xFF, 0xFF, 0xFF, 0xFF, 0xFF, 0xFF, 0xFF, 0xFF, 0xFF, 0xFF,
    0xFF, 0xFF, 0xFF, 0xFF, 0xFF, 0xFF, 0xFF, 0xFF, 0xFF, 0xFF, 0xFF, 0xFF, 0xFF, 0xFF, 0xFF, 0xFF,
    0xFF, 0xFF, 0xFF, 0xFF, 0xFF, 0xFF, 0xFF, 0xFF, 0xFF, 0xFF, 0xFF, 0xFF, 0xFF, 0xFF, 0xFF, 0xFF,
    0xFF, 0xFF, 0xFF, 0xFF, 0xFF, 0xFF, 0xFF, 0xFF, 0xFF, 0xFF, 0xFF, 0xFF, 0xFF, 0xFF, 0xFF, 0xFF,
    0xFF, 0xFF, 0xFF, 0xFF, 0xFF, 0xFF, 0xFF, 0xFF, 0xFF, 0xFF, 0xFF, 0xFF, 0xFF, 0xFF, 0xFF, 0xFF,
    0xFF, 0xFF, 0xFF, 0xFF, 0xFF, 0xFF, 0xFF, 0xFF, 0xFF, 0xFF, 0xFF, 0xFF, 0xFF, 0xFF, 0xFF, 0xFF,
    0xFF, 0xFF, 0xFF, 0xFF, 0xFF, 0xFF, 0xFF, 0xFF, 0xFF, 0xFF, 0xFF, 0xFF, 0xFF, 0xFF, 0xFF, 0xFF,
    0xFF, 0xFF, 0xFF, 0xFF, 0xFF, 0xFF, 0xFF, 0xFF, 0xFF, 0xFF, 0xFF, 0xFF, 0xFF, 0xFF, 0xFF, 0xFF,
    0xFF, 0xFF, 0xFF, 0xFF, 0xFF, 0xFF, 0xFF, 0xFF, 0xFF, 0xFF, 0xFF, 0xFF, 0xFF, 0xFF, 0xFF, 0xFF,
    0xFF, 0xFF, 0xFF, 0xFF, 0xFF, 0xFF, 0xFF, 0xFF, 0xFF, 0xFF, 0xFF, 0xFF, 0xFF, 0xFF, 0xFF, 0xFF,
    0xFF, 0xFF, 0xFF, 0xFF, 0xFF, 0xFF, 0xFF, 0xFF, 0xFF, 0xFF, 0xFF, 0xFF, 0xFF, 0xFF, 0xFF, 0xFF,
    0xFF, 0xFF, 0xFF, 0xFF, 0xFF, 0xFF, 0xFF, 0xFF, 0xFF, 0xFF, 0xFF, 0xFF, 0xFF, 0xFF, 0xFF, 0xFF,
    0xFF, 0xFF, 0xFF, 0xFF, 0xFF, 0xFF, 0xFF, 0xFF, 0xFF, 0xFF, 0xFF, 0xFF, 0xFF, 0xFF, 0xFF, 0xFF,
    0xFF, 0xFF, 0xFF, 0xFF, 0xFF, 0xFF, 0xFF, 0xFF, 0xFF, 0xFF, 0xFF, 0xFF, 0xFF, 0xFF, 0xFF, 0xFF,
    0xFF, 0xFF, 0xFF, 0xFF, 0xFF, 0xFF, 0xFF, 0xFF, 0xFF, 0xFF, 0xFF, 0xFF, 0xFF, 0xFF, 0xFF, 0xFF,
    0xFF, 0xFF, 0xFF, 0xFF, 0xFF, 0xFF, 0xFF, 0xFF, 0xFF, 0xFF, 0xFF, 0xFF, 0xFF, 0xFF, 0xFF, 0xFF,
    0xFF, 0xFF, 0xFF, 0xFF, 0xFF, 0xFF, 0xFF, 0xFF, 0xFF, 0xFF, 0xFF, 0xFF, 0xFF, 0xFF, 0xFF, 0xFF,
    0xFF, 0xFF, 0xFF, 0xFF, 0xFF, 0xFF, 0xFF, 0xFF, 0xFF, 0xFF, 0xFF, 0xFF, 0xFF, 0xFF, 0xFF, 0xFF,
    0xFF, 0xFF, 0xFF, 0xFF, 0xFF, 0xFF, 0xFF, 0xFF, 0xFF, 0xFF, 0xFF, 0xFF, 0xFF, 0xFF, 0xFF, 0xFF,
    0xFF, 0xFF, 0xFF, 0xFF, 0xFF, 0xFF, 0xFF, 0xFF, 0xFF, 0xFF, 0xFF, 0xFF, 0xFF, 0xFF, 0xFF, 0xFF,
    0xFF, 0xFF, 0xFF, 0xFF, 0xFF, 0xFF, 0xFF, 0xFF, 0xFF, 0xFF, 0xFF, 0xFF, 0xFF, 0xFF, 0xFF, 0xFF,
    0xFF, 0xFF, 0xFF, 0xFF, 0xFF, 0xFF, 0xFF, 0xFF, 0xFF, 0xFF, 0xFF, 0xFF, 0xFF, 0xFF, 0xFF, 0xFF,
    0xFF, 0xFF, 0xFF, 0xFF, 0xFF, 0xFF, 0xFF, 0xFF, 0xFF, 0xFF, 0xFF, 0xFF, 0xFF, 0xFF, 0xFF, 0xFF,
    0xFF, 0xFF, 0xFF, 0xFF, 0xFF, 0xFF, 0xFF, 0xFF, 0xFF, 0xFF, 0xFF, 0xFF, 0xFF, 0xFF, 0xFF, 0xFF,
    0xFF, 0xFF, 0xFF, 0xFF, 0xFF, 0xFF, 0xFF, 0xFF, 0xFF, 0xFF, 0xFF, 0xFF, 0xFF, 0xFF, 0xFF, 0xFF,
    0xFF, 0xFF, 0xFF, 0xFF, 0xFF, 0xFF, 0xFF, 0xFF, 0xFF, 0xFF, 0xFF, 0xFF, 0xFF, 0xFF, 0xFF, 0xFF,
    0xFF, 0xFF, 0xFF, 0xFF, 0xFF, 0xFF, 0xFF, 0xFF, 0xFF, 0xFF, 0xFF, 0xFF, 0xFF, 0xFF, 0xFF, 0xFF,
    0xFF, 0xFF, 0xFF, 0xFF, 0xFF, 0xFF, 0xFF, 0xFF, 0xFF, 0xFF, 0xFF, 0xFF, 0xFF, 0xFF, 0xFF, 0xFF,
    0xFF, 0xFF, 0xFF, 0xFF, 0xFF, 0xFF, 0xFF, 0xFF, 0xFF, 0xFF, 0xFF, 0xFF, 0xFF, 0xFF, 0xFF, 0xFF,
    0xFF, 0xFF, 0xFF, 0xFF, 0xFF, 0xFF, 0xFF, 0xFF, 0xFF, 0xFF, 0xFF, 0xFF, 0xFF, 0xFF, 0xFF, 0xFF,
    0xFF, 0xFF, 0xFF, 0xFF, 0xFF, 0xFF, 0xFF, 0xFF, 0xFF, 0xFF, 0xFF, 0xFF, 0xFF, 0xFF, 0xFF, 0xFF,
    0xFF, 0xFF, 0xFF, 0xFF, 0xFF, 0xFF, 0xFF, 0xFF, 0xFF, 0xFF, 0xFF, 0xFF, 0xFF, 0xFF, 0xFF, 0xFF,
    0xFF, 0xFF, 0xFF, 0xFF, 0xFF, 0xFF, 0xFF, 0xFF, 0xFF, 0xFF, 0xFF, 0xFF, 0xFF, 0xFF, 0xFF, 0xFF,
    0xFF, 0xFF, 0xFF, 0xFF, 0xFF, 0xFF, 0xFF, 0xFF, 0xFF, 0xFF, 0xFF, 0xFF, 0xFF, 0xFF, 0xFF, 0xFF,
    0xFF, 0xFF, 0xFF, 0xFF, 0xFF, 0xFF, 0xFF, 0xFF, 0xFF, 0xFF, 0xFF, 0xFF, 0xFF, 0xFF, 0xFF, 0xFF,
    0xFF, 0xFF, 0xFF, 0xFF, 0xFF, 0xFF, 0xFF, 0xFF, 0xFF, 0xFF, 0xFF, 0xFF, 0xFF, 0xFF, 0xFF, 0xFF,
    0xFF, 0xFF, 0xFF, 0xFF, 0xFF, 0xFF, 0xFF, 0xFF, 0xFF, 0xFF, 0xFF, 0xFF, 0xFF, 0xFF, 0xFF, 0xFF,
    0xFF, 0xFF, 0xFF, 0xFF, 0xFF, 0xFF, 0xFF, 0xFF, 0xFF, 0xFF, 0xFF, 0xFF, 0xFF, 0xFF, 0xFF, 0xFF,
    0xFF, 0xFF, 0xFF, 0xFF, 0xFF, 0xFF, 0xFF, 0xFF, 0xFF, 0xFF, 0xFF, 0xFF, 0xFF, 0xFF, 0xFF, 0xFF,
    0xFF, 0xFF, 0xFF, 0xFF, 0xFF, 0xFF, 0xFF, 0xFF, 0xFF, 0xFF, 0xFF, 0xFF, 0xFF, 0xFF, 0xFF, 0xFF,
    0xFF, 0xFF, 0xFF, 0xFF, 0xFF, 0xFF, 0xFF, 0xFF, 0xFF, 0xFF, 0xFF, 0xFF, 0xFF, 0xFF, 0xFF, 0xFF,
    0xFF, 0xFF, 0xFF, 0xFF, 0xFF, 0xFF, 0xFF, 0xFF, 0xFF, 0xFF, 0xFF, 0xFF, 0xFF, 0xFF, 0xFF, 0xFF,
    0xFF, 0xFF, 0xFF, 0xFF, 0xFF, 0xFF, 0xFF, 0xFF, 0xFF, 0xFF, 0xFF, 0xFF, 0xFF, 0xFF, 0xFF, 0xFF,
    0xFF, 0xFF, 0xFF, 0xFF, 0xFF, 0xFF, 0xFF, 0xFF, 0xFF, 0xFF, 0xFF, 0xFF, 0xFF, 0xFF, 0xFF, 0xFF,
    0xFF, 0xFF, 0xFF, 0xFF, 0xFF, 0xFF, 0xFF, 0xFF, 0xFF, 0xFF, 0xFF, 0xFF, 0xFF, 0xFF, 0xFF, 0xFF,
    0xFF, 0xFF, 0xFF, 0xFF, 0xFF, 0xFF, 0xFF, 0xFF, 0xFF, 0xFF, 0xFF, 0xFF, 0xFF, 0xFF, 0xFF, 0xFF,
    0xFF, 0xFF, 0xFF, 0xFF, 0xFF, 0xFF, 0xFF, 0xFF, 0xFF, 0xFF, 0xFF, 0xFF, 0xFF, 0xFF, 0xFF, 0xFF,
    0xFF, 0xFF, 0xFF, 0xFF, 0xFF, 0xFF, 0xFF, 0xFF, 0xFF, 0xFF, 0xFF, 0xFF, 0xFF, 0xFF, 0xFF, 0xFF,
    0xFF, 0xFF, 0xFF, 0xFF, 0xFF, 0xFF, 0xFF, 0xFF, 0xFF, 0xFF, 0xFF, 0xFF, 0xFF, 0xFF, 0xFF, 0xFF,
    0xFF, 0xFF, 0xFF, 0xFF, 0xFF, 0xFF, 0xFF, 0xFF, 0xFF, 0xFF, 0xFF, 0xFF, 0xFF, 0xFF, 0xFF, 0xFF,
    0xFF, 0xFF, 0xFF, 0xFF, 0xFF, 0xFF, 0xFF, 0xFF, 0xFF, 0xFF, 0xFF, 0xFF, 0xFF, 0xFF, 0xFF, 0xFF,
    0xFF, 0xFF, 0xFF, 0xFF, 0xFF, 0xFF, 0xFF, 0xFF, 0xFF, 0xFF, 0xFF, 0xFF, 0xFF, 0xFF, 0xFF, 0xFF,
    0xFF, 0xFF, 0xFF, 0xFF, 0xFF, 0xFF, 0xFF, 0xFF, 0xFF, 0xFF, 0xFF, 0xFF, 0xFF, 0xFF, 0xFF, 0xFF,
    0xFF, 0xFF, 0xFF, 0xFF, 0xFF, 0xFF, 0xFF, 0xFF, 0xFF, 0xFF, 0xFF, 0xFF, 0xFF, 0xFF, 0xFF, 0xFF,
    0xFF, 0xFF, 0xFF, 0xFF, 0xFF, 0xFF, 0xFF, 0xFF, 0xFF, 0xFF, 0xFF, 0xFF, 0xFF, 0xFF, 0xFF, 0xFF,
    0xFF, 0xFF, 0xFF, 0xFF, 0xFF, 0xFF, 0xDF, 0xFF, 0xF9, 0xB5, 0x53, 0x7C, 0xD2, 0x6B, 0x13, 0x74,
    0x16, 0x95, 0xFC, 0xDE, 0xFF, 0xFF, 0xFF, 0xFF, 0xFF, 0xFF, 0xFF, 0xFF, 0xFF, 0xFF, 0xFF, 0xFF,
    0xFF, 0xFF, 0xFF, 0xFF, 0xFF, 0xFF, 0xFF, 0xFF, 0xFF, 0xFF, 0xFF, 0xFF, 0xFF, 0xFF, 0xFF, 0xFF,
    0xFF, 0xFF, 0xFF, 0xFF, 0xFF, 0xFF, 0xFF, 0xFF, 0xFF, 0xFF, 0xFF, 0xFF, 0xFF, 0xFF, 0xFF, 0xFF,
    0xFF, 0xFF, 0xFF, 0xFF, 0xFF, 0xFF, 0xFF, 0xFF, 0xFF, 0xFF, 0xFF, 0xFF, 0xFF, 0xFF, 0xFF, 0xFF,
    0xFF, 0xFF, 0xFF, 0xFF, 0xFF, 0xFF, 0xFF, 0xFF, 0xFF, 0xFF, 0xFF, 0xFF, 0xFF, 0xFF, 0xFF, 0xFF,
    0xFF, 0xFF, 0xFF, 0xFF, 0xFF, 0xFF, 0xFF, 0xFF, 0xFF, 0xFF, 0xFF, 0xFF, 0xFF, 0xFF, 0xFF, 0xFF,
    0xFF, 0xFF, 0xFF, 0xFF, 0xFF, 0xFF, 0x77, 0xA5, 0xB4, 0x8C, 0xFF, 0xFF, 0xFF, 0xFF, 0xFF, 0xFF,
    0xFF, 0xFF, 0xFF, 0xFF, 0xFF, 0xFF, 0xFF, 0xFF, 0xFF, 0xFF, 0xFF, 0xFF, 0xFF, 0xFF, 0xFF, 0xFF,
    0xFF, 0xFF, 0xFF, 0xFF, 0xFF, 0xFF, 0xFF, 0xFF, 0xFF, 0xFF, 0xFF, 0xFF, 0xFF, 0xFF, 0xFF, 0xFF,
    0xFF, 0xFF, 0xFF, 0xFF, 0xFF, 0xFF, 0xFF, 0xFF, 0xFF, 0xFF, 0xFF, 0xFF, 0xFF, 0xFF, 0xFF, 0xFF,
    0xFF, 0xFF, 0xFF, 0xFF, 0x77, 0xA5, 0xB4, 0x8C, 0xFF, 0xFF, 0xFF, 0xFF, 0xFF, 0xFF, 0xFF, 0xFF,
    0xFF, 0xFF, 0xFF, 0xFF, 0xFF, 0xFF, 0xFF, 0xFF, 0xFF, 0xFF, 0xFF, 0xFF, 0xFF, 0xFF, 0xFF, 0xFF,
    0xFF, 0xFF, 0xFF, 0xFF, 0xFF, 0xFF, 0xFF, 0xFF, 0xFF, 0xFF, 0xFF, 0xFF, 0xFF, 0xFF, 0xFF, 0xFF,
    0xFF, 0xFF, 0xFF, 0xFF, 0xFF, 0xFF, 0xFF, 0xFF, 0xFF, 0xFF, 0xFF, 0xFF, 0xFF, 0xFF, 0xFF, 0xFF,
    0xFF, 0xFF, 0xFF, 0xFF, 0xFF, 0xFF, 0xFF, 0xFF, 0xFF, 0xFF, 0xFF, 0xFF, 0xFF, 0xFF, 0xFF, 0xFF,
    0xFF, 0xFF, 0xFF, 0xFF, 0xFF, 0xFF, 0xFF, 0xFF, 0xFF, 0xFF, 0xFF, 0xFF, 0xFF, 0xFF, 0xFF, 0xFF,
    0xFF, 0xFF, 0xFF, 0xFF, 0xFF, 0xFF, 0xFF, 0xFF, 0xFF, 0xFF, 0xFF, 0xFF, 0xFF, 0xFF, 0xFF, 0xFF,
    0xFF, 0xFF, 0xFF, 0xFF, 0xFF, 0xFF, 0xFF, 0xFF, 0xFF, 0xFF, 0xFF, 0xFF, 0x77, 0xA5, 0xB4, 0x8C,
    0xFF, 0xFF, 0xFF, 0xFF, 0xFF, 0xFF, 0xFF, 0xFF, 0xFF, 0xFF, 0xFF, 0xFF, 0xFF, 0xFF, 0xFF, 0xFF,
    0x77, 0xA5, 0xB4, 0x8C, 0xFF, 0xFF, 0xFF, 0xFF, 0xFF, 0xFF, 0xFF, 0xFF, 0xFF, 0xFF, 0xFF, 0xFF,
    0xFF, 0xFF, 0xFF, 0xFF, 0xFF, 0xFF, 0xFF, 0xFF, 0xFF, 0xFF, 0xFF, 0xFF, 0xFF, 0xFF, 0xFF, 0xFF,
    0xFF, 0xFF, 0xFF, 0xFF, 0xFF, 0xFF, 0xFF, 0xFF, 0xFF, 0xFF, 0xFF, 0xFF, 0xFF, 0xFF, 0xFF, 0xFF,
    0xFF, 0xFF, 0xFF, 0xFF, 0xFF, 0xFF, 0xFF, 0xFF, 0xFF, 0xFF, 0xFF, 0xFF, 0xFF, 0xFF, 0xFF, 0xFF,
    0xFF, 0xFF, 0xFF, 0xFF, 0xFF, 0xFF, 0xFF, 0xFF, 0xFF, 0xFF, 0xFF, 0xFF, 0xFF, 0xFF, 0xFF, 0xFF,
    0x77, 0xA5, 0xB4, 0x8C, 0xFF, 0xFF, 0xFF, 0xFF, 0xFF, 0xFF, 0xFF, 0xFF, 0xFF, 0xFF, 0xFF, 0xFF,
    0xFF, 0xFF, 0xFF, 0xFF, 0x36, 0x9D, 0xD5, 0x8C, 0xFF, 0xFF, 0xFF, 0xFF, 0xFF, 0xFF, 0xFF, 0xFF,
    0xFF, 0xFF, 0xFF, 0xFF, 0xFF, 0xFF, 0xFF, 0xFF, 0xFF, 0xFF, 0xFF, 0xFF, 0xFF, 0xFF, 0xFF, 0xFF,
    0xFF, 0xFF, 0xFF, 0xFF, 0xFF, 0xFF, 0xFF, 0xFF, 0xFF, 0xFF, 0xFF, 0xFF, 0xFF, 0xFF, 0xFF, 0xFF,
    0xFF, 0xFF, 0xFF, 0xFF, 0xFF, 0xFF, 0xFF, 0xFF, 0xFF, 0xFF, 0xFF, 0xFF, 0xFF, 0xFF, 0x3D, 0xE7,
    0xB1, 0x63, 0x5D, 0xE7, 0xFF, 0xFF, 0xFF, 0xFF, 0xFF, 0xFF, 0xFF, 0xFF, 0xFF, 0xFF, 0xFF, 0xFF,
    0xFF, 0xFF, 0xFF, 0xFF, 0xFF, 0xFF, 0xFF, 0xFF, 0xFF, 0xFF, 0xFF, 0xFF, 0xFF, 0xFF, 0xFF, 0xFF,
    0xFF, 0xFF, 0xFF, 0xFF, 0xFF, 0xFF, 0xFF, 0xFF, 0xFF, 0xFF, 0xFF, 0xFF, 0xFF, 0xFF, 0xFF, 0xFF,
    0xFF, 0xFF, 0xFF, 0xFF, 0xFF, 0xFF, 0xFF, 0xFF, 0x77, 0xA5, 0xB4, 0x8C, 0xFF, 0xFF, 0xFF, 0xFF,
    0xFF, 0xFF, 0xFF, 0xFF, 0xFF, 0xFF, 0xFF, 0xFF, 0xFF, 0xFF, 0xFF, 0xFF, 0xFF, 0xFF, 0xFF, 0xFF,
    0xFF, 0xFF, 0xFF, 0xFF, 0xFF, 0xFF, 0xFF, 0xFF, 0xFF, 0xFF, 0xFF, 0xFF, 0xFF, 0xFF, 0xFF, 0xFF,
    0xFF, 0xFF, 0xFF, 0xFF, 0xFF, 0xFF, 0xFF, 0xFF, 0xFF, 0xFF, 0xFF, 0xFF, 0xFF, 0xFF, 0xFF, 0xFF,
    0xFF, 0xFF, 0xFF, 0xFF, 0xFF, 0xFF, 0xFF, 0xFF, 0xFF, 0xFF, 0xFF, 0xFF, 0xFF, 0xFF, 0xFF, 0xFF,
    0xFF, 0xFF, 0xFF, 0xFF, 0xFF, 0xFF, 0xFF, 0xFF, 0xFF, 0xFF, 0xFF, 0xFF, 0xFF, 0xFF, 0xFF, 0xFF,
    0xFF, 0xFF, 0xFF, 0xFF, 0xFF, 0xFF, 0xFF, 0xFF, 0xFF, 0xFF, 0xFF, 0xFF, 0xFF, 0xFF, 0xFF, 0xFF,
    0xFF, 0xFF, 0xFF, 0xFF, 0xFF, 0xFF, 0xFF, 0xFF, 0xFF, 0xFF, 0xFF, 0xFF, 0xFF, 0xFF, 0xFF, 0xFF,
    0xFF, 0xFF, 0xFF, 0xFF, 0xFF, 0xFF, 0xFF, 0xFF, 0xFF, 0xFF, 0xFF, 0xFF, 0xFF, 0xFF, 0xFF, 0xFF,
    0xFF, 0xFF, 0xFF, 0xFF, 0xFF, 0xFF, 0xFF, 0xFF, 0xFF, 0xFF, 0xFF, 0xFF, 0xFF, 0xFF, 0xFF, 0xFF,
    0xFF, 0xFF, 0xFF, 0xFF, 0xFF, 0xFF, 0xFF, 0xFF, 0xFF, 0xFF, 0xFF, 0xFF, 0xFF, 0xFF, 0xFF, 0xFF,
    0xFF, 0xFF, 0xFF, 0xFF, 0xFF, 0xFF, 0xFF, 0xFF, 0xFF, 0xFF, 0xFF, 0xFF, 0xFF, 0xFF, 0xFF, 0xFF,
    0xFF, 0xFF, 0xFF, 0xFF, 0xFF, 0xFF, 0xFF, 0xFF, 0xFF, 0xFF, 0xFF, 0xFF, 0xFF, 0xFF, 0xFF, 0xFF,
    0xFF, 0xFF, 0xFF, 0xFF, 0xFF, 0xFF, 0xFF, 0xFF, 0xFF, 0xFF, 0xFF, 0xFF, 0xFF, 0xFF, 0xFF, 0xFF,
    0xFF, 0xFF, 0xFF, 0xFF, 0xFF, 0xFF, 0xFF, 0xFF, 0xFF, 0xFF, 0xFF, 0xFF, 0xFF, 0xFF, 0xFF, 0xFF,
    0xFF, 0xFF, 0xFF, 0xFF, 0xFF, 0xFF, 0xFF, 0xFF, 0xFF, 0xFF, 0xFF, 0xFF, 0xFF, 0xFF, 0xFF, 0xFF,
    0xFF, 0xFF, 0xFF, 0xFF, 0xFF, 0xFF, 0xFF, 0xFF, 0xFF, 0xFF, 0xFF, 0xFF, 0xFF, 0xFF, 0xFF, 0xFF,
    0xFF, 0xFF, 0xFF, 0xFF, 0xFF, 0xFF, 0xFF, 0xFF, 0xFF, 0xFF, 0xFF, 0xFF, 0xFF, 0xFF, 0xFF, 0xFF,
    0xFF, 0xFF, 0xFF, 0xFF, 0xFF, 0xFF, 0xFF, 0xFF, 0xFF, 0xFF, 0xFF, 0xFF, 0xFF, 0xFF, 0xFF, 0xFF,
    0xFF, 0xFF, 0xFF, 0xFF, 0xFF, 0xFF, 0xFF, 0xFF, 0xFF, 0xFF, 0xFF, 0xFF, 0xFF, 0xFF, 0xFF, 0xFF,
    0xFF, 0xFF, 0xFF, 0xFF, 0xFF, 0xFF, 0xFF, 0xFF, 0xFF, 0xFF, 0xFF, 0xFF, 0xFF, 0xFF, 0xFF, 0xFF,
    0xFF, 0xFF, 0xFF, 0xFF, 0xFF, 0xFF, 0xFF, 0xFF, 0xFF, 0xFF, 0xFF, 0xFF, 0xFF, 0xFF, 0xFF, 0xFF,
    0xFF, 0xFF, 0xFF, 0xFF, 0xFF, 0xFF, 0xFF, 0xFF, 0xFF, 0xFF, 0xFF, 0xFF, 0xFF, 0xFF, 0xFF, 0xFF,
    0xFF, 0xFF, 0xFF, 0xFF, 0xFF, 0xFF, 0xFF, 0xFF, 0xFF, 0xFF, 0xFF, 0xFF, 0xFF, 0xFF, 0xFF, 0xFF,
    0xFF, 0xFF, 0xFF, 0xFF, 0xFF, 0xFF, 0xFF, 0xFF, 0xFF, 0xFF, 0xFF, 0xFF, 0xFF, 0xFF, 0x36, 0x9D,
    0xF2, 0x73, 0xBB, 0xD6, 0xDF, 0xFF, 0x9E, 0xF7, 0xBB, 0xD6, 0xB5, 0x8C, 0xDF, 0xFF, 0xFF, 0xFF,
    0xFF, 0xFF, 0xFF, 0xFF, 0xFF, 0xFF, 0xFF, 0xFF, 0xFF, 0xFF, 0xFF, 0xFF, 0xFF, 0xFF, 0xFF, 0xFF,
    0xFF, 0xFF, 0xFF, 0xFF, 0xFF, 0xFF, 0xFF, 0xFF, 0xFF, 0xFF, 0xFF, 0xFF, 0xFF, 0xFF, 0xFF, 0xFF,
    0xFF, 0xFF, 0xFF, 0xFF, 0xFF, 0xFF, 0xFF, 0xFF, 0xFF, 0xFF, 0xFF, 0xFF, 0xFF, 0xFF, 0xFF, 0xFF,
    0xFF, 0xFF, 0xFF, 0xFF, 0xFF, 0xFF, 0xFF, 0xFF, 0xFF, 0xFF, 0xFF, 0xFF, 0xFF, 0xFF, 0xFF, 0xFF,
    0xFF, 0xFF, 0xFF, 0xFF, 0xFF, 0xFF, 0xFF, 0xFF, 0xFF, 0xFF, 0xFF, 0xFF, 0xFF, 0xFF, 0xFF, 0xFF,
    0xFF, 0xFF, 0xFF, 0xFF, 0xFF, 0xFF, 0xFF, 0xFF, 0xFF, 0xFF, 0xFF, 0xFF, 0xFF, 0xFF, 0x77, 0xA5,
    0xB4, 0x8C, 0xFF, 0xFF, 0xFF, 0xFF, 0xFF, 0xFF, 0xFF, 0xFF, 0xFF, 0xFF, 0xFF, 0xFF, 0xFF, 0xFF,
    0xFF, 0xFF, 0xFF, 0xFF, 0xFF, 0xFF, 0xFF, 0xFF, 0xFF, 0xFF, 0xFF, 0xFF, 0xFF, 0xFF, 0xFF, 0xFF,
    0xFF, 0xFF, 0xFF, 0xFF, 0xFF, 0xFF, 0xFF, 0xFF, 0xFF, 0xFF, 0xFF, 0xFF, 0xFF, 0xFF, 0xFF, 0xFF,
    0xFF, 0xFF, 0xFF, 0xFF, 0xFF, 0xFF, 0xFF, 0xFF, 0xFF, 0xFF, 0xFF, 0xFF, 0x77, 0xA5, 0xB4, 0x8C,
    0xFF, 0xFF, 0xFF, 0xFF, 0xFF, 0xFF, 0xFF, 0xFF, 0xFF, 0xFF, 0xFF, 0xFF, 0xFF, 0xFF, 0xFF, 0xFF,
    0xFF, 0xFF, 0xFF, 0xFF, 0xFF, 0xFF, 0xFF, 0xFF, 0xFF, 0xFF, 0xFF, 0xFF, 0xFF, 0xFF, 0xFF, 0xFF,
    0xFF, 0xFF, 0xFF, 0xFF, 0xFF, 0xFF, 0xFF, 0xFF, 0xFF, 0xFF, 0xFF, 0xFF, 0xFF, 0xFF, 0xFF, 0xFF,
    0xFF, 0xFF, 0xFF, 0xFF, 0xFF, 0xFF, 0xFF, 0xFF, 0xFF, 0xFF, 0xFF, 0xFF, 0xFF, 0xFF, 0xFF, 0xFF,
    0xFF, 0xFF, 0xFF, 0xFF, 0xFF, 0xFF, 0xFF, 0xFF, 0xFF, 0xFF, 0xFF, 0xFF, 0xFF, 0xFF, 0xFF, 0xFF,
    0xFF, 0xFF, 0xFF, 0xFF, 0xFF, 0xFF, 0xFF, 0xFF, 0xFF, 0xFF, 0xFF, 0xFF, 0xFF, 0xFF, 0xFF, 0xFF,
    0xFF, 0xFF, 0xFF, 0xFF, 0xFF, 0xFF, 0xFF, 0xFF, 0xFF, 0xFF, 0xFF, 0xFF, 0xFF, 0xFF, 0xFF, 0xFF,
    0xFF, 0xFF, 0xFF, 0xFF, 0x77, 0xA5, 0xB4, 0x8C, 0xFF, 0xFF, 0xFF, 0xFF, 0xFF, 0xFF, 0x57, 0xA5,
    0xB5, 0x8C, 0xFF, 0xFF, 0xFF, 0xFF, 0xFF, 0xFF, 0x77, 0xA5, 0xB4, 0x8C, 0xFF, 0xFF, 0xFF, 0xFF,
    0xFF, 0xFF, 0xFF, 0xFF, 0xFF, 0xFF, 0xFF, 0xFF, 0xFF, 0xFF, 0xFF, 0xFF, 0xFF, 0xFF, 0xFF, 0xFF,
    0xFF, 0xFF, 0xFF, 0xFF, 0xFF, 0xFF, 0xFF, 0xFF, 0xFF, 0xFF, 0xFF, 0xFF, 0xFF, 0xFF, 0xFF, 0xFF,
    0xFF, 0xFF, 0xFF, 0xFF, 0xFF, 0xFF, 0xFF, 0xFF, 0xFF, 0xFF, 0xFF, 0xFF, 0xFF, 0xFF, 0xFF, 0xFF,
    0xFF, 0xFF, 0xFF, 0xFF, 0xFF, 0xFF, 0xFF, 0xFF, 0xFF, 0xFF, 0xFF, 0xFF, 0xFF, 0xFF, 0xFF, 0xFF,
    0xFF, 0xFF, 0xFF, 0xFF, 0xFF, 0xFF, 0xFF, 0xFF, 0x77, 0xA5, 0xB4, 0x8C, 0xFF, 0xFF, 0xFF, 0xFF,
    0x57, 0xA5, 0xB5, 0x8C, 0xFF, 0xFF, 0xFF, 0xFF, 0xFF, 0xFF, 0xFF, 0xFF, 0x36, 0x9D, 0xD5, 0x8C,
    0xFF, 0xFF, 0xFF, 0xFF, 0xFF, 0xFF, 0xFF, 0xFF, 0xFF, 0xFF, 0xFF, 0xFF, 0xFF, 0xFF, 0xFF, 0xFF,
    0xFF, 0xFF, 0xFF, 0xFF, 0xFF, 0xFF, 0xFF, 0xFF, 0xFF, 0xFF, 0xFF, 0xFF, 0xFF, 0xFF, 0xFF, 0xFF,
    0xFF, 0xFF, 0xFF, 0xFF, 0xFF, 0xFF, 0xFF, 0xFF, 0xFF, 0xFF, 0xFF, 0xFF, 0xFF, 0xFF, 0xFF, 0xFF,
    0xFF, 0xFF, 0xFF, 0xFF, 0xFF, 0xFF, 0x3D, 0xE7, 0xB1, 0x63, 0x5D, 0xE7, 0xFF, 0xFF, 0xFF, 0xFF,
    0xFF, 0xFF, 0xFF, 0xFF, 0xFF, 0xFF, 0xFF, 0xFF, 0xFF, 0xFF, 0xFF, 0xFF, 0xFF, 0xFF, 0xFF, 0xFF,
    0xFF, 0xFF, 0xFF, 0xFF, 0xFF, 0xFF, 0xFF, 0xFF, 0xFF, 0xFF, 0xFF, 0xFF, 0xFF, 0xFF, 0xFF, 0xFF,
    0xFF, 0xFF, 0xFF, 0xFF, 0x57, 0xA5, 0xB5, 0x8C, 0xFF, 0xFF, 0xFF, 0xFF, 0xFF, 0xFF, 0xFF, 0xFF,
    0x77, 0xA5, 0xB4, 0x8C, 0xFF, 0xFF, 0xFF, 0xFF, 0xFF, 0xFF, 0xFF, 0xFF, 0xFF, 0xFF, 0xFF, 0xFF,
    0xFF, 0xFF, 0xFF, 0xFF, 0xFF, 0xFF, 0xFF, 0xFF, 0xFF, 0xFF, 0xFF, 0xFF, 0xFF, 0xFF, 0xFF, 0xFF,
    0xFF, 0xFF, 0xFF, 0xFF, 0xFF, 0xFF, 0xFF, 0xFF, 0xFF, 0xFF, 0xFF, 0xFF, 0xFF, 0xFF, 0xFF, 0xFF,
    0xFF, 0xFF, 0xFF, 0xFF, 0xFF, 0xFF, 0xFF, 0xFF, 0xFF, 0xFF, 0xFF, 0xFF, 0xFF, 0xFF, 0xFF, 0xFF,
    0xFF, 0xFF, 0xFF, 0xFF, 0xFF, 0xFF, 0xFF, 0xFF, 0xFF, 0xFF, 0xFF, 0xFF, 0xFF, 0xFF, 0xFF, 0xFF,
    0xFF, 0xFF, 0xFF, 0xFF, 0xFF, 0xFF, 0xFF, 0xFF, 0xFF, 0xFF, 0xFF, 0xFF, 0xFF, 0xFF, 0xFF, 0xFF,
    0xFF, 0xFF, 0xFF, 0xFF, 0xFF, 0xFF, 0xFF, 0xFF, 0xFF, 0xFF, 0xFF, 0xFF, 0xFF, 0xFF, 0xFF, 0xFF,
    0xFF, 0xFF, 0xFF, 0xFF, 0xFF, 0xFF, 0xFF, 0xFF, 0xFF, 0xFF, 0xFF, 0xFF, 0xFF, 0xFF, 0xFF, 0xFF,
    0xFF, 0xFF, 0xFF, 0xFF, 0xFF, 0xFF, 0xFF, 0xFF, 0xFF, 0xFF, 0xFF, 0xFF, 0xFF, 0xFF, 0xFF, 0xFF,
    0xFF, 0xFF, 0xFF, 0xFF, 0xFF, 0xFF, 0xFF, 0xFF, 0xFF, 0xFF, 0xFF, 0xFF, 0xFF, 0xFF, 0xFF, 0xFF,
    0xFF, 0xFF, 0xFF, 0xFF, 0xFF, 0xFF, 0xFF, 0xFF, 0xFF, 0xFF, 0xFF, 0xFF, 0xFF, 0xFF, 0xFF, 0xFF,
    0xFF, 0xFF, 0xFF, 0xFF, 0xFF, 0xFF, 0xFF, 0xFF, 0xFF, 0xFF, 0xFF, 0xFF, 0xFF, 0xFF, 0xFF, 0xFF,
    0xFF, 0xFF, 0xFF, 0xFF, 0xFF, 0xFF, 0xFF, 0xFF, 0xFF, 0xFF, 0xFF, 0xFF, 0xFF, 0xFF, 0xFF, 0xFF,
    0xFF, 0xFF, 0xFF, 0xFF, 0xFF, 0xFF, 0xFF, 0xFF, 0xFF, 0xFF, 0xFF, 0xFF, 0xFF, 0xFF, 0xFF, 0xFF,
    0xFF, 0xFF, 0xFF, 0xFF, 0xFF, 0xFF, 0xFF, 0xFF, 0xFF, 0xFF, 0xFF, 0xFF, 0xFF, 0xFF, 0xFF, 0xFF,
    0xFF, 0xFF, 0xFF, 0xFF, 0xFF, 0xFF, 0xFF, 0xFF, 0xFF, 0xFF, 0xFF, 0xFF, 0xFF, 0xFF, 0xFF, 0xFF,
    0xFF, 0xFF, 0xFF, 0xFF, 0xFF, 0xFF, 0xFF, 0xFF, 0xFF, 0xFF, 0xFF, 0xFF, 0xFF, 0xFF, 0xFF, 0xFF,
    0xFF, 0xFF, 0xFF, 0xFF, 0xFF, 0xFF, 0xFF, 0xFF, 0xFF, 0xFF, 0xFF, 0xFF, 0xFF, 0xFF, 0xFF, 0xFF,
    0xFF, 0xFF, 0xFF, 0xFF, 0xFF, 0xFF, 0xFF, 0xFF, 0xFF, 0xFF, 0xFF, 0xFF, 0xFF, 0xFF, 0xFF, 0xFF,
    0xFF, 0xFF, 0xFF, 0xFF, 0xFF, 0xFF, 0xFF, 0xFF, 0xFF, 0xFF, 0xFF, 0xFF, 0xFF, 0xFF, 0xFF, 0xFF,
    0xFF, 0xFF, 0xFF, 0xFF, 0xFF, 0xFF, 0xFF, 0xFF, 0xFF, 0xFF, 0xFF, 0xFF, 0xFF, 0xFF, 0xFF, 0xFF,
    0xFF, 0xFF, 0xFF, 0xFF, 0xFF, 0xFF, 0xFF, 0xFF, 0xFF, 0xFF, 0x57, 0xA5, 0xB5, 0x8C, 0xFF, 0xFF,
    0xFF, 0xFF, 0xFF, 0xFF, 0xFF, 0xFF, 0xFF, 0xFF, 0xFF, 0xFF, 0xFF, 0xFF, 0xFF, 0xFF, 0xFF, 0xFF,
    0xFF, 0xFF, 0xFF, 0xFF, 0xFF, 0xFF, 0xFF, 0xFF, 0xFF, 0xFF, 0xFF, 0xFF, 0xFF, 0xFF, 0xFF, 0xFF,
    0xFF, 0xFF, 0xFF, 0xFF, 0xFF, 0xFF, 0xB1, 0x6B, 0xB8, 0xAD, 0xFF, 0xFF, 0xFF, 0xFF, 0xFF, 0xFF,
    0xFF, 0xFF, 0xFF, 0xFF, 0xFF, 0xFF, 0xFF, 0xFF, 0xFF, 0xFF, 0xFF, 0xFF, 0xFF, 0xFF, 0xFF, 0xFF,
    0xFF, 0xFF, 0xFF, 0xFF, 0xFF, 0xFF, 0xFF, 0xFF, 0xFF, 0xFF, 0xFF, 0xFF, 0xFF, 0xFF, 0xFF, 0xFF,
    0xFF, 0xFF, 0xFF, 0xFF, 0xFF, 0xFF, 0xFF, 0xFF, 0xFF, 0xFF, 0xFF, 0xFF, 0xFF, 0xFF, 0xFF, 0xFF,
    0xFF, 0xFF, 0xFF, 0xFF, 0xFF, 0xFF, 0xFF, 0xFF, 0xFF, 0xFF, 0xFF, 0xFF, 0xFF, 0xFF, 0xFF, 0xFF,
    0xFF, 0xFF, 0xFF, 0xFF, 0xFF, 0xFF, 0xFF, 0xFF, 0xFF, 0xFF, 0xFF, 0xFF, 0xFF, 0xFF, 0xFF, 0xFF,
    0xFF, 0xFF, 0xFF, 0xFF, 0xFF, 0xFF, 0xFF, 0xFF, 0xFF, 0xFF, 0xFF, 0xFF, 0xFF, 0xFF, 0xFF, 0xFF,
    0xFF, 0xFF, 0xFF, 0xFF, 0xFF, 0xFF, 0x77, 0xA5, 0xB4, 0x8C, 0xFF, 0xFF, 0xFF, 0xFF, 0xFF, 0xFF,
    0xFF, 0xFF, 0xFF, 0xFF, 0xFF, 0xFF, 0xFF, 0xFF, 0xFF, 0xFF, 0xFF, 0xFF, 0xFF, 0xFF, 0xFF, 0xFF,
    0xFF, 0xFF, 0xFF, 0xFF, 0xFF, 0xFF, 0xFF, 0xFF, 0xFF, 0xFF, 0xFF, 0xFF, 0xFF, 0xFF, 0xFF, 0xFF,
    0xFF, 0xFF, 0xFF, 0xFF, 0xFF, 0xFF, 0xFF, 0xFF, 0xFF, 0xFF, 0xFF, 0xFF, 0xFF, 0xFF, 0xFF, 0xFF,
    0xFF, 0xFF, 0xFF, 0xFF, 0x77, 0xA5, 0xB4, 0x8C, 0xFF, 0xFF, 0xFF, 0xFF, 0xFF, 0xFF, 0xFF, 0xFF,
    0xFF, 0xFF, 0xFF, 0xFF, 0xFF, 0xFF, 0xFF, 0xFF, 0xFF, 0xFF, 0xFF, 0xFF, 0xFF, 0xFF, 0xFF, 0xFF,
    0xFF, 0xFF, 0xFF, 0xFF, 0xFF, 0xFF, 0xFF, 0xFF, 0xFF, 0xFF, 0xFF, 0xFF, 0xFF, 0xFF, 0xFF, 0xFF,
    0xFF, 0xFF, 0xFF, 0xFF, 0xFF, 0xFF, 0xFF, 0xFF, 0xFF, 0xFF, 0xFF, 0xFF, 0xFF, 0xFF, 0xFF, 0xFF,
    0xFF, 0xFF, 0xFF, 0xFF, 0xFF, 0xFF, 0xFF, 0xFF, 0xFF, 0xFF, 0xFF, 0xFF, 0xFF, 0xFF, 0xFF, 0xFF,
    0xFF, 0xFF, 0xFF, 0xFF, 0xFF, 0xFF, 0xFF, 0xFF, 0xFF, 0xFF, 0xFF, 0xFF, 0xFF, 0xFF, 0xFF, 0xFF,
    0xFF, 0xFF, 0xFF, 0xFF, 0xFF, 0xFF, 0xFF, 0xFF, 0xFF, 0xFF, 0xFF, 0xFF, 0xFF, 0xFF, 0xFF, 0xFF,
    0xFF, 0xFF, 0xFF, 0xFF, 0xFF, 0xFF, 0xFF, 0xFF, 0xFF, 0xFF, 0xFF, 0xFF, 0xFF, 0xFF, 0xFF, 0xFF,
    0xFF, 0xFF, 0xFF, 0xFF, 0xFF, 0xFF, 0x57, 0xA5, 0xB5, 0x8C, 0xFF, 0xFF, 0xFF, 0xFF, 0xFF, 0xFF,
    0xFF, 0xFF, 0xFF, 0xFF, 0xFF, 0xFF, 0xFF, 0xFF, 0xFF, 0xFF, 0xFF, 0xFF, 0xFF, 0xFF, 0xFF, 0xFF,
    0xFF, 0xFF, 0xFF, 0xFF, 0xFF, 0xFF, 0xFF, 0xFF, 0xFF, 0xFF, 0xFF, 0xFF, 0xFF, 0xFF, 0xFF, 0xFF,
    0xFF, 0xFF, 0xFF, 0xFF, 0xFF, 0xFF, 0xFF, 0xFF, 0xFF, 0xFF, 0xFF, 0xFF, 0xFF, 0xFF, 0xFF, 0xFF,
    0xFF, 0xFF, 0xFF, 0xFF, 0xFF, 0xFF, 0xFF, 0xFF, 0xFF, 0xFF, 0xFF, 0xFF, 0xFF, 0xFF, 0xFF, 0xFF,
    0xFF, 0xFF, 0xFF, 0xFF, 0xFF, 0xFF, 0xFF, 0xFF, 0xFF, 0xFF, 0xFF, 0xFF, 0xFF, 0xFF, 0xFF, 0xFF,
    0xFF, 0xFF, 0xFF, 0xFF, 0xFF, 0xFF, 0xFF, 0xFF, 0x57, 0xA5, 0xB5, 0x8C, 0xFF, 0xFF, 0xFF, 0xFF,
    0xFF, 0xFF, 0xFF, 0xFF, 0x36, 0x9D, 0xD5, 0x8C, 0xFF, 0xFF, 0xFF, 0xFF, 0xFF, 0xFF, 0xFF, 0xFF,
    0xFF, 0xFF, 0xFF, 0xFF, 0xFF, 0xFF, 0xFF, 0xFF, 0xFF, 0xFF, 0xFF, 0xFF, 0xFF, 0xFF, 0xFF, 0xFF,
    0xFF, 0xFF, 0xFF, 0xFF, 0xFF, 0xFF, 0xFF, 0xFF, 0xFF, 0xFF, 0xFF, 0xFF, 0xFF, 0xFF, 0xFF, 0xFF,
    0xFF, 0xFF, 0xFF, 0xFF, 0xFF, 0xFF, 0xFF, 0xFF, 0xFF, 0xFF, 0xFF, 0xFF, 0xFF, 0xFF, 0x3D, 0xE7,
    0xB1, 0x63, 0x5D, 0xE7, 0xFF, 0xFF, 0xFF, 0xFF, 0xFF, 0xFF, 0xFF, 0xFF, 0xFF, 0xFF, 0xFF, 0xFF,
    0xFF, 0xFF, 0xFF, 0xFF, 0xFF, 0xFF, 0xFF, 0xFF, 0xFF, 0xFF, 0xFF, 0xFF, 0xFF, 0xFF, 0xFF, 0xFF,
    0xFF, 0xFF, 0xFF, 0xFF, 0xFF, 0xFF, 0xFF, 0xFF, 0xFF, 0xFF, 0xFF, 0xFF, 0x57, 0xA5, 0xB5, 0x8C,
    0xFF, 0xFF, 0xFF, 0xFF, 0xFF, 0xFF, 0xFF, 0xFF, 0xFF, 0xFF, 0xFF, 0xFF, 0xFF, 0xFF, 0xFF, 0xFF,
    0xFF, 0xFF, 0xFF, 0xFF, 0xFF, 0xFF, 0xFF, 0xFF, 0xFF, 0xFF, 0xFF, 0xFF, 0xFF, 0xFF, 0xFF, 0xFF,
    0xFF, 0xFF, 0xFF, 0xFF, 0xFF, 0xFF, 0xFF, 0xFF, 0xFF, 0xFF, 0xFF, 0xFF, 0xFF, 0xFF, 0xFF, 0xFF,
    0xFF, 0xFF, 0xFF, 0xFF, 0xFF, 0xFF, 0xFF, 0xFF, 0xFF, 0xFF, 0xFF, 0xFF, 0xFF, 0xFF, 0xFF, 0xFF,
    0xFF, 0xFF, 0xFF, 0xFF, 0xFF, 0xFF, 0xFF, 0xFF, 0xFF, 0xFF, 0xFF, 0xFF, 0xFF, 0xFF, 0xFF, 0xFF,
    0xFF, 0xFF, 0xFF, 0xFF, 0xFF, 0xFF, 0xFF, 0xFF, 0xFF, 0xFF, 0xFF, 0xFF, 0xFF, 0xFF, 0xFF, 0xFF,
    0xFF, 0xFF, 0xFF, 0xFF, 0xFF, 0xFF, 0xFF, 0xFF, 0xFF, 0xFF, 0xFF, 0xFF, 0xFF, 0xFF, 0xFF, 0xFF,
    0xFF, 0xFF, 0xFF, 0xFF, 0xFF, 0xFF, 0xFF, 0xFF, 0xFF, 0xFF, 0xFF, 0xFF, 0xFF, 0xFF, 0xFF, 0xFF,
    0xFF, 0xFF, 0xFF, 0xFF, 0xFF, 0xFF, 0xFF, 0xFF, 0xFF, 0xFF, 0xFF, 0xFF, 0xFF, 0xFF, 0xFF, 0xFF,
    0xFF, 0xFF, 0xFF, 0xFF, 0xFF, 0xFF, 0xFF, 0xFF, 0xFF, 0xFF, 0xFF, 0xFF, 0xFF, 0xFF, 0xFF, 0xFF,
    0xFF, 0xFF, 0xFF, 0xFF, 0xFF, 0xFF, 0xFF, 0xFF, 0xFF, 0xFF, 0xFF, 0xFF, 0xFF, 0xFF, 0xFF, 0xFF,
    0xFF, 0xFF, 0xFF, 0xFF, 0xFF, 0xFF, 0xFF, 0xFF, 0xFF, 0xFF, 0xFF, 0xFF, 0xFF, 0xFF, 0xFF, 0xFF,
    0xFF, 0xFF, 0xFF, 0xFF, 0xFF, 0xFF, 0xFF, 0xFF, 0xFF, 0xFF, 0xFF, 0xFF, 0xFF, 0xFF, 0xFF, 0xFF,
    0xFF, 0xFF, 0xFF, 0xFF, 0xFF, 0xFF, 0xFF, 0xFF, 0xFF, 0xFF, 0xFF, 0xFF, 0xFF, 0xFF, 0xFF, 0xFF,
    0xFF, 0xFF, 0xFF, 0xFF, 0xFF, 0xFF, 0xFF, 0xFF, 0xFF, 0xFF, 0xFF, 0xFF, 0xFF, 0xFF, 0xFF, 0xFF,
    0xFF, 0xFF, 0xFF, 0xFF, 0xFF, 0xFF, 0xFF, 0xFF, 0xFF, 0xFF, 0xFF, 0xFF, 0xFF, 0xFF, 0xFF, 0xFF,
    0xFF, 0xFF, 0xFF, 0xFF, 0xFF, 0xFF, 0xFF, 0xFF, 0xFF, 0xFF, 0xFF, 0xFF, 0xFF, 0xFF, 0xFF, 0xFF,
    0xFF, 0xFF, 0xFF, 0xFF, 0xFF, 0xFF, 0xFF, 0xFF, 0xFF, 0xFF, 0xFF, 0xFF, 0xFF, 0xFF, 0xFF, 0xFF,
    0xFF, 0xFF, 0xFF, 0xFF, 0xFF, 0xFF, 0xFF, 0xFF, 0xFF, 0xFF, 0xFF, 0xFF, 0xFF, 0xFF, 0xFF, 0xFF,
    0xFF, 0xFF, 0xFF, 0xFF, 0xFF, 0xFF, 0xFF, 0xFF, 0xFF, 0xFF, 0xFF, 0xFF, 0xFF, 0xFF, 0xFF, 0xFF,
    0xFF, 0xFF, 0xFF, 0xFF, 0xFF, 0xFF, 0xFF, 0xFF, 0xFF, 0xFF, 0xFF, 0xFF, 0xFF, 0xFF, 0xFF, 0xFF,
    0xFF, 0xFF, 0xFF, 0xFF, 0xFF, 0xFF, 0xFF, 0xFF, 0xFF, 0xFF, 0xFF, 0xFF, 0xFF, 0xFF, 0xFF, 0xFF,
    0xFF, 0xFF, 0x57, 0xA5, 0xB5, 0x8C, 0xFF, 0xFF, 0xFF, 0xFF, 0xFF, 0xFF, 0xFF, 0xFF, 0xFF, 0xFF,
    0xFF, 0xFF, 0xFF, 0xFF, 0xFF, 0xFF, 0xFF, 0xFF, 0xFF, 0xFF, 0xFF, 0xFF, 0xFF, 0xFF, 0xFF, 0xFF,
    0xFF, 0xFF, 0xFF, 0xFF, 0xFF, 0xFF, 0xFF, 0xFF, 0xFF, 0xFF, 0xFF, 0xFF, 0xFF, 0xFF, 0x33, 0x7C,
    0xB4, 0x8C, 0xBF, 0xF7, 0xFF, 0xFF, 0xFF, 0xFF, 0xFF, 0xFF, 0xFF, 0xFF, 0xFF, 0xFF, 0xFF, 0xFF,
    0xFF, 0xFF, 0x9B, 0xCE, 0x94, 0x84, 0xD1, 0x6B, 0xF2, 0x73, 0x77, 0xA5, 0xDF, 0xFF, 0xFF, 0xFF,
    0xFF, 0xFF, 0xFF, 0xFF, 0xFF, 0xFF, 0x9B, 0xCE, 0x94, 0x84, 0xD1, 0x6B, 0x33, 0x74, 0xB8, 0xAD,
    0xDF, 0xFF, 0xFF, 0xFF, 0xD5, 0x8C, 0x56, 0x9D, 0xFF, 0xFF, 0xFF, 0xFF, 0xFF, 0xFF, 0x1C, 0xDF,
    0xB1, 0x63, 0x5D, 0xEF, 0xFF, 0xFF, 0x36, 0x9D, 0xB5, 0x8C, 0xB8, 0xAD, 0x12, 0x74, 0xB1, 0x63,
    0x3D, 0xE7, 0xFF, 0xFF, 0x9B, 0xCE, 0x94, 0x84, 0xD1, 0x6B, 0xF2, 0x73, 0x77, 0xA5, 0xDF, 0xFF,
    0xFF, 0xFF, 0xFF, 0xFF, 0xFF, 0xFF, 0xFF, 0xFF, 0xFF, 0xFF, 0xFF, 0xFF, 0xFF, 0xFF, 0x77, 0xA5,
    0xB4, 0x8C, 0xFF, 0xFF, 0xFF, 0xFF, 0xFF, 0xFF, 0x19, 0xBE, 0x53, 0x7C, 0xB1, 0x63, 0x12, 0x74,
    0x97, 0xAD, 0xDF, 0xFF, 0xFF, 0xFF, 0xFF, 0xFF, 0xFF, 0xFF, 0x9B, 0xCE, 0x94, 0x84, 0xD1, 0x6B,
    0x33, 0x74, 0xB8, 0xAD, 0xDF, 0xFF, 0xFF, 0xFF, 0xFF, 0xFF, 0xD8, 0xB5, 0xB1, 0x63, 0xB1, 0x63,
    0xD1, 0x6B, 0x53, 0x7C, 0x3A, 0xC6, 0xFF, 0xFF, 0xFF, 0xFF, 0xFF, 0xFF, 0x77, 0xA5, 0xB4, 0x8C,
    0xFF, 0xFF, 0xFF, 0xFF, 0xFF, 0xFF, 0xFF, 0xFF, 0xFF, 0xFF, 0xFF, 0xFF, 0xFF, 0xFF, 0x36, 0x9D,
    0xB5, 0x8C, 0xB8, 0xAD, 0x12, 0x74, 0xB1, 0x63, 0x3D, 0xE7, 0xFF, 0xFF, 0x9B, 0xCE, 0x94, 0x84,
    0xD1, 0x6B, 0xF2, 0x73, 0x77, 0xA5, 0xDF, 0xFF, 0xFF, 0xFF, 0xFF, 0xFF, 0xFF, 0xFF, 0x9B, 0xCE,
    0x94, 0x84, 0xD1, 0x6B, 0x33, 0x74, 0xB8, 0xAD, 0xDF, 0xFF, 0xFF, 0xFF, 0xFF, 0xFF, 0x19, 0xBE,
    0x53, 0x7C, 0xB1, 0x63, 0x12, 0x74, 0x97, 0xAD, 0xDF, 0xFF, 0xFF, 0xFF, 0xFF, 0xFF, 0xFF, 0xFF,
    0xB8, 0xAD, 0x12, 0x74, 0xB1, 0x6B, 0x94, 0x84, 0x39, 0xBE, 0xB1, 0x63, 0x5D, 0xE7, 0xFF, 0xFF,
    0xFF, 0xFF, 0x36, 0x9D, 0xB5, 0x8C, 0xD8, 0xB5, 0x53, 0x7C, 0xD2, 0x6B, 0x94, 0x84, 0x1C, 0xDF,
    0xFF, 0xFF, 0xFF, 0xFF, 0x77, 0xA5, 0xB4, 0x8C, 0xFF, 0xFF, 0xFF, 0xFF, 0x77, 0xA5, 0xB1, 0x63,
    0xB1, 0x63, 0xB1, 0x63, 0xB1, 0x63, 0xB8, 0xAD, 0x77, 0xA5, 0xB4, 0x8C, 0xFF, 0xFF, 0xFF, 0xFF,
    0xFF, 0xFF, 0xFF, 0xFF, 0x19, 0xBE, 0x53, 0x7C, 0xB1, 0x63, 0x12, 0x74, 0x97, 0xAD, 0xDF, 0xFF,
    0xFF, 0xFF, 0xFF, 0xFF, 0x36, 0x9D, 0xB5, 0x8C, 0xD8, 0xB5, 0x53, 0x7C, 0xD2, 0x6B, 0x94, 0x84,
    0x1C, 0xDF, 0xFF, 0xFF, 0xFF, 0xFF, 0xFF, 0xFF, 0xFF, 0xFF, 0xFF, 0xFF, 0xFF, 0xFF, 0xFC, 0xDE,
    0xB1, 0x63, 0x7E, 0xEF, 0xFF, 0xFF, 0xFF, 0xFF, 0x94, 0x84, 0xB1, 0x63, 0xBE, 0xF7, 0xFF, 0xFF,
    0xFF, 0xFF, 0x53, 0x7C, 0xD8, 0xB5, 0xFF, 0xFF, 0x77, 0xA5, 0xB4, 0x8C, 0xFF, 0xFF, 0x77, 0xA5,
    0xB1, 0x63, 0xB1, 0x63, 0xB1, 0x63, 0xB1, 0x63, 0xB8, 0xAD, 0xFF, 0xFF, 0x36, 0x9D, 0xB5, 0x8C,
    0xD8, 0xB5, 0x53, 0x7C, 0xD2, 0x6B, 0x94, 0x84, 0x1C, 0xDF, 0xFF, 0xFF, 0xFF, 0xFF, 0xFF, 0xFF,
    0xFF, 0xFF, 0xFF, 0xFF, 0xFF, 0xFF, 0xFF, 0xFF, 0xFF, 0xFF, 0xD8, 0xB5, 0xB1, 0x63, 0xB1, 0x63,
    0xD1, 0x6B, 0x53, 0x7C, 0x3A, 0xC6, 0xFF, 0xFF, 0xFF, 0xFF, 0xFF, 0xFF, 0xFF, 0xFF, 0xD8, 0xB5,
    0x12, 0x74, 0xB1, 0x6B, 0x94, 0x84, 0x39, 0xBE, 0xB1, 0x63, 0x5D, 0xE7, 0xFF, 0xFF, 0xD8, 0xB5,
    0xB1, 0x63, 0xB1, 0x63, 0xD1, 0x6B, 0x53, 0x7C, 0x3A, 0xC6, 0xFF, 0xFF, 0xFF, 0xFF, 0xFF, 0xFF,
    0x36, 0x9D, 0xB5, 0x8C, 0xB8, 0xAD, 0x33, 0x7C, 0xD1, 0x6B, 0xB4, 0x84, 0x3D, 0xE7, 0xFF, 0xFF,
    0xFF, 0xFF, 0x77, 0xA5, 0xB1, 0x63, 0xB1, 0x63, 0xB1, 0x63, 0xB1, 0x63, 0xB8, 0xAD, 0xFF, 0xFF,
    0x77, 0xA5, 0xB4, 0x8C, 0xFF, 0xFF, 0x7A, 0xC6, 0xB1, 0x63, 0xBE, 0xF7, 0xFF, 0xFF, 0xFF, 0xFF,
    0xFF, 0xFF, 0x3D, 0xE7, 0xB1, 0x63, 0xFC, 0xDE, 0xFF, 0xFF, 0xFF, 0xFF, 0x9B, 0xCE, 0x94, 0x84,
    0xD1, 0x6B, 0xF2, 0x73, 0x77, 0xA5, 0xDF, 0xFF, 0xFF, 0xFF, 0xFF, 0xFF, 0xFF, 0xFF, 0xFF, 0xFF,
    0xFF, 0xFF, 0xFF, 0xFF, 0xFF, 0xFF, 0x36, 0x9D, 0xB5, 0x8C, 0xB8, 0xAD, 0x33, 0x7C, 0xD1, 0x6B,
    0xB4, 0x84, 0x3D, 0xE7, 0xFF, 0xFF, 0xFF, 0xFF, 0xFF, 0xFF, 0x19, 0xBE, 0x53, 0x7C, 0xB1, 0x63,
    0x12, 0x74, 0x97, 0xAD, 0xDF, 0xFF, 0xFF, 0xFF, 0xFF, 0xFF, 0xFC, 0xDE, 0xB1, 0x63, 0x7E, 0xEF,
    0xFF, 0xFF, 0xFF, 0xFF, 0x94, 0x84, 0xB1, 0x63, 0xBE, 0xF7, 0xFF, 0xFF, 0xFF, 0xFF, 0x53, 0x7C,
    0xD8, 0xB5, 0xFF, 0xFF, 0xFF, 0xFF, 0x9B, 0xCE, 0x94, 0x84, 0xD1, 0x6B, 0xF2, 0x73, 0x77, 0xA5,
    0xDF, 0xFF, 0xFF, 0xFF, 0xFF, 0xFF, 0x36, 0x9D, 0xB5, 0x8C, 0xB8, 0xAD, 0x12, 0x74, 0xB1, 0x63,
    0x3D, 0xE7, 0xFF, 0xFF, 0xFF, 0xFF, 0xFF, 0xFF, 0xFF, 0xFF, 0xFF, 0xFF, 0x36, 0x9D, 0xB5, 0x8C,
    0x97, 0xA5, 0x53, 0x7C, 0xD1, 0x6B, 0x94, 0x84, 0x3D, 0xE7, 0x7A, 0xCE, 0x53, 0x7C, 0xD1, 0x6B,
    0x53, 0x7C, 0xBB, 0xD6, 0xFF, 0xFF, 0xFF, 0xFF, 0xFF, 0xFF, 0xD8, 0xB5, 0xB1, 0x63, 0xB1, 0x63,
    0xD1, 0x6B, 0x53, 0x7C, 0x3A, 0xC6, 0xFF, 0xFF, 0xFF, 0xFF, 0xFF, 0xFF, 0x36, 0x9D, 0xB5, 0x8C,
    0xD8, 0xB5, 0x53, 0x7C, 0xD2, 0x6B, 0x94, 0x84, 0x1C, 0xDF, 0xFF, 0xFF, 0xFF, 0xFF, 0xD8, 0xB5,
    0xB1, 0x63, 0xB1, 0x63, 0xD1, 0x6B, 0x53, 0x7C, 0x3A, 0xC6, 0xFF, 0xFF, 0xFF, 0xFF, 0xFF, 0xFF,
    0xFF, 0xFF, 0xFF, 0xFF, 0xB8, 0xAD, 0x12, 0x74, 0xB1, 0x6B, 0x94, 0x84, 0x39, 0xBE, 0xB1, 0x63,
    0x5D, 0xE7, 0xFF, 0xFF, 0xFF, 0xFF, 0x9B, 0xCE, 0x94, 0x84, 0xD1, 0x6B, 0xF2, 0x73, 0x77, 0xA5,
    0xDF, 0xFF, 0xFF, 0xFF, 0xFF, 0xFF, 0x36, 0x9D, 0xB5, 0x8C, 0x97, 0xA5, 0x53, 0x7C, 0xD1, 0x6B,
    0x94, 0x84, 0x3D, 0xE7, 0x7A, 0xCE, 0x53, 0x7C, 0xD1, 0x6B, 0x53, 0x7C, 0xBB, 0xD6, 0xFF, 0xFF,
    0xFF, 0xFF, 0xFF, 0xFF, 0xFF, 0xFF, 0x9B, 0xCE, 0x94, 0x84, 0xD1, 0x6B, 0xF2, 0x73, 0x77, 0xA5,
    0xDF, 0xFF, 0xFF, 0xFF, 0xFF, 0xFF, 0x36, 0x9D, 0xB5, 0x8C, 0xD8, 0xB5, 0x53, 0x7C, 0xD2, 0x6B,
    0x94, 0x84, 0x1C, 0xDF, 0xFF, 0xFF, 0xFF, 0xFF, 0x77, 0xA5, 0xB1, 0x63, 0xB1, 0x63, 0xB1, 0x63,
    0xB1, 0x63, 0xB8, 0xAD, 0xFF, 0xFF, 0xFF, 0xFF, 0xFF, 0xFF, 0xFF, 0xFF, 0xFF, 0xFF, 0xFF, 0xFF,
    0xFF, 0xFF, 0xFF, 0xFF, 0xFF, 0xFF, 0xFF, 0xFF, 0xFF, 0xFF, 0xFF, 0xFF, 0xFF, 0xFF, 0xFF, 0xFF,
    0xFF, 0xFF, 0xFF, 0xFF, 0xFF, 0xFF, 0xDB, 0xD6, 0x12, 0x74, 0xD1, 0x6B, 0xB4, 0x8C, 0x97, 0xAD,
    0xFC, 0xDE, 0xFF, 0xFF, 0xFF, 0xFF, 0xFF, 0xFF, 0x5A, 0xC6, 0xB1, 0x63, 0xF9, 0xB5, 0xBE, 0xF7,
    0x5D, 0xE7, 0x74, 0x84, 0x56, 0x9D, 0xFF, 0xFF, 0xFF, 0xFF, 0xFF, 0xFF, 0x3A, 0xC6, 0xB1, 0x63,
    0x19, 0xBE, 0x9E, 0xF7, 0x9E, 0xEF, 0xF9, 0xB5, 0xDB, 0xD6, 0xFF, 0xFF, 0xD5, 0x8C, 0x56, 0x9D,
    0xFF, 0xFF, 0xFF, 0xFF, 0xFF, 0xFF, 0x1C, 0xDF, 0xB1, 0x63, 0x5D, 0xEF, 0xFF, 0xFF, 0x36, 0x9D,
    0xB1, 0x63, 0x57, 0xA5, 0x9E, 0xEF, 0xFF, 0xFF, 0xFF, 0xFF, 0x5A, 0xC6, 0xB1, 0x63, 0xF9, 0xB5,
    0xBE, 0xF7, 0x5D, 0xE7, 0x74, 0x84, 0x56, 0x9D, 0xFF, 0xFF, 0xFF, 0xFF, 0xFF, 0xFF, 0xFF, 0xFF,
    0xFF, 0xFF, 0xFF, 0xFF, 0xFF, 0xFF, 0x77, 0xA5, 0xB4, 0x8C, 0xFF, 0xFF, 0xFF, 0xFF, 0x19, 0xBE,
    0xD1, 0x6B, 0x7A, 0xCE, 0xDF, 0xF7, 0xFC, 0xDE, 0x12, 0x74, 0x57, 0xA5, 0xFF, 0xFF, 0xFF, 0xFF,
    0x3A, 0xC6, 0xB1, 0x63, 0x19, 0xBE, 0x9E, 0xF7, 0x9E, 0xEF, 0xF9, 0xB5, 0xDB, 0xD6, 0xFF, 0xFF,
    0xFF, 0xFF, 0xFF, 0xFF, 0xFF, 0xFF, 0xFF, 0xFF, 0xDF, 0xFF, 0xBB, 0xD6, 0xD2, 0x6B, 0x9B, 0xCE,
    0xFF, 0xFF, 0xFF, 0xFF, 0x77, 0xA5, 0xB4, 0x8C, 0xFF, 0xFF, 0xFF, 0xFF, 0xFF, 0xFF, 0xFF, 0xFF,
    0xFF, 0xFF, 0xFF, 0xFF, 0xFF, 0xFF, 0x36, 0x9D, 0xB1, 0x63, 0x57, 0xA5, 0x9E, 0xEF, 0xFF, 0xFF,
    0xFF, 0xFF, 0x5A, 0xC6, 0xB1, 0x63, 0xF9, 0xB5, 0xBE, 0xF7, 0x5D, 0xE7, 0x74, 0x84, 0x56, 0x9D,
    0xFF, 0xFF, 0xFF, 0xFF, 0x3A, 0xC6, 0xB1, 0x63, 0x19, 0xBE, 0x9E, 0xF7, 0x9E, 0xEF, 0xF9, 0xB5,
    0xDB, 0xD6, 0xFF, 0xFF, 0x19, 0xBE, 0xD1, 0x6B, 0x7A, 0xCE, 0xDF, 0xF7, 0xFC, 0xDE, 0x12, 0x74,
    0x57, 0xA5, 0xFF, 0xFF, 0xFF, 0xFF, 0xF9, 0xB5, 0xF2, 0x6B, 0xBB, 0xD6, 0xDF, 0xF7, 0xBB, 0xD6,
    0xF2, 0x6B, 0xB1, 0x63, 0x5D, 0xE7, 0xFF, 0xFF, 0xFF, 0xFF, 0x36, 0x9D, 0xB1, 0x63, 0x77, 0xA5,
    0x9E, 0xF7, 0xBE, 0xF7, 0x16, 0x9D, 0x13, 0x74, 0xFF, 0xFF, 0xFF, 0xFF, 0x77, 0xA5, 0xB4, 0x8C,
    0xFF, 0xFF, 0xFF, 0xFF, 0xFF, 0xFF, 0x57, 0xA5, 0xB5, 0x8C, 0xFF, 0xFF, 0xFF, 0xFF, 0xFF, 0xFF,
    0x77, 0xA5, 0xB4, 0x8C, 0xFF, 0xFF, 0xFF, 0xFF, 0xFF, 0xFF, 0x19, 0xBE, 0xD1, 0x6B, 0x7A, 0xCE,
    0xDF, 0xF7, 0xFC, 0xDE, 0x12, 0x74, 0x57, 0xA5, 0xFF, 0xFF, 0xFF, 0xFF, 0x36, 0x9D, 0xB1, 0x63,
    0x77, 0xA5, 0x9E, 0xF7, 0xBE, 0xF7, 0x16, 0x9D, 0x13, 0x74, 0xFF, 0xFF, 0xFF, 0xFF, 0xFF, 0xFF,
    0xFF, 0xFF, 0xFF, 0xFF, 0xFF, 0xFF, 0xFF, 0xFF, 0xD2, 0x6B, 0x5A, 0xC6, 0xFF, 0xFF, 0xBE, 0xF7,
    0xB1, 0x63, 0xF2, 0x73, 0x9B, 0xCE, 0xFF, 0xFF, 0x9E, 0xEF, 0xB1, 0x63, 0xFC, 0xDE, 0xFF, 0xFF,
    0x77, 0xA5, 0xB4, 0x8C, 0xFF, 0xFF, 0xFF, 0xFF, 0x57, 0xA5, 0xB5, 0x8C, 0xFF, 0xFF, 0xFF, 0xFF,
    0xFF, 0xFF, 0xFF, 0xFF, 0x36, 0x9D, 0xB1, 0x63, 0x77, 0xA5, 0x9E, 0xF7, 0xBE, 0xF7, 0x16, 0x9D,
    0x13, 0x74, 0xFF, 0xFF, 0xFF, 0xFF, 0xFF, 0xFF, 0xFF, 0xFF, 0xFF, 0xFF, 0xFF, 0xFF, 0xFF, 0xFF,
    0xFF, 0xFF, 0xFF, 0xFF, 0xFF, 0xFF, 0xFF, 0xFF, 0xDF, 0xFF, 0xBB, 0xD6, 0xD2, 0x6B, 0x9B, 0xCE,
    0xFF, 0xFF, 0xFF, 0xFF, 0x19, 0xBE, 0xF2, 0x6B, 0xBB, 0xD6, 0xDF, 0xF7, 0xBB, 0xD6, 0xF2, 0x6B,
    0xB1, 0x63, 0x5D, 0xE7, 0xFF, 0xFF, 0xFF, 0xFF, 0xFF, 0xFF, 0xFF, 0xFF, 0xDF, 0xFF, 0xBB, 0xD6,
    0xD2, 0x6B, 0x9B, 0xCE, 0xFF, 0xFF, 0xFF, 0xFF, 0x36, 0x9D, 0xB1, 0x63, 0x16, 0x9D, 0x9E, 0xEF,
    0x9E, 0xEF, 0x16, 0x9D, 0xF2, 0x73, 0xBF, 0xF7, 0xFF, 0xFF, 0xFF, 0xFF, 0x57, 0xA5, 0xB5, 0x8C,
    0xFF, 0xFF, 0xFF, 0xFF, 0xFF, 0xFF, 0xFF, 0xFF, 0x77, 0xA5, 0xB4, 0x8C, 0xFF, 0xFF, 0xDF, 0xFF,
    0xF2, 0x6B, 0x19, 0xBE, 0xFF, 0xFF, 0xFF, 0xFF, 0xFF, 0xFF, 0x77, 0xA5, 0x53, 0x7C, 0xFF, 0xFF,
    0xFF, 0xFF, 0x5A, 0xC6, 0xB1, 0x63, 0xF9, 0xB5, 0xBE, 0xF7, 0x5D, 0xE7, 0x74, 0x84, 0x56, 0x9D,
    0xFF, 0xFF, 0xFF, 0xFF, 0xFF, 0xFF, 0xFF, 0xFF, 0xFF, 0xFF, 0xFF, 0xFF, 0xFF, 0xFF, 0x36, 0x9D,
    0xB1, 0x63, 0x16, 0x9D, 0x9E, 0xEF, 0x9E, 0xEF, 0x16, 0x9D, 0xF2, 0x73, 0xBF, 0xF7, 0xFF, 0xFF,
    0x19, 0xBE, 0xD1, 0x6B, 0x7A, 0xCE, 0xDF, 0xF7, 0xFC, 0xDE, 0x12, 0x74, 0x57, 0xA5, 0xFF, 0xFF,
    0xFF, 0xFF, 0xFF, 0xFF, 0xD2, 0x6B, 0x5A, 0xC6, 0xFF, 0xFF, 0xBE, 0xF7, 0xB1, 0x63, 0xF2, 0x73,
    0x9B, 0xCE, 0xFF, 0xFF, 0x9E, 0xEF, 0xB1, 0x63, 0xFC, 0xDE, 0xFF, 0xFF, 0x5A, 0xC6, 0xB1, 0x63,
    0xF9, 0xB5, 0xBE, 0xF7, 0x5D, 0xE7, 0x74, 0x84, 0x56, 0x9D, 0xFF, 0xFF, 0xFF, 0xFF, 0x36, 0x9D,
    0xB1, 0x63, 0x57, 0xA5, 0x9E, 0xEF, 0xFF, 0xFF, 0xFF, 0xFF, 0xFF, 0xFF, 0xFF, 0xFF, 0xFF, 0xFF,
    0xFF, 0xFF, 0xFF, 0xFF, 0x36, 0x9D, 0xB1, 0x63, 0x97, 0xAD, 0xBE, 0xF7, 0x9E, 0xEF, 0x94, 0x84,
    0xF2, 0x6B, 0x94, 0x84, 0x5D, 0xE7, 0xDF, 0xFF, 0x98, 0xAD, 0xD2, 0x6B, 0xBE, 0xF7, 0xFF, 0xFF,
    0xFF, 0xFF, 0xFF, 0xFF, 0xFF, 0xFF, 0xFF, 0xFF, 0xDF, 0xFF, 0xBB, 0xD6, 0xD2, 0x6B, 0x9B, 0xCE,
    0xFF, 0xFF, 0xFF, 0xFF, 0x36, 0x9D, 0xB1, 0x63, 0x77, 0xA5, 0x9E, 0xF7, 0xBE, 0xF7, 0x16, 0x9D,
    0x13, 0x74, 0xFF, 0xFF, 0xFF, 0xFF, 0xFF, 0xFF, 0xFF, 0xFF, 0xFF, 0xFF, 0xDF, 0xFF, 0xBB, 0xD6,
    0xD2, 0x6B, 0x9B, 0xCE, 0xFF, 0xFF, 0xFF, 0xFF, 0xFF, 0xFF, 0xF9, 0xB5, 0xF2, 0x6B, 0xBB, 0xD6,
    0xDF, 0xF7, 0xBB, 0xD6, 0xF2, 0x6B, 0xB1, 0x63, 0x5D, 0xE7, 0xFF, 0xFF, 0x5A, 0xC6, 0xB1, 0x63,
    0xF9, 0xB5, 0xBE, 0xF7, 0x5D, 0xE7, 0x74, 0x84, 0x56, 0x9D, 0xFF, 0xFF, 0xFF, 0xFF, 0x36, 0x9D,
    0xB1, 0x63, 0x97, 0xAD, 0xBE, 0xF7, 0x9E, 0xEF, 0x94, 0x84, 0xF2, 0x6B, 0x94, 0x84, 0x5D, 0xE7,
    0xDF, 0xFF, 0x98, 0xAD, 0xD2, 0x6B, 0xBE, 0xF7, 0xFF, 0xFF, 0xFF, 0xFF, 0x5A, 0xC6, 0xB1, 0x63,
    0xF9, 0xB5, 0xBE, 0xF7, 0x5D, 0xE7, 0x74, 0x84, 0x56, 0x9D, 0xFF, 0xFF, 0xFF, 0xFF, 0x36, 0x9D,
    0xB1, 0x63, 0x77, 0xA5, 0x9E, 0xF7, 0xBE, 0xF7, 0x16, 0x9D, 0x13, 0x74, 0xFF, 0xFF, 0xFF, 0xFF,
    0xFF, 0xFF, 0x57, 0xA5, 0xB5, 0x8C, 0xFF, 0xFF, 0xFF, 0xFF, 0xFF, 0xFF, 0xFF, 0xFF, 0xFF, 0xFF,
    0xFF, 0xFF, 0xFF, 0xFF, 0xFF, 0xFF, 0xFF, 0xFF, 0xFF, 0xFF, 0xFF, 0xFF, 0xFF, 0xFF, 0xFF, 0xFF,
    0xFF, 0xFF, 0xFF, 0xFF, 0xFF, 0xFF, 0xFF, 0xFF, 0xFF, 0xFF, 0xFF, 0xFF, 0xFF, 0xFF, 0xFF, 0xFF,
    0xDF, 0xFF, 0xBB, 0xD6, 0xB8, 0xAD, 0xB4, 0x8C, 0xB1, 0x63, 0xF5, 0x94, 0xFF, 0xFF, 0xFF, 0xFF,
    0x12, 0x74, 0x16, 0x95, 0xFF, 0xFF, 0xFF, 0xFF, 0xFF, 0xFF, 0x1C, 0xDF, 0xB1, 0x63, 0x7E, 0xEF,
    0xFF, 0xFF, 0xFF, 0xFF, 0xF2, 0x73, 0x77, 0xA5, 0xFF, 0xFF, 0xFF, 0xFF, 0xFF, 0xFF, 0xFF, 0xFF,
    0xFF, 0xFF, 0xFF, 0xFF, 0xD5, 0x8C, 0x56, 0x9D, 0xFF, 0xFF, 0xFF, 0xFF, 0xFF, 0xFF, 0x1C, 0xDF,
    0xB1, 0x63, 0x5D, 0xEF, 0xFF, 0xFF, 0x36, 0x9D, 0x12, 0x74, 0xFF, 0xFF, 0xFF, 0xFF, 0xFF, 0xFF,
    0xFF, 0xFF, 0x12, 0x74, 0x16, 0x95, 0xFF, 0xFF, 0xFF, 0xFF, 0xFF, 0xFF, 0x1C, 0xDF, 0xB1, 0x63,
    0x7E, 0xEF, 0xFF, 0xFF, 0xFF, 0xFF, 0xFF, 0xFF, 0xFF, 0xFF, 0xFF, 0xFF, 0xFF, 0xFF, 0x77, 0xA5,
    0xB4, 0x8C, 0xFF, 0xFF, 0xFF, 0xFF, 0xF2, 0x73, 0x98, 0xAD, 0xFF, 0xFF, 0xFF, 0xFF, 0xFF, 0xFF,
    0x5A, 0xC6, 0xB1, 0x63, 0x7E, 0xEF, 0xFF, 0xFF, 0xF2, 0x73, 0x77, 0xA5, 0xFF, 0xFF, 0xFF, 0xFF,
    0xFF, 0xFF, 0xFF, 0xFF, 0xFF, 0xFF, 0xFF, 0xFF, 0xFF, 0xFF, 0xFF, 0xFF, 0xFF, 0xFF, 0xFF, 0xFF,
    0xFF, 0xFF, 0xFF, 0xFF, 0x77, 0xA5, 0xF5, 0x94, 0xFF, 0xFF, 0xFF, 0xFF, 0x77, 0xA5, 0xB4, 0x8C,
    0xFF, 0xFF, 0xFF, 0xFF, 0xFF, 0xFF, 0xFF, 0xFF, 0xFF, 0xFF, 0xFF, 0xFF, 0xFF, 0xFF, 0x36, 0x9D,
    0x12, 0x74, 0xFF, 0xFF, 0xFF, 0xFF, 0xFF, 0xFF, 0xFF, 0xFF, 0x12, 0x74, 0x16, 0x95, 0xFF, 0xFF,
    0xFF, 0xFF, 0xFF, 0xFF, 0x1C, 0xDF, 0xB1, 0x63, 0x7E, 0xEF, 0xFF, 0xFF, 0xF2, 0x73, 0x77, 0xA5,
    0xFF, 0xFF, 0xFF, 0xFF, 0xFF, 0xFF, 0xFF, 0xFF, 0xFF, 0xFF, 0xFF, 0xFF, 0xF2, 0x73, 0x98, 0xAD,
    0xFF, 0xFF, 0xFF, 0xFF, 0xFF, 0xFF, 0x5A, 0xC6, 0xB1, 0x63, 0x7E, 0xEF, 0xFF, 0xFF, 0xF2, 0x6B,
    0xD8, 0xB5, 0xFF, 0xFF, 0xFF, 0xFF, 0xFF, 0xFF, 0xF9, 0xB5, 0xB1, 0x63, 0x5D, 0xE7, 0xFF, 0xFF,
    0xFF, 0xFF, 0x36, 0x9D, 0x33, 0x74, 0xFF, 0xFF, 0xFF, 0xFF, 0xFF, 0xFF, 0x3D, 0xE7, 0xB1, 0x63,
    0x5D, 0xE7, 0xFF, 0xFF, 0x77, 0xA5, 0xB4, 0x8C, 0xFF, 0xFF, 0xFF, 0xFF, 0xFF, 0xFF, 0x57, 0xA5,
    0xB5, 0x8C, 0xFF, 0xFF, 0xFF, 0xFF, 0xFF, 0xFF, 0x77, 0xA5, 0xB4, 0x8C, 0xFF, 0xFF, 0xFF, 0xFF,
    0xFF, 0xFF, 0xF2, 0x73, 0x98, 0xAD, 0xFF, 0xFF, 0xFF, 0xFF, 0xFF, 0xFF, 0x5A, 0xC6, 0xB1, 0x63,
    0x7E, 0xEF, 0xFF, 0xFF, 0x36, 0x9D, 0x33, 0x74, 0xFF, 0xFF, 0xFF, 0xFF, 0xFF, 0xFF, 0x3D, 0xE7,
    0xB1, 0x63, 0x5D, 0xE7, 0xFF, 0xFF, 0xFF, 0xFF, 0xFF, 0xFF, 0xFF, 0xFF, 0xFF, 0xFF, 0xFF, 0xFF,
    0xF5, 0x94, 0x36, 0x9D, 0xFF, 0xFF, 0x9B, 0xCE, 0x53, 0x7C, 0x77, 0xA5, 0x77, 0xA5, 0xFF, 0xFF,
    0x5A, 0xC6, 0xD2, 0x6B, 0xFF, 0xFF, 0xFF, 0xFF, 0x77, 0xA5, 0xB4, 0x8C, 0xFF, 0xFF, 0xFF, 0xFF,
    0x57, 0xA5, 0xB5, 0x8C, 0xFF, 0xFF, 0xFF, 0xFF, 0xFF, 0xFF, 0xFF, 0xFF, 0x36, 0x9D, 0x33, 0x74,
    0xFF, 0xFF, 0xFF, 0xFF, 0xFF, 0xFF, 0x3D, 0xE7, 0xB1, 0x63, 0x5D, 0xE7, 0xFF, 0xFF, 0xFF, 0xFF,
    0xFF, 0xFF, 0xFF, 0xFF, 0xFF, 0xFF, 0xFF, 0xFF, 0xFF, 0xFF, 0xFF, 0xFF, 0xFF, 0xFF, 0xFF, 0xFF,
    0xFF, 0xFF, 0xFF, 0xFF, 0x77, 0xA5, 0xF5, 0x94, 0xFF, 0xFF, 0xFF, 0xFF, 0xF2, 0x73, 0xD8, 0xB5,
    0xFF, 0xFF, 0xFF, 0xFF, 0xFF, 0xFF, 0xF9, 0xB5, 0xB1, 0x63, 0x5D, 0xE7, 0xFF, 0xFF, 0xFF, 0xFF,
    0xFF, 0xFF, 0xFF, 0xFF, 0xFF, 0xFF, 0xFF, 0xFF, 0x77, 0xA5, 0xF5, 0x94, 0xFF, 0xFF, 0xFF, 0xFF,
    0x36, 0x9D, 0xD2, 0x6B, 0xDF, 0xF7, 0xFF, 0xFF, 0xFF, 0xFF, 0xDF, 0xFF, 0xF2, 0x6B, 0x19, 0xBE,
    0xFF, 0xFF, 0xFF, 0xFF, 0x57, 0xA5, 0xB5, 0x8C, 0xFF, 0xFF, 0xFF, 0xFF, 0xFF, 0xFF, 0xFF, 0xFF,
    0x77, 0xA5, 0xB4, 0x8C, 0xFF, 0xFF, 0xFF, 0xFF, 0x77, 0xA5, 0x73, 0x7C, 0xFF, 0xFF, 0xFF, 0xFF,
    0xFF, 0xFF, 0xF2, 0x6B, 0xF9, 0xB5, 0xFF, 0xFF, 0xFF, 0xFF, 0x12, 0x74, 0x16, 0x95, 0xFF, 0xFF,
    0xFF, 0xFF, 0xFF, 0xFF, 0x1C, 0xDF, 0xB1, 0x63, 0x7E, 0xEF, 0xFF, 0xFF, 0xFF, 0xFF, 0xFF, 0xFF,
    0xFF, 0xFF, 0xFF, 0xFF, 0xFF, 0xFF, 0x36, 0x9D, 0xD2, 0x6B, 0xDF, 0xF7, 0xFF, 0xFF, 0xFF, 0xFF,
    0xDF, 0xFF, 0xF2, 0x6B, 0x19, 0xBE, 0xFF, 0xFF, 0xF2, 0x73, 0x98, 0xAD, 0xFF, 0xFF, 0xFF, 0xFF,
    0xFF, 0xFF, 0x5A, 0xC6, 0xB1, 0x63, 0x7E, 0xEF, 0xFF, 0xFF, 0xFF, 0xFF, 0xF5, 0x94, 0x36, 0x9D,
    0xFF, 0xFF, 0x9B, 0xCE, 0x53, 0x7C, 0x77, 0xA5, 0x77, 0xA5, 0xFF, 0xFF, 0x5A, 0xC6, 0xD2, 0x6B,
    0xFF, 0xFF, 0xFF, 0xFF, 0x12, 0x74, 0x16, 0x95, 0xFF, 0xFF, 0xFF, 0xFF, 0xFF, 0xFF, 0x1C, 0xDF,
    0xB1, 0x63, 0x7E, 0xEF, 0xFF, 0xFF, 0x36, 0x9D, 0x12, 0x74, 0xFF, 0xFF, 0xFF, 0xFF, 0xFF, 0xFF,
    0xFF, 0xFF, 0xFF, 0xFF, 0xFF, 0xFF, 0xFF, 0xFF, 0xFF, 0xFF, 0xFF, 0xFF, 0x36, 0x9D, 0x33, 0x7C,
    0xFF, 0xFF, 0xFF, 0xFF, 0xFF, 0xFF, 0x5A, 0xC6, 0xB1, 0x63, 0x3D, 0xE7, 0xFF, 0xFF, 0xFF, 0xFF,
    0xBE, 0xF7, 0xB1, 0x63, 0xDB, 0xD6, 0xFF, 0xFF, 0xFF, 0xFF, 0xFF, 0xFF, 0xFF, 0xFF, 0xFF, 0xFF,
    0xFF, 0xFF, 0xFF, 0xFF, 0x77, 0xA5, 0xF5, 0x94, 0xFF, 0xFF, 0xFF, 0xFF, 0x36, 0x9D, 0x33, 0x74,
    0xFF, 0xFF, 0xFF, 0xFF, 0xFF, 0xFF, 0x3D, 0xE7, 0xB1, 0x63, 0x5D, 0xE7, 0xFF, 0xFF, 0xFF, 0xFF,
    0xFF, 0xFF, 0xFF, 0xFF, 0xFF, 0xFF, 0xFF, 0xFF, 0x77, 0xA5, 0xF5, 0x94, 0xFF, 0xFF, 0xFF, 0xFF,
    0xFF, 0xFF, 0xF2, 0x6B, 0xD8, 0xB5, 0xFF, 0xFF, 0xFF, 0xFF, 0xFF, 0xFF, 0xF9, 0xB5, 0xB1, 0x63,
    0x5D, 0xE7, 0xFF, 0xFF, 0x12, 0x74, 0x16, 0x95, 0xFF, 0xFF, 0xFF, 0xFF, 0xFF, 0xFF, 0x1C, 0xDF,
    0xB1, 0x63, 0x7E, 0xEF, 0xFF, 0xFF, 0x36, 0x9D, 0x33, 0x7C, 0xFF, 0xFF, 0xFF, 0xFF, 0xFF, 0xFF,
    0x5A, 0xC6, 0xB1, 0x63, 0x3D, 0xE7, 0xFF, 0xFF, 0xFF, 0xFF, 0xBE, 0xF7, 0xB1, 0x63, 0xDB, 0xD6,
    0xFF, 0xFF, 0xFF, 0xFF, 0x12, 0x74, 0x16, 0x95, 0xFF, 0xFF, 0xFF, 0xFF, 0xFF, 0xFF, 0x1C, 0xDF,
    0xB1, 0x63, 0x7E, 0xEF, 0xFF, 0xFF, 0x36, 0x9D, 0x33, 0x74, 0xFF, 0xFF, 0xFF, 0xFF, 0xFF, 0xFF,
    0x3D, 0xE7, 0xB1, 0x63, 0x5D, 0xE7, 0xFF, 0xFF, 0xFF, 0xFF, 0x57, 0xA5, 0xB5, 0x8C, 0xFF, 0xFF,
    0xFF, 0xFF, 0xFF, 0xFF, 0xFF, 0xFF, 0xFF, 0xFF, 0xFF, 0xFF, 0xFF, 0xFF, 0xFF, 0xFF, 0xFF, 0xFF,
    0xFF, 0xFF, 0xFF, 0xFF, 0xFF, 0xFF, 0xFF, 0xFF, 0xFF, 0xFF, 0xFF, 0xFF, 0xFF, 0xFF, 0xFF, 0xFF,
    0xFF, 0xFF, 0xFF, 0xFF, 0xFF, 0xFF, 0xFF, 0xFF, 0xFF, 0xFF, 0xFF, 0xFF, 0xFF, 0xFF, 0xFF, 0xFF,
    0x7A, 0xCE, 0xB1, 0x63, 0x39, 0xBE, 0x7E, 0xEF, 0xB1, 0x63, 0x5A, 0xC6, 0xFF, 0xFF, 0xFF, 0xFF,
    0xFF, 0xFF, 0xFF, 0xFF, 0xB1, 0x63, 0x9B, 0xCE, 0xFF, 0xFF, 0x7E, 0xEF, 0xB1, 0x63, 0x9B, 0xCE,
    0xFF, 0xFF, 0xFF, 0xFF, 0xFF, 0xFF, 0xFF, 0xFF, 0xFF, 0xFF, 0xFF, 0xFF, 0xD5, 0x8C, 0x56, 0x9D,
    0xFF, 0xFF, 0xFF, 0xFF, 0xFF, 0xFF, 0x1C, 0xDF, 0xB1, 0x63, 0x5D, 0xEF, 0xFF, 0xFF, 0x36, 0x9D,
    0xB5, 0x8C, 0xFF, 0xFF, 0xFF, 0xFF, 0xFF, 0xFF, 0x7E, 0xEF, 0xB1, 0x63, 0x5A, 0xC6, 0xFF, 0xFF,
    0xFF, 0xFF, 0xFF, 0xFF, 0xFF, 0xFF, 0xB1, 0x63, 0x9B, 0xCE, 0xFF, 0xFF, 0xFF, 0xFF, 0xFF, 0xFF,
    0xFF, 0xFF, 0xFF, 0xFF, 0xFF, 0xFF, 0x77, 0xA5, 0xB4, 0x8C, 0xFF, 0xFF, 0x9E, 0xF7, 0xB1, 0x63,
    0x9B, 0xCE, 0xFF, 0xFF, 0xFF, 0xFF, 0xFF, 0xFF, 0x5D, 0xEF, 0xB1, 0x63, 0xDB, 0xD6, 0x7E, 0xEF,
    0xB1, 0x63, 0x9B, 0xCE, 0xFF, 0xFF, 0xFF, 0xFF, 0xFF, 0xFF, 0xFF, 0xFF, 0xFF, 0xFF, 0xFF, 0xFF,
    0xFF, 0xFF, 0x7E, 0xEF, 0x36, 0x9D, 0x13, 0x74, 0xB1, 0x63, 0xB1, 0x63, 0xB1, 0x63, 0x74, 0x84,
    0xFF, 0xFF, 0xFF, 0xFF, 0x77, 0xA5, 0xB4, 0x8C, 0xFF, 0xFF, 0xFF, 0xFF, 0xFF, 0xFF, 0xFF, 0xFF,
    0xFF, 0xFF, 0xFF, 0xFF, 0xFF, 0xFF, 0x36, 0x9D, 0xB5, 0x8C, 0xFF, 0xFF, 0xFF, 0xFF, 0xFF, 0xFF,
    0x7E, 0xEF, 0xB1, 0x63, 0x5A, 0xC6, 0xFF, 0xFF, 0xFF, 0xFF, 0xFF, 0xFF, 0xFF, 0xFF, 0xB1, 0x63,
    0x9B, 0xCE, 0x7E, 0xEF, 0xB1, 0x63, 0x9B, 0xCE, 0xFF, 0xFF, 0xFF, 0xFF, 0xFF, 0xFF, 0xFF, 0xFF,
    0xFF, 0xFF, 0x9E, 0xF7, 0xB1, 0x63, 0x9B, 0xCE, 0xFF, 0xFF, 0xFF, 0xFF, 0xFF, 0xFF, 0x5D, 0xEF,
    0xB1, 0x63, 0xDB, 0xD6, 0x9E, 0xEF, 0xB1, 0x63, 0xDB, 0xD6, 0xFF, 0xFF, 0xFF, 0xFF, 0xFF, 0xFF,
    0xFC, 0xDE, 0xB1, 0x63, 0x5D, 0xE7, 0xFF, 0xFF, 0xFF, 0xFF, 0x36, 0x9D, 0xD5, 0x8C, 0xFF, 0xFF,
    0xFF, 0xFF, 0xFF, 0xFF, 0x9E, 0xEF, 0xB1, 0x63, 0xFC, 0xDE, 0xFF, 0xFF, 0x77, 0xA5, 0xB4, 0x8C,
    0xFF, 0xFF, 0xFF, 0xFF, 0xFF, 0xFF, 0x57, 0xA5, 0xB5, 0x8C, 0xFF, 0xFF, 0xFF, 0xFF, 0xFF, 0xFF,
    0x77, 0xA5, 0xB4, 0x8C, 0xFF, 0xFF, 0xFF, 0xFF, 0x9E, 0xF7, 0xB1, 0x63, 0x9B, 0xCE, 0xFF, 0xFF,
    0xFF, 0xFF, 0xFF, 0xFF, 0x5D, 0xEF, 0xB1, 0x63, 0xDB, 0xD6, 0xFF, 0xFF, 0x36, 0x9D, 0xD5, 0x8C,
    0xFF, 0xFF, 0xFF, 0xFF, 0xFF, 0xFF, 0x9E, 0xEF, 0xB1, 0x63, 0xFC, 0xDE, 0xFF, 0xFF, 0xFF, 0xFF,
    0xFF, 0xFF, 0xFF, 0xFF, 0xFF, 0xFF, 0xFF, 0xFF, 0x19, 0xBE, 0xF2, 0x73, 0xFF, 0xFF, 0x57, 0xA5,
    0x77, 0xA5, 0xBB, 0xD6, 0x33, 0x7C, 0xFF, 0xFF, 0x36, 0x9D, 0xF5, 0x94, 0xFF, 0xFF, 0xFF, 0xFF,
    0x77, 0xA5, 0xB4, 0x8C, 0xFF, 0xFF, 0xFF, 0xFF, 0x57, 0xA5, 0xB5, 0x8C, 0xFF, 0xFF, 0xFF, 0xFF,
    0xFF, 0xFF, 0xFF, 0xFF, 0x36, 0x9D, 0xD5, 0x8C, 0xFF, 0xFF, 0xFF, 0xFF, 0xFF, 0xFF, 0x9E, 0xEF,
    0xB1, 0x63, 0xFC, 0xDE, 0xFF, 0xFF, 0xFF, 0xFF, 0xFF, 0xFF, 0xFF, 0xFF, 0xFF, 0xFF, 0xFF, 0xFF,
    0xFF, 0xFF, 0x7E, 0xEF, 0x36, 0x9D, 0x13, 0x74, 0xB1, 0x63, 0xB1, 0x63, 0xB1, 0x63, 0x74, 0x84,
    0xFF, 0xFF, 0x9E, 0xF7, 0xB1, 0x63, 0xDB, 0xD6, 0xFF, 0xFF, 0xFF, 0xFF, 0xFF, 0xFF, 0xFC, 0xDE,
    0xB1, 0x63, 0x5D, 0xE7, 0xFF, 0xFF, 0x7E, 0xEF, 0x36, 0x9D, 0x13, 0x74, 0xB1, 0x63, 0xB1, 0x63,
    0xB1, 0x63, 0x74, 0x84, 0xFF, 0xFF, 0xFF, 0xFF, 0x36, 0x9D, 0x94, 0x84, 0xFF, 0xFF, 0xFF, 0xFF,
    0xFF, 0xFF, 0xFF, 0xFF, 0xB4, 0x8C, 0x36, 0x9D, 0xFF, 0xFF, 0xFF, 0xFF, 0x57, 0xA5, 0xB5, 0x8C,
    0xFF, 0xFF, 0xFF, 0xFF, 0xFF, 0xFF, 0xFF, 0xFF, 0x77, 0xA5, 0xB4, 0x8C, 0xFF, 0xFF, 0xFF, 0xFF,
    0x1C, 0xDF, 0xB1, 0x63, 0x1C, 0xDF, 0xFF, 0xFF, 0x9B, 0xCE, 0xB1, 0x63, 0x9E, 0xEF, 0xFF, 0xFF,
    0x7E, 0xEF, 0xB1, 0x63, 0x5A, 0xC6, 0xFF, 0xFF, 0xFF, 0xFF, 0xFF, 0xFF, 0xFF, 0xFF, 0xB1, 0x63,
    0x9B, 0xCE, 0xFF, 0xFF, 0xFF, 0xFF, 0xFF, 0xFF, 0xFF, 0xFF, 0xFF, 0xFF, 0xFF, 0xFF, 0x36, 0x9D,
    0x94, 0x84, 0xFF, 0xFF, 0xFF, 0xFF, 0xFF, 0xFF, 0xFF, 0xFF, 0xB4, 0x8C, 0x36, 0x9D, 0x9E, 0xF7,
    0xB1, 0x63, 0x9B, 0xCE, 0xFF, 0xFF, 0xFF, 0xFF, 0xFF, 0xFF, 0x5D, 0xEF, 0xB1, 0x63, 0xDB, 0xD6,
    0xFF, 0xFF, 0xFF, 0xFF, 0x19, 0xBE, 0xF2, 0x73, 0xFF, 0xFF, 0x57, 0xA5, 0x77, 0xA5, 0xBB, 0xD6,
    0x33, 0x7C, 0xFF, 0xFF, 0x36, 0x9D, 0xF5, 0x94, 0xFF, 0xFF, 0x7E, 0xEF, 0xB1, 0x63, 0x5A, 0xC6,
    0xFF, 0xFF, 0xFF, 0xFF, 0xFF, 0xFF, 0xFF, 0xFF, 0xB1, 0x63, 0x9B, 0xCE, 0xFF, 0xFF, 0x36, 0x9D,
    0xB5, 0x8C, 0xFF, 0xFF, 0xFF, 0xFF, 0xFF, 0xFF, 0xFF, 0xFF, 0xFF, 0xFF, 0xFF, 0xFF, 0xFF, 0xFF,
    0xFF, 0xFF, 0xFF, 0xFF, 0x36, 0x9D, 0xD5, 0x8C, 0xFF, 0xFF, 0xFF, 0xFF, 0xFF, 0xFF, 0x9B, 0xCE,
    0xB1, 0x63, 0xDF, 0xFF, 0xFF, 0xFF, 0xFF, 0xFF, 0xFF, 0xFF, 0xB1, 0x63, 0x7A, 0xCE, 0xFF, 0xFF,
    0xFF, 0xFF, 0x7E, 0xEF, 0x36, 0x9D, 0x13, 0x74, 0xB1, 0x63, 0xB1, 0x63, 0xB1, 0x63, 0x74, 0x84,
    0xFF, 0xFF, 0xFF, 0xFF, 0x36, 0x9D, 0xD5, 0x8C, 0xFF, 0xFF, 0xFF, 0xFF, 0xFF, 0xFF, 0x9E, 0xEF,
    0xB1, 0x63, 0xFC, 0xDE, 0xFF, 0xFF, 0x7E, 0xEF, 0x36, 0x9D, 0x13, 0x74, 0xB1, 0x63, 0xB1, 0x63,
    0xB1, 0x63, 0x74, 0x84, 0xFF, 0xFF, 0xFF, 0xFF, 0x9E, 0xEF, 0xB1, 0x63, 0xDB, 0xD6, 0xFF, 0xFF,
    0xFF, 0xFF, 0xFF, 0xFF, 0xFC, 0xDE, 0xB1, 0x63, 0x5D, 0xE7, 0x7E, 0xEF, 0xB1, 0x63, 0x5A, 0xC6,
    0xFF, 0xFF, 0xFF, 0xFF, 0xFF, 0xFF, 0xFF, 0xFF, 0xB1, 0x63, 0x9B, 0xCE, 0xFF, 0xFF, 0x36, 0x9D,
    0xD5, 0x8C, 0xFF, 0xFF, 0xFF, 0xFF, 0xFF, 0xFF, 0x9B, 0xCE, 0xB1, 0x63, 0xDF, 0xFF, 0xFF, 0xFF,
    0xFF, 0xFF, 0xFF, 0xFF, 0xB1, 0x63, 0x7A, 0xCE, 0xFF, 0xFF, 0x7E, 0xEF, 0xB1, 0x63, 0x5A, 0xC6,
    0xFF, 0xFF, 0xFF, 0xFF, 0xFF, 0xFF, 0xFF, 0xFF, 0xB1, 0x63, 0x9B, 0xCE, 0xFF, 0xFF, 0x36, 0x9D,
    0xD5, 0x8C, 0xFF, 0xFF, 0xFF, 0xFF, 0xFF, 0xFF, 0x9E, 0xEF, 0xB1, 0x63, 0xFC, 0xDE, 0xFF, 0xFF,
    0xFF, 0xFF, 0x57, 0xA5, 0xB5, 0x8C, 0xFF, 0xFF, 0xFF, 0xFF, 0xFF, 0xFF, 0xFF, 0xFF, 0xFF, 0xFF,
    0xFF, 0xFF, 0xFF, 0xFF, 0xFF, 0xFF, 0xFF, 0xFF, 0xFF, 0xFF, 0xFF, 0xFF, 0xFF, 0xFF, 0xFF, 0xFF,
    0xFF, 0xFF, 0xFF, 0xFF, 0xFF, 0xFF, 0xFF, 0xFF, 0xFF, 0xFF, 0xFF, 0xFF, 0xFF, 0xFF, 0xFF, 0xFF,
    0xFF, 0xFF, 0xFF, 0xFF, 0xFF, 0xFF, 0xFF, 0xFF, 0xFF, 0xFF, 0x12, 0x74, 0x36, 0x9D, 0x7E, 0xEF,
    0xB1, 0x63, 0xB1, 0x63, 0xB1, 0x63, 0xB1, 0x63, 0xB1, 0x63, 0xB1, 0x63, 0xB1, 0x63, 0x39, 0xBE,
    0xFF, 0xFF, 0x7E, 0xEF, 0xB1, 0x63, 0x9B, 0xCE, 0xFF, 0xFF, 0xFF, 0xFF, 0xFF, 0xFF, 0xFF, 0xFF,
    0xFF, 0xFF, 0xFF, 0xFF, 0xD5, 0x8C, 0x56, 0x9D, 0xFF, 0xFF, 0xFF, 0xFF, 0xFF, 0xFF, 0x1C, 0xDF,
    0xB1, 0x63, 0x5D, 0xEF, 0xFF, 0xFF, 0x36, 0x9D, 0xD5, 0x8C, 0xFF, 0xFF, 0xFF, 0xFF, 0xFF, 0xFF,
    0x7E, 0xEF, 0xB1, 0x63, 0xB1, 0x63, 0xB1, 0x63, 0xB1, 0x63, 0xB1, 0x63, 0xB1, 0x63, 0xB1, 0x63,
    0x39, 0xBE, 0xFF, 0xFF, 0xFF, 0xFF, 0xFF, 0xFF, 0xFF, 0xFF, 0xFF, 0xFF, 0xFF, 0xFF, 0x77, 0xA5,
    0xB4, 0x8C, 0xFF, 0xFF, 0x9E, 0xF7, 0xB1, 0x63, 0xBB, 0xCE, 0xFF, 0xFF, 0xFF, 0xFF, 0xFF, 0xFF,
    0x5D, 0xEF, 0xB1, 0x63, 0xDB, 0xD6, 0x7E, 0xEF, 0xB1, 0x63, 0x9B, 0xCE, 0xFF, 0xFF, 0xFF, 0xFF,
    0xFF, 0xFF, 0xFF, 0xFF, 0xFF, 0xFF, 0xFF, 0xFF, 0xFF, 0xFF, 0x74, 0x84, 0xD5, 0x8C, 0x3D, 0xE7,
    0xDF, 0xFF, 0xFF, 0xFF, 0x97, 0xAD, 0x53, 0x7C, 0xFF, 0xFF, 0xFF, 0xFF, 0x77, 0xA5, 0xB4, 0x8C,
    0xFF, 0xFF, 0xFF, 0xFF, 0xFF, 0xFF, 0xFF, 0xFF, 0xFF, 0xFF, 0xFF, 0xFF, 0xFF, 0xFF, 0x36, 0x9D,
    0xD5, 0x8C, 0xFF, 0xFF, 0xFF, 0xFF, 0xFF, 0xFF, 0x7E, 0xEF, 0xB1, 0x63, 0xB1, 0x63, 0xB1, 0x63,
    0xB1, 0x63, 0xB1, 0x63, 0xB1, 0x63, 0xB1, 0x63, 0x39, 0xBE, 0x7E, 0xEF, 0xB1, 0x63, 0x9B, 0xCE,
    0xFF, 0xFF, 0xFF, 0xFF, 0xFF, 0xFF, 0xFF, 0xFF, 0xFF, 0xFF, 0x9E, 0xF7, 0xB1, 0x63, 0xBB, 0xCE,
    0xFF, 0xFF, 0xFF, 0xFF, 0xFF, 0xFF, 0x5D, 0xEF, 0xB1, 0x63, 0xDB, 0xD6, 0x9E, 0xEF, 0xB1, 0x63,
    0xDB, 0xD6, 0xFF, 0xFF, 0xFF, 0xFF, 0xFF, 0xFF, 0xFC, 0xDE, 0xB1, 0x63, 0x5D, 0xE7, 0xFF, 0xFF,
    0xFF, 0xFF, 0x36, 0x9D, 0xD5, 0x8C, 0xFF, 0xFF, 0xFF, 0xFF, 0xFF, 0xFF, 0x9E, 0xEF, 0xB1, 0x63,
    0xFC, 0xDE, 0xFF, 0xFF, 0x77, 0xA5, 0xB4, 0x8C, 0xFF, 0xFF, 0xFF, 0xFF, 0xFF, 0xFF, 0x57, 0xA5,
    0xB5, 0x8C, 0xFF, 0xFF, 0xFF, 0xFF, 0xFF, 0xFF, 0x77, 0xA5, 0xB4, 0x8C, 0xFF, 0xFF, 0xFF, 0xFF,
    0x9E, 0xF7, 0xB1, 0x63, 0xBB, 0xCE, 0xFF, 0xFF, 0xFF, 0xFF, 0xFF, 0xFF, 0x5D, 0xEF, 0xB1, 0x63,
    0xDB, 0xD6, 0xFF, 0xFF, 0x36, 0x9D, 0xD5, 0x8C, 0xFF, 0xFF, 0xFF, 0xFF, 0xFF, 0xFF, 0x9E, 0xEF,
    0xB1, 0x63, 0xFC, 0xDE, 0xFF, 0xFF, 0xFF, 0xFF, 0xFF, 0xFF, 0xFF, 0xFF, 0xFF, 0xFF, 0xFF, 0xFF,
    0x5D, 0xE7, 0xB1, 0x63, 0x3D, 0xE7, 0x33, 0x74, 0xBB, 0xD6, 0xDF, 0xF7, 0xB1, 0x63, 0x7D, 0xEF,
    0x12, 0x74, 0x19, 0xBE, 0xFF, 0xFF, 0xFF, 0xFF, 0x77, 0xA5, 0xB4, 0x8C, 0xFF, 0xFF, 0xFF, 0xFF,
    0x57, 0xA5, 0xB5, 0x8C, 0xFF, 0xFF, 0xFF, 0xFF, 0xFF, 0xFF, 0xFF, 0xFF, 0x36, 0x9D, 0xD5, 0x8C,
    0xFF, 0xFF, 0xFF, 0xFF, 0xFF, 0xFF, 0x9E, 0xEF, 0xB1, 0x63, 0xFC, 0xDE, 0xFF, 0xFF, 0xFF, 0xFF,
    0xFF, 0xFF, 0xFF, 0xFF, 0xFF, 0xFF, 0xFF, 0xFF, 0xFF, 0xFF, 0x74, 0x84, 0xD5, 0x8C, 0x3D, 0xE7,
    0xDF, 0xFF, 0xFF, 0xFF, 0x97, 0xAD, 0x53, 0x7C, 0xFF, 0xFF, 0x9E, 0xEF, 0xB1, 0x63, 0xDB, 0xD6,
    0xFF, 0xFF, 0xFF, 0xFF, 0xFF, 0xFF, 0xFC, 0xDE, 0xB1, 0x63, 0x5D, 0xE7, 0xFF, 0xFF, 0x74, 0x84,
    0xD5, 0x8C, 0x3D, 0xE7, 0xDF, 0xFF, 0xFF, 0xFF, 0x97, 0xAD, 0x53, 0x7C, 0xFF, 0xFF, 0xFF, 0xFF,
    0x36, 0x9D, 0x94, 0x84, 0xFF, 0xFF, 0xFF, 0xFF, 0xFF, 0xFF, 0xFF, 0xFF, 0xB4, 0x8C, 0x36, 0x9D,
    0xFF, 0xFF, 0xFF, 0xFF, 0x57, 0xA5, 0xB5, 0x8C, 0xFF, 0xFF, 0xFF, 0xFF, 0xFF, 0xFF, 0xFF, 0xFF,
    0x77, 0xA5, 0xB4, 0x8C, 0xFF, 0xFF, 0xFF, 0xFF, 0xFF, 0xFF, 0x73, 0x7C, 0x77, 0xA5, 0xFF, 0xFF,
    0xD5, 0x8C, 0xF5, 0x94, 0xFF, 0xFF, 0xFF, 0xFF, 0x7E, 0xEF, 0xB1, 0x63, 0xB1, 0x63, 0xB1, 0x63,
    0xB1, 0x63, 0xB1, 0x63, 0xB1, 0x63, 0xB1, 0x63, 0x39, 0xBE, 0xFF, 0xFF, 0xFF, 0xFF, 0xFF, 0xFF,
    0xFF, 0xFF, 0xFF, 0xFF, 0xFF, 0xFF, 0x36, 0x9D, 0x94, 0x84, 0xFF, 0xFF, 0xFF, 0xFF, 0xFF, 0xFF,
    0xFF, 0xFF, 0xB4, 0x8C, 0x36, 0x9D, 0x9E, 0xF7, 0xB1, 0x63, 0xBB, 0xCE, 0xFF, 0xFF, 0xFF, 0xFF,
    0xFF, 0xFF, 0x5D, 0xEF, 0xB1, 0x63, 0xDB, 0xD6, 0xFF, 0xFF, 0xFF, 0xFF, 0x5D, 0xE7, 0xB1, 0x63,
    0x3D, 0xE7, 0x33, 0x74, 0xBB, 0xD6, 0xDF, 0xF7, 0xB1, 0x63, 0x7D, 0xEF, 0x12, 0x74, 0x19, 0xBE,
    0xFF, 0xFF, 0x7E, 0xEF, 0xB1, 0x63, 0xB1, 0x63, 0xB1, 0x63, 0xB1, 0x63, 0xB1, 0x63, 0xB1, 0x63,
    0xB1, 0x63, 0x39, 0xBE, 0xFF, 0xFF, 0x36, 0x9D, 0xD5, 0x8C, 0xFF, 0xFF, 0xFF, 0xFF, 0xFF, 0xFF,
    0xFF, 0xFF, 0xFF, 0xFF, 0xFF, 0xFF, 0xFF, 0xFF, 0xFF, 0xFF, 0xFF, 0xFF, 0x36, 0x9D, 0xD5, 0x8C,
    0xFF, 0xFF, 0xFF, 0xFF, 0xFF, 0xFF, 0x9B, 0xCE, 0xB1, 0x63, 0xDF, 0xFF, 0xFF, 0xFF, 0xFF, 0xFF,
    0xFF, 0xFF, 0xB1, 0x63, 0x7A, 0xCE, 0xFF, 0xFF, 0xFF, 0xFF, 0x74, 0x84, 0xD5, 0x8C, 0x3D, 0xE7,
    0xDF, 0xFF, 0xFF, 0xFF, 0x97, 0xAD, 0x53, 0x7C, 0xFF, 0xFF, 0xFF, 0xFF, 0x36, 0x9D, 0xD5, 0x8C,
    0xFF, 0xFF, 0xFF, 0xFF, 0xFF, 0xFF, 0x9E, 0xEF, 0xB1, 0x63, 0xFC, 0xDE, 0xFF, 0xFF, 0x74, 0x84,
    0xD5, 0x8C, 0x3D, 0xE7, 0xDF, 0xFF, 0xFF, 0xFF, 0x97, 0xAD, 0x53, 0x7C, 0xFF, 0xFF, 0xFF, 0xFF,
    0x9E, 0xEF, 0xB1, 0x63, 0xDB, 0xD6, 0xFF, 0xFF, 0xFF, 0xFF, 0xFF, 0xFF, 0xFC, 0xDE, 0xB1, 0x63,
    0x5D, 0xE7, 0x7E, 0xEF, 0xB1, 0x63, 0xB1, 0x63, 0xB1, 0x63, 0xB1, 0x63, 0xB1, 0x63, 0xB1, 0x63,
    0xB1, 0x63, 0x39, 0xBE, 0xFF, 0xFF, 0x36, 0x9D, 0xD5, 0x8C, 0xFF, 0xFF, 0xFF, 0xFF, 0xFF, 0xFF,
    0x9B, 0xCE, 0xB1, 0x63, 0xDF, 0xFF, 0xFF, 0xFF, 0xFF, 0xFF, 0xFF, 0xFF, 0xB1, 0x63, 0x7A, 0xCE,
    0xFF, 0xFF, 0x7E, 0xEF, 0xB1, 0x63, 0xB1, 0x63, 0xB1, 0x63, 0xB1, 0x63, 0xB1, 0x63, 0xB1, 0x63,
    0xB1, 0x63, 0x39, 0xBE, 0xFF, 0xFF, 0x36, 0x9D, 0xD5, 0x8C, 0xFF, 0xFF, 0xFF, 0xFF, 0xFF, 0xFF,
    0x9E, 0xEF, 0xB1, 0x63, 0xFC, 0xDE, 0xFF, 0xFF, 0xFF, 0xFF, 0x57, 0xA5, 0xB5, 0x8C, 0xFF, 0xFF,
    0xFF, 0xFF, 0xFF, 0xFF, 0xFF, 0xFF, 0xFF, 0xFF, 0xFF, 0xFF, 0xFF, 0xFF, 0xFF, 0xFF, 0xFF, 0xFF,
    0xFF, 0xFF, 0xFF, 0xFF, 0xFF, 0xFF, 0xFF, 0xFF, 0xFF, 0xFF, 0xFF, 0xFF, 0xFF, 0xFF, 0xFF, 0xFF,
    0xFF, 0xFF, 0xFF, 0xFF, 0xFF, 0xFF, 0xD8, 0xB5, 0xFF, 0xFF, 0xFF, 0xFF, 0xFF, 0xFF, 0xFF, 0xFF,
    0xDF, 0xFF, 0xD1, 0x6B, 0x77, 0xA5, 0xFF, 0xFF, 0xF2, 0x73, 0x5A, 0xC6, 0xFF, 0xFF, 0xFF, 0xFF,
    0xFF, 0xFF, 0xFF, 0xFF, 0xFF, 0xFF, 0xFF, 0xFF, 0xFF, 0xFF, 0xFF, 0xFF, 0xF2, 0x73, 0x77, 0xA5,
    0xFF, 0xFF, 0xFF, 0xFF, 0xFF, 0xFF, 0xFF, 0xFF, 0xFF, 0xFF, 0xFF, 0xFF, 0x36, 0x9D, 0xF5, 0x94,
    0xFF, 0xFF, 0xFF, 0xFF, 0xFF, 0xFF, 0x7A, 0xC6, 0xB1, 0x63, 0x5D, 0xEF, 0xFF, 0xFF, 0x36, 0x9D,
    0xD5, 0x8C, 0xFF, 0xFF, 0xFF, 0xFF, 0xFF, 0xFF, 0xFF, 0xFF, 0xF2, 0x73, 0x5A, 0xC6, 0xFF, 0xFF,
    0xFF, 0xFF, 0xFF, 0xFF, 0xFF, 0xFF, 0xFF, 0xFF, 0xFF, 0xFF, 0xFF, 0xFF, 0xFF, 0xFF, 0xFF, 0xFF,
    0xFF, 0xFF, 0xFF, 0xFF, 0xFF, 0xFF, 0x77, 0xA5, 0xB4, 0x8C, 0xFF, 0xFF, 0xFF, 0xFF, 0xF2, 0x73,
    0xB8, 0xAD, 0xFF, 0xFF, 0xFF, 0xFF, 0xFF, 0xFF, 0x7A, 0xC6, 0xB1, 0x63, 0x7E, 0xEF, 0xFF, 0xFF,
    0xF2, 0x73, 0x77, 0xA5, 0xFF, 0xFF, 0xFF, 0xFF, 0xFF, 0xFF, 0xFF, 0xFF, 0xFF, 0xFF, 0xFF, 0xFF,
    0xDF, 0xFF, 0xB1, 0x63, 0xBB, 0xD6, 0xFF, 0xFF, 0xFF, 0xFF, 0xFF, 0xFF, 0x94, 0x84, 0x53, 0x7C,
    0xFF, 0xFF, 0xFF, 0xFF, 0x77, 0xA5, 0xB4, 0x8C, 0xFF, 0xFF, 0xFF, 0xFF, 0xFF, 0xFF, 0xFF, 0xFF,
    0xFF, 0xFF, 0xFF, 0xFF, 0xFF, 0xFF, 0x36, 0x9D, 0xD5, 0x8C, 0xFF, 0xFF, 0xFF, 0xFF, 0xFF, 0xFF,
    0xFF, 0xFF, 0xF2, 0x73, 0x5A, 0xC6, 0xFF, 0xFF, 0xFF, 0xFF, 0xFF, 0xFF, 0xFF, 0xFF, 0xFF, 0xFF,
    0xFF, 0xFF, 0xFF, 0xFF, 0xF2, 0x73, 0x77, 0xA5, 0xFF, 0xFF, 0xFF, 0xFF, 0xFF, 0xFF, 0xFF, 0xFF,
    0xFF, 0xFF, 0xFF, 0xFF, 0xF2, 0x73, 0xB8, 0xAD, 0xFF, 0xFF, 0xFF, 0xFF, 0xFF, 0xFF, 0x7A, 0xC6,
    0xB1, 0x63, 0x7E, 0xEF, 0xFF, 0xFF, 0xF2, 0x6B, 0xD8, 0xB5, 0xFF, 0xFF, 0xFF, 0xFF, 0xFF, 0xFF,
    0xF9, 0xB5, 0xB1, 0x63, 0x5D, 0xE7, 0xFF, 0xFF, 0xFF, 0xFF, 0x36, 0x9D, 0xD5, 0x8C, 0xFF, 0xFF,
    0xFF, 0xFF, 0xFF, 0xFF, 0x9E, 0xEF, 0xB1, 0x63, 0xFC, 0xDE, 0xFF, 0xFF, 0x77, 0xA5, 0xB4, 0x8C,
    0xFF, 0xFF, 0xFF, 0xFF, 0xFF, 0xFF, 0x77, 0xA5, 0xB4, 0x8C, 0xFF, 0xFF, 0xFF, 0xFF, 0xFF, 0xFF,
    0x77, 0xA5, 0xB4, 0x8C, 0xFF, 0xFF, 0xFF, 0xFF, 0xFF, 0xFF, 0xF2, 0x73, 0xB8, 0xAD, 0xFF, 0xFF,
    0xFF, 0xFF, 0xFF, 0xFF, 0x7A, 0xC6, 0xB1, 0x63, 0x7E, 0xEF, 0xFF, 0xFF, 0x36, 0x9D, 0xD5, 0x8C,
    0xFF, 0xFF, 0xFF, 0xFF, 0xFF, 0xFF, 0x9E, 0xEF, 0xB1, 0x63, 0xFC, 0xDE, 0xFF, 0xFF, 0xFF, 0xFF,
    0xFF, 0xFF, 0xFF, 0xFF, 0xFF, 0xFF, 0xFF, 0xFF, 0xFF, 0xFF, 0x12, 0x74, 0x77, 0xA5, 0xB1, 0x63,
    0xBF, 0xF7, 0xFF, 0xFF, 0xB4, 0x8C, 0x77, 0xA5, 0xB1, 0x63, 0x5D, 0xE7, 0xFF, 0xFF, 0xFF, 0xFF,
    0x77, 0xA5, 0xB4, 0x8C, 0xFF, 0xFF, 0xFF, 0xFF, 0x77, 0xA5, 0xB4, 0x8C, 0xFF, 0xFF, 0xFF, 0xFF,
    0xFF, 0xFF, 0xFF, 0xFF, 0x36, 0x9D, 0xD5, 0x8C, 0xFF, 0xFF, 0xFF, 0xFF, 0xFF, 0xFF, 0x9E, 0xEF,
    0xB1, 0x63, 0xFC, 0xDE, 0xFF, 0xFF, 0xFF, 0xFF, 0xFF, 0xFF, 0xFF, 0xFF, 0xFF, 0xFF, 0xFF, 0xFF,
    0xDF, 0xFF, 0xB1, 0x63, 0xBB, 0xD6, 0xFF, 0xFF, 0xFF, 0xFF, 0xFF, 0xFF, 0x94, 0x84, 0x53, 0x7C,
    0xFF, 0xFF, 0xFF, 0xFF, 0xF2, 0x73, 0xD8, 0xB5, 0xFF, 0xFF, 0xFF, 0xFF, 0xFF, 0xFF, 0xF9, 0xB5,
    0xB1, 0x63, 0x5D, 0xE7, 0xDF, 0xFF, 0xB1, 0x63, 0xBB, 0xD6, 0xFF, 0xFF, 0xFF, 0xFF, 0xFF, 0xFF,
    0x94, 0x84, 0x53, 0x7C, 0xFF, 0xFF, 0xFF, 0xFF, 0x36, 0x9D, 0xD2, 0x6B, 0xDF, 0xF7, 0xFF, 0xFF,
    0xFF, 0xFF, 0xDF, 0xFF, 0xF2, 0x6B, 0xF9, 0xBD, 0xFF, 0xFF, 0xFF, 0xFF, 0x77, 0xA5, 0xB4, 0x8C,
    0xFF, 0xFF, 0xFF, 0xFF, 0xFF, 0xFF, 0xFF, 0xFF, 0x77, 0xA5, 0xB4, 0x8C, 0xFF, 0xFF, 0xFF, 0xFF,
    0xFF, 0xFF, 0x19, 0xBE, 0xF2, 0x6B, 0x5D, 0xEF, 0xB1, 0x63, 0x9B, 0xCE, 0xFF, 0xFF, 0xFF, 0xFF,
    0xFF, 0xFF, 0xF2, 0x73, 0x5A, 0xC6, 0xFF, 0xFF, 0xFF, 0xFF, 0xFF, 0xFF, 0xFF, 0xFF, 0xFF, 0xFF,
    0xFF, 0xFF, 0xFF, 0xFF, 0xFF, 0xFF, 0xFF, 0xFF, 0xFF, 0xFF, 0xFF, 0xFF, 0xFF, 0xFF, 0x36, 0x9D,
    0xD2, 0x6B, 0xDF, 0xF7, 0xFF, 0xFF, 0xFF, 0xFF, 0xDF, 0xFF, 0xF2, 0x6B, 0xF9, 0xBD, 0xFF, 0xFF,
    0xF2, 0x73, 0xB8, 0xAD, 0xFF, 0xFF, 0xFF, 0xFF, 0xFF, 0xFF, 0x7A, 0xC6, 0xB1, 0x63, 0x7E, 0xEF,
    0xFF, 0xFF, 0xFF, 0xFF, 0xFF, 0xFF, 0x12, 0x74, 0x77, 0xA5, 0xB1, 0x63, 0xBF, 0xF7, 0xFF, 0xFF,
    0xB4, 0x8C, 0x77, 0xA5, 0xB1, 0x63, 0x5D, 0xE7, 0xFF, 0xFF, 0xFF, 0xFF, 0xF2, 0x73, 0x5A, 0xC6,
    0xFF, 0xFF, 0xFF, 0xFF, 0xFF, 0xFF, 0xFF, 0xFF, 0xFF, 0xFF, 0xFF, 0xFF, 0xFF, 0xFF, 0x36, 0x9D,
    0xD5, 0x8C, 0xFF, 0xFF, 0xFF, 0xFF, 0xFF, 0xFF, 0xFF, 0xFF, 0xFF, 0xFF, 0xFF, 0xFF, 0xFF, 0xFF,
    0xFF, 0xFF, 0xFF, 0xFF, 0x36, 0x9D, 0xD5, 0x8C, 0xFF, 0xFF, 0xFF, 0xFF, 0xFF, 0xFF, 0x9B, 0xCE,
    0xB1, 0x63, 0xDF, 0xFF, 0xFF, 0xFF, 0xFF, 0xFF, 0xFF, 0xFF, 0xB1, 0x63, 0x7A, 0xCE, 0xFF, 0xFF,
    0xDF, 0xFF, 0xB1, 0x63, 0xBB, 0xD6, 0xFF, 0xFF, 0xFF, 0xFF, 0xFF, 0xFF, 0x94, 0x84, 0x53, 0x7C,
    0xFF, 0xFF, 0xFF, 0xFF, 0x36, 0x9D, 0xD5, 0x8C, 0xFF, 0xFF, 0xFF, 0xFF, 0xFF, 0xFF, 0x9E, 0xEF,
    0xB1, 0x63, 0xFC, 0xDE, 0xDF, 0xFF, 0xB1, 0x63, 0xBB, 0xD6, 0xFF, 0xFF, 0xFF, 0xFF, 0xFF, 0xFF,
    0x94, 0x84, 0x53, 0x7C, 0xFF, 0xFF, 0xFF, 0xFF, 0xFF, 0xFF, 0xF2, 0x6B, 0xD8, 0xB5, 0xFF, 0xFF,
    0xFF, 0xFF, 0xFF, 0xFF, 0xF9, 0xB5, 0xB1, 0x63, 0x5D, 0xE7, 0xFF, 0xFF, 0xF2, 0x73, 0x5A, 0xC6,
    0xFF, 0xFF, 0xFF, 0xFF, 0xFF, 0xFF, 0xFF, 0xFF, 0xFF, 0xFF, 0xFF, 0xFF, 0xFF, 0xFF, 0x36, 0x9D,
    0xD5, 0x8C, 0xFF, 0xFF, 0xFF, 0xFF, 0xFF, 0xFF, 0x9B, 0xCE, 0xB1, 0x63, 0xDF, 0xFF, 0xFF, 0xFF,
    0xFF, 0xFF, 0xFF, 0xFF, 0xB1, 0x63, 0x7A, 0xCE, 0xFF, 0xFF, 0xFF, 0xFF, 0xF2, 0x73, 0x5A, 0xC6,
    0xFF, 0xFF, 0xFF, 0xFF, 0xFF, 0xFF, 0xFF, 0xFF, 0xFF, 0xFF, 0xFF, 0xFF, 0xFF, 0xFF, 0x36, 0x9D,
    0xD5, 0x8C, 0xFF, 0xFF, 0xFF, 0xFF, 0xFF, 0xFF, 0x9E, 0xEF, 0xB1, 0x63, 0xFC, 0xDE, 0xFF, 0xFF,
    0xFF, 0xFF, 0x77, 0xA5, 0xB4, 0x8C, 0xFF, 0xFF, 0xFF, 0xFF, 0xFF, 0xFF, 0xFF, 0xFF, 0xFF, 0xFF,
    0xFF, 0xFF, 0xFF, 0xFF, 0xFF, 0xFF, 0xFF, 0xFF, 0xFF, 0xFF, 0xFF, 0xFF, 0xFF, 0xFF, 0xFF, 0xFF,
    0xFF, 0xFF, 0xFF, 0xFF, 0xFF, 0xFF, 0xFF, 0xFF, 0xFF, 0xFF, 0xFF, 0xFF, 0xFF, 0xFF, 0xD1, 0x6B,
    0xF5, 0x94, 0x1C, 0xDF, 0xDF, 0xFF, 0x5D, 0xE7, 0x16, 0x95, 0xB1, 0x63, 0x1C, 0xDF, 0xFF, 0xFF,
    0x5A, 0xC6, 0xF2, 0x73, 0x9B, 0xCE, 0xBE, 0xF7, 0xBF, 0xF7, 0xFC, 0xDE, 0x15, 0x95, 0x9E, 0xEF,
    0xFF, 0xFF, 0xFF, 0xFF, 0x3A, 0xC6, 0xB1, 0x63, 0x19, 0xBE, 0xBE, 0xF7, 0x9E, 0xEF, 0xF9, 0xB5,
    0xDB, 0xD6, 0xFF, 0xFF, 0x5A, 0xC6, 0xD1, 0x6B, 0xDC, 0xD6, 0xDF, 0xFF, 0xFC, 0xDE, 0x33, 0x74,
    0xB1, 0x63, 0x5D, 0xEF, 0xFF, 0xFF, 0x36, 0x9D, 0xD5, 0x8C, 0xFF, 0xFF, 0xFF, 0xFF, 0xFF, 0xFF,
    0xFF, 0xFF, 0x5A, 0xC6, 0xF2, 0x73, 0x9B, 0xCE, 0xBE, 0xF7, 0xBF, 0xF7, 0xFC, 0xDE, 0x15, 0x95,
    0x9E, 0xEF, 0xFF, 0xFF, 0xFF, 0xFF, 0xFF, 0xFF, 0xFF, 0xFF, 0xFF, 0xFF, 0xFF, 0xFF, 0x77, 0xA5,
    0xB4, 0x8C, 0xFF, 0xFF, 0xFF, 0xFF, 0x19, 0xBE, 0xD2, 0x6B, 0x9B, 0xCE, 0xDF, 0xF7, 0xFC, 0xDE,
    0x12, 0x74, 0x57, 0xA5, 0xFF, 0xFF, 0xFF, 0xFF, 0x3A, 0xC6, 0xB1, 0x63, 0x19, 0xBE, 0xBE, 0xF7,
    0x9E, 0xEF, 0xF9, 0xB5, 0xDB, 0xD6, 0xFF, 0xFF, 0xFF, 0xFF, 0x33, 0x74, 0x16, 0x95, 0xBE, 0xF7,
    0x9E, 0xF7, 0x98, 0xAD, 0xB1, 0x63, 0x53, 0x7C, 0xFF, 0xFF, 0xFF, 0xFF, 0x77, 0xA5, 0xB4, 0x8C,
    0xFF, 0xFF, 0xFF, 0xFF, 0xFF, 0xFF, 0xFF, 0xFF, 0xFF, 0xFF, 0xFF, 0xFF, 0xFF, 0xFF, 0x36, 0x9D,
    0xD5, 0x8C, 0xFF, 0xFF, 0xFF, 0xFF, 0xFF, 0xFF, 0xFF, 0xFF, 0x5A, 0xC6, 0xF2, 0x73, 0x9B, 0xCE,
    0xBE, 0xF7, 0xBF, 0xF7, 0xFC, 0xDE, 0x15, 0x95, 0x9E, 0xEF, 0xFF, 0xFF, 0x3A, 0xC6, 0xB1, 0x63,
    0x19, 0xBE, 0xBE, 0xF7, 0x9E, 0xEF, 0xF9, 0xB5, 0xDB, 0xD6, 0xFF, 0xFF, 0x19, 0xBE, 0xD2, 0x6B,
    0x9B, 0xCE, 0xDF, 0xF7, 0xFC, 0xDE, 0x12, 0x74, 0x57, 0xA5, 0xFF, 0xFF, 0xFF, 0xFF, 0xF9, 0xB5,
    0xF2, 0x6B, 0xBB, 0xD6, 0xDF, 0xFF, 0xDB, 0xD6, 0xF2, 0x6B, 0xB1, 0x63, 0x5D, 0xE7, 0xFF, 0xFF,
    0xFF, 0xFF, 0x36, 0x9D, 0xD5, 0x8C, 0xFF, 0xFF, 0xFF, 0xFF, 0xFF, 0xFF, 0x9E, 0xEF, 0xB1, 0x63,
    0xFC, 0xDE, 0xFF, 0xFF, 0x77, 0xA5, 0xB4, 0x8C, 0xFF, 0xFF, 0xFF, 0xFF, 0xFF, 0xFF, 0xF9, 0xBD,
    0x12, 0x74, 0x9E, 0xEF, 0xFF, 0xFF, 0xFF, 0xFF, 0x77, 0xA5, 0xB4, 0x8C, 0xFF, 0xFF, 0xFF, 0xFF,
    0xFF, 0xFF, 0x19, 0xBE, 0xD2, 0x6B, 0x9B, 0xCE, 0xDF, 0xF7, 0xFC, 0xDE, 0x12, 0x74, 0x57, 0xA5,
    0xFF, 0xFF, 0xFF, 0xFF, 0x36, 0x9D, 0xD5, 0x8C, 0xFF, 0xFF, 0xFF, 0xFF, 0xFF, 0xFF, 0x9E, 0xEF,
    0xB1, 0x63, 0xFC, 0xDE, 0xFF, 0xFF, 0xFF, 0xFF, 0xFF, 0xFF, 0xFF, 0xFF, 0xFF, 0xFF, 0xFF, 0xFF,
    0xFF, 0xFF, 0x56, 0x9D, 0xB1, 0x63, 0xB4, 0x8C, 0xFF, 0xFF, 0xFF, 0xFF, 0xD8, 0xB5, 0xB1, 0x63,
    0x12, 0x74, 0xFF, 0xFF, 0xFF, 0xFF, 0xFF, 0xFF, 0x77, 0xA5, 0xB4, 0x8C, 0xFF, 0xFF, 0xFF, 0xFF,
    0xF9, 0xBD, 0x12, 0x74, 0x9E, 0xEF, 0xFF, 0xFF, 0xFF, 0xFF, 0xFF, 0xFF, 0x36, 0x9D, 0xD5, 0x8C,
    0xFF, 0xFF, 0xFF, 0xFF, 0xFF, 0xFF, 0x9E, 0xEF, 0xB1, 0x63, 0xFC, 0xDE, 0xFF, 0xFF, 0xFF, 0xFF,
    0xFF, 0xFF, 0xFF, 0xFF, 0xFF, 0xFF, 0xFF, 0xFF, 0xFF, 0xFF, 0x33, 0x74, 0x16, 0x95, 0xBE, 0xF7,
    0x9E, 0xF7, 0x98, 0xAD, 0xB1, 0x63, 0x53, 0x7C, 0xFF, 0xFF, 0xFF, 0xFF, 0x19, 0xBE, 0xF2, 0x6B,
    0xBB, 0xD6, 0xDF, 0xF7, 0xBB, 0xD6, 0xF2, 0x6B, 0xB1, 0x63, 0x5D, 0xE7, 0xFF, 0xFF, 0x33, 0x74,
    0x16, 0x95, 0xBE, 0xF7, 0x9E, 0xF7, 0x98, 0xAD, 0xB1, 0x63, 0x53, 0x7C, 0xFF, 0xFF, 0xFF, 0xFF,
    0x36, 0x9D, 0xB1, 0x63, 0x16, 0x9D, 0x9E, 0xEF, 0x9E, 0xEF, 0x36, 0x9D, 0xF2, 0x73, 0xBF, 0xF7,
    0xFF, 0xFF, 0xFF, 0xFF, 0xF9, 0xBD, 0x12, 0x74, 0x9E, 0xEF, 0xFF, 0xFF, 0xFF, 0xFF, 0xFF, 0xFF,
    0x77, 0xA5, 0xB4, 0x8C, 0xFF, 0xFF, 0xFF, 0xFF, 0xFF, 0xFF, 0xBE, 0xF7, 0xB1, 0x63, 0x74, 0x84,
    0xF2, 0x73, 0xFF, 0xFF, 0xFF, 0xFF, 0xFF, 0xFF, 0xFF, 0xFF, 0x5A, 0xC6, 0xF2, 0x73, 0x9B, 0xCE,
    0xBE, 0xF7, 0xBF, 0xF7, 0xFC, 0xDE, 0x15, 0x95, 0x9E, 0xEF, 0xFF, 0xFF, 0xFF, 0xFF, 0xFF, 0xFF,
    0xFF, 0xFF, 0xFF, 0xFF, 0xFF, 0xFF, 0x36, 0x9D, 0xB1, 0x63, 0x16, 0x9D, 0x9E, 0xEF, 0x9E, 0xEF,
    0x36, 0x9D, 0xF2, 0x73, 0xBF, 0xF7, 0xFF, 0xFF, 0x19, 0xBE, 0xD2, 0x6B, 0x9B, 0xCE, 0xDF, 0xF7,
    0xFC, 0xDE, 0x12, 0x74, 0x57, 0xA5, 0xFF, 0xFF, 0xFF, 0xFF, 0xFF, 0xFF, 0xFF, 0xFF, 0x56, 0x9D,
    0xB1, 0x63, 0xB4, 0x8C, 0xFF, 0xFF, 0xFF, 0xFF, 0xD8, 0xB5, 0xB1, 0x63, 0x12, 0x74, 0xFF, 0xFF,
    0xFF, 0xFF, 0xFF, 0xFF, 0x5A, 0xC6, 0xF2, 0x73, 0x9B, 0xCE, 0xBE, 0xF7, 0xBF, 0xF7, 0xFC, 0xDE,
    0x15, 0x95, 0x9E, 0xEF, 0xFF, 0xFF, 0x36, 0x9D, 0xD5, 0x8C, 0xFF, 0xFF, 0xFF, 0xFF, 0xFF, 0xFF,
    0xFF, 0xFF, 0xFF, 0xFF, 0xFF, 0xFF, 0xFF, 0xFF, 0xFF, 0xFF, 0xFF, 0xFF, 0x36, 0x9D, 0xD5, 0x8C,
    0xFF, 0xFF, 0xFF, 0xFF, 0xFF, 0xFF, 0x9B, 0xCE, 0xB1, 0x63, 0xDF, 0xFF, 0xFF, 0xFF, 0xFF, 0xFF,
    0xFF, 0xFF, 0xB1, 0x63, 0x7A, 0xCE, 0xFF, 0xFF, 0xFF, 0xFF, 0x33, 0x74, 0x16, 0x95, 0xBE, 0xF7,
    0x9E, 0xF7, 0x98, 0xAD, 0xB1, 0x63, 0x53, 0x7C, 0xFF, 0xFF, 0xFF, 0xFF, 0x36, 0x9D, 0xD5, 0x8C,
    0xFF, 0xFF, 0xFF, 0xFF, 0xFF, 0xFF, 0x9E, 0xEF, 0xB1, 0x63, 0xFC, 0xDE, 0xFF, 0xFF, 0x33, 0x74,
    0x16, 0x95, 0xBE, 0xF7, 0x9E, 0xF7, 0x98, 0xAD, 0xB1, 0x63, 0x53, 0x7C, 0xFF, 0xFF, 0xFF, 0xFF,
    0xFF, 0xFF, 0xF9, 0xB5, 0xF2, 0x6B, 0xBB, 0xD6, 0xDF, 0xFF, 0xDB, 0xD6, 0xF2, 0x6B, 0xB1, 0x63,
    0x5D, 0xE7, 0xFF, 0xFF, 0x5A, 0xC6, 0xF2, 0x73, 0x9B, 0xCE, 0xBE, 0xF7, 0xBF, 0xF7, 0xFC, 0xDE,
    0x15, 0x95, 0x9E, 0xEF, 0xFF, 0xFF, 0x36, 0x9D, 0xD5, 0x8C, 0xFF, 0xFF, 0xFF, 0xFF, 0xFF, 0xFF,
    0x9B, 0xCE, 0xB1, 0x63, 0xDF, 0xFF, 0xFF, 0xFF, 0xFF, 0xFF, 0xFF, 0xFF, 0xB1, 0x63, 0x7A, 0xCE,
    0xFF, 0xFF, 0xFF, 0xFF, 0x5A, 0xC6, 0xF2, 0x73, 0x9B, 0xCE, 0xBE, 0xF7, 0xBF, 0xF7, 0xFC, 0xDE,
    0x15, 0x95, 0x9E, 0xEF, 0xFF, 0xFF, 0x36, 0x9D, 0xD5, 0x8C, 0xFF, 0xFF, 0xFF, 0xFF, 0xFF, 0xFF,
    0x9E, 0xEF, 0xB1, 0x63, 0xFC, 0xDE, 0xFF, 0xFF, 0xFF, 0xFF, 0xF9, 0xBD, 0x12, 0x74, 0x9E, 0xEF,
    0xFF, 0xFF, 0xFF, 0xFF, 0x5A, 0xC6, 0xB1, 0x63, 0x5D, 0xE7, 0xFF, 0xFF, 0xFF, 0xFF, 0xFF, 0xFF,
    0xFF, 0xFF, 0xFF, 0xFF, 0xFF, 0xFF, 0xFF, 0xFF, 0xFF, 0xFF, 0xFF, 0xFF, 0xFF, 0xFF, 0xFF, 0xFF,
    0xFF, 0xFF, 0xFF, 0xFF, 0xFF, 0xFF, 0x3D, 0xE7, 0x57, 0xA5, 0x53, 0x7C, 0xD1, 0x6B, 0x13, 0x74,
    0xF5, 0x94, 0x1C, 0xDF, 0xFF, 0xFF, 0xFF, 0xFF, 0xFF, 0xFF, 0xBB, 0xCE, 0xB4, 0x8C, 0xD2, 0x6B,
    0xF2, 0x6B, 0xB5, 0x8C, 0xBB, 0xCE, 0xFF, 0xFF, 0xFF, 0xFF, 0xFF, 0xFF, 0xFF, 0xFF, 0x7A, 0xCE,
    0x74, 0x84, 0xD1, 0x6B, 0x33, 0x74, 0xB8, 0xAD, 0xDF, 0xFF, 0xFF, 0xFF, 0xFF, 0xFF, 0xB8, 0xAD,
    0x12, 0x74, 0xF2, 0x6B, 0xB5, 0x8C, 0x39, 0xBE, 0xB1, 0x63, 0x5D, 0xEF, 0xFF, 0xFF, 0x36, 0x9D,
    0xD5, 0x8C, 0xFF, 0xFF, 0xFF, 0xFF, 0xFF, 0xFF, 0xFF, 0xFF, 0xFF, 0xFF, 0xBB, 0xCE, 0xB4, 0x8C,
    0xD2, 0x6B, 0xF2, 0x6B, 0xB5, 0x8C, 0xBB, 0xCE, 0xFF, 0xFF, 0xFF, 0xFF, 0xFF, 0xFF, 0xFF, 0xFF,
    0xFF, 0xFF, 0xFF, 0xFF, 0xFF, 0xFF, 0x77, 0xA5, 0xB4, 0x8C, 0xFF, 0xFF, 0xFF, 0xFF, 0xFF, 0xFF,
    0x19, 0xBE, 0x53, 0x7C, 0xB1, 0x63, 0x12, 0x74, 0x97, 0xAD, 0xDF, 0xFF, 0xFF, 0xFF, 0xFF, 0xFF,
    0xFF, 0xFF, 0x7A, 0xCE, 0x74, 0x84, 0xD1, 0x6B, 0x33, 0x74, 0xB8, 0xAD, 0xDF, 0xFF, 0xFF, 0xFF,
    0xFF, 0xFF, 0x1D, 0xE7, 0x94, 0x84, 0xD1, 0x6B, 0xF2, 0x6B, 0x16, 0x9D, 0x57, 0xA5, 0x53, 0x7C,
    0xFF, 0xFF, 0xFF, 0xFF, 0x77, 0xA5, 0xB4, 0x8C, 0xFF, 0xFF, 0xFF, 0xFF, 0xFF, 0xFF, 0xFF, 0xFF,
    0xFF, 0xFF, 0xFF, 0xFF, 0xFF, 0xFF, 0x36, 0x9D, 0xD5, 0x8C, 0xFF, 0xFF, 0xFF, 0xFF, 0xFF, 0xFF,
    0xFF, 0xFF, 0xFF, 0xFF, 0xBB, 0xCE, 0xB4, 0x8C, 0xD2, 0x6B, 0xF2, 0x6B, 0xB5, 0x8C, 0xBB, 0xCE,
    0xFF, 0xFF, 0xFF, 0xFF, 0xFF, 0xFF, 0x7A, 0xCE, 0x74, 0x84, 0xD1, 0x6B, 0x33, 0x74, 0xB8, 0xAD,
    0xDF, 0xFF, 0xFF, 0xFF, 0xFF, 0xFF, 0x19, 0xBE, 0x53, 0x7C, 0xB1, 0x63, 0x12, 0x74, 0x97, 0xAD,
    0xDF, 0xFF, 0xFF, 0xFF, 0xFF, 0xFF, 0xFF, 0xFF, 0xB8, 0xAD, 0x12, 0x74, 0xB1, 0x6B, 0x94, 0x84,
    0x19, 0xBE, 0xB1, 0x63, 0x7E, 0xEF, 0xFF, 0xFF, 0xFF, 0xFF, 0x36, 0x9D, 0xD5, 0x8C, 0xFF, 0xFF,
    0xFF, 0xFF, 0xFF, 0xFF, 0x9E, 0xEF, 0xB1, 0x63, 0xFC, 0xDE, 0xFF, 0xFF, 0x77, 0xA5, 0xB4, 0x8C,
    0xFF, 0xFF, 0xFF, 0xFF, 0xFF, 0xFF, 0xBF, 0xF7, 0xF5, 0x94, 0xF2, 0x6B, 0xB1, 0x63, 0xB8, 0xAD,
    0x77, 0xA5, 0xB4, 0x8C, 0xFF, 0xFF, 0xFF, 0xFF, 0xFF, 0xFF, 0xFF, 0xFF, 0x19, 0xBE, 0x53, 0x7C,
    0xB1, 0x63, 0x12, 0x74, 0x97, 0xAD, 0xDF, 0xFF, 0xFF, 0xFF, 0xFF, 0xFF, 0x36, 0x9D, 0xD5, 0x8C,
    0xFF, 0xFF, 0xFF, 0xFF, 0xFF, 0xFF, 0x9E, 0xEF, 0xB1, 0x63, 0xFC, 0xDE, 0xFF, 0xFF, 0xFF, 0xFF,
    0xFF, 0xFF, 0xFF, 0xFF, 0xFF, 0xFF, 0xFF, 0xFF, 0xFF, 0xFF, 0x7A, 0xCE, 0xB1, 0x63, 0xD8, 0xB5,
    0xFF, 0xFF, 0xFF, 0xFF, 0xFC, 0xDE, 0xB1, 0x63, 0x36, 0x9D, 0xFF, 0xFF, 0xFF, 0xFF, 0xFF, 0xFF,
    0x77, 0xA5, 0xB4, 0x8C, 0xFF, 0xFF, 0xFF, 0xFF, 0xBF, 0xF7, 0xF5, 0x94, 0xF2, 0x6B, 0xB1, 0x63,
    0xB8, 0xAD, 0xFF, 0xFF, 0x36, 0x9D, 0xD5, 0x8C, 0xFF, 0xFF, 0xFF, 0xFF, 0xFF, 0xFF, 0x9E, 0xEF,
    0xB1, 0x63, 0xFC, 0xDE, 0xFF, 0xFF, 0xFF, 0xFF, 0xFF, 0xFF, 0xFF, 0xFF, 0xFF, 0xFF, 0xFF, 0xFF,
    0xFF, 0xFF, 0x1D, 0xE7, 0x94, 0x84, 0xD1, 0x6B, 0xF2, 0x6B, 0x16, 0x9D, 0x57, 0xA5, 0x53, 0x7C,
    0xFF, 0xFF, 0xFF, 0xFF, 0xFF, 0xFF, 0xD8, 0xB5, 0x12, 0x74, 0xB1, 0x6B, 0x94, 0x84, 0x39, 0xBE,
    0xB1, 0x63, 0x5D, 0xE7, 0xFF, 0xFF, 0x1D, 0xE7, 0x94, 0x84, 0xD1, 0x6B, 0xF2, 0x6B, 0x16, 0x9D,
    0x57, 0xA5, 0x53, 0x7C, 0xFF, 0xFF, 0xFF, 0xFF, 0x36, 0x9D, 0xB5, 0x8C, 0xB8, 0xAD, 0x33, 0x7C,
    0xD1, 0x6B, 0x94, 0x84, 0x1D, 0xE7, 0xFF, 0xFF, 0xFF, 0xFF, 0xFF, 0xFF, 0xBF, 0xF7, 0xF5, 0x94,
    0xF2, 0x6B, 0xB1, 0x63, 0xB8, 0xAD, 0xFF, 0xFF, 0x77, 0xA5, 0xB4, 0x8C, 0xFF, 0xFF, 0xFF, 0xFF,
    0xFF, 0xFF, 0xFF, 0xFF, 0x16, 0x95, 0xB1, 0x63, 0x97, 0xAD, 0xFF, 0xFF, 0xFF, 0xFF, 0xFF, 0xFF,
    0xFF, 0xFF, 0xFF, 0xFF, 0xBB, 0xCE, 0xB4, 0x8C, 0xD2, 0x6B, 0xF2, 0x6B, 0xB5, 0x8C, 0xBB, 0xCE,
    0xFF, 0xFF, 0xFF, 0xFF, 0xFF, 0xFF, 0xFF, 0xFF, 0xFF, 0xFF, 0xFF, 0xFF, 0xFF, 0xFF, 0x36, 0x9D,
    0xB5, 0x8C, 0xB8, 0xAD, 0x33, 0x7C, 0xD1, 0x6B, 0x94, 0x84, 0x1D, 0xE7, 0xFF, 0xFF, 0xFF, 0xFF,
    0xFF, 0xFF, 0x19, 0xBE, 0x53, 0x7C, 0xB1, 0x63, 0x12, 0x74, 0x97, 0xAD, 0xDF, 0xFF, 0xFF, 0xFF,
    0xFF, 0xFF, 0xFF, 0xFF, 0xFF, 0xFF, 0x7A, 0xCE, 0xB1, 0x63, 0xD8, 0xB5, 0xFF, 0xFF, 0xFF, 0xFF,
    0xFC, 0xDE, 0xB1, 0x63, 0x36, 0x9D, 0xFF, 0xFF, 0xFF, 0xFF, 0xFF, 0xFF, 0xFF, 0xFF, 0xBB, 0xCE,
    0xB4, 0x8C, 0xD2, 0x6B, 0xF2, 0x6B, 0xB5, 0x8C, 0xBB, 0xCE, 0xFF, 0xFF, 0xFF, 0xFF, 0x36, 0x9D,
    0xD5, 0x8C, 0xFF, 0xFF, 0xFF, 0xFF, 0xFF, 0xFF, 0xFF, 0xFF, 0xFF, 0xFF, 0xFF, 0xFF, 0xFF, 0xFF,
    0xFF, 0xFF, 0xFF, 0xFF, 0x36, 0x9D, 0xD5, 0x8C, 0xFF, 0xFF, 0xFF, 0xFF, 0xFF, 0xFF, 0x9B, 0xCE,
    0xB1, 0x63, 0xDF, 0xFF, 0xFF, 0xFF, 0xFF, 0xFF, 0xFF, 0xFF, 0xB1, 0x63, 0x7A, 0xCE, 0xFF, 0xFF,
    0xFF, 0xFF, 0x1D, 0xE7, 0x94, 0x84, 0xD1, 0x6B, 0xF2, 0x6B, 0x16, 0x9D, 0x57, 0xA5, 0x53, 0x7C,
    0xFF, 0xFF, 0xFF, 0xFF, 0x36, 0x9D, 0xD5, 0x8C, 0xFF, 0xFF, 0xFF, 0xFF, 0xFF, 0xFF, 0x9E, 0xEF,
    0xB1, 0x63, 0xFC, 0xDE, 0xFF, 0xFF, 0x1D, 0xE7, 0x94, 0x84, 0xD1, 0x6B, 0xF2, 0x6B, 0x16, 0x9D,
    0x57, 0xA5, 0x53, 0x7C, 0xFF, 0xFF, 0xFF, 0xFF, 0xFF, 0xFF, 0xFF, 0xFF, 0xB8, 0xAD, 0x12, 0x74,
    0xB1, 0x6B, 0x94, 0x84, 0x19, 0xBE, 0xB1, 0x63, 0x7E, 0xEF, 0xFF, 0xFF, 0xFF, 0xFF, 0xBB, 0xCE,
    0xB4, 0x8C, 0xD2, 0x6B, 0xF2, 0x6B, 0xB5, 0x8C, 0xBB, 0xCE, 0xFF, 0xFF, 0xFF, 0xFF, 0x36, 0x9D,
    0xD5, 0x8C, 0xFF, 0xFF, 0xFF, 0xFF, 0xFF, 0xFF, 0x9B, 0xCE, 0xB1, 0x63, 0xDF, 0xFF, 0xFF, 0xFF,
    0xFF, 0xFF, 0xFF, 0xFF, 0xB1, 0x63, 0x7A, 0xCE, 0xFF, 0xFF, 0xFF, 0xFF, 0xFF, 0xFF, 0xBB, 0xCE,
    0xB4, 0x8C, 0xD2, 0x6B, 0xF2, 0x6B, 0xB5, 0x8C, 0xBB, 0xCE, 0xFF, 0xFF, 0xFF, 0xFF, 0x36, 0x9D,
    0xD5, 0x8C, 0xFF, 0xFF, 0xFF, 0xFF, 0xFF, 0xFF, 0x9E, 0xEF, 0xB1, 0x63, 0xFC, 0xDE, 0xFF, 0xFF,
    0xFF, 0xFF, 0xBF, 0xF7, 0xF5, 0x94, 0xF2, 0x6B, 0xB1, 0x63, 0xB8, 0xAD, 0x5A, 0xC6, 0xB1, 0x63,
    0x5D, 0xE7, 0xFF, 0xFF, 0xFF, 0xFF, 0xFF, 0xFF, 0xFF, 0xFF, 0xFF, 0xFF, 0xFF, 0xFF, 0xFF, 0xFF,
    0xFF, 0xFF, 0xFF, 0xFF, 0xFF, 0xFF, 0xFF, 0xFF, 0xFF, 0xFF, 0xFF, 0xFF, 0xFF, 0xFF, 0xFF, 0xFF,
    0xFF, 0xFF, 0xFF, 0xFF, 0xFF, 0xFF, 0xFF, 0xFF, 0xFF, 0xFF, 0xFF, 0xFF, 0xFF, 0xFF, 0xFF, 0xFF,
    0xFF, 0xFF, 0xFF, 0xFF, 0xFF, 0xFF, 0xFF, 0xFF, 0xFF, 0xFF, 0xFF, 0xFF, 0xFF, 0xFF, 0xFF, 0xFF,
    0xFF, 0xFF, 0xFF, 0xFF, 0xFF, 0xFF, 0xFF, 0xFF, 0xFF, 0xFF, 0xFF, 0xFF, 0xFF, 0xFF, 0xFF, 0xFF,
    0xFF, 0xFF, 0xFF, 0xFF, 0xFF, 0xFF, 0xFF, 0xFF, 0xFF, 0xFF, 0xFF, 0xFF, 0xFF, 0xFF, 0xFF, 0xFF,
    0xFF, 0xFF, 0xFF, 0xFF, 0xFF, 0xFF, 0xFF, 0xFF, 0xFF, 0xFF, 0xFF, 0xFF, 0xFF, 0xFF, 0xFF, 0xFF,
    0xFF, 0xFF, 0xFF, 0xFF, 0xFF, 0xFF, 0xFF, 0xFF, 0xFF, 0xFF, 0xFF, 0xFF, 0xFF, 0xFF, 0xFF, 0xFF,
    0xFF, 0xFF, 0xFF, 0xFF, 0xFF, 0xFF, 0xFF, 0xFF, 0xFF, 0xFF, 0xFF, 0xFF, 0xFF, 0xFF, 0xFF, 0xFF,
    0xFF, 0xFF, 0xFF, 0xFF, 0xFF, 0xFF, 0xFF, 0xFF, 0xFF, 0xFF, 0xFF, 0xFF, 0xFF, 0xFF, 0xFF, 0xFF,
    0xFF, 0xFF, 0xFF, 0xFF, 0xFF, 0xFF, 0xFF, 0xFF, 0xFF, 0xFF, 0xFF, 0xFF, 0xFF, 0xFF, 0xFF, 0xFF,
    0xFF, 0xFF, 0xFF, 0xFF, 0xFF, 0xFF, 0xFF, 0xFF, 0xFF, 0xFF, 0xFF, 0xFF, 0xFF, 0xFF, 0xFF, 0xFF,
    0xFF, 0xFF, 0xFF, 0xFF, 0xFF, 0xFF, 0xFF, 0xFF, 0xFF, 0xFF, 0xFF, 0xFF, 0xFF, 0xFF, 0xFF, 0xFF,
    0xFF, 0xFF, 0xFF, 0xFF, 0xFF, 0xFF, 0xFF, 0xFF, 0xFF, 0xFF, 0xFF, 0xFF, 0xFF, 0xFF, 0xFF, 0xFF,
    0xFF, 0xFF, 0xFF, 0xFF, 0xFF, 0xFF, 0xFF, 0xFF, 0xFF, 0xFF, 0xFF, 0xFF, 0xFF, 0xFF, 0xFF, 0xFF,
    0xFF, 0xFF, 0xFF, 0xFF, 0xFF, 0xFF, 0xFF, 0xFF, 0xFF, 0xFF, 0xFF, 0xFF, 0xFF, 0xFF, 0xFF, 0xFF,
    0xFF, 0xFF, 0xFF, 0xFF, 0xFF, 0xFF, 0xFF, 0xFF, 0xFF, 0xFF, 0xFF, 0xFF, 0xFF, 0xFF, 0xFF, 0xFF,
    0xFF, 0xFF, 0xFF, 0xFF, 0xFF, 0xFF, 0xFF, 0xFF, 0xFF, 0xFF, 0xFF, 0xFF, 0xFF, 0xFF, 0xFF, 0xFF,
    0xFF, 0xFF, 0xFF, 0xFF, 0xFF, 0xFF, 0xFF, 0xFF, 0x39, 0xBE, 0xD1, 0x6B, 0xFF, 0xFF, 0xFF, 0xFF,
    0xFF, 0xFF, 0xFF, 0xFF, 0xFF, 0xFF, 0xFF, 0xFF, 0xFF, 0xFF, 0xFF, 0xFF, 0xFF, 0xFF, 0xFF, 0xFF,
    0xFF, 0xFF, 0xFF, 0xFF, 0xFF, 0xFF, 0xFF, 0xFF, 0xFF, 0xFF, 0xFF, 0xFF, 0xFF, 0xFF, 0xFF, 0xFF,
    0xFF, 0xFF, 0xFF, 0xFF, 0xFF, 0xFF, 0xFF, 0xFF, 0xFF, 0xFF, 0xFF, 0xFF, 0xFF, 0xFF, 0xFF, 0xFF,
    0xFF, 0xFF, 0xFF, 0xFF, 0xFF, 0xFF, 0xFF, 0xFF, 0xFF, 0xFF, 0xFF, 0xFF, 0xFF, 0xFF, 0xFF, 0xFF,
    0xFF, 0xFF, 0xFF, 0xFF, 0xFF, 0xFF, 0xFF, 0xFF, 0xFF, 0xFF, 0xFF, 0xFF, 0xFF, 0xFF, 0xFF, 0xFF,
    0xFF, 0xFF, 0xFF, 0xFF, 0xFF, 0xFF, 0xFF, 0xFF, 0xFF, 0xFF, 0xFF, 0xFF, 0xFF, 0xFF, 0xFF, 0xFF,
    0xFF, 0xFF, 0xFF, 0xFF, 0xFF, 0xFF, 0xFF, 0xFF, 0xFF, 0xFF, 0xFF, 0xFF, 0xFF, 0xFF, 0xFF, 0xFF,
    0xFF, 0xFF, 0xFF, 0xFF, 0xFF, 0xFF, 0xFF, 0xFF, 0xFF, 0xFF, 0xFF, 0xFF, 0xFF, 0xFF, 0xFF, 0xFF,
    0xFF, 0xFF, 0xFF, 0xFF, 0xFF, 0xFF, 0xFF, 0xFF, 0xFF, 0xFF, 0xFF, 0xFF, 0xFF, 0xFF, 0xFF, 0xFF,
    0xFF, 0xFF, 0xFF, 0xFF, 0xFF, 0xFF, 0xFF, 0xFF, 0xFF, 0xFF, 0xFF, 0xFF, 0xFF, 0xFF, 0xFF, 0xFF,
    0xFF, 0xFF, 0xFF, 0xFF, 0xFF, 0xFF, 0xFF, 0xFF, 0xFF, 0xFF, 0xFF, 0xFF, 0xFF, 0xFF, 0xFF, 0xFF,
    0xFF, 0xFF, 0xFF, 0xFF, 0xFF, 0xFF, 0xFF, 0xFF, 0xFF, 0xFF, 0xFF, 0xFF, 0xFF, 0xFF, 0xFF, 0xFF,
    0xFF, 0xFF, 0xFF, 0xFF, 0xFF, 0xFF, 0xFF, 0xFF, 0xFF, 0xFF, 0xFF, 0xFF, 0xFF, 0xFF, 0xFF, 0xFF,
    0xFF, 0xFF, 0xFF, 0xFF, 0xFF, 0xFF, 0xFF, 0xFF, 0xFF, 0xFF, 0xFF, 0xFF, 0xFF, 0xFF, 0xFF, 0xFF,
    0x36, 0x9D, 0xD5, 0x8C, 0xFF, 0xFF, 0xFF, 0xFF, 0xFF, 0xFF, 0xFF, 0xFF, 0xFF, 0xFF, 0xFF, 0xFF,
    0xFF, 0xFF, 0xFF, 0xFF, 0xFF, 0xFF, 0xFF, 0xFF, 0xFF, 0xFF, 0xFF, 0xFF, 0xFF, 0xFF, 0xFF, 0xFF,
    0xFF, 0xFF, 0xFF, 0xFF, 0xFF, 0xFF, 0xFF, 0xFF, 0xFF, 0xFF, 0xFF, 0xFF, 0xFF, 0xFF, 0xFF, 0xFF,
    0xFF, 0xFF, 0xFF, 0xFF, 0xFF, 0xFF, 0xFF, 0xFF, 0xFF, 0xFF, 0xFF, 0xFF, 0xFF, 0xFF, 0xFF, 0xFF,
    0xFF, 0xFF, 0xFF, 0xFF, 0xFF, 0xFF, 0xFF, 0xFF, 0xFF, 0xFF, 0xFF, 0xFF, 0xFF, 0xFF, 0xFF, 0xFF,
    0xFF, 0xFF, 0xFF, 0xFF, 0xFF, 0xFF, 0x36, 0x9D, 0xD5, 0x8C, 0xFF, 0xFF, 0xFF, 0xFF, 0xFF, 0xFF,
    0xFF, 0xFF, 0xFF, 0xFF, 0xFF, 0xFF, 0xFF, 0xFF, 0xFF, 0xFF, 0xFF, 0xFF, 0xFF, 0xFF, 0xFF, 0xFF,
    0xFF, 0xFF, 0xFF, 0xFF, 0xFF, 0xFF, 0xFF, 0xFF, 0xFF, 0xFF, 0xFF, 0xFF, 0xFF, 0xFF, 0xFF, 0xFF,
    0xFF, 0xFF, 0xFF, 0xFF, 0xFF, 0xFF, 0xFF, 0xFF, 0xFF, 0xFF, 0xFF, 0xFF, 0xFF, 0xFF, 0xFF, 0xFF,
    0xFF, 0xFF, 0xFF, 0xFF, 0xFF, 0xFF, 0xFF, 0xFF, 0xFF, 0xFF, 0xFF, 0xFF, 0xFF, 0xFF, 0xFF, 0xFF,
    0xFF, 0xFF, 0xFF, 0xFF, 0xFF, 0xFF, 0xFF, 0xFF, 0xFF, 0xFF, 0xFF, 0xFF, 0xFF, 0xFF, 0xFF, 0xFF,
    0xFF, 0xFF, 0xFF, 0xFF, 0xFF, 0xFF, 0xFF, 0xFF, 0xFF, 0xFF, 0xFF, 0xFF, 0xFF, 0xFF, 0xFF, 0xFF,
    0xFF, 0xFF, 0xFF, 0xFF, 0xFF, 0xFF, 0xFF, 0xFF, 0xFF, 0xFF, 0xFF, 0xFF, 0xFF, 0xFF, 0xFF, 0xFF,
    0xFF, 0xFF, 0xFF, 0xFF, 0xFF, 0xFF, 0xFF, 0xFF, 0xFF, 0xFF, 0xFF, 0xFF, 0xFF, 0xFF, 0xFF, 0xFF,
    0xFF, 0xFF, 0xFF, 0xFF, 0xFF, 0xFF, 0xFF, 0xFF, 0xFF, 0xFF, 0xFF, 0xFF, 0xFF, 0xFF, 0xFF, 0xFF,
    0xFF, 0xFF, 0xFF, 0xFF, 0xFF, 0xFF, 0xFF, 0xFF, 0xFF, 0xFF, 0xFF, 0xFF, 0xFF, 0xFF, 0xFF, 0xFF,
    0xFF, 0xFF, 0xFF, 0xFF, 0xFF, 0xFF, 0xFF, 0xFF, 0xFF, 0xFF, 0xFF, 0xFF, 0xFF, 0xFF, 0xFF, 0xFF,
    0xFF, 0xFF, 0xFF, 0xFF, 0xFF, 0xFF, 0xFF, 0xFF, 0xFF, 0xFF, 0xFF, 0xFF, 0x39, 0xBE, 0xD1, 0x6B,
    0xFF, 0xFF, 0xFF, 0xFF, 0xFF, 0xFF, 0xFF, 0xFF, 0xFF, 0xFF, 0xFF, 0xFF, 0xFF, 0xFF, 0xFF, 0xFF,
    0xFF, 0xFF, 0xFF, 0xFF, 0xFF, 0xFF, 0xFF, 0xFF, 0xFF, 0xFF, 0xFF, 0xFF, 0xFF, 0xFF, 0xFF, 0xFF,
    0xFF, 0xFF, 0xFF, 0xFF, 0xFF, 0xFF, 0xFF, 0xFF, 0xFF, 0xFF, 0xFF, 0xFF, 0xFF, 0xFF, 0xFF, 0xFF,
    0xFF, 0xFF, 0xFF, 0xFF, 0xFF, 0xFF, 0xFF, 0xFF, 0xFF, 0xFF, 0xFF, 0xFF, 0xFF, 0xFF, 0xFF, 0xFF,
    0xFF, 0xFF, 0xFF, 0xFF, 0xFF, 0xFF, 0xFF, 0xFF, 0xFF, 0xFF, 0xFF, 0xFF, 0xFF, 0xFF, 0xFF, 0xFF,
    0xFF, 0xFF, 0xFF, 0xFF, 0xFF, 0xFF, 0xFF, 0xFF, 0xFF, 0xFF, 0xFF, 0xFF, 0xFF, 0xFF, 0xFF, 0xFF,
    0xFF, 0xFF, 0xFF, 0xFF, 0xFF, 0xFF, 0xFF, 0xFF, 0xFF, 0xFF, 0xFF, 0xFF, 0xFF, 0xFF, 0xFF, 0xFF,
    0xFF, 0xFF, 0xFF, 0xFF, 0xFF, 0xFF, 0xFF, 0xFF, 0xFF, 0xFF, 0xFF, 0xFF, 0xFF, 0xFF, 0xFF, 0xFF,
    0xFF, 0xFF, 0xFF, 0xFF, 0xFF, 0xFF, 0xFF, 0xFF, 0xFF, 0xFF, 0xFF, 0xFF, 0xFF, 0xFF, 0xFF, 0xFF,
    0xFF, 0xFF, 0xFF, 0xFF, 0xFF, 0xFF, 0xFF, 0xFF, 0xFF, 0xFF, 0xFF, 0xFF, 0xFF, 0xFF, 0xFF, 0xFF,
    0xFF, 0xFF, 0xFF, 0xFF, 0xFF, 0xFF, 0xFF, 0xFF, 0xFF, 0xFF, 0xFF, 0xFF, 0xFF, 0xFF, 0xFF, 0xFF,
    0xFF, 0xFF, 0xFF, 0xFF, 0xFF, 0xFF, 0xFF, 0xFF, 0xFF, 0xFF, 0xFF, 0xFF, 0xFF, 0xFF, 0xFF, 0xFF,
    0xFF, 0xFF, 0xFF, 0xFF, 0xFF, 0xFF, 0xFF, 0xFF, 0xFF, 0xFF, 0xFF, 0xFF, 0xFF, 0xFF, 0xFF, 0xFF,
    0xFF, 0xFF, 0xFF, 0xFF, 0xFF, 0xFF, 0xFF, 0xFF, 0xFF, 0xFF, 0xFF, 0xFF, 0xFF, 0xFF, 0xFF, 0xFF,
    0xFF, 0xFF, 0xFF, 0xFF, 0xFF, 0xFF, 0xFF, 0xFF, 0xFF, 0xFF, 0xFF, 0xFF, 0xFF, 0xFF, 0xFF, 0xFF,
    0xFF, 0xFF, 0xFF, 0xFF, 0xFF, 0xFF, 0xFF, 0xFF, 0xFF, 0xFF, 0xFF, 0xFF, 0xFF, 0xFF, 0xFF, 0xFF,
    0xFF, 0xFF, 0xFF, 0xFF, 0xFF, 0xFF, 0xFF, 0xFF, 0xFF, 0xFF, 0xFF, 0xFF, 0xFF, 0xFF, 0xFF, 0xFF,
    0xFF, 0xFF, 0xFF, 0xFF, 0xFF, 0xFF, 0xFF, 0xFF, 0xFF, 0xFF, 0xFF, 0xFF, 0xFF, 0xFF, 0xFF, 0xFF,
    0xFF, 0xFF, 0xFF, 0xFF, 0xFF, 0xFF, 0xFF, 0xFF, 0xFF, 0xFF, 0xFF, 0xFF, 0xFF, 0xFF, 0xFF, 0xFF,
    0xFF, 0xFF, 0xFF, 0xFF, 0xFF, 0xFF, 0xFF, 0xFF, 0xFF, 0xFF, 0xFF, 0xFF, 0xFF, 0xFF, 0xFF, 0xFF,
    0xFF, 0xFF, 0xFF, 0xFF, 0xFF, 0xFF, 0xFF, 0xFF, 0xFF, 0xFF, 0xFF, 0xFF, 0xFF, 0xFF, 0xFF, 0xFF,
    0xFF, 0xFF, 0xFF, 0xFF, 0xFF, 0xFF, 0xFF, 0xFF, 0xFF, 0xFF, 0xFF, 0xFF, 0xFF, 0xFF, 0xFF, 0xFF,
    0xFF, 0xFF, 0xFF, 0xFF, 0xFF, 0xFF, 0xFF, 0xFF, 0xFF, 0xFF, 0xFF, 0xFF, 0xFF, 0xFF, 0xFF, 0xFF,
    0xFF, 0xFF, 0xFF, 0xFF, 0xFF, 0xFF, 0xFF, 0xFF, 0xFF, 0xFF, 0xFF, 0xFF, 0xFF, 0xFF, 0xFF, 0xFF,
    0xFF, 0xFF, 0xFF, 0xFF, 0xFF, 0xFF, 0x3D, 0xE7, 0xD8, 0xAD, 0x7E, 0xEF, 0xDF, 0xF7, 0xBB, 0xD6,
    0x12, 0x74, 0x77, 0xA5, 0xFF, 0xFF, 0xFF, 0xFF, 0xFF, 0xFF, 0xFF, 0xFF, 0xFF, 0xFF, 0xFF, 0xFF,
    0xFF, 0xFF, 0xFF, 0xFF, 0xFF, 0xFF, 0xFF, 0xFF, 0xFF, 0xFF, 0xFF, 0xFF, 0xFF, 0xFF, 0xFF, 0xFF,
    0xFF, 0xFF, 0xFF, 0xFF, 0xFF, 0xFF, 0xFF, 0xFF, 0xFF, 0xFF, 0xFF, 0xFF, 0xFF, 0xFF, 0xFF, 0xFF,
    0xFF, 0xFF, 0xFF, 0xFF, 0xFF, 0xFF, 0xFF, 0xFF, 0xFF, 0xFF, 0xFF, 0xFF, 0xFF, 0xFF, 0xFF, 0xFF,
    0xFF, 0xFF, 0xFF, 0xFF, 0xFF, 0xFF, 0xFF, 0xFF, 0xFF, 0xFF, 0xFF, 0xFF, 0xFF, 0xFF, 0xFF, 0xFF,
    0xFF, 0xFF, 0xFF, 0xFF, 0xFF, 0xFF, 0xFF, 0xFF, 0xFF, 0xFF, 0xFF, 0xFF, 0xFF, 0xFF, 0xFF, 0xFF,
    0xFF, 0xFF, 0xFF, 0xFF, 0xFF, 0xFF, 0xFF, 0xFF, 0xFF, 0xFF, 0xFF, 0xFF, 0xFF, 0xFF, 0xFF, 0xFF,
    0xFF, 0xFF, 0xFF, 0xFF, 0xFF, 0xFF, 0xFF, 0xFF, 0xFF, 0xFF, 0xFF, 0xFF, 0xFF, 0xFF, 0xFF, 0xFF,
    0xFF, 0xFF, 0xFF, 0xFF, 0xFF, 0xFF, 0xFF, 0xFF, 0xFF, 0xFF, 0xFF, 0xFF, 0xFF, 0xFF, 0xFF, 0xFF,
    0xFF, 0xFF, 0xFF, 0xFF, 0xFF, 0xFF, 0xFF, 0xFF, 0xFF, 0xFF, 0xFF, 0xFF, 0xFF, 0xFF, 0xFF, 0xFF,
    0xFF, 0xFF, 0xFF, 0xFF, 0xFF, 0xFF, 0xFF, 0xFF, 0xFF, 0xFF, 0xFF, 0xFF, 0xFF, 0xFF, 0xFF, 0xFF,
    0xFF, 0xFF, 0xFF, 0xFF, 0xFF, 0xFF, 0xFF, 0xFF, 0xFF, 0xFF, 0xFF, 0xFF, 0xFF, 0xFF, 0xFF, 0xFF,
    0xFF, 0xFF, 0xFF, 0xFF, 0xFF, 0xFF, 0xFF, 0xFF, 0xFF, 0xFF, 0xFF, 0xFF, 0xFF, 0xFF, 0xFF, 0xFF,
    0xFF, 0xFF, 0xFF, 0xFF, 0xFF, 0xFF, 0xFF, 0xFF, 0xFF, 0xFF, 0xFF, 0xFF, 0xFF, 0xFF, 0xFF, 0xFF,
    0xFF, 0xFF, 0xFF, 0xFF, 0xFF, 0xFF, 0xFF, 0xFF, 0x36, 0x9D, 0xD5, 0x8C, 0xFF, 0xFF, 0xFF, 0xFF,
    0xFF, 0xFF, 0xFF, 0xFF, 0xFF, 0xFF, 0xFF, 0xFF, 0xFF, 0xFF, 0xFF, 0xFF, 0xFF, 0xFF, 0xFF, 0xFF,
    0xFF, 0xFF, 0xFF, 0xFF, 0xFF, 0xFF, 0xFF, 0xFF, 0xFF, 0xFF, 0xFF, 0xFF, 0xFF, 0xFF, 0xFF, 0xFF,
    0xFF, 0xFF, 0xFF, 0xFF, 0xFF, 0xFF, 0xFF, 0xFF, 0xFF, 0xFF, 0xFF, 0xFF, 0xFF, 0xFF, 0xFF, 0xFF,
    0xFF, 0xFF, 0xFF, 0xFF, 0xFF, 0xFF, 0xFF, 0xFF, 0xFF, 0xFF, 0xFF, 0xFF, 0xFF, 0xFF, 0xFF, 0xFF,
    0xFF, 0xFF, 0xFF, 0xFF, 0xFF, 0xFF, 0xFF, 0xFF, 0xFF, 0xFF, 0xFF, 0xFF, 0xFF, 0xFF, 0x36, 0x9D,
    0xD5, 0x8C, 0xFF, 0xFF, 0xFF, 0xFF, 0xFF, 0xFF, 0xFF, 0xFF, 0xFF, 0xFF, 0xFF, 0xFF, 0xFF, 0xFF,
    0xFF, 0xFF, 0xFF, 0xFF, 0xFF, 0xFF, 0xFF, 0xFF, 0xFF, 0xFF, 0xFF, 0xFF, 0xFF, 0xFF, 0xFF, 0xFF,
    0xFF, 0xFF, 0xFF, 0xFF, 0xFF, 0xFF, 0xFF, 0xFF, 0xFF, 0xFF, 0xFF, 0xFF, 0xFF, 0xFF, 0xFF, 0xFF,
    0xFF, 0xFF, 0xFF, 0xFF, 0xFF, 0xFF, 0xFF, 0xFF, 0xFF, 0xFF, 0xFF, 0xFF, 0xFF, 0xFF, 0xFF, 0xFF,
    0xFF, 0xFF, 0xFF, 0xFF, 0xFF, 0xFF, 0xFF, 0xFF, 0xFF, 0xFF, 0xFF, 0xFF, 0xFF, 0xFF, 0xFF, 0xFF,
    0xFF, 0xFF, 0xFF, 0xFF, 0xFF, 0xFF, 0xFF, 0xFF, 0xFF, 0xFF, 0xFF, 0xFF, 0xFF, 0xFF, 0xFF, 0xFF,
    0xFF, 0xFF, 0xFF, 0xFF, 0xFF, 0xFF, 0xFF, 0xFF, 0xFF, 0xFF, 0xFF, 0xFF, 0xFF, 0xFF, 0xFF, 0xFF,
    0xFF, 0xFF, 0xFF, 0xFF, 0xFF, 0xFF, 0xFF, 0xFF, 0xFF, 0xFF, 0xFF, 0xFF, 0xFF, 0xFF, 0xFF, 0xFF,
    0xFF, 0xFF, 0xFF, 0xFF, 0xFF, 0xFF, 0xFF, 0xFF, 0xFF, 0xFF, 0xFF, 0xFF, 0xFF, 0xFF, 0xFF, 0xFF,
    0xFF, 0xFF, 0xFF, 0xFF, 0xFF, 0xFF, 0xFF, 0xFF, 0xFF, 0xFF, 0xFF, 0xFF, 0xFF, 0xFF, 0xFF, 0xFF,
    0xFF, 0xFF, 0xFF, 0xFF, 0xFF, 0xFF, 0xFF, 0xFF, 0xFF, 0xFF, 0xFF, 0xFF, 0xFF, 0xFF, 0xFF, 0xFF,
    0xFF, 0xFF, 0xFF, 0xFF, 0xFF, 0xFF, 0xFF, 0xFF, 0xFF, 0xFF, 0x3D, 0xE7, 0xD8, 0xAD, 0x7E, 0xEF,
    0xDF, 0xF7, 0xBB, 0xD6, 0x12, 0x74, 0x77, 0xA5, 0xFF, 0xFF, 0xFF, 0xFF, 0xFF, 0xFF, 0xFF, 0xFF,
    0xFF, 0xFF, 0xFF, 0xFF, 0xFF, 0xFF, 0xFF, 0xFF, 0xFF, 0xFF, 0xFF, 0xFF, 0xFF, 0xFF, 0xFF, 0xFF,
    0xFF, 0xFF, 0xFF, 0xFF, 0xFF, 0xFF, 0xFF, 0xFF, 0xFF, 0xFF, 0xFF, 0xFF, 0xFF, 0xFF, 0xFF, 0xFF,
    0xFF, 0xFF, 0xFF, 0xFF, 0xFF, 0xFF, 0xFF, 0xFF, 0xFF, 0xFF, 0xFF, 0xFF, 0xFF, 0xFF, 0xFF, 0xFF,
    0xFF, 0xFF, 0xFF, 0xFF, 0xFF, 0xFF, 0xFF, 0xFF, 0xFF, 0xFF, 0xFF, 0xFF, 0xFF, 0xFF, 0xFF, 0xFF,
    0xFF, 0xFF, 0xFF, 0xFF, 0xFF, 0xFF, 0xFF, 0xFF, 0xFF, 0xFF, 0xFF, 0xFF, 0xFF, 0xFF, 0xFF, 0xFF,
    0xFF, 0xFF, 0xFF, 0xFF, 0xFF, 0xFF, 0xFF, 0xFF, 0xFF, 0xFF, 0xFF, 0xFF, 0xFF, 0xFF, 0xFF, 0xFF,
    0xFF, 0xFF, 0xFF, 0xFF, 0xFF, 0xFF, 0xFF, 0xFF, 0xFF, 0xFF, 0xFF, 0xFF, 0xFF, 0xFF, 0xFF, 0xFF,
    0xFF, 0xFF, 0xFF, 0xFF, 0xFF, 0xFF, 0xFF, 0xFF, 0xFF, 0xFF, 0xFF, 0xFF, 0xFF, 0xFF, 0xFF, 0xFF,
    0xFF, 0xFF, 0xFF, 0xFF, 0xFF, 0xFF, 0xFF, 0xFF, 0xFF, 0xFF, 0xFF, 0xFF, 0xFF, 0xFF, 0xFF, 0xFF,
    0xFF, 0xFF, 0xFF, 0xFF, 0xFF, 0xFF, 0xFF, 0xFF, 0xFF, 0xFF, 0xFF, 0xFF, 0xFF, 0xFF, 0xFF, 0xFF,
    0xFF, 0xFF, 0xFF, 0xFF, 0xFF, 0xFF, 0xFF, 0xFF, 0xFF, 0xFF, 0xFF, 0xFF, 0xFF, 0xFF, 0xFF, 0xFF,
    0xFF, 0xFF, 0xFF, 0xFF, 0xFF, 0xFF, 0xFF, 0xFF, 0xFF, 0xFF, 0xFF, 0xFF, 0xFF, 0xFF, 0xFF, 0xFF,
    0xFF, 0xFF, 0xFF, 0xFF, 0xFF, 0xFF, 0xFF, 0xFF, 0xFF, 0xFF, 0xFF, 0xFF, 0xFF, 0xFF, 0xFF, 0xFF,
    0xFF, 0xFF, 0xFF, 0xFF, 0xFF, 0xFF, 0xFF, 0xFF, 0xFF, 0xFF, 0xFF, 0xFF, 0xFF, 0xFF, 0xFF, 0xFF,
    0xFF, 0xFF, 0xFF, 0xFF, 0xFF, 0xFF, 0xFF, 0xFF, 0xFF, 0xFF, 0xFF, 0xFF, 0xFF, 0xFF, 0xFF, 0xFF,
    0xFF, 0xFF, 0xFF, 0xFF, 0xFF, 0xFF, 0xFF, 0xFF, 0xFF, 0xFF, 0xFF, 0xFF, 0xFF, 0xFF, 0xFF, 0xFF,
    0xFF, 0xFF, 0xFF, 0xFF, 0xFF, 0xFF, 0xFF, 0xFF, 0xFF, 0xFF, 0xFF, 0xFF, 0xFF, 0xFF, 0xFF, 0xFF,
    0xFF, 0xFF, 0xFF, 0xFF, 0xFF, 0xFF, 0xFF, 0xFF, 0xFF, 0xFF, 0xFF, 0xFF, 0xFF, 0xFF, 0xFF, 0xFF,
    0xFF, 0xFF, 0xFF, 0xFF, 0xFF, 0xFF, 0xFF, 0xFF, 0xFF, 0xFF, 0xFF, 0xFF, 0xFF, 0xFF, 0xFF, 0xFF,
    0xFF, 0xFF, 0xFF, 0xFF, 0xFF, 0xFF, 0xFF, 0xFF, 0xFF, 0xFF, 0xFF, 0xFF, 0xFF, 0xFF, 0xFF, 0xFF,
    0xFF, 0xFF, 0xFF, 0xFF, 0xFF, 0xFF, 0xFF, 0xFF, 0xFF, 0xFF, 0xFF, 0xFF, 0xFF, 0xFF, 0xFF, 0xFF,
    0xFF, 0xFF, 0xFF, 0xFF, 0xFF, 0xFF, 0xFF, 0xFF, 0xFF, 0xFF, 0xFF, 0xFF, 0xFF, 0xFF, 0xFF, 0xFF,
    0xFF, 0xFF, 0xFF, 0xFF, 0xFF, 0xFF, 0xFF, 0xFF, 0xFF, 0xFF, 0xFF, 0xFF, 0xFF, 0xFF, 0xFF, 0xFF,
    0xFF, 0xFF, 0xFF, 0xFF, 0xFF, 0xFF, 0xFF, 0xFF, 0xFF, 0xFF, 0xFF, 0xFF, 0xFF, 0xFF, 0xFF, 0xFF,
    0xF9, 0xB5, 0x53, 0x7C, 0xD1, 0x6B, 0x53, 0x7C, 0xD8, 0xB5, 0xFF, 0xFF, 0xFF, 0xFF, 0xFF, 0xFF,
    0xFF, 0xFF, 0xFF, 0xFF, 0xFF, 0xFF, 0xFF, 0xFF, 0xFF, 0xFF, 0xFF, 0xFF, 0xFF, 0xFF, 0xFF, 0xFF,
    0xFF, 0xFF, 0xFF, 0xFF, 0xFF, 0xFF, 0xFF, 0xFF, 0xFF, 0xFF, 0xFF, 0xFF, 0xFF, 0xFF, 0xFF, 0xFF,
    0xFF, 0xFF, 0xFF, 0xFF, 0xFF, 0xFF, 0xFF, 0xFF, 0xFF, 0xFF, 0xFF, 0xFF, 0xFF, 0xFF, 0xFF, 0xFF,
    0xFF, 0xFF, 0xFF, 0xFF, 0xFF, 0xFF, 0xFF, 0xFF, 0xFF, 0xFF, 0xFF, 0xFF, 0xFF, 0xFF, 0xFF, 0xFF,
    0xFF, 0xFF, 0xFF, 0xFF, 0xFF, 0xFF, 0xFF, 0xFF, 0xFF, 0xFF, 0xFF, 0xFF, 0xFF, 0xFF, 0xFF, 0xFF,
    0xFF, 0xFF, 0xFF, 0xFF, 0xFF, 0xFF, 0xFF, 0xFF, 0xFF, 0xFF, 0xFF, 0xFF, 0xFF, 0xFF, 0xFF, 0xFF,
    0xFF, 0xFF, 0xFF, 0xFF, 0xFF, 0xFF, 0xFF, 0xFF, 0xFF, 0xFF, 0xFF, 0xFF, 0xFF, 0xFF, 0xFF, 0xFF,
    0xFF, 0xFF, 0xFF, 0xFF, 0xFF, 0xFF, 0xFF, 0xFF, 0xFF, 0xFF, 0xFF, 0xFF, 0xFF, 0xFF, 0xFF, 0xFF,
    0xFF, 0xFF, 0xFF, 0xFF, 0xFF, 0xFF, 0xFF, 0xFF, 0xFF, 0xFF, 0xFF, 0xFF, 0xFF, 0xFF, 0xFF, 0xFF,
    0xFF, 0xFF, 0xFF, 0xFF, 0xFF, 0xFF, 0xFF, 0xFF, 0xFF, 0xFF, 0xFF, 0xFF, 0xFF, 0xFF, 0xFF, 0xFF,
    0xFF, 0xFF, 0xFF, 0xFF, 0xFF, 0xFF, 0xFF, 0xFF, 0xFF, 0xFF, 0xFF, 0xFF, 0xFF, 0xFF, 0xFF, 0xFF,
    0xFF, 0xFF, 0xFF, 0xFF, 0xFF, 0xFF, 0xFF, 0xFF, 0xFF, 0xFF, 0xFF, 0xFF, 0xFF, 0xFF, 0xFF, 0xFF,
    0xFF, 0xFF, 0xFF, 0xFF, 0xFF, 0xFF, 0xFF, 0xFF, 0xFF, 0xFF, 0xFF, 0xFF, 0xFF, 0xFF, 0xFF, 0xFF,
    0xFF, 0xFF, 0xFF, 0xFF, 0xFF, 0xFF, 0xFF, 0xFF, 0xFF, 0xFF, 0xFF, 0xFF, 0xFF, 0xFF, 0xFF, 0xFF,
    0x36, 0x9D, 0xD5, 0x8C, 0xFF, 0xFF, 0xFF, 0xFF, 0xFF, 0xFF, 0xFF, 0xFF, 0xFF, 0xFF, 0xFF, 0xFF,
    0xFF, 0xFF, 0xFF, 0xFF, 0xFF, 0xFF, 0xFF, 0xFF, 0xFF, 0xFF, 0xFF, 0xFF, 0xFF, 0xFF, 0xFF, 0xFF,
    0xFF, 0xFF, 0xFF, 0xFF, 0xFF, 0xFF, 0xFF, 0xFF, 0xFF, 0xFF, 0xFF, 0xFF, 0xFF, 0xFF, 0xFF, 0xFF,
    0xFF, 0xFF, 0xFF, 0xFF, 0xFF, 0xFF, 0xFF, 0xFF, 0xFF, 0xFF, 0xFF, 0xFF, 0xFF, 0xFF, 0xFF, 0xFF,
    0xFF, 0xFF, 0xFF, 0xFF, 0xFF, 0xFF, 0xFF, 0xFF, 0xFF, 0xFF, 0xFF, 0xFF, 0xFF, 0xFF, 0xFF, 0xFF,
    0xFF, 0xFF, 0xFF, 0xFF, 0xFF, 0xFF, 0x36, 0x9D, 0xD5, 0x8C, 0xFF, 0xFF, 0xFF, 0xFF, 0xFF, 0xFF,
    0xFF, 0xFF, 0xFF, 0xFF, 0xFF, 0xFF, 0xFF, 0xFF, 0xFF, 0xFF, 0xFF, 0xFF, 0xFF, 0xFF, 0xFF, 0xFF,
    0xFF, 0xFF, 0xFF, 0xFF, 0xFF, 0xFF, 0xFF, 0xFF, 0xFF, 0xFF, 0xFF, 0xFF, 0xFF, 0xFF, 0xFF, 0xFF,
    0xFF, 0xFF, 0xFF, 0xFF, 0xFF, 0xFF, 0xFF, 0xFF, 0xFF, 0xFF, 0xFF, 0xFF, 0xFF, 0xFF, 0xFF, 0xFF,
    0xFF, 0xFF, 0xFF, 0xFF, 0xFF, 0xFF, 0xFF, 0xFF, 0xFF, 0xFF, 0xFF, 0xFF, 0xFF, 0xFF, 0xFF, 0xFF,
    0xFF, 0xFF, 0xFF, 0xFF, 0xFF, 0xFF, 0xFF, 0xFF, 0xFF, 0xFF, 0xFF, 0xFF, 0xFF, 0xFF, 0xFF, 0xFF,
    0xFF, 0xFF, 0xFF, 0xFF, 0xFF, 0xFF, 0xFF, 0xFF, 0xFF, 0xFF, 0xFF, 0xFF, 0xFF, 0xFF, 0xFF, 0xFF,
    0xFF, 0xFF, 0xFF, 0xFF, 0xFF, 0xFF, 0xFF, 0xFF, 0xFF, 0xFF, 0xFF, 0xFF, 0xFF, 0xFF, 0xFF, 0xFF,
    0xFF, 0xFF, 0xFF, 0xFF, 0xFF, 0xFF, 0xFF, 0xFF, 0xFF, 0xFF, 0xFF, 0xFF, 0xFF, 0xFF, 0xFF, 0xFF,
    0xFF, 0xFF, 0xFF, 0xFF, 0xFF, 0xFF, 0xFF, 0xFF, 0xFF, 0xFF, 0xFF, 0xFF, 0xFF, 0xFF, 0xFF, 0xFF,
    0xFF, 0xFF, 0xFF, 0xFF, 0xFF, 0xFF, 0xFF, 0xFF, 0xFF, 0xFF, 0xFF, 0xFF, 0xFF, 0xFF, 0xFF, 0xFF,
    0xFF, 0xFF, 0xFF, 0xFF, 0xFF, 0xFF, 0xFF, 0xFF, 0xFF, 0xFF, 0xFF, 0xFF, 0xFF, 0xFF, 0xFF, 0xFF,
    0xFF, 0xFF, 0xFF, 0xFF, 0xF9, 0xB5, 0x53, 0x7C, 0xD1, 0x6B, 0x53, 0x7C, 0xD8, 0xB5, 0xFF, 0xFF,
    0xFF, 0xFF, 0xFF, 0xFF, 0xFF, 0xFF, 0xFF, 0xFF, 0xFF, 0xFF, 0xFF, 0xFF, 0xFF, 0xFF, 0xFF, 0xFF,
    0xFF, 0xFF, 0xFF, 0xFF, 0xFF, 0xFF, 0xFF, 0xFF, 0xFF, 0xFF, 0xFF, 0xFF, 0xFF, 0xFF, 0xFF, 0xFF,
    0xFF, 0xFF, 0xFF, 0xFF, 0xFF, 0xFF, 0xFF, 0xFF, 0xFF, 0xFF, 0xFF, 0xFF, 0xFF, 0xFF, 0xFF, 0xFF,
    0xFF, 0xFF, 0xFF, 0xFF, 0xFF, 0xFF, 0xFF, 0xFF, 0xFF, 0xFF, 0xFF, 0xFF, 0xFF, 0xFF, 0xFF, 0xFF,
    0xFF, 0xFF, 0xFF, 0xFF, 0xFF, 0xFF, 0xFF, 0xFF, 0xFF, 0xFF, 0xFF, 0xFF, 0xFF, 0xFF, 0xFF, 0xFF,
    0xFF, 0xFF, 0xFF, 0xFF, 0xFF, 0xFF, 0xFF, 0xFF, 0xFF, 0xFF, 0xFF, 0xFF, 0xFF, 0xFF, 0xFF, 0xFF,
    0xFF, 0xFF, 0xFF, 0xFF, 0xFF, 0xFF, 0xFF, 0xFF, 0xFF, 0xFF, 0xFF, 0xFF, 0xFF, 0xFF, 0xFF, 0xFF,
    0xFF, 0xFF, 0xFF, 0xFF, 0xFF, 0xFF, 0xFF, 0xFF, 0xFF, 0xFF, 0xFF, 0xFF, 0xFF, 0xFF, 0xFF, 0xFF,
    0xFF, 0xFF, 0xFF, 0xFF, 0xFF, 0xFF, 0xFF, 0xFF, 0xFF, 0xFF, 0xFF, 0xFF, 0xFF, 0xFF, 0xFF, 0xFF,
    0xFF, 0xFF, 0xFF, 0xFF, 0xFF, 0xFF, 0xFF, 0xFF, 0xFF, 0xFF, 0xFF, 0xFF, 0xFF, 0xFF, 0xFF, 0xFF,
    0xFF, 0xFF, 0xFF, 0xFF, 0xFF, 0xFF, 0xFF, 0xFF, 0xFF, 0xFF, 0xFF, 0xFF, 0xFF, 0xFF, 0xFF, 0xFF,
    0xFF, 0xFF, 0xFF, 0xFF, 0xFF, 0xFF, 0xFF, 0xFF, 0xFF, 0xFF, 0xFF, 0xFF, 0xFF, 0xFF, 0xFF, 0xFF,
    0xFF, 0xFF, 0xFF, 0xFF, 0xFF, 0xFF, 0xFF, 0xFF, 0xFF, 0xFF, 0xFF, 0xFF, 0xFF, 0xFF, 0xFF, 0xFF,
    0xFF, 0xFF, 0xFF, 0xFF, 0xFF, 0xFF, 0xFF, 0xFF, 0xFF, 0xFF, 0xFF, 0xFF, 0xFF, 0xFF, 0xFF, 0xFF,
    0xFF, 0xFF, 0xFF, 0xFF, 0xFF, 0xFF, 0xFF, 0xFF, 0xFF, 0xFF, 0xFF, 0xFF, 0xFF, 0xFF, 0xFF, 0xFF,
    0xFF, 0xFF, 0xFF, 0xFF, 0xFF, 0xFF, 0xFF, 0xFF, 0xFF, 0xFF, 0xFF, 0xFF, 0xFF, 0xFF, 0xFF, 0xFF,
    0xFF, 0xFF, 0xFF, 0xFF, 0xFF, 0xFF, 0xFF, 0xFF, 0xFF, 0xFF, 0xFF, 0xFF, 0xFF, 0xFF, 0xFF, 0xFF,
    0xFF, 0xFF, 0xFF, 0xFF, 0xFF, 0xFF, 0xFF, 0xFF, 0xFF, 0xFF, 0xFF, 0xFF, 0xFF, 0xFF, 0xFF, 0xFF,
    0xFF, 0xFF, 0xFF, 0xFF, 0xFF, 0xFF, 0xFF, 0xFF, 0xFF, 0xFF, 0xFF, 0xFF, 0xFF, 0xFF, 0xFF, 0xFF,
    0xFF, 0xFF, 0xFF, 0xFF, 0xFF, 0xFF, 0xFF, 0xFF, 0xFF, 0xFF, 0xFF, 0xFF, 0xFF, 0xFF, 0xFF, 0xFF,
    0xFF, 0xFF, 0xFF, 0xFF, 0xFF, 0xFF, 0xFF, 0xFF, 0xFF, 0xFF, 0xFF, 0xFF, 0xFF, 0xFF, 0xFF, 0xFF,
    0xFF, 0xFF, 0xFF, 0xFF, 0xFF, 0xFF, 0xFF, 0xFF, 0xFF, 0xFF, 0xFF, 0xFF, 0xFF, 0xFF, 0xFF, 0xFF,
    0xFF, 0xFF, 0xFF, 0xFF, 0xFF, 0xFF, 0xFF, 0xFF, 0xFF, 0xFF, 0xFF, 0xFF, 0xFF, 0xFF, 0xFF, 0xFF,
    0xFF, 0xFF, 0xFF, 0xFF, 0xFF, 0xFF, 0xFF, 0xFF, 0xFF, 0xFF, 0xFF, 0xFF, 0xFF, 0xFF, 0xFF, 0xFF,
    0xFF, 0xFF, 0xFF, 0xFF, 0xFF, 0xFF, 0xFF, 0xFF, 0xFF, 0xFF, 0xFF, 0xFF, 0xFF, 0xFF, 0xFF, 0xFF,
    0xFF, 0xFF, 0xFF, 0xFF, 0xFF, 0xFF, 0xFF, 0xFF, 0xFF, 0xFF, 0xFF, 0xFF, 0xFF, 0xFF, 0xFF, 0xFF,
    0xFF, 0xFF, 0xFF, 0xFF, 0xFF, 0xFF, 0xFF, 0xFF, 0xFF, 0xFF, 0xFF, 0xFF, 0xFF, 0xFF, 0xFF, 0xFF,
    0xFF, 0xFF, 0xFF, 0xFF, 0xFF, 0xFF, 0xFF, 0xFF, 0xFF, 0xFF, 0xFF, 0xFF, 0xFF, 0xFF, 0xFF, 0xFF,
    0xFF, 0xFF, 0xFF, 0xFF, 0xFF, 0xFF, 0xFF, 0xFF, 0xFF, 0xFF, 0xFF, 0xFF, 0xFF, 0xFF, 0xFF, 0xFF,
    0xFF, 0xFF, 0xFF, 0xFF, 0xFF, 0xFF, 0xFF, 0xFF, 0xFF, 0xFF, 0xFF, 0xFF, 0xFF, 0xFF, 0xFF, 0xFF,
    0xFF, 0xFF, 0xFF, 0xFF, 0xFF, 0xFF, 0xFF, 0xFF, 0xFF, 0xFF, 0xFF, 0xFF, 0xFF, 0xFF, 0xFF, 0xFF,
    0xFF, 0xFF, 0xFF, 0xFF, 0xFF, 0xFF, 0xFF, 0xFF, 0xFF, 0xFF, 0xFF, 0xFF, 0xFF, 0xFF, 0xFF, 0xFF,
    0xFF, 0xFF, 0xFF, 0xFF, 0xFF, 0xFF, 0xFF, 0xFF, 0xFF, 0xFF, 0xFF, 0xFF, 0xFF, 0xFF, 0xFF, 0xFF,
    0xFF, 0xFF, 0xFF, 0xFF, 0xFF, 0xFF, 0xFF, 0xFF, 0xFF, 0xFF, 0xFF, 0xFF, 0xFF, 0xFF, 0xFF, 0xFF,
    0xFF, 0xFF, 0xFF, 0xFF, 0xFF, 0xFF, 0xFF, 0xFF, 0xFF, 0xFF, 0xFF, 0xFF, 0xFF, 0xFF, 0xFF, 0xFF,
    0xFF, 0xFF, 0xFF, 0xFF, 0xFF, 0xFF, 0xFF, 0xFF, 0xFF, 0xFF, 0xFF, 0xFF, 0xFF, 0xFF, 0xFF, 0xFF,
    0xFF, 0xFF, 0xFF, 0xFF, 0xFF, 0xFF, 0xFF, 0xFF, 0xFF, 0xFF, 0xFF, 0xFF, 0xFF, 0xFF, 0xFF, 0xFF,
    0xFF, 0xFF, 0xFF, 0xFF, 0xFF, 0xFF, 0xFF, 0xFF, 0xFF, 0xFF, 0xFF, 0xFF, 0xFF, 0xFF, 0xFF, 0xFF,
    0xFF, 0xFF, 0xFF, 0xFF, 0xFF, 0xFF, 0xFF, 0xFF, 0xFF, 0xFF, 0xFF, 0xFF, 0xFF, 0xFF, 0xFF, 0xFF,
    0xFF, 0xFF, 0xFF, 0xFF, 0xFF, 0xFF, 0xFF, 0xFF, 0xFF, 0xFF, 0xFF, 0xFF, 0xFF, 0xFF, 0xFF, 0xFF,
    0xFF, 0xFF, 0xFF, 0xFF, 0xFF, 0xFF, 0xFF, 0xFF, 0xFF, 0xFF, 0xFF, 0xFF, 0xFF, 0xFF, 0xFF, 0xFF,
    0xFF, 0xFF, 0xFF, 0xFF, 0xFF, 0xFF, 0xFF, 0xFF, 0xFF, 0xFF, 0xFF, 0xFF, 0xFF, 0xFF, 0xFF, 0xFF,
    0xFF, 0xFF, 0xFF, 0xFF, 0xFF, 0xFF, 0xFF, 0xFF, 0xFF, 0xFF, 0xFF, 0xFF, 0xFF, 0xFF, 0xFF, 0xFF,
    0xFF, 0xFF, 0xFF, 0xFF, 0xFF, 0xFF, 0xFF, 0xFF, 0xFF, 0xFF, 0xFF, 0xFF, 0xFF, 0xFF, 0xFF, 0xFF,
    0xFF, 0xFF, 0xFF, 0xFF, 0xFF, 0xFF, 0xFF, 0xFF, 0xFF, 0xFF, 0xFF, 0xFF, 0xFF, 0xFF, 0xFF, 0xFF,
    0xFF, 0xFF, 0xFF, 0xFF, 0xFF, 0xFF, 0xFF, 0xFF, 0xFF, 0xFF, 0xFF, 0xFF, 0xFF, 0xFF, 0xFF, 0xFF,
    0xFF, 0xFF, 0xFF, 0xFF, 0xFF, 0xFF, 0xFF, 0xFF, 0xFF, 0xFF, 0xFF, 0xFF, 0xFF, 0xFF, 0xFF, 0xFF,
    0xFF, 0xFF, 0xFF, 0xFF, 0xFF, 0xFF, 0xFF, 0xFF, 0xFF, 0xFF, 0xFF, 0xFF, 0xFF, 0xFF, 0xFF, 0xFF,
    0xFF, 0xFF, 0xFF, 0xFF, 0xFF, 0xFF, 0xFF, 0xFF, 0xFF, 0xFF, 0xFF, 0xFF, 0xFF, 0xFF, 0xFF, 0xFF,
    0xFF, 0xFF, 0xFF, 0xFF, 0xFF, 0xFF, 0xFF, 0xFF, 0xFF, 0xFF, 0xFF, 0xFF, 0xFF, 0xFF, 0xFF, 0xFF,
    0xFF, 0xFF, 0xFF, 0xFF, 0xFF, 0xFF, 0xFF, 0xFF, 0xFF, 0xFF, 0xFF, 0xFF, 0xFF, 0xFF, 0xFF, 0xFF,
    0xFF, 0xFF, 0xFF, 0xFF, 0xFF, 0xFF, 0xFF, 0xFF, 0xFF, 0xFF, 0xFF, 0xFF, 0xFF, 0xFF, 0xFF, 0xFF,
    0xFF, 0xFF, 0xFF, 0xFF, 0xFF, 0xFF, 0xFF, 0xFF, 0xFF, 0xFF, 0xFF, 0xFF, 0xFF, 0xFF, 0xFF, 0xFF,
    0xFF, 0xFF, 0xFF, 0xFF, 0xFF, 0xFF, 0xFF, 0xFF, 0xFF, 0xFF, 0xFF, 0xFF, 0xFF, 0xFF, 0xFF, 0xFF,
    0xFF, 0xFF, 0xFF, 0xFF, 0xFF, 0xFF, 0xFF, 0xFF, 0xFF, 0xFF, 0xFF, 0xFF, 0xFF, 0xFF, 0xFF, 0xFF,
    0xFF, 0xFF, 0xFF, 0xFF, 0xFF, 0xFF, 0xFF, 0xFF, 0xFF, 0xFF, 0xFF, 0xFF, 0xFF, 0xFF, 0xFF, 0xFF,
    0xFF, 0xFF, 0xFF, 0xFF, 0xFF, 0xFF, 0xFF, 0xFF, 0xFF, 0xFF, 0xFF, 0xFF, 0xFF, 0xFF, 0xFF, 0xFF,
    0xFF, 0xFF, 0xFF, 0xFF, 0xFF, 0xFF, 0xFF, 0xFF, 0xFF, 0xFF, 0xFF, 0xFF, 0xFF, 0xFF, 0xFF, 0xFF,
    0xFF, 0xFF, 0xFF, 0xFF, 0xFF, 0xFF, 0xFF, 0xFF, 0xFF, 0xFF, 0xFF, 0xFF, 0xFF, 0xFF, 0xFF, 0xFF,
    0xFF, 0xFF, 0xFF, 0xFF, 0xFF, 0xFF, 0xFF, 0xFF, 0xFF, 0xFF, 0xFF, 0xFF, 0xFF, 0xFF, 0xFF, 0xFF,
    0xFF, 0xFF, 0xFF, 0xFF, 0xFF, 0xFF, 0xFF, 0xFF, 0xFF, 0xFF, 0xFF, 0xFF, 0xFF, 0xFF, 0xFF, 0xFF,
    0xFF, 0xFF, 0xFF, 0xFF, 0xFF, 0xFF, 0xFF, 0xFF, 0xFF, 0xFF, 0xFF, 0xFF, 0xFF, 0xFF, 0xFF, 0xFF,
    0xFF, 0xFF, 0xFF, 0xFF, 0xFF, 0xFF, 0xFF, 0xFF, 0xFF, 0xFF, 0xFF, 0xFF, 0xFF, 0xFF, 0xFF, 0xFF,
    0xFF, 0xFF, 0xFF, 0xFF, 0xFF, 0xFF, 0xFF, 0xFF, 0xFF, 0xFF, 0xFF, 0xFF, 0xFF, 0xFF, 0xFF, 0xFF,
    0xFF, 0xFF, 0xFF, 0xFF, 0xFF, 0xFF, 0xFF, 0xFF, 0xFF, 0xFF, 0xFF, 0xFF, 0xFF, 0xFF, 0xFF, 0xFF,
    0xFF, 0xFF, 0xFF, 0xFF, 0xFF, 0xFF, 0xFF, 0xFF, 0xFF, 0xFF, 0xFF, 0xFF, 0xFF, 0xFF, 0xFF, 0xFF,
    0xFF, 0xFF, 0xFF, 0xFF, 0xFF, 0xFF, 0xFF, 0xFF, 0xFF, 0xFF, 0xFF, 0xFF, 0xFF, 0xFF, 0xFF, 0xFF,
    0xFF, 0xFF, 0xFF, 0xFF, 0xFF, 0xFF, 0xFF, 0xFF, 0xFF, 0xFF, 0xFF, 0xFF, 0xFF, 0xFF, 0xFF, 0xFF,
    0xFF, 0xFF, 0xFF, 0xFF, 0xFF, 0xFF, 0xFF, 0xFF, 0xFF, 0xFF, 0xFF, 0xFF, 0xFF, 0xFF, 0xFF, 0xFF,
    0xFF, 0xFF, 0xFF, 0xFF, 0xFF, 0xFF, 0xFF, 0xFF, 0xFF, 0xFF, 0xFF, 0xFF, 0xFF, 0xFF, 0xFF, 0xFF,
    0xFF, 0xFF, 0xFF, 0xFF, 0xFF, 0xFF, 0xFF, 0xFF, 0xFF, 0xFF, 0xFF, 0xFF, 0xFF, 0xFF, 0xFF, 0xFF,
    0xFF, 0xFF, 0xFF, 0xFF, 0xFF, 0xFF, 0xFF, 0xFF, 0xFF, 0xFF, 0xFF, 0xFF, 0xFF, 0xFF, 0xFF, 0xFF,
    0xFF, 0xFF, 0xFF, 0xFF, 0xFF, 0xFF, 0xFF, 0xFF, 0xFF, 0xFF, 0xFF, 0xFF, 0xFF, 0xFF, 0xFF, 0xFF,
    0xFF, 0xFF, 0xFF, 0xFF, 0xFF, 0xFF, 0xFF, 0xFF, 0xFF, 0xFF, 0xFF, 0xFF, 0xFF, 0xFF, 0xFF, 0xFF,
    0xFF, 0xFF, 0xFF, 0xFF, 0xFF, 0xFF, 0xFF, 0xFF, 0xFF, 0xFF, 0xFF, 0xFF, 0xFF, 0xFF, 0xFF, 0xFF,
    0xFF, 0xFF, 0xFF, 0xFF, 0xFF, 0xFF, 0xFF, 0xFF, 0xFF, 0xFF, 0xFF, 0xFF, 0xFF, 0xFF, 0xFF, 0xFF,
    0xFF, 0xFF, 0xFF, 0xFF, 0xFF, 0xFF, 0xFF, 0xFF, 0xFF, 0xFF, 0xFF, 0xFF, 0xFF, 0xFF, 0xFF, 0xFF,
    0xFF, 0xFF, 0xFF, 0xFF, 0xFF, 0xFF, 0xFF, 0xFF, 0xFF, 0xFF, 0xFF, 0xFF, 0xFF, 0xFF, 0xFF, 0xFF,
    0xFF, 0xFF, 0xFF, 0xFF, 0xFF, 0xFF, 0xFF, 0xFF, 0xFF, 0xFF, 0xFF, 0xFF, 0xFF, 0xFF, 0xFF, 0xFF,
    0xFF, 0xFF, 0xFF, 0xFF, 0xFF, 0xFF, 0xFF, 0xFF, 0xFF, 0xFF, 0xFF, 0xFF, 0xFF, 0xFF, 0xFF, 0xFF,
    0xFF, 0xFF, 0xFF, 0xFF, 0xFF, 0xFF, 0xFF, 0xFF, 0xFF, 0xFF, 0xFF, 0xFF, 0xFF, 0xFF, 0xFF, 0xFF,
    0xFF, 0xFF, 0xFF, 0xFF, 0xFF, 0xFF, 0xFF, 0xFF, 0xFF, 0xFF, 0xFF, 0xFF, 0xFF, 0xFF, 0xFF, 0xFF,
    0xFF, 0xFF, 0xFF, 0xFF, 0xFF, 0xFF, 0xFF, 0xFF, 0xFF, 0xFF, 0xFF, 0xFF, 0xFF, 0xFF, 0xFF, 0xFF,
    0xFF, 0xFF, 0xFF, 0xFF, 0xFF, 0xFF, 0xFF, 0xFF, 0xFF, 0xFF, 0xFF, 0xFF, 0xFF, 0xFF, 0xFF, 0xFF,
    0xFF, 0xFF, 0xFF, 0xFF, 0xFF, 0xFF, 0xFF, 0xFF, 0xFF, 0xFF, 0xFF, 0xFF, 0xFF, 0xFF, 0xFF, 0xFF,
    0xFF, 0xFF, 0xFF, 0xFF, 0xFF, 0xFF, 0xFF, 0xFF, 0xFF, 0xFF, 0xFF, 0xFF, 0xFF, 0xFF, 0xFF, 0xFF,
    0xFF, 0xFF, 0xFF, 0xFF, 0xFF, 0xFF, 0xFF, 0xFF, 0xFF, 0xFF, 0xFF, 0xFF, 0xFF, 0xFF, 0xFF, 0xFF,
    0xFF, 0xFF, 0xFF, 0xFF, 0xFF, 0xFF, 0xFF, 0xFF, 0xFF, 0xFF, 0xFF, 0xFF, 0xFF, 0xFF, 0xFF, 0xFF,
    0xFF, 0xFF, 0xFF, 0xFF, 0xFF, 0xFF, 0xFF, 0xFF, 0xFF, 0xFF, 0xFF, 0xFF, 0xFF, 0xFF, 0xFF, 0xFF,
    0xFF, 0xFF, 0xFF, 0xFF, 0xFF, 0xFF, 0xFF, 0xFF, 0xFF, 0xFF, 0xFF, 0xFF, 0xFF, 0xFF, 0xFF, 0xFF,
    0xFF, 0xFF, 0xFF, 0xFF, 0xFF, 0xFF, 0xFF, 0xFF, 0xFF, 0xFF, 0xFF, 0xFF, 0xFF, 0xFF, 0xFF, 0xFF,
    0xFF, 0xFF, 0xFF, 0xFF, 0xFF, 0xFF, 0xFF, 0xFF, 0xFF, 0xFF, 0xFF, 0xFF, 0xFF, 0xFF, 0xFF, 0xFF,
    0xFF, 0xFF, 0xFF, 0xFF, 0xFF, 0xFF, 0xFF, 0xFF, 0xFF, 0xFF, 0xFF, 0xFF, 0xFF, 0xFF, 0xFF, 0xFF,
    0xFF, 0xFF, 0xFF, 0xFF, 0xFF, 0xFF, 0xFF, 0xFF, 0xFF, 0xFF, 0xFF, 0xFF, 0xFF, 0xFF, 0xFF, 0xFF,
    0xFF, 0xFF, 0xFF, 0xFF, 0xFF, 0xFF, 0xFF, 0xFF, 0xFF, 0xFF, 0xFF, 0xFF, 0xFF, 0xFF, 0xFF, 0xFF,
    0xFF, 0xFF, 0xFF, 0xFF, 0xFF, 0xFF, 0xFF, 0xFF, 0xFF, 0xFF, 0xFF, 0xFF, 0xFF, 0xFF, 0xFF, 0xFF,
    0xFF, 0xFF, 0xFF, 0xFF, 0xFF, 0xFF, 0xFF, 0xFF, 0xFF, 0xFF, 0xFF, 0xFF, 0xFF, 0xFF, 0xFF, 0xFF,
    0xFF, 0xFF, 0xFF, 0xFF, 0xFF, 0xFF, 0xFF, 0xFF, 0xFF, 0xFF, 0xFF, 0xFF, 0xFF, 0xFF, 0xFF, 0xFF,
    0xFF, 0xFF, 0xFF, 0xFF, 0xFF, 0xFF, 0xFF, 0xFF, 0xFF, 0xFF, 0xFF, 0xFF, 0xFF, 0xFF, 0xFF, 0xFF,
    0xFF, 0xFF, 0xFF, 0xFF, 0xFF, 0xFF, 0xFF, 0xFF, 0xFF, 0xFF, 0xFF, 0xFF, 0xFF, 0xFF, 0xFF, 0xFF,
    0xFF, 0xFF, 0xFF, 0xFF, 0xFF, 0xFF, 0xFF, 0xFF, 0xFF, 0xFF, 0xFF, 0xFF, 0xFF, 0xFF, 0xFF, 0xFF,
    0xFF, 0xFF, 0xFF, 0xFF, 0xFF, 0xFF, 0xFF, 0xFF, 0xFF, 0xFF, 0xFF, 0xFF, 0xFF, 0xFF, 0xFF, 0xFF,
    0xFF, 0xFF, 0xFF, 0xFF, 0xFF, 0xFF, 0xFF, 0xFF, 0xFF, 0xFF, 0xFF, 0xFF, 0xFF, 0xFF, 0xFF, 0xFF,
    0xFF, 0xFF, 0xFF, 0xFF, 0xFF, 0xFF, 0xFF, 0xFF, 0xFF, 0xFF, 0xFF, 0xFF, 0xFF, 0xFF, 0xFF, 0xFF,
    0xFF, 0xFF, 0xFF, 0xFF, 0xFF, 0xFF, 0xFF, 0xFF, 0xFF, 0xFF, 0xFF, 0xFF, 0xFF, 0xFF, 0xFF, 0xFF,
    0xFF, 0xFF, 0xFF, 0xFF, 0xFF, 0xFF, 0xFF, 0xFF, 0xFF, 0xFF, 0xFF, 0xFF, 0xFF, 0xFF, 0xFF, 0xFF,
    0xFF, 0xFF, 0xFF, 0xFF, 0xFF, 0xFF, 0xFF, 0xFF, 0xFF, 0xFF, 0xFF, 0xFF, 0xFF, 0xFF, 0xFF, 0xFF,
    0xFF, 0xFF, 0xFF, 0xFF, 0xFF, 0xFF, 0xFF, 0xFF, 0xFF, 0xFF, 0xFF, 0xFF, 0xFF, 0xFF, 0xFF, 0xFF,
    0xFF, 0xFF, 0xFF, 0xFF, 0xFF, 0xFF, 0xFF, 0xFF, 0xFF, 0xFF, 0xFF, 0xFF, 0xFF, 0xFF, 0xFF, 0xFF,
    0xFF, 0xFF, 0xFF, 0xFF, 0xFF, 0xFF, 0xFF, 0xFF, 0xFF, 0xFF, 0xFF, 0xFF, 0xFF, 0xFF, 0xFF, 0xFF,
    0xFF, 0xFF, 0xFF, 0xFF, 0xFF, 0xFF, 0xFF, 0xFF, 0xFF, 0xFF, 0xFF, 0xFF, 0xFF, 0xFF, 0xFF, 0xFF,
    0xFF, 0xFF, 0xFF, 0xFF, 0xFF, 0xFF, 0xFF, 0xFF, 0xFF, 0xFF, 0xFF, 0xFF, 0xFF, 0xFF, 0xFF, 0xFF,
    0xFF, 0xFF, 0xFF, 0xFF, 0xFF, 0xFF, 0xFF, 0xFF, 0xFF, 0xFF, 0xFF, 0xFF, 0xFF, 0xFF, 0xFF, 0xFF,
    0xFF, 0xFF, 0xFF, 0xFF, 0xFF, 0xFF, 0xFF, 0xFF, 0xFF, 0xFF, 0xFF, 0xFF, 0xFF, 0xFF, 0xFF, 0xFF,
    0xFF, 0xFF, 0xFF, 0xFF, 0xFF, 0xFF, 0xFF, 0xFF, 0xFF, 0xFF, 0xFF, 0xFF, 0xFF, 0xFF, 0xFF, 0xFF,
    0xFF, 0xFF, 0xFF, 0xFF, 0xFF, 0xFF, 0xFF, 0xFF, 0xFF, 0xFF, 0xFF, 0xFF, 0xFF, 0xFF, 0xFF, 0xFF,
    0xFF, 0xFF, 0xFF, 0xFF, 0xFF, 0xFF, 0xFF, 0xFF, 0xFF, 0xFF, 0xFF, 0xFF, 0xFF, 0xFF, 0xFF, 0xFF,
    0xFF, 0xFF, 0xFF, 0xFF, 0xFF, 0xFF, 0xFF, 0xFF, 0xFF, 0xFF, 0xFF, 0xFF, 0xFF, 0xFF, 0xFF, 0xFF,
    0xFF, 0xFF, 0xFF, 0xFF, 0xFF, 0xFF, 0xFF, 0xFF, 0xFF, 0xFF, 0xFF, 0xFF, 0xFF, 0xFF, 0xFF, 0xFF,
    0xFF, 0xFF, 0xFF, 0xFF, 0xFF, 0xFF, 0xFF, 0xFF, 0xFF, 0xFF, 0xFF, 0xFF, 0xFF, 0xFF, 0xFF, 0xFF,
    0xFF, 0xFF, 0xFF, 0xFF, 0xFF, 0xFF, 0xFF, 0xFF, 0xFF, 0xFF, 0xFF, 0xFF, 0xFF, 0xFF, 0xFF, 0xFF,
    0xFF, 0xFF, 0xFF, 0xFF, 0xFF, 0xFF, 0xFF, 0xFF, 0xFF, 0xFF, 0xFF, 0xFF, 0xFF, 0xFF, 0xFF, 0xFF,
    0xFF, 0xFF, 0xFF, 0xFF, 0xFF, 0xFF, 0xFF, 0xFF, 0xFF, 0xFF, 0xFF, 0xFF, 0xFF, 0xFF, 0xFF, 0xFF,
    0xFF, 0xFF, 0xFF, 0xFF, 0xFF, 0xFF, 0xFF, 0xFF, 0xFF, 0xFF, 0xFF, 0xFF, 0xFF, 0xFF, 0xFF, 0xFF,
    0xFF, 0xFF, 0xFF, 0xFF, 0xFF, 0xFF, 0xFF, 0xFF, 0xFF, 0xFF, 0xFF, 0xFF, 0xFF, 0xFF, 0xFF, 0xFF,
    0xFF, 0xFF, 0xFF, 0xFF, 0xFF, 0xFF, 0xFF, 0xFF, 0xFF, 0xFF, 0xFF, 0xFF, 0xFF, 0xFF, 0xFF, 0xFF,
    0xFF, 0xFF, 0xFF, 0xFF, 0xFF, 0xFF, 0xFF, 0xFF, 0xFF, 0xFF, 0xFF, 0xFF, 0xFF, 0xFF, 0xFF, 0xFF,
    0xFF, 0xFF, 0xFF, 0xFF, 0xFF, 0xFF, 0xFF, 0xFF, 0xFF, 0xFF, 0xFF, 0xFF, 0xFF, 0xFF, 0xFF, 0xFF,
    0xFF, 0xFF, 0xFF, 0xFF, 0xFF, 0xFF, 0xFF, 0xFF, 0xFF, 0xFF, 0xFF, 0xFF, 0xFF, 0xFF, 0xFF, 0xFF,
    0xFF, 0xFF, 0xFF, 0xFF, 0xFF, 0xFF, 0xFF, 0xFF, 0xFF, 0xFF, 0xFF, 0xFF, 0xFF, 0xFF, 0xFF, 0xFF,
    0xFF, 0xFF, 0xFF, 0xFF, 0xFF, 0xFF, 0xFF, 0xFF, 0xFF, 0xFF, 0xFF, 0xFF, 0xFF, 0xFF, 0xFF, 0xFF,
    0xFF, 0xFF, 0xFF, 0xFF, 0xFF, 0xFF, 0xFF, 0xFF, 0xFF, 0xFF, 0xFF, 0xFF, 0xFF, 0xFF, 0xFF, 0xFF,
    0xFF, 0xFF, 0xFF, 0xFF, 0xFF, 0xFF, 0xFF, 0xFF, 0xFF, 0xFF, 0xFF, 0xFF, 0xFF, 0xFF, 0xFF, 0xFF,
    0xFF, 0xFF, 0xFF, 0xFF, 0xFF, 0xFF, 0xFF, 0xFF, 0xFF, 0xFF, 0xFF, 0xFF, 0xFF, 0xFF, 0xFF, 0xFF,
    0xFF, 0xFF, 0xFF, 0xFF, 0xFF, 0xFF, 0xFF, 0xFF, 0xFF, 0xFF, 0xFF, 0xFF, 0xFF, 0xFF, 0xFF, 0xFF,
    0xFF, 0xFF, 0xFF, 0xFF, 0xFF, 0xFF, 0xFF, 0xFF, 0xFF, 0xFF, 0xFF, 0xFF, 0xFF, 0xFF, 0xFF, 0xFF,
    0xFF, 0xFF, 0xFF, 0xFF, 0xFF, 0xFF, 0xFF, 0xFF, 0xFF, 0xFF, 0xFF, 0xFF, 0xFF, 0xFF, 0xFF, 0xFF,
    0xFF, 0xFF, 0xFF, 0xFF, 0xFF, 0xFF, 0xFF, 0xFF, 0xFF, 0xFF, 0xFF, 0xFF, 0xFF, 0xFF, 0xFF, 0xFF,
    0xFF, 0xFF, 0xFF, 0xFF, 0xFF, 0xFF, 0xFF, 0xFF, 0xFF, 0xFF, 0xFF, 0xFF, 0xFF, 0xFF, 0xFF, 0xFF,
    0xFF, 0xFF, 0xFF, 0xFF, 0xFF, 0xFF, 0xFF, 0xFF, 0xFF, 0xFF, 0xFF, 0xFF, 0xFF, 0xFF, 0xFF, 0xFF,
    0xFF, 0xFF, 0xFF, 0xFF, 0xFF, 0xFF, 0xFF, 0xFF, 0xFF, 0xFF, 0xFF, 0xFF, 0xFF, 0xFF, 0xFF, 0xFF,
    0xFF, 0xFF, 0xFF, 0xFF, 0xFF, 0xFF, 0xFF, 0xFF, 0xFF, 0xFF, 0xFF, 0xFF, 0xFF, 0xFF, 0xFF, 0xFF,
    0xFF, 0xFF, 0xFF, 0xFF, 0xFF, 0xFF, 0xFF, 0xFF, 0xFF, 0xFF, 0xFF, 0xFF, 0xFF, 0xFF, 0xFF, 0xFF,
    0xFF, 0xFF, 0xFF, 0xFF, 0xFF, 0xFF, 0xFF, 0xFF, 0xFF, 0xFF, 0xFF, 0xFF, 0xFF, 0xFF, 0xFF, 0xFF,
    0xFF, 0xFF, 0xFF, 0xFF, 0xFF, 0xFF, 0xFF, 0xFF, 0xFF, 0xFF, 0xFF, 0xFF, 0xFF, 0xFF, 0xFF, 0xFF,
    0xFF, 0xFF, 0xFF, 0xFF, 0xFF, 0xFF, 0xFF, 0xFF, 0xFF, 0xFF, 0xFF, 0xFF, 0xFF, 0xFF, 0xFF, 0xFF,
    0xFF, 0xFF, 0xFF, 0xFF, 0xFF, 0xFF, 0xFF, 0xFF, 0xFF, 0xFF, 0xFF, 0xFF, 0xFF, 0xFF, 0xFF, 0xFF,
    0xFF, 0xFF, 0xFF, 0xFF, 0xFF, 0xFF, 0xFF, 0xFF, 0xFF, 0xFF, 0xFF, 0xFF, 0xFF, 0xFF, 0xFF, 0xFF,
    0xFF, 0xFF, 0xFF, 0xFF, 0xFF, 0xFF, 0xFF, 0xFF, 0xFF, 0xFF, 0xFF, 0xFF, 0xFF, 0xFF, 0xFF, 0xFF,
    0xFF, 0xFF, 0xFF, 0xFF, 0xFF, 0xFF, 0xFF, 0xFF, 0xFF, 0xFF, 0xFF, 0xFF, 0xFF, 0xFF, 0xFF, 0xFF,
    0xFF, 0xFF, 0xFF, 0xFF, 0xFF, 0xFF, 0xFF, 0xFF, 0xFF, 0xFF, 0xFF, 0xFF, 0xFF, 0xFF, 0xFF, 0xFF,
    0xFF, 0xFF, 0xFF, 0xFF, 0xFF, 0xFF, 0xFF, 0xFF, 0xFF, 0xFF, 0xFF, 0xFF, 0xFF, 0xFF, 0xFF, 0xFF,
    0xFF, 0xFF, 0xFF, 0xFF, 0xFF, 0xFF, 0xFF, 0xFF, 0xFF, 0xFF, 0xFF, 0xFF, 0xFF, 0xFF, 0xFF, 0xFF,
    0xFF, 0xFF, 0xFF, 0xFF, 0xFF, 0xFF, 0xFF, 0xFF, 0xFF, 0xFF, 0xFF, 0xFF, 0xFF, 0xFF, 0xFF, 0xFF,
    0xFF, 0xFF, 0xFF, 0xFF, 0xFF, 0xFF, 0xFF, 0xFF, 0xFF, 0xFF, 0xFF, 0xFF, 0xFF, 0xFF, 0xFF, 0xFF,
    0xFF, 0xFF, 0xFF, 0xFF, 0xFF, 0xFF, 0xFF, 0xFF, 0xFF, 0xFF, 0xFF, 0xFF, 0xFF, 0xFF, 0xFF, 0xFF,
    0xFF, 0xFF, 0xFF, 0xFF, 0xFF, 0xFF, 0xFF, 0xFF, 0xFF, 0xFF, 0xFF, 0xFF, 0xFF, 0xFF, 0xFF, 0xFF,
    0xFF, 0xFF, 0xFF, 0xFF, 0xFF, 0xFF, 0xFF, 0xFF, 0xFF, 0xFF, 0xFF, 0xFF, 0xFF, 0xFF, 0xFF, 0xFF,
    0xFF, 0xFF, 0xFF, 0xFF, 0xFF, 0xFF, 0xFF, 0xFF, 0xFF, 0xFF, 0xFF, 0xFF, 0xFF, 0xFF, 0xFF, 0xFF,
    0xFF, 0xFF, 0xFF, 0xFF, 0xFF, 0xFF, 0xFF, 0xFF, 0xFF, 0xFF, 0xFF, 0xFF, 0xFF, 0xFF, 0xFF, 0xFF,
    0xFF, 0xFF, 0xFF, 0xFF, 0xFF, 0xFF, 0xFF, 0xFF, 0xFF, 0xFF, 0xFF, 0xFF, 0xFF, 0xFF, 0xFF, 0xFF,
    0xFF, 0xFF, 0xFF, 0xFF, 0xFF, 0xFF, 0xFF, 0xFF, 0xFF, 0xFF, 0xFF, 0xFF, 0xFF, 0xFF, 0xFF, 0xFF,
    0xFF, 0xFF, 0xFF, 0xFF, 0xFF, 0xFF, 0xFF, 0xFF, 0xFF, 0xFF, 0xFF, 0xFF, 0xFF, 0xFF, 0xFF, 0xFF,
    0xFF, 0xFF, 0xFF, 0xFF, 0xFF, 0xFF, 0xFF, 0xFF, 0xFF, 0xFF, 0xFF, 0xFF, 0xFF, 0xFF, 0xFF, 0xFF,
    0xFF, 0xFF, 0xFF, 0xFF, 0xFF, 0xFF, 0xFF, 0xFF, 0xFF, 0xFF, 0xFF, 0xFF, 0xFF, 0xFF, 0xFF, 0xFF,
    0xFF, 0xFF, 0xFF, 0xFF, 0xFF, 0xFF, 0xFF, 0xFF, 0xFF, 0xFF, 0xFF, 0xFF, 0xFF, 0xFF, 0xFF, 0xFF,
    0xFF, 0xFF, 0xFF, 0xFF, 0xFF, 0xFF, 0xFF, 0xFF, 0xFF, 0xFF, 0xFF, 0xFF, 0xFF, 0xFF, 0xFF, 0xFF,
    0xFF, 0xFF, 0xFF, 0xFF, 0xFF, 0xFF, 0xFF, 0xFF, 0xFF, 0xFF, 0xFF, 0xFF, 0xFF, 0xFF, 0xFF, 0xFF,
    0xFF, 0xFF, 0xFF, 0xFF, 0xFF, 0xFF, 0xFF, 0xFF, 0xFF, 0xFF, 0xFF, 0xFF, 0xFF, 0xFF, 0xFF, 0xFF,
    0xFF, 0xFF, 0xFF, 0xFF, 0xFF, 0xFF, 0xFF, 0xFF, 0xFF, 0xFF, 0xFF, 0xFF, 0xFF, 0xFF, 0xFF, 0xFF,
    0xFF, 0xFF, 0xFF, 0xFF, 0xFF, 0xFF, 0xFF, 0xFF, 0xFF, 0xFF, 0xFF, 0xFF, 0xFF, 0xFF, 0xFF, 0xFF,
    0xFF, 0xFF, 0xFF, 0xFF, 0xFF, 0xFF, 0xFF, 0xFF, 0xFF, 0xFF, 0xFF, 0xFF, 0xFF, 0xFF, 0xFF, 0xFF,
    0xFF, 0xFF, 0xFF, 0xFF, 0xFF, 0xFF, 0xFF, 0xFF, 0xFF, 0xFF, 0xFF, 0xFF, 0xFF, 0xFF, 0xFF, 0xFF,
    0xFF, 0xFF, 0xFF, 0xFF, 0xFF, 0xFF, 0xFF, 0xFF, 0xFF, 0xFF, 0xFF, 0xFF, 0xFF, 0xFF, 0xFF, 0xFF,
    0xFF, 0xFF, 0xFF, 0xFF, 0xFF, 0xFF, 0xFF, 0xFF, 0xFF, 0xFF, 0xFF, 0xFF, 0xFF, 0xFF, 0xFF, 0xFF,
    0xFF, 0xFF, 0xFF, 0xFF, 0xFF, 0xFF, 0xFF, 0xFF, 0xFF, 0xFF, 0xFF, 0xFF, 0xFF, 0xFF, 0xFF, 0xFF,
    0xFF, 0xFF, 0xFF, 0xFF, 0xFF, 0xFF, 0xFF, 0xFF, 0xFF, 0xFF, 0xFF, 0xFF, 0xFF, 0xFF, 0xFF, 0xFF,
    0xFF, 0xFF, 0xFF, 0xFF, 0xFF, 0xFF, 0xFF, 0xFF, 0xFF, 0xFF, 0xFF, 0xFF, 0xFF, 0xFF, 0xFF, 0xFF,
    0xFF, 0xFF, 0xFF, 0xFF, 0xFF, 0xFF, 0xFF, 0xFF, 0xFF, 0xFF, 0xFF, 0xFF, 0xFF, 0xFF, 0xFF, 0xFF,
    0xFF, 0xFF, 0xFF, 0xFF, 0xFF, 0xFF, 0xFF, 0xFF, 0xFF, 0xFF, 0xFF, 0xFF, 0xFF, 0xFF, 0xFF, 0xFF,
    0xFF, 0xFF, 0xFF, 0xFF, 0xFF, 0xFF, 0xFF, 0xFF, 0xFF, 0xFF, 0xFF, 0xFF, 0xFF, 0xFF, 0xFF, 0xFF,
    0xFF, 0xFF, 0xFF, 0xFF, 0xFF, 0xFF, 0xFF, 0xFF, 0xFF, 0xFF, 0xFF, 0xFF, 0xFF, 0xFF, 0xFF, 0xFF,
    0xFF, 0xFF, 0xFF, 0xFF, 0xFF, 0xFF, 0xFF, 0xFF, 0xFF, 0xFF, 0xFF, 0xFF, 0xFF, 0xFF, 0xFF, 0xFF,
    0xFF, 0xFF, 0xFF, 0xFF, 0xFF, 0xFF, 0xFF, 0xFF, 0xFF, 0xFF, 0xFF, 0xFF, 0xFF, 0xFF, 0xFF, 0xFF,
    0xFF, 0xFF, 0xFF, 0xFF, 0xFF, 0xFF, 0xFF, 0xFF, 0xFF, 0xFF, 0xFF, 0xFF, 0xFF, 0xFF, 0xFF, 0xFF,
    0xFF, 0xFF, 0xFF, 0xFF, 0xFF, 0xFF, 0xFF, 0xFF, 0xFF, 0xFF, 0xFF, 0xFF, 0xFF, 0xFF, 0xFF, 0xFF,
    0xFF, 0xFF, 0xFF, 0xFF, 0xFF, 0xFF, 0xFF, 0xFF, 0xFF, 0xFF, 0xFF, 0xFF, 0xFF, 0xFF, 0xFF, 0xFF,
    0xFF, 0xFF, 0xFF, 0xFF, 0xFF, 0xFF, 0xFF, 0xFF, 0xFF, 0xFF, 0xFF, 0xFF, 0xFF, 0xFF, 0xFF, 0xFF,
    0xFF, 0xFF, 0xFF, 0xFF, 0xFF, 0xFF, 0xFF, 0xFF, 0xFF, 0xFF, 0xFF, 0xFF, 0xFF, 0xFF, 0xFF, 0xFF,
    0xFF, 0xFF, 0xFF, 0xFF, 0xFF, 0xFF, 0xFF, 0xFF, 0xFF, 0xFF, 0xFF, 0xFF, 0xFF, 0xFF, 0xFF, 0xFF,
    0xFF, 0xFF, 0xFF, 0xFF, 0xFF, 0xFF, 0xFF, 0xFF, 0xFF, 0xFF, 0xFF, 0xFF, 0xFF, 0xFF, 0xFF, 0xFF,
    0xFF, 0xFF, 0xFF, 0xFF, 0xFF, 0xFF, 0xFF, 0xFF, 0xFF, 0xFF, 0xFF, 0xFF, 0xFF, 0xFF, 0xFF, 0xFF,
    0xFF, 0xFF, 0xFF, 0xFF, 0xFF, 0xFF, 0xFF, 0xFF, 0xFF, 0xFF, 0xFF, 0xFF, 0xFF, 0xFF, 0xFF, 0xFF,
    0xFF, 0xFF, 0xFF, 0xFF, 0xFF, 0xFF, 0xFF, 0xFF, 0xFF, 0xFF, 0xFF, 0xFF, 0xFF, 0xFF, 0xFF, 0xFF,
    0xFF, 0xFF, 0xFF, 0xFF, 0xFF, 0xFF, 0xFF, 0xFF, 0xFF, 0xFF, 0xFF, 0xFF, 0xFF, 0xFF, 0xFF, 0xFF,
    0xFF, 0xFF, 0xFF, 0xFF, 0xFF, 0xFF, 0xFF, 0xFF, 0xFF, 0xFF, 0xFF, 0xFF, 0xFF, 0xFF, 0xFF, 0xFF,
    0xFF, 0xFF, 0xFF, 0xFF, 0xFF, 0xFF, 0xFF, 0xFF, 0xFF, 0xFF, 0xFF, 0xFF, 0xFF, 0xFF, 0xFF, 0xFF,
    0xFF, 0xFF, 0xFF, 0xFF, 0xFF, 0xFF, 0xFF, 0xFF, 0xFF, 0xFF, 0xFF, 0xFF, 0xFF, 0xFF, 0xFF, 0xFF,
    0xFF, 0xFF, 0xFF, 0xFF, 0xFF, 0xFF, 0xFF, 0xFF, 0xFF, 0xFF, 0xFF, 0xFF, 0xFF, 0xFF, 0xFF, 0xFF,
    0xFF, 0xFF, 0xFF, 0xFF, 0xFF, 0xFF, 0xFF, 0xFF, 0xFF, 0xFF, 0xFF, 0xFF, 0xFF, 0xFF, 0xFF, 0xFF,
    0xFF, 0xFF, 0xFF, 0xFF, 0xFF, 0xFF, 0xFF, 0xFF, 0xFF, 0xFF, 0xFF, 0xFF, 0xFF, 0xFF, 0xFF, 0xFF,
    0xFF, 0xFF, 0xFF, 0xFF, 0xFF, 0xFF, 0xFF, 0xFF, 0xFF, 0xFF, 0xFF, 0xFF, 0xFF, 0xFF, 0xFF, 0xFF,
    0xFF, 0xFF, 0xFF, 0xFF, 0xFF, 0xFF, 0xFF, 0xFF, 0xFF, 0xFF, 0xFF, 0xFF, 0xFF, 0xFF, 0xFF, 0xFF,
    0xFF, 0xFF, 0xFF, 0xFF, 0xFF, 0xFF, 0xFF, 0xFF, 0xFF, 0xFF, 0xFF, 0xFF, 0xFF, 0xFF, 0xFF, 0xFF,
    0xFF, 0xFF, 0xFF, 0xFF, 0xFF, 0xFF, 0xFF, 0xFF, 0xFF, 0xFF, 0xFF, 0xFF, 0xFF, 0xFF, 0xFF, 0xFF,
    0xFF, 0xFF, 0xFF, 0xFF, 0xFF, 0xFF, 0xFF, 0xFF, 0xFF, 0xFF, 0xFF, 0xFF, 0xFF, 0xFF, 0xFF, 0xFF,
    0xFF, 0xFF, 0xFF, 0xFF, 0xFF, 0xFF, 0xFF, 0xFF, 0xFF, 0xFF, 0xFF, 0xFF, 0xFF, 0xFF, 0xFF, 0xFF,
    0xFF, 0xFF, 0xFF, 0xFF, 0xFF, 0xFF, 0xFF, 0xFF, 0xFF, 0xFF, 0xFF, 0xFF, 0xFF, 0xFF, 0xFF, 0xFF,
    0xFF, 0xFF, 0xFF, 0xFF, 0xFF, 0xFF, 0xFF, 0xFF, 0xFF, 0xFF, 0xFF, 0xFF, 0xFF, 0xFF, 0xFF, 0xFF,
    0xFF, 0xFF, 0xFF, 0xFF, 0xFF, 0xFF, 0xFF, 0xFF, 0xFF, 0xFF, 0xFF, 0xFF, 0xFF, 0xFF, 0xFF, 0xFF,
    0xFF, 0xFF, 0xFF, 0xFF, 0xFF, 0xFF, 0xFF, 0xFF, 0xFF, 0xFF, 0xFF, 0xFF, 0xFF, 0xFF, 0xFF, 0xFF,
    0xFF, 0xFF, 0xFF, 0xFF, 0xFF, 0xFF, 0xFF, 0xFF, 0xFF, 0xFF, 0xFF, 0xFF, 0xFF, 0xFF, 0xFF, 0xFF,
    0xFF, 0xFF, 0xFF, 0xFF, 0xFF, 0xFF, 0xFF, 0xFF, 0xFF, 0xFF, 0xFF, 0xFF, 0xFF, 0xFF, 0xFF, 0xFF,
    0xFF, 0xFF, 0xFF, 0xFF, 0xFF, 0xFF, 0xFF, 0xFF, 0xFF, 0xFF, 0xFF, 0xFF, 0xFF, 0xFF, 0xFF, 0xFF,
    0xFF, 0xFF, 0xFF, 0xFF, 0xFF, 0xFF, 0xFF, 0xFF, 0xFF, 0xFF, 0xFF, 0xFF, 0xFF, 0xFF, 0xFF, 0xFF,
    0xFF, 0xFF, 0xFF, 0xFF, 0xFF, 0xFF, 0xFF, 0xFF, 0xFF, 0xFF, 0xFF, 0xFF, 0xFF, 0xFF, 0xFF, 0xFF,
    0xFF, 0xFF, 0xFF, 0xFF, 0xFF, 0xFF, 0xFF, 0xFF, 0xFF, 0xFF, 0xFF, 0xFF, 0xFF, 0xFF, 0xFF, 0xFF,
    0xFF, 0xFF, 0xFF, 0xFF, 0xFF, 0xFF, 0xFF, 0xFF, 0xFF, 0xFF, 0xFF, 0xFF, 0xFF, 0xFF, 0xFF, 0xFF,
    0xFF, 0xFF, 0xFF, 0xFF, 0xFF, 0xFF, 0xFF, 0xFF, 0xFF, 0xFF, 0xFF, 0xFF, 0xFF, 0xFF, 0xFF, 0xFF,
    0xFF, 0xFF, 0xFF, 0xFF, 0xFF, 0xFF, 0xFF, 0xFF, 0xFF, 0xFF, 0xFF, 0xFF, 0xFF, 0xFF, 0xFF, 0xFF,
    0xFF, 0xFF, 0xFF, 0xFF, 0xFF, 0xFF, 0xFF, 0xFF, 0xFF, 0xFF, 0xFF, 0xFF, 0xFF, 0xFF, 0xFF, 0xFF,
    0xFF, 0xFF, 0xFF, 0xFF, 0xFF, 0xFF, 0xFF, 0xFF, 0xFF, 0xFF, 0xFF, 0xFF, 0xFF, 0xFF, 0xFF, 0xFF,
    0xFF, 0xFF, 0xFF, 0xFF, 0xFF, 0xFF, 0xFF, 0xFF, 0xFF, 0xFF, 0xFF, 0xFF, 0xFF, 0xFF, 0xFF, 0xFF,
    0xFF, 0xFF, 0xFF, 0xFF, 0xFF, 0xFF, 0xFF, 0xFF, 0xFF, 0xFF, 0xFF, 0xFF, 0xFF, 0xFF, 0xFF, 0xFF,
    0xFF, 0xFF, 0xFF, 0xFF, 0xFF, 0xFF, 0xFF, 0xFF, 0xFF, 0xFF, 0xFF, 0xFF, 0xFF, 0xFF, 0xFF, 0xFF,
    0xFF, 0xFF, 0xFF, 0xFF, 0xFF, 0xFF, 0xFF, 0xFF, 0xFF, 0xFF, 0xFF, 0xFF, 0xFF, 0xFF, 0xFF, 0xFF,
    0xFF, 0xFF, 0xFF, 0xFF, 0xFF, 0xFF, 0xFF, 0xFF, 0xFF, 0xFF, 0xFF, 0xFF, 0xFF, 0xFF, 0xFF, 0xFF,
    0xFF, 0xFF, 0xFF, 0xFF, 0xFF, 0xFF, 0xFF, 0xFF, 0xFF, 0xFF, 0xFF, 0xFF, 0xFF, 0xFF, 0xFF, 0xFF,
    0xFF, 0xFF, 0xFF, 0xFF, 0xFF, 0xFF, 0xFF, 0xFF, 0xFF, 0xFF, 0xFF, 0xFF, 0xFF, 0xFF, 0xFF, 0xFF,
    0xFF, 0xFF, 0xFF, 0xFF, 0xFF, 0xFF, 0xFF, 0xFF, 0xFF, 0xFF, 0xFF, 0xFF, 0xFF, 0xFF, 0xFF, 0xFF,
    0xFF, 0xFF, 0xFF, 0xFF, 0xFF, 0xFF, 0xFF, 0xFF, 0xFF, 0xFF, 0xFF, 0xFF, 0xFF, 0xFF, 0xFF, 0xFF,
    0xFF, 0xFF, 0xFF, 0xFF, 0xFF, 0xFF, 0xFF, 0xFF, 0xFF, 0xFF, 0xFF, 0xFF, 0xFF, 0xFF, 0xFF, 0xFF,
    0xFF, 0xFF, 0xFF, 0xFF, 0xFF, 0xFF, 0xFF, 0xFF, 0xFF, 0xFF, 0xFF, 0xFF, 0xFF, 0xFF, 0xFF, 0xFF,
    0xFF, 0xFF, 0xFF, 0xFF, 0xFF, 0xFF, 0xFF, 0xFF, 0xFF, 0xFF, 0xFF, 0xFF, 0xFF, 0xFF, 0xFF, 0xFF,
    0xFF, 0xFF, 0xFF, 0xFF, 0xFF, 0xFF, 0xFF, 0xFF, 0xFF, 0xFF, 0xFF, 0xFF, 0xFF, 0xFF, 0xFF, 0xFF,
    0xFF, 0xFF, 0xFF, 0xFF, 0xFF, 0xFF, 0xFF, 0xFF, 0xFF, 0xFF, 0xFF, 0xFF, 0xFF, 0xFF, 0xFF, 0xFF,
    0xFF, 0xFF, 0xFF, 0xFF, 0xFF, 0xFF, 0xFF, 0xFF, 0xFF, 0xFF, 0xFF, 0xFF, 0xFF, 0xFF, 0xFF, 0xFF,
    0xFF, 0xFF, 0xFF, 0xFF, 0xFF, 0xFF, 0xFF, 0xFF, 0xFF, 0xFF, 0xFF, 0xFF, 0xFF, 0xFF, 0xFF, 0xFF,
    0xFF, 0xFF, 0xFF, 0xFF, 0xFF, 0xFF, 0xFF, 0xFF, 0xFF, 0xFF, 0xFF, 0xFF, 0xFF, 0xFF, 0xFF, 0xFF,
    0xFF, 0xFF, 0xFF, 0xFF, 0xFF, 0xFF, 0xFF, 0xFF, 0xFF, 0xFF, 0xFF, 0xFF, 0xFF, 0xFF, 0xFF, 0xFF,
    0xFF, 0xFF, 0xFF, 0xFF, 0xFF, 0xFF, 0xFF, 0xFF, 0xFF, 0xFF, 0xFF, 0xFF, 0xFF, 0xFF, 0xFF, 0xFF,
    0xFF, 0xFF, 0xFF, 0xFF, 0xFF, 0xFF, 0xFF, 0xFF, 0xFF, 0xFF, 0xFF, 0xFF, 0xFF, 0xFF, 0xFF, 0xFF,
    0xFF, 0xFF, 0xFF, 0xFF, 0xFF, 0xFF, 0xFF, 0xFF, 0xFF, 0xFF, 0xFF, 0xFF, 0xFF, 0xFF, 0xFF, 0xFF,
    0xFF, 0xFF, 0xFF, 0xFF, 0xFF, 0xFF, 0xFF, 0xFF, 0xFF, 0xFF, 0xFF, 0xFF, 0xFF, 0xFF, 0xFF, 0xFF,
    0xFF, 0xFF, 0xFF, 0xFF, 0xFF, 0xFF, 0xFF, 0xFF, 0xFF, 0xFF, 0xFF, 0xFF, 0xFF, 0xFF, 0xFF, 0xFF,
    0xFF, 0xFF, 0xFF, 0xFF, 0xFF, 0xFF, 0xFF, 0xFF, 0xFF, 0xFF, 0xFF, 0xFF, 0xFF, 0xFF, 0xFF, 0xFF,
    0xFF, 0xFF, 0xFF, 0xFF, 0xFF, 0xFF, 0xFF, 0xFF, 0xFF, 0xFF, 0xFF, 0xFF, 0xFF, 0xFF, 0xFF, 0xFF,
    0xFF, 0xFF, 0xFF, 0xFF, 0xFF, 0xFF, 0xFF, 0xFF, 0xFF, 0xFF, 0xFF, 0xFF, 0xFF, 0xFF, 0xFF, 0xFF,
    0xFF, 0xFF, 0xFF, 0xFF, 0xFF, 0xFF, 0xFF, 0xFF, 0xFF, 0xFF, 0xFF, 0xFF, 0xFF, 0xFF, 0xFF, 0xFF,
    0xFF, 0xFF, 0xFF, 0xFF, 0xFF, 0xFF, 0xFF, 0xFF, 0xFF, 0xFF, 0xFF, 0xFF, 0xFF, 0xFF, 0xFF, 0xFF,
    0xFF, 0xFF, 0xFF, 0xFF, 0xFF, 0xFF, 0xFF, 0xFF, 0xFF, 0xFF, 0xFF, 0xFF, 0xFF, 0xFF, 0xFF, 0xFF,
    0xFF, 0xFF, 0xFF, 0xFF, 0xFF, 0xFF, 0xFF, 0xFF, 0xFF, 0xFF, 0xFF, 0xFF, 0xFF, 0xFF, 0xFF, 0xFF,
    0xFF, 0xFF, 0xFF, 0xFF, 0xFF, 0xFF, 0xFF, 0xFF, 0xFF, 0xFF, 0xFF, 0xFF, 0xFF, 0xFF, 0xFF, 0xFF,
    0xFF, 0xFF, 0xFF, 0xFF, 0xFF, 0xFF, 0xFF, 0xFF, 0xFF, 0xFF, 0xFF, 0xFF, 0xFF, 0xFF, 0xFF, 0xFF,
    0xFF, 0xFF, 0xFF, 0xFF, 0xFF, 0xFF, 0xFF, 0xFF, 0xFF, 0xFF, 0xFF, 0xFF, 0xFF, 0xFF, 0xFF, 0xFF,
    0xFF, 0xFF, 0xFF, 0xFF, 0xFF, 0xFF, 0xFF, 0xFF, 0xFF, 0xFF, 0xFF, 0xFF, 0xFF, 0xFF, 0xFF, 0xFF,
    0xFF, 0xFF, 0xFF, 0xFF, 0xFF, 0xFF, 0xFF, 0xFF, 0xFF, 0xFF, 0xFF, 0xFF, 0xFF, 0xFF, 0xFF, 0xFF,
    0xFF, 0xFF, 0xFF, 0xFF, 0xFF, 0xFF, 0xFF, 0xFF, 0xFF, 0xFF, 0xFF, 0xFF, 0xFF, 0xFF, 0xFF, 0xFF,
    0xFF, 0xFF, 0xFF, 0xFF, 0xFF, 0xFF, 0xFF, 0xFF, 0xFF, 0xFF, 0xFF, 0xFF, 0xFF, 0xFF, 0xFF, 0xFF,
    0xFF, 0xFF, 0xFF, 0xFF, 0xFF, 0xFF, 0xFF, 0xFF, 0xFF, 0xFF, 0xFF, 0xFF, 0xFF, 0xFF, 0xFF, 0xFF,
    0xFF, 0xFF, 0xFF, 0xFF, 0xFF, 0xFF, 0xFF, 0xFF, 0xFF, 0xFF, 0xFF, 0xFF, 0xFF, 0xFF, 0xFF, 0xFF,
    0xFF, 0xFF, 0xFF, 0xFF, 0xFF, 0xFF, 0xFF, 0xFF, 0xFF, 0xFF, 0xFF, 0xFF, 0xFF, 0xFF, 0xFF, 0xFF,
    0xFF, 0xFF, 0xFF, 0xFF, 0xFF, 0xFF, 0xFF, 0xFF, 0xFF, 0xFF, 0xFF, 0xFF, 0xFF, 0xFF, 0xFF, 0xFF,
    0xFF, 0xFF, 0xFF, 0xFF, 0xFF, 0xFF, 0xFF, 0xFF, 0xFF, 0xFF, 0xFF, 0xFF, 0xFF, 0xFF, 0xFF, 0xFF,
    0xFF, 0xFF, 0xFF, 0xFF, 0xFF, 0xFF, 0xFF, 0xFF, 0xFF, 0xFF, 0xFF, 0xFF, 0xFF, 0xFF, 0xFF, 0xFF,
    0xFF, 0xFF, 0xFF, 0xFF, 0xFF, 0xFF, 0xFF, 0xFF, 0xFF, 0xFF, 0xFF, 0xFF, 0xFF, 0xFF, 0xFF, 0xFF,
    0xFF, 0xFF, 0xFF, 0xFF, 0xFF, 0xFF, 0xFF, 0xFF, 0xFF, 0xFF, 0xFF, 0xFF, 0xFF, 0xFF, 0xFF, 0xFF,
    0xFF, 0xFF, 0xFF, 0xFF, 0xFF, 0xFF, 0xFF, 0xFF, 0xFF, 0xFF, 0xFF, 0xFF, 0xFF, 0xFF, 0xFF, 0xFF,
    0xFF, 0xFF, 0xFF, 0xFF, 0xFF, 0xFF, 0xFF, 0xFF, 0xFF, 0xFF, 0xFF, 0xFF, 0xFF, 0xFF, 0xFF, 0xFF,
    0xFF, 0xFF, 0xFF, 0xFF, 0xFF, 0xFF, 0xFF, 0xFF, 0xFF, 0xFF, 0xFF, 0xFF, 0xFF, 0xFF, 0xFF, 0xFF,
    0xFF, 0xFF, 0xFF, 0xFF, 0xFF, 0xFF, 0xFF, 0xFF, 0xFF, 0xFF, 0xFF, 0xFF, 0xFF, 0xFF, 0xFF, 0xFF,
    0xFF, 0xFF, 0xFF, 0xFF, 0xFF, 0xFF, 0xFF, 0xFF, 0xFF, 0xFF, 0xFF, 0xFF, 0xFF, 0xFF, 0xFF, 0xFF,
    0xFF, 0xFF, 0xFF, 0xFF, 0xFF, 0xFF, 0xFF, 0xFF, 0xFF, 0xFF, 0xFF, 0xFF, 0xFF, 0xFF, 0xFF, 0xFF,
    0xFF, 0xFF, 0xFF, 0xFF, 0xFF, 0xFF, 0xFF, 0xFF, 0xFF, 0xFF, 0xFF, 0xFF, 0xFF, 0xFF, 0xFF, 0xFF,
    0xFF, 0xFF, 0xFF, 0xFF, 0xFF, 0xFF, 0xFF, 0xFF, 0xFF, 0xFF, 0xFF, 0xFF, 0xFF, 0xFF, 0xFF, 0xFF,
    0xFF, 0xFF, 0xFF, 0xFF, 0xFF, 0xFF, 0xFF, 0xFF, 0xFF, 0xFF, 0xFF, 0xFF, 0xFF, 0xFF, 0xFF, 0xFF,
    0xFF, 0xFF, 0xFF, 0xFF, 0xFF, 0xFF, 0xFF, 0xFF, 0xFF, 0xFF, 0xFF, 0xFF, 0xFF, 0xFF, 0xFF, 0xFF,
    0xFF, 0xFF, 0xFF, 0xFF, 0xFF, 0xFF, 0xFF, 0xFF, 0xFF, 0xFF, 0xFF, 0xFF, 0xFF, 0xFF, 0xFF, 0xFF,
    0xFF, 0xFF, 0xFF, 0xFF, 0xFF, 0xFF, 0xFF, 0xFF, 0xFF, 0xFF, 0xFF, 0xFF, 0xFF, 0xFF, 0xFF, 0xFF,
    0xFF, 0xFF, 0xFF, 0xFF, 0xFF, 0xFF, 0xFF, 0xFF, 0xFF, 0xFF, 0xFF, 0xFF, 0xFF, 0xFF, 0xFF, 0xFF,
    0xFF, 0xFF, 0xFF, 0xFF, 0xFF, 0xFF, 0xFF, 0xFF, 0xFF, 0xFF, 0xFF, 0xFF, 0xFF, 0xFF, 0xFF, 0xFF,
    0xFF, 0xFF, 0xFF, 0xFF, 0xFF, 0xFF, 0xFF, 0xFF, 0xFF, 0xFF, 0xFF, 0xFF, 0xFF, 0xFF, 0xFF, 0xFF,
    0xFF, 0xFF, 0xFF, 0xFF, 0xFF, 0xFF, 0xFF, 0xFF, 0xFF, 0xFF, 0xFF, 0xFF, 0xFF, 0xFF, 0xFF, 0xFF,
    0xFF, 0xFF, 0xFF, 0xFF, 0xFF, 0xFF, 0xFF, 0xFF, 0xFF, 0xFF, 0xFF, 0xFF, 0xFF, 0xFF, 0xFF, 0xFF,
    0xFF, 0xFF, 0xFF, 0xFF, 0xFF, 0xFF, 0xFF, 0xFF, 0xFF, 0xFF, 0xFF, 0xFF, 0xFF, 0xFF, 0xFF, 0xFF,
    0xFF, 0xFF, 0xFF, 0xFF, 0xFF, 0xFF, 0xFF, 0xFF, 0xFF, 0xFF, 0xFF, 0xFF, 0xFF, 0xFF, 0xFF, 0xFF,
    0xFF, 0xFF, 0xFF, 0xFF, 0xFF, 0xFF, 0xFF, 0xFF, 0xFF, 0xFF, 0xFF, 0xFF, 0xFF, 0xFF, 0xFF, 0xFF,
    0xFF, 0xFF, 0xFF, 0xFF, 0xFF, 0xFF, 0xFF, 0xFF, 0xFF, 0xFF, 0xFF, 0xFF, 0xFF, 0xFF, 0xFF, 0xFF,
    0xFF, 0xFF, 0xFF, 0xFF, 0xFF, 0xFF, 0xFF, 0xFF, 0xFF, 0xFF, 0xFF, 0xFF, 0xFF, 0xFF, 0xFF, 0xFF,
    0xFF, 0xFF, 0xFF, 0xFF, 0xFF, 0xFF, 0xFF, 0xFF, 0xFF, 0xFF, 0xFF, 0xFF, 0xFF, 0xFF, 0xFF, 0xFF,
    0xFF, 0xFF, 0xFF, 0xFF, 0xFF, 0xFF, 0xFF, 0xFF, 0xFF, 0xFF, 0xFF, 0xFF, 0xFF, 0xFF, 0xFF, 0xFF,
    0xFF, 0xFF, 0xFF, 0xFF, 0xFF, 0xFF, 0xFF, 0xFF, 0xFF, 0xFF, 0xFF, 0xFF, 0xFF, 0xFF, 0xFF, 0xFF,
    0xFF, 0xFF, 0xFF, 0xFF, 0xFF, 0xFF, 0xFF, 0xFF, 0xFF, 0xFF, 0xFF, 0xFF, 0xFF, 0xFF, 0xFF, 0xFF,
    0xFF, 0xFF, 0xFF, 0xFF, 0xFF, 0xFF, 0xFF, 0xFF, 0xFF, 0xFF, 0xFF, 0xFF, 0xFF, 0xFF, 0xFF, 0xFF,
    0xFF, 0xFF, 0xFF, 0xFF, 0xFF, 0xFF, 0xFF, 0xFF, 0xFF, 0xFF, 0xFF, 0xFF, 0xFF, 0xFF, 0xFF, 0xFF,
    0xFF, 0xFF, 0xFF, 0xFF, 0xFF, 0xFF, 0xFF, 0xFF, 0xFF, 0xFF, 0xFF, 0xFF, 0xFF, 0xFF, 0xFF, 0xFF,
    0xFF, 0xFF, 0xFF, 0xFF, 0xFF, 0xFF, 0xFF, 0xFF, 0xFF, 0xFF, 0xFF, 0xFF, 0xFF, 0xFF, 0xFF, 0xFF,
    0xFF, 0xFF, 0xFF, 0xFF, 0xFF, 0xFF, 0xFF, 0xFF, 0xFF, 0xFF, 0xFF, 0xFF, 0xFF, 0xFF, 0xFF, 0xFF,
    0xFF, 0xFF, 0xFF, 0xFF, 0xFF, 0xFF, 0xFF, 0xFF, 0xFF, 0xFF, 0xFF, 0xFF, 0xFF, 0xFF, 0xFF, 0xFF,
    0xFF, 0xFF, 0xFF, 0xFF, 0xFF, 0xFF, 0xFF, 0xFF, 0xFF, 0xFF, 0xFF, 0xFF, 0xFF, 0xFF, 0xFF, 0xFF,
    0xFF, 0xFF, 0xFF, 0xFF, 0xFF, 0xFF, 0xFF, 0xFF, 0xFF, 0xFF, 0xFF, 0xFF, 0xFF, 0xFF, 0xFF, 0xFF,
    0xFF, 0xFF, 0xFF, 0xFF, 0xFF, 0xFF, 0xFF, 0xFF, 0xFF, 0xFF, 0xFF, 0xFF, 0xFF, 0xFF, 0xFF, 0xFF,
    0xFF, 0xFF, 0xFF, 0xFF, 0xFF, 0xFF, 0xFF, 0xFF, 0xFF, 0xFF, 0xFF, 0xFF, 0xFF, 0xFF, 0xFF, 0xFF,
    0xFF, 0xFF, 0xFF, 0xFF, 0xFF, 0xFF, 0xFF, 0xFF, 0xFF, 0xFF, 0xFF, 0xFF, 0xFF, 0xFF, 0xFF, 0xFF,
    0xFF, 0xFF, 0xFF, 0xFF, 0xFF, 0xFF, 0xFF, 0xFF, 0xFF, 0xFF, 0xFF, 0xFF, 0xFF, 0xFF, 0xFF, 0xFF,
    0xFF, 0xFF, 0xFF, 0xFF, 0xFF, 0xFF, 0xFF, 0xFF, 0xFF, 0xFF, 0xFF, 0xFF, 0xFF, 0xFF, 0xFF, 0xFF,
    0xFF, 0xFF, 0xFF, 0xFF, 0xFF, 0xFF, 0xFF, 0xFF, 0xFF, 0xFF, 0xFF, 0xFF, 0xFF, 0xFF, 0xFF, 0xFF,
    0xFF, 0xFF, 0xFF, 0xFF, 0xFF, 0xFF, 0xFF, 0xFF, 0xFF, 0xFF, 0xFF, 0xFF, 0xFF, 0xFF, 0xFF, 0xFF,
    0xFF, 0xFF, 0xFF, 0xFF, 0xFF, 0xFF, 0xFF, 0xFF, 0xFF, 0xFF, 0xFF, 0xFF, 0xFF, 0xFF, 0xFF, 0xFF,
    0xFF, 0xFF, 0xFF, 0xFF, 0xFF, 0xFF, 0xFF, 0xFF, 0xFF, 0xFF, 0xFF, 0xFF, 0xFF, 0xFF, 0xFF, 0xFF,
    0xFF, 0xFF, 0xFF, 0xFF, 0xFF, 0xFF, 0xFF, 0xFF, 0xFF, 0xFF, 0xFF, 0xFF, 0xFF, 0xFF, 0xFF, 0xFF,
    0xFF, 0xFF, 0xFF, 0xFF, 0xFF, 0xFF, 0xFF, 0xFF, 0xFF, 0xFF, 0xFF, 0xFF, 0xFF, 0xFF, 0xFF, 0xFF,
    0xFF, 0xFF, 0xFF, 0xFF, 0xFF, 0xFF, 0xFF, 0xFF, 0xFF, 0xFF, 0xFF, 0xFF, 0xFF, 0xFF, 0xFF, 0xFF,
    0xFF, 0xFF, 0xFF, 0xFF, 0xFF, 0xFF, 0xFF, 0xFF, 0xFF, 0xFF, 0xFF, 0xFF, 0xFF, 0xFF, 0xFF, 0xFF,
    0xFF, 0xFF, 0xFF, 0xFF, 0xFF, 0xFF, 0xFF, 0xFF, 0xFF, 0xFF, 0xFF, 0xFF, 0xFF, 0xFF, 0xFF, 0xFF,
    0xFF, 0xFF, 0xFF, 0xFF, 0xFF, 0xFF, 0xFF, 0xFF, 0xFF, 0xFF, 0xFF, 0xFF, 0xFF, 0xFF, 0xFF, 0xFF,
    0xFF, 0xFF, 0xFF, 0xFF, 0xFF, 0xFF, 0xFF, 0xFF, 0xFF, 0xFF, 0xFF, 0xFF, 0xFF, 0xFF, 0xFF, 0xFF,
    0xFF, 0xFF, 0xFF, 0xFF, 0xFF, 0xFF, 0xFF, 0xFF, 0xFF, 0xFF, 0xFF, 0xFF, 0xFF, 0xFF, 0xFF, 0xFF,
    0xFF, 0xFF, 0xFF, 0xFF, 0xFF, 0xFF, 0xFF, 0xFF, 0xFF, 0xFF, 0xFF, 0xFF, 0xFF, 0xFF, 0xFF, 0xFF,
    0xFF, 0xFF, 0xFF, 0xFF, 0xFF, 0xFF, 0xFF, 0xFF, 0xFF, 0xFF, 0xFF, 0xFF, 0xFF, 0xFF, 0xFF, 0xFF,
    0xFF, 0xFF, 0xFF, 0xFF, 0xFF, 0xFF, 0xFF, 0xFF, 0xFF, 0xFF, 0xFF, 0xFF, 0xFF, 0xFF, 0xFF, 0xFF,
    0xFF, 0xFF, 0xFF, 0xFF, 0xFF, 0xFF, 0xFF, 0xFF, 0xFF, 0xFF, 0xFF, 0xFF, 0xFF, 0xFF, 0xFF, 0xFF,
    0xFF, 0xFF, 0xFF, 0xFF, 0xFF, 0xFF, 0xFF, 0xFF, 0xFF, 0xFF, 0xFF, 0xFF, 0xFF, 0xFF, 0xFF, 0xFF,
    0xFF, 0xFF, 0xFF, 0xFF, 0xFF, 0xFF, 0xFF, 0xFF, 0xFF, 0xFF, 0xFF, 0xFF, 0xFF, 0xFF, 0xFF, 0xFF,
    0xFF, 0xFF, 0xFF, 0xFF, 0xFF, 0xFF, 0xFF, 0xFF, 0xFF, 0xFF, 0xFF, 0xFF, 0xFF, 0xFF, 0xFF, 0xFF,
    0xFF, 0xFF, 0xFF, 0xFF, 0xFF, 0xFF, 0xFF, 0xFF, 0xFF, 0xFF, 0xFF, 0xFF, 0xFF, 0xFF, 0xFF, 0xFF,
    0xFF, 0xFF, 0xFF, 0xFF, 0xFF, 0xFF, 0xFF, 0xFF, 0xFF, 0xFF, 0xFF, 0xFF, 0xFF, 0xFF, 0xFF, 0xFF,
    0xFF, 0xFF, 0xFF, 0xFF, 0xFF, 0xFF, 0xFF, 0xFF, 0xFF, 0xFF, 0xFF, 0xFF, 0xFF, 0xFF, 0xFF, 0xFF,
    0xFF, 0xFF, 0xFF, 0xFF, 0xFF, 0xFF, 0xFF, 0xFF, 0xFF, 0xFF, 0xFF, 0xFF, 0xFF, 0xFF, 0xFF, 0xFF,
    0xFF, 0xFF, 0xFF, 0xFF, 0xFF, 0xFF, 0xFF, 0xFF, 0xFF, 0xFF, 0xFF, 0xFF, 0xFF, 0xFF, 0xFF, 0xFF,
    0xFF, 0xFF, 0xFF, 0xFF, 0xFF, 0xFF, 0xFF, 0xFF, 0xFF, 0xFF, 0xFF, 0xFF, 0xFF, 0xFF, 0xFF, 0xFF,
    0xFF, 0xFF, 0xFF, 0xFF, 0xFF, 0xFF, 0xFF, 0xFF, 0xFF, 0xFF, 0xFF, 0xFF, 0xFF, 0xFF, 0xFF, 0xFF,
    0xFF, 0xFF, 0xFF, 0xFF, 0xFF, 0xFF, 0xFF, 0xFF, 0xFF, 0xFF, 0xFF, 0xFF, 0xFF, 0xFF, 0xFF, 0xFF,
    0xFF, 0xFF, 0xFF, 0xFF, 0xFF, 0xFF, 0xFF, 0xFF, 0xFF, 0xFF, 0xFF, 0xFF, 0xFF, 0xFF, 0xFF, 0xFF,
    0xFF, 0xFF, 0xFF, 0xFF, 0xFF, 0xFF, 0xFF, 0xFF, 0xFF, 0xFF, 0xFF, 0xFF, 0xFF, 0xFF, 0xFF, 0xFF,
    0xFF, 0xFF, 0xFF, 0xFF, 0xFF, 0xFF, 0xFF, 0xFF, 0xFF, 0xFF, 0xFF, 0xFF, 0xFF, 0xFF, 0xFF, 0xFF,
    0xFF, 0xFF, 0xFF, 0xFF, 0xFF, 0xFF, 0xFF, 0xFF, 0xFF, 0xFF, 0xFF, 0xFF, 0xFF, 0xFF, 0xFF, 0xFF,
    0xFF, 0xFF, 0xFF, 0xFF, 0xFF, 0xFF, 0xFF, 0xFF, 0xFF, 0xFF, 0xFF, 0xFF, 0xFF, 0xFF, 0xFF, 0xFF,
    0xFF, 0xFF, 0xFF, 0xFF, 0xFF, 0xFF, 0xFF, 0xFF, 0xFF, 0xFF, 0xFF, 0xFF, 0xFF, 0xFF, 0xFF, 0xFF,
    0xFF, 0xFF, 0xFF, 0xFF, 0xFF, 0xFF, 0xFF, 0xFF, 0xFF, 0xFF, 0xFF, 0xFF, 0xFF, 0xFF, 0xFF, 0xFF,
    0xFF, 0xFF, 0xFF, 0xFF, 0xFF, 0xFF, 0xFF, 0xFF, 0xFF, 0xFF, 0xFF, 0xFF, 0xFF, 0xFF, 0xFF, 0xFF,
    0xFF, 0xFF, 0xFF, 0xFF, 0xFF, 0xFF, 0xFF, 0xFF, 0xFF, 0xFF, 0xFF, 0xFF, 0xFF, 0xFF, 0xFF, 0xFF,
    0xFF, 0xFF, 0xFF, 0xFF, 0xFF, 0xFF, 0xFF, 0xFF, 0xFF, 0xFF, 0xFF, 0xFF, 0xFF, 0xFF, 0xFF, 0xFF,
    0xFF, 0xFF, 0xFF, 0xFF, 0xFF, 0xFF, 0xFF, 0xFF, 0xFF, 0xFF, 0xFF, 0xFF, 0xFF, 0xFF, 0xFF, 0xFF,
    0xFF, 0xFF, 0xFF, 0xFF, 0xFF, 0xFF, 0xFF, 0xFF, 0xFF, 0xFF, 0xFF, 0xFF, 0xFF, 0xFF, 0xFF, 0xFF,
    0xFF, 0xFF, 0xFF, 0xFF, 0xFF, 0xFF, 0xFF, 0xFF, 0xFF, 0xFF, 0xFF, 0xFF, 0xFF, 0xFF, 0xFF, 0xFF,
    0xFF, 0xFF, 0xFF, 0xFF, 0xFF, 0xFF, 0xFF, 0xFF, 0xFF, 0xFF, 0xFF, 0xFF, 0xFF, 0xFF, 0xFF, 0xFF,
    0xFF, 0xFF, 0xFF, 0xFF, 0xFF, 0xFF, 0xFF, 0xFF, 0xFF, 0xFF, 0xFF, 0xFF, 0xFF, 0xFF, 0xFF, 0xFF,
    0xFF, 0xFF, 0xFF, 0xFF, 0xFF, 0xFF, 0xFF, 0xFF, 0xFF, 0xFF, 0xFF, 0xFF, 0xFF, 0xFF, 0xFF, 0xFF,
    0xFF, 0xFF, 0xFF, 0xFF, 0xFF, 0xFF, 0xFF, 0xFF, 0xFF, 0xFF, 0xFF, 0xFF, 0xFF, 0xFF, 0xFF, 0xFF,
    0xFF, 0xFF, 0xFF, 0xFF, 0xFF, 0xFF, 0xFF, 0xFF, 0xFF, 0xFF, 0xFF, 0xFF, 0xFF, 0xFF, 0xFF, 0xFF,
    0xFF, 0xFF, 0xFF, 0xFF, 0xFF, 0xFF, 0xFF, 0xFF, 0xFF, 0xFF, 0xFF, 0xFF, 0xFF, 0xFF, 0xFF, 0xFF,
    0xFF, 0xFF, 0xFF, 0xFF, 0xFF, 0xFF, 0xFF, 0xFF, 0xFF, 0xFF, 0xFF, 0xFF, 0xFF, 0xFF, 0xFF, 0xFF,
    0xFF, 0xFF, 0xFF, 0xFF, 0xFF, 0xFF, 0xFF, 0xFF, 0xFF, 0xFF, 0xFF, 0xFF, 0xFF, 0xFF, 0xFF, 0xFF,
    0xFF, 0xFF, 0xFF, 0xFF, 0xFF, 0xFF, 0xFF, 0xFF, 0xFF, 0xFF, 0xFF, 0xFF, 0xFF, 0xFF, 0xFF, 0xFF,
    0xFF, 0xFF, 0xFF, 0xFF, 0xFF, 0xFF, 0xFF, 0xFF, 0xFF, 0xFF, 0xFF, 0xFF, 0xFF, 0xFF, 0xFF, 0xFF,
    0xFF, 0xFF, 0xFF, 0xFF, 0xFF, 0xFF, 0xFF, 0xFF, 0xFF, 0xFF, 0xFF, 0xFF, 0xFF, 0xFF, 0xFF, 0xFF,
    0xFF, 0xFF, 0xFF, 0xFF, 0xFF, 0xFF, 0xFF, 0xFF, 0xFF, 0xFF, 0xFF, 0xFF, 0xFF, 0xFF, 0xFF, 0xFF,
    0xFF, 0xFF, 0xFF, 0xFF, 0xFF, 0xFF, 0xFF, 0xFF, 0xFF, 0xFF, 0xFF, 0xFF, 0xFF, 0xFF, 0xFF, 0xFF,
    0xFF, 0xFF, 0xFF, 0xFF, 0xFF, 0xFF, 0xFF, 0xFF, 0xFF, 0xFF, 0xFF, 0xFF, 0xFF, 0xFF, 0xFF, 0xFF,
    0xFF, 0xFF, 0xFF, 0xFF, 0xFF, 0xFF, 0xFF, 0xFF, 0xFF, 0xFF, 0xFF, 0xFF, 0xFF, 0xFF, 0xFF, 0xFF,
    0xFF, 0xFF, 0xFF, 0xFF, 0xFF, 0xFF, 0xFF, 0xFF, 0xFF, 0xFF, 0xFF, 0xFF, 0xFF, 0xFF, 0xFF, 0xFF,
    0xFF, 0xFF, 0xFF, 0xFF, 0xFF, 0xFF, 0xFF, 0xFF, 0xFF, 0xFF, 0xFF, 0xFF, 0xFF, 0xFF, 0xFF, 0xFF,
    0xFF, 0xFF, 0xFF, 0xFF, 0xFF, 0xFF, 0xFF, 0xFF, 0xFF, 0xFF, 0xFF, 0xFF, 0xFF, 0xFF, 0xFF, 0xFF,
    0xFF, 0xFF, 0xFF, 0xFF, 0xFF, 0xFF, 0xFF, 0xFF, 0xFF, 0xFF, 0xFF, 0xFF, 0xFF, 0xFF, 0xFF, 0xFF,
    0xFF, 0xFF, 0xFF, 0xFF, 0xFF, 0xFF, 0xFF, 0xFF, 0xFF, 0xFF, 0xFF, 0xFF, 0xFF, 0xFF, 0xFF, 0xFF,
    0xFF, 0xFF, 0xFF, 0xFF, 0xFF, 0xFF, 0xFF, 0xFF, 0xFF, 0xFF, 0xFF, 0xFF, 0xFF, 0xFF, 0xFF, 0xFF,
    0xFF, 0xFF, 0xFF, 0xFF, 0xFF, 0xFF, 0xFF, 0xFF, 0xFF, 0xFF, 0xFF, 0xFF, 0xFF, 0xFF, 0xFF, 0xFF,
    0xFF, 0xFF, 0xFF, 0xFF, 0xFF, 0xFF, 0xFF, 0xFF, 0xFF, 0xFF, 0xFF, 0xFF, 0xFF, 0xFF, 0xFF, 0xFF,
    0xFF, 0xFF, 0xFF, 0xFF, 0xFF, 0xFF, 0xFF, 0xFF, 0xFF, 0xFF, 0xFF, 0xFF, 0xFF, 0xFF, 0xFF, 0xFF,
    0xFF, 0xFF, 0xFF, 0xFF, 0xFF, 0xFF, 0xFF, 0xFF, 0xFF, 0xFF, 0xFF, 0xFF, 0xFF, 0xFF, 0xFF, 0xFF,
    0xFF, 0xFF, 0xFF, 0xFF, 0xFF, 0xFF, 0xFF, 0xFF, 0xFF, 0xFF, 0xFF, 0xFF, 0xFF, 0xFF, 0xFF, 0xFF,
    0xFF, 0xFF, 0xFF, 0xFF, 0xFF, 0xFF, 0xFF, 0xFF, 0xFF, 0xFF, 0xFF, 0xFF, 0xFF, 0xFF, 0xFF, 0xFF,
    0xFF, 0xFF, 0xFF, 0xFF, 0xFF, 0xFF, 0xFF, 0xFF, 0xFF, 0xFF, 0xFF, 0xFF, 0xFF, 0xFF, 0xFF, 0xFF,
    0xFF, 0xFF, 0xFF, 0xFF, 0xFF, 0xFF, 0xFF, 0xFF, 0xFF, 0xFF, 0xFF, 0xFF, 0xFF, 0xFF, 0xFF, 0xFF,
    0xFF, 0xFF, 0xFF, 0xFF, 0xFF, 0xFF, 0xFF, 0xFF, 0xFF, 0xFF, 0xFF, 0xFF, 0xFF, 0xFF, 0xFF, 0xFF,
    0xFF, 0xFF, 0xFF, 0xFF, 0xFF, 0xFF, 0xFF, 0xFF, 0xFF, 0xFF, 0xFF, 0xFF, 0xFF, 0xFF, 0xFF, 0xFF,
    0xFF, 0xFF, 0xFF, 0xFF, 0xFF, 0xFF, 0xFF, 0xFF, 0xFF, 0xFF, 0xFF, 0xFF, 0xFF, 0xFF, 0xFF, 0xFF,
    0xFF, 0xFF, 0xFF, 0xFF, 0xFF, 0xFF, 0xFF, 0xFF, 0xFF, 0xFF, 0xFF, 0xFF, 0xFF, 0xFF, 0xFF, 0xFF,
    0xFF, 0xFF, 0xFF, 0xFF, 0xFF, 0xFF, 0xFF, 0xFF, 0xFF, 0xFF, 0xFF, 0xFF, 0xFF, 0xFF, 0xFF, 0xFF,
    0xFF, 0xFF, 0xFF, 0xFF, 0xFF, 0xFF, 0xFF, 0xFF, 0xFF, 0xFF, 0xFF, 0xFF, 0xFF, 0xFF, 0xFF, 0xFF,
    0xFF, 0xFF, 0xFF, 0xFF, 0xFF, 0xFF, 0xFF, 0xFF, 0xFF, 0xFF, 0xFF, 0xFF, 0xFF, 0xFF, 0xFF, 0xFF,
    0xFF, 0xFF, 0xFF, 0xFF, 0xFF, 0xFF, 0xFF, 0xFF, 0xFF, 0xFF, 0xFF, 0xFF, 0xFF, 0xFF, 0xFF, 0xFF,
    0xFF, 0xFF, 0xFF, 0xFF, 0xFF, 0xFF, 0xFF, 0xFF, 0xFF, 0xFF, 0xFF, 0xFF, 0xFF, 0xFF, 0xFF, 0xFF,
    0xFF, 0xFF, 0xFF, 0xFF, 0xFF, 0xFF, 0xFF, 0xFF, 0xFF, 0xFF, 0xFF, 0xFF, 0xFF, 0xFF, 0xFF, 0xFF,
    0xFF, 0xFF, 0xFF, 0xFF, 0xFF, 0xFF, 0xFF, 0xFF, 0xFF, 0xFF, 0xFF, 0xFF, 0xFF, 0xFF, 0xFF, 0xFF,
    0xFF, 0xFF, 0xFF, 0xFF, 0xFF, 0xFF, 0xFF, 0xFF, 0xFF, 0xFF, 0xFF, 0xFF, 0xFF, 0xFF, 0xFF, 0xFF,
    0xFF, 0xFF, 0xFF, 0xFF, 0xFF, 0xFF, 0xFF, 0xFF, 0xFF, 0xFF, 0xFF, 0xFF, 0xFF, 0xFF, 0xFF, 0xFF,
    0xFF, 0xFF, 0xFF, 0xFF, 0xFF, 0xFF, 0xFF, 0xFF, 0xFF, 0xFF, 0xFF, 0xFF, 0xFF, 0xFF, 0xFF, 0xFF,
    0xFF, 0xFF, 0xFF, 0xFF, 0xFF, 0xFF, 0xFF, 0xFF, 0xFF, 0xFF, 0xFF, 0xFF, 0xFF, 0xFF, 0xFF, 0xFF,
    0xFF, 0xFF, 0xFF, 0xFF, 0xFF, 0xFF, 0xFF, 0xFF, 0xFF, 0xFF, 0xFF, 0xFF, 0xFF, 0xFF, 0xFF, 0xFF,
    0xFF, 0xFF, 0xFF, 0xFF, 0xFF, 0xFF, 0xFF, 0xFF, 0xFF, 0xFF, 0xFF, 0xFF, 0xFF, 0xFF, 0xFF, 0xFF,
    0xFF, 0xFF, 0xFF, 0xFF, 0xFF, 0xFF, 0xFF, 0xFF, 0xFF, 0xFF, 0xFF, 0xFF, 0xFF, 0xFF, 0xFF, 0xFF,
    0xFF, 0xFF, 0xFF, 0xFF, 0xFF, 0xFF, 0xFF, 0xFF, 0xFF, 0xFF, 0xFF, 0xFF, 0xFF, 0xFF, 0xFF, 0xFF,
    0xFF, 0xFF, 0xFF, 0xFF, 0xFF, 0xFF, 0xFF, 0xFF, 0xFF, 0xFF, 0xFF, 0xFF, 0xFF, 0xFF, 0xFF, 0xFF,
    0xFF, 0xFF, 0xFF, 0xFF, 0xFF, 0xFF, 0xFF, 0xFF, 0xFF, 0xFF, 0xFF, 0xFF, 0xFF, 0xFF, 0xFF, 0xFF,
    0xFF, 0xFF, 0xFF, 0xFF, 0xFF, 0xFF, 0xFF, 0xFF, 0xFF, 0xFF, 0xFF, 0xFF, 0xFF, 0xFF, 0xFF, 0xFF,
    0xFF, 0xFF, 0xFF, 0xFF, 0xFF, 0xFF, 0xFF, 0xFF, 0xFF, 0xFF, 0xFF, 0xFF, 0xFF, 0xFF, 0xFF, 0xFF,
    0xFF, 0xFF, 0xFF, 0xFF, 0xFF, 0xFF, 0xFF, 0xFF, 0xFF, 0xFF, 0xFF, 0xFF, 0xFF, 0xFF, 0xFF, 0xFF,
    0xFF, 0xFF, 0xFF, 0xFF, 0xFF, 0xFF, 0xFF, 0xFF, 0xFF, 0xFF, 0xFF, 0xFF, 0xFF, 0xFF, 0xFF, 0xFF,
    0xFF, 0xFF, 0xFF, 0xFF, 0xFF, 0xFF, 0xFF, 0xFF, 0xFF, 0xFF, 0xFF, 0xFF, 0xFF, 0xFF, 0xFF, 0xFF,
    0xFF, 0xFF, 0xFF, 0xFF, 0xFF, 0xFF, 0xFF, 0xFF, 0xFF, 0xFF, 0xFF, 0xFF, 0xFF, 0xFF, 0xFF, 0xFF,
    0xFF, 0xFF, 0xFF, 0xFF, 0xFF, 0xFF, 0xFF, 0xFF, 0xFF, 0xFF, 0xFF, 0xFF, 0xFF, 0xFF, 0xFF, 0xFF,
    0xFF, 0xFF, 0xFF, 0xFF, 0xFF, 0xFF, 0xFF, 0xFF, 0xFF, 0xFF, 0xFF, 0xFF, 0xFF, 0xFF, 0xFF, 0xFF,
    0xFF, 0xFF, 0xFF, 0xFF, 0xFF, 0xFF, 0xFF, 0xFF, 0xFF, 0xFF, 0xFF, 0xFF, 0xFF, 0xFF, 0xFF, 0xFF,
    0xFF, 0xFF, 0xFF, 0xFF, 0xFF, 0xFF, 0xFF, 0xFF, 0xFF, 0xFF, 0xFF, 0xFF, 0xFF, 0xFF, 0xFF, 0xFF,
    0xFF, 0xFF, 0xFF, 0xFF, 0xFF, 0xFF, 0xFF, 0xFF, 0xFF, 0xFF, 0xFF, 0xFF, 0xFF, 0xFF, 0xFF, 0xFF,
    0xFF, 0xFF, 0xFF, 0xFF, 0xFF, 0xFF, 0xFF, 0xFF, 0xFF, 0xFF, 0xFF, 0xFF, 0xFF, 0xFF, 0xFF, 0xFF,
    0xFF, 0xFF, 0xFF, 0xFF, 0xFF, 0xFF, 0xFF, 0xFF, 0xFF, 0xFF, 0xFF, 0xFF, 0xFF, 0xFF, 0xFF, 0xFF,
    0xFF, 0xFF, 0xFF, 0xFF, 0xFF, 0xFF, 0xFF, 0xFF, 0xFF, 0xFF, 0xFF, 0xFF, 0xFF, 0xFF, 0xFF, 0xFF,
    0xFF, 0xFF, 0xFF, 0xFF, 0xFF, 0xFF, 0xFF, 0xFF, 0xFF, 0xFF, 0xFF, 0xFF, 0xFF, 0xFF, 0xFF, 0xFF,
    0xFF, 0xFF, 0xFF, 0xFF, 0xFF, 0xFF, 0xFF, 0xFF, 0xFF, 0xFF, 0xFF, 0xFF, 0xFF, 0xFF, 0xFF, 0xFF,
    0xFF, 0xFF, 0xFF, 0xFF, 0xFF, 0xFF, 0xFF, 0xFF, 0xFF, 0xFF, 0xFF, 0xFF, 0xFF, 0xFF, 0xFF, 0xFF,
    0xFF, 0xFF, 0xFF, 0xFF, 0xFF, 0xFF, 0xFF, 0xFF, 0xFF, 0xFF, 0xFF, 0xFF, 0xFF, 0xFF, 0xFF, 0xFF,
    0xFF, 0xFF, 0xFF, 0xFF, 0xFF, 0xFF, 0xFF, 0xFF, 0xFF, 0xFF, 0xFF, 0xFF, 0xFF, 0xFF, 0xFF, 0xFF,
    0xFF, 0xFF, 0xFF, 0xFF, 0xFF, 0xFF, 0xFF, 0xFF, 0xFF, 0xFF, 0xFF, 0xFF, 0xFF, 0xFF, 0xFF, 0xFF,
    0xFF, 0xFF, 0xFF, 0xFF, 0xFF, 0xFF, 0xFF, 0xFF, 0xFF, 0xFF, 0xFF, 0xFF, 0xFF, 0xFF, 0xFF, 0xFF,
    0xFF, 0xFF, 0xFF, 0xFF, 0xFF, 0xFF, 0xFF, 0xFF, 0xFF, 0xFF, 0xFF, 0xFF, 0xFF, 0xFF, 0xFF, 0xFF,
    0xFF, 0xFF, 0xFF, 0xFF, 0xFF, 0xFF, 0xFF, 0xFF, 0xFF, 0xFF, 0xFF, 0xFF, 0xFF, 0xFF, 0xFF, 0xFF,
    0xFF, 0xFF, 0xFF, 0xFF, 0xFF, 0xFF, 0xFF, 0xFF, 0xFF, 0xFF, 0xFF, 0xFF, 0xFF, 0xFF, 0xFF, 0xFF,
    0xFF, 0xFF, 0xFF, 0xFF, 0xFF, 0xFF, 0xFF, 0xFF, 0xFF, 0xFF, 0xFF, 0xFF, 0xFF, 0xFF, 0xFF, 0xFF,
    0xFF, 0xFF, 0xFF, 0xFF, 0xFF, 0xFF, 0xFF, 0xFF, 0xFF, 0xFF, 0xFF, 0xFF, 0xFF, 0xFF, 0xFF, 0xFF,
    0xFF, 0xFF, 0xFF, 0xFF, 0xFF, 0xFF, 0xFF, 0xFF, 0xFF, 0xFF, 0xFF, 0xFF, 0xFF, 0xFF, 0xFF, 0xFF,
    0xFF, 0xFF, 0xFF, 0xFF, 0xFF, 0xFF, 0xFF, 0xFF, 0xFF, 0xFF, 0xFF, 0xFF, 0xFF, 0xFF, 0xFF, 0xFF,
    0xFF, 0xFF, 0xFF, 0xFF, 0xFF, 0xFF, 0xFF, 0xFF, 0xFF, 0xFF, 0xFF, 0xFF, 0xFF, 0xFF, 0xFF, 0xFF,
    0xFF, 0xFF, 0xFF, 0xFF, 0xFF, 0xFF, 0xFF, 0xFF, 0xFF, 0xFF, 0xFF, 0xFF, 0xFF, 0xFF, 0xFF, 0xFF,
    0xFF, 0xFF, 0xFF, 0xFF, 0xFF, 0xFF, 0xFF, 0xFF, 0xFF, 0xFF, 0xFF, 0xFF, 0xFF, 0xFF, 0xFF, 0xFF,
    0xFF, 0xFF, 0xFF, 0xFF, 0xFF, 0xFF, 0xFF, 0xFF, 0xFF, 0xFF, 0xFF, 0xFF, 0xFF, 0xFF, 0xFF, 0xFF,
    0xFF, 0xFF, 0xFF, 0xFF, 0xFF, 0xFF, 0xFF, 0xFF, 0xFF, 0xFF, 0xFF, 0xFF, 0xFF, 0xFF, 0xFF, 0xFF,
    0xFF, 0xFF, 0xFF, 0xFF, 0xFF, 0xFF, 0xFF, 0xFF, 0xFF, 0xFF, 0xFF, 0xFF, 0xFF, 0xFF, 0xFF, 0xFF,
    0xFF, 0xFF, 0xFF, 0xFF, 0xFF, 0xFF, 0xFF, 0xFF, 0xFF, 0xFF, 0xFF, 0xFF, 0xFF, 0xFF, 0xFF, 0xFF,
    0xFF, 0xFF, 0xFF, 0xFF, 0xFF, 0xFF, 0xFF, 0xFF, 0xFF, 0xFF, 0xFF, 0xFF, 0xFF, 0xFF, 0xFF, 0xFF,
    0xFF, 0xFF, 0xFF, 0xFF, 0xFF, 0xFF, 0xFF, 0xFF, 0xFF, 0xFF, 0xFF, 0xFF, 0xFF, 0xFF, 0xFF, 0xFF,
    0xFF, 0xFF, 0xFF, 0xFF, 0xFF, 0xFF, 0xFF, 0xFF, 0xFF, 0xFF, 0xFF, 0xFF, 0xFF, 0xFF, 0xFF, 0xFF,
    0xFF, 0xFF, 0xFF, 0xFF, 0xFF, 0xFF, 0xFF, 0xFF, 0xFF, 0xFF, 0xFF, 0xFF, 0xFF, 0xFF, 0xFF, 0xFF,
    0xFF, 0xFF, 0xFF, 0xFF, 0xFF, 0xFF, 0xFF, 0xFF, 0xFF, 0xFF, 0xFF, 0xFF, 0xFF, 0xFF, 0xFF, 0xFF,
    0xFF, 0xFF, 0xFF, 0xFF, 0xFF, 0xFF, 0xFF, 0xFF, 0xFF, 0xFF, 0xFF, 0xFF, 0xFF, 0xFF, 0xFF, 0xFF,
    0xFF, 0xFF, 0xFF, 0xFF, 0xFF, 0xFF, 0xFF, 0xFF, 0xFF, 0xFF, 0xFF, 0xFF, 0xFF, 0xFF, 0xFF, 0xFF,
    0xFF, 0xFF, 0xFF, 0xFF, 0xFF, 0xFF, 0xFF, 0xFF, 0xFF, 0xFF, 0xFF, 0xFF, 0xFF, 0xFF, 0xFF, 0xFF,
    0xFF, 0xFF, 0xFF, 0xFF, 0xFF, 0xFF, 0xFF, 0xFF, 0xFF, 0xFF, 0xFF, 0xFF, 0xFF, 0xFF, 0xFF, 0xFF,
    0xFF, 0xFF, 0xFF, 0xFF, 0xFF, 0xFF, 0xFF, 0xFF, 0xFF, 0xFF, 0xFF, 0xFF, 0xFF, 0xFF, 0xFF, 0xFF,
    0xFF, 0xFF, 0xFF, 0xFF, 0xFF, 0xFF, 0xFF, 0xFF, 0xFF, 0xFF, 0xFF, 0xFF, 0xFF, 0xFF, 0xFF, 0xFF,
    0xFF, 0xFF, 0xFF, 0xFF, 0xFF, 0xFF, 0xFF, 0xFF, 0xFF, 0xFF, 0xFF, 0xFF, 0xFF, 0xFF, 0xFF, 0xFF,
    0xFF, 0xFF, 0xFF, 0xFF, 0xFF, 0xFF, 0xFF, 0xFF, 0xFF, 0xFF, 0xFF, 0xFF, 0xFF, 0xFF, 0xFF, 0xFF,
    0xFF, 0xFF, 0xFF, 0xFF, 0xFF, 0xFF, 0xFF, 0xFF, 0xFF, 0xFF, 0xFF, 0xFF, 0xFF, 0xFF, 0xFF, 0xFF,
    0xFF, 0xFF, 0xFF, 0xFF, 0xFF, 0xFF, 0xFF, 0xFF, 0xFF, 0xFF, 0xFF, 0xFF, 0xFF, 0xFF, 0xFF, 0xFF,
    0xFF, 0xFF, 0xFF, 0xFF, 0xFF, 0xFF, 0xFF, 0xFF, 0xFF, 0xFF, 0xFF, 0xFF, 0xFF, 0xFF, 0xFF, 0xFF,
    0xFF, 0xFF, 0xFF, 0xFF, 0xFF, 0xFF, 0xFF, 0xFF, 0xFF, 0xFF, 0xFF, 0xFF, 0xFF, 0xFF, 0xFF, 0xFF,
    0xFF, 0xFF, 0xFF, 0xFF, 0xFF, 0xFF, 0xFF, 0xFF, 0xFF, 0xFF, 0xFF, 0xFF, 0xFF, 0xFF, 0xFF, 0xFF,
    0xFF, 0xFF, 0xFF, 0xFF, 0xFF, 0xFF, 0xFF, 0xFF, 0xFF, 0xFF, 0xFF, 0xFF, 0xFF, 0xFF, 0xFF, 0xFF,
    0xFF, 0xFF, 0xFF, 0xFF, 0xFF, 0xFF, 0xFF, 0xFF, 0xFF, 0xFF, 0xFF, 0xFF, 0xFF, 0xFF, 0xFF, 0xFF,
    0xFF, 0xFF, 0xFF, 0xFF, 0xFF, 0xFF, 0xFF, 0xFF, 0xFF, 0xFF, 0xFF, 0xFF, 0xFF, 0xFF, 0xFF, 0xFF,
    0xFF, 0xFF, 0xFF, 0xFF, 0xFF, 0xFF, 0xFF, 0xFF, 0xFF, 0xFF, 0xFF, 0xFF, 0xFF, 0xFF, 0xFF, 0xFF,
    0xFF, 0xFF, 0xFF, 0xFF, 0xFF, 0xFF, 0xFF, 0xFF, 0xFF, 0xFF, 0xFF, 0xFF, 0xFF, 0xFF, 0xFF, 0xFF,
    0xFF, 0xFF, 0xFF, 0xFF, 0xFF, 0xFF, 0xFF, 0xFF, 0xFF, 0xFF, 0xFF, 0xFF, 0xFF, 0xFF, 0xFF, 0xFF,
    0xFF, 0xFF, 0xFF, 0xFF, 0xFF, 0xFF, 0xFF, 0xFF, 0xFF, 0xFF, 0xFF, 0xFF, 0xFF, 0xFF, 0xFF, 0xFF,
    0xFF, 0xFF, 0xFF, 0xFF, 0xFF, 0xFF, 0xFF, 0xFF, 0xFF, 0xFF, 0xFF, 0xFF, 0xFF, 0xFF, 0xFF, 0xFF,
    0xFF, 0xFF, 0xFF, 0xFF, 0xFF, 0xFF, 0xFF, 0xFF, 0xFF, 0xFF, 0xFF, 0xFF, 0xFF, 0xFF, 0xFF, 0xFF,
    0xFF, 0xFF, 0xFF, 0xFF, 0xFF, 0xFF, 0xFF, 0xFF, 0xFF, 0xFF, 0xFF, 0xFF, 0xFF, 0xFF, 0xFF, 0xFF,
    0xFF, 0xFF, 0xFF, 0xFF, 0xFF, 0xFF, 0xFF, 0xFF, 0xFF, 0xFF, 0xFF, 0xFF, 0xFF, 0xFF, 0xFF, 0xFF,
    0xFF, 0xFF, 0xFF, 0xFF, 0xFF, 0xFF, 0xFF, 0xFF, 0xFF, 0xFF, 0xFF, 0xFF, 0xFF, 0xFF, 0xFF, 0xFF,
    0xFF, 0xFF, 0xFF, 0xFF, 0xFF, 0xFF, 0xFF, 0xFF, 0xFF, 0xFF, 0xFF, 0xFF, 0xFF, 0xFF, 0xFF, 0xFF,
    0xFF, 0xFF, 0xFF, 0xFF, 0xFF, 0xFF, 0xFF, 0xFF, 0xFF, 0xFF, 0xFF, 0xFF, 0xFF, 0xFF, 0xFF, 0xFF,
    0xFF, 0xFF, 0xFF, 0xFF, 0xFF, 0xFF, 0xFF, 0xFF, 0xFF, 0xFF, 0xFF, 0xFF, 0xFF, 0xFF, 0xFF, 0xFF,
    0xFF, 0xFF, 0xFF, 0xFF, 0xFF, 0xFF, 0xFF, 0xFF, 0xFF, 0xFF, 0xFF, 0xFF, 0xFF, 0xFF, 0xFF, 0xFF,
    0xFF, 0xFF, 0xFF, 0xFF, 0xFF, 0xFF, 0xFF, 0xFF, 0xFF, 0xFF, 0xFF, 0xFF, 0xFF, 0xFF, 0xFF, 0xFF,
    0xFF, 0xFF, 0xFF, 0xFF, 0xFF, 0xFF, 0xFF, 0xFF, 0xFF, 0xFF, 0xFF, 0xFF, 0xFF, 0xFF, 0xFF, 0xFF,
    0xFF, 0xFF, 0xFF, 0xFF, 0xFF, 0xFF, 0xFF, 0xFF, 0xFF, 0xFF, 0xFF, 0xFF, 0xFF, 0xFF, 0xFF, 0xFF,
    0xFF, 0xFF, 0xFF, 0xFF, 0xFF, 0xFF, 0xFF, 0xFF, 0xFF, 0xFF, 0xFF, 0xFF, 0xFF, 0xFF, 0xFF, 0xFF,
    0xFF, 0xFF, 0xFF, 0xFF, 0xFF, 0xFF, 0xFF, 0xFF, 0xFF, 0xFF, 0xFF, 0xFF, 0xFF, 0xFF, 0xFF, 0xFF,
    0xFF, 0xFF, 0xFF, 0xFF, 0xFF, 0xFF, 0xFF, 0xFF, 0xFF, 0xFF, 0xFF, 0xFF, 0xFF, 0xFF, 0xFF, 0xFF,
    0xFF, 0xFF, 0xFF, 0xFF, 0xFF, 0xFF, 0xFF, 0xFF, 0xFF, 0xFF, 0xFF, 0xFF, 0xFF, 0xFF, 0xFF, 0xFF,
    0xFF, 0xFF, 0xFF, 0xFF, 0xFF, 0xFF, 0xFF, 0xFF, 0xFF, 0xFF, 0xFF, 0xFF, 0xFF, 0xFF, 0xFF, 0xFF,
    0xFF, 0xFF, 0xFF, 0xFF, 0xFF, 0xFF, 0xFF, 0xFF, 0xFF, 0xFF, 0xFF, 0xFF, 0xFF, 0xFF, 0xFF, 0xFF,
    0xFF, 0xFF, 0xFF, 0xFF, 0xFF, 0xFF, 0xFF, 0xFF, 0xFF, 0xFF, 0xFF, 0xFF, 0xFF, 0xFF, 0xFF, 0xFF,
    0xFF, 0xFF, 0xFF, 0xFF, 0xFF, 0xFF, 0xFF, 0xFF, 0xFF, 0xFF, 0xFF, 0xFF, 0xFF, 0xFF, 0xFF, 0xFF,
    0xFF, 0xFF, 0xFF, 0xFF, 0xFF, 0xFF, 0xFF, 0xFF, 0xFF, 0xFF, 0xFF, 0xFF, 0xFF, 0xFF, 0xFF, 0xFF,
    0xFF, 0xFF, 0xFF, 0xFF, 0xFF, 0xFF, 0xFF, 0xFF, 0xFF, 0xFF, 0xFF, 0xFF, 0xFF, 0xFF, 0xFF, 0xFF,
    0xFF, 0xFF, 0xFF, 0xFF, 0xFF, 0xFF, 0xFF, 0xFF, 0xFF, 0xFF, 0xFF, 0xFF, 0xFF, 0xFF, 0xFF, 0xFF,
    0xFF, 0xFF, 0xFF, 0xFF, 0xFF, 0xFF, 0xFF, 0xFF, 0xFF, 0xFF, 0xFF, 0xFF, 0xFF, 0xFF, 0xFF, 0xFF,
    0xFF, 0xFF, 0xFF, 0xFF, 0xFF, 0xFF, 0xFF, 0xFF, 0xFF, 0xFF, 0xFF, 0xFF, 0xFF, 0xFF, 0xFF, 0xFF,
    0xFF, 0xFF, 0xFF, 0xFF, 0xFF, 0xFF, 0xFF, 0xFF, 0xFF, 0xFF, 0xFF, 0xFF, 0xFF, 0xFF, 0xFF, 0xFF,
    0xFF, 0xFF, 0xFF, 0xFF, 0xFF, 0xFF, 0xFF, 0xFF, 0xFF, 0xFF, 0xFF, 0xFF, 0xFF, 0xFF, 0xFF, 0xFF,
    0xFF, 0xFF, 0xFF, 0xFF, 0xFF, 0xFF, 0xFF, 0xFF, 0xFF, 0xFF, 0xFF, 0xFF, 0xFF, 0xFF, 0xFF, 0xFF,
    0xFF, 0xFF, 0xFF, 0xFF, 0xFF, 0xFF, 0xFF, 0xFF, 0xFF, 0xFF, 0xFF, 0xFF, 0xFF, 0xFF, 0xFF, 0xFF,
    0xFF, 0xFF, 0xFF, 0xFF, 0xFF, 0xFF, 0xFF, 0xFF, 0xFF, 0xFF, 0xFF, 0xFF, 0xFF, 0xFF, 0xFF, 0xFF,
    0xFF, 0xFF, 0xFF, 0xFF, 0xFF, 0xFF, 0xFF, 0xFF, 0xFF, 0xFF, 0xFF, 0xFF, 0xFF, 0xFF, 0xFF, 0xFF,
    0xFF, 0xFF, 0xFF, 0xFF, 0xFF, 0xFF, 0xFF, 0xFF, 0xFF, 0xFF, 0xFF, 0xFF, 0xFF, 0xFF, 0xFF, 0xFF,
    0xFF, 0xFF, 0xFF, 0xFF, 0xFF, 0xFF, 0xFF, 0xFF, 0xFF, 0xFF, 0xFF, 0xFF, 0xFF, 0xFF, 0xFF, 0xFF,
    0xFF, 0xFF, 0xFF, 0xFF, 0xFF, 0xFF, 0xFF, 0xFF, 0xFF, 0xFF, 0xFF, 0xFF, 0xFF, 0xFF, 0xFF, 0xFF,
    0xFF, 0xFF, 0xFF, 0xFF, 0xFF, 0xFF, 0xFF, 0xFF, 0xFF, 0xFF, 0xFF, 0xFF, 0xFF, 0xFF, 0xFF, 0xFF,
    0xFF, 0xFF, 0xFF, 0xFF, 0xFF, 0xFF, 0xFF, 0xFF, 0xFF, 0xFF, 0xFF, 0xFF, 0xFF, 0xFF, 0xFF, 0xFF,
    0xFF, 0xFF, 0xFF, 0xFF, 0xFF, 0xFF, 0xFF, 0xFF, 0xFF, 0xFF, 0xFF, 0xFF, 0xFF, 0xFF, 0xFF, 0xFF,
    0xFF, 0xFF, 0xFF, 0xFF, 0xFF, 0xFF, 0xFF, 0xFF, 0xFF, 0xFF, 0xFF, 0xFF, 0xFF, 0xFF, 0xFF, 0xFF,
    0xFF, 0xFF, 0xFF, 0xFF, 0xFF, 0xFF, 0xFF, 0xFF, 0xFF, 0xFF, 0xFF, 0xFF, 0xFF, 0xFF, 0xFF, 0xFF,
    0xFF, 0xFF, 0xFF, 0xFF, 0xFF, 0xFF, 0xFF, 0xFF, 0xFF, 0xFF, 0xFF, 0xFF, 0xFF, 0xFF, 0xFF, 0xFF,
    0xFF, 0xFF, 0xFF, 0xFF, 0xFF, 0xFF, 0xFF, 0xFF, 0xFF, 0xFF, 0xFF, 0xFF, 0xFF, 0xFF, 0xFF, 0xFF,
    0xFF, 0xFF, 0xFF, 0xFF, 0xFF, 0xFF, 0xFF, 0xFF, 0xFF, 0xFF, 0xFF, 0xFF, 0xFF, 0xFF, 0xFF, 0xFF,
    0xFF, 0xFF, 0xFF, 0xFF, 0xFF, 0xFF, 0xFF, 0xFF, 0xFF, 0xFF, 0xFF, 0xFF, 0xFF, 0xFF, 0xFF, 0xFF,
    0xFF, 0xFF, 0xFF, 0xFF, 0xFF, 0xFF, 0xFF, 0xFF, 0xFF, 0xFF, 0xFF, 0xFF, 0xFF, 0xFF, 0xFF, 0xFF,
    0xFF, 0xFF, 0xFF, 0xFF, 0xFF, 0xFF, 0xFF, 0xFF, 0xFF, 0xFF, 0xFF, 0xFF, 0xFF, 0xFF, 0xFF, 0xFF,
    0xFF, 0xFF, 0xFF, 0xFF, 0xFF, 0xFF, 0xFF, 0xFF, 0xFF, 0xFF, 0xFF, 0xFF, 0xFF, 0xFF, 0xFF, 0xFF,
    0xFF, 0xFF, 0xFF, 0xFF, 0xFF, 0xFF, 0xFF, 0xFF, 0xFF, 0xFF, 0xFF, 0xFF, 0xFF, 0xFF, 0xFF, 0xFF,
    0xFF, 0xFF, 0xFF, 0xFF, 0xFF, 0xFF, 0xFF, 0xFF, 0xFF, 0xFF, 0xFF, 0xFF, 0xFF, 0xFF, 0xFF, 0xFF,
    0xFF, 0xFF, 0xFF, 0xFF, 0xFF, 0xFF, 0xFF, 0xFF, 0xFF, 0xFF, 0xFF, 0xFF, 0xFF, 0xFF, 0xFF, 0xFF,
    0xFF, 0xFF, 0xFF, 0xFF, 0xFF, 0xFF, 0xFF, 0xFF, 0xFF, 0xFF, 0xFF, 0xFF, 0xFF, 0xFF, 0xFF, 0xFF,
    0xFF, 0xFF, 0xFF, 0xFF, 0xFF, 0xFF, 0xFF, 0xFF, 0xFF, 0xFF, 0xFF, 0xFF, 0xFF, 0xFF, 0xFF, 0xFF,
    0xFF, 0xFF, 0xFF, 0xFF, 0xFF, 0xFF, 0xFF, 0xFF, 0xFF, 0xFF, 0xFF, 0xFF, 0xFF, 0xFF, 0xFF, 0xFF,
    0xFF, 0xFF, 0xFF, 0xFF, 0xFF, 0xFF, 0xFF, 0xFF, 0xFF, 0xFF, 0xFF, 0xFF, 0xFF, 0xFF, 0xFF, 0xFF,
    0xFF, 0xFF, 0xFF, 0xFF, 0xFF, 0xFF, 0xFF, 0xFF, 0xFF, 0xFF, 0xFF, 0xFF, 0xFF, 0xFF, 0xFF, 0xFF,
    0xFF, 0xFF, 0xFF, 0xFF, 0xFF, 0xFF, 0xFF, 0xFF, 0xFF, 0xFF, 0xFF, 0xFF, 0xFF, 0xFF, 0xFF, 0xFF,
    0xFF, 0xFF, 0xFF, 0xFF, 0xFF, 0xFF, 0xFF, 0xFF, 0xFF, 0xFF, 0xFF, 0xFF, 0xFF, 0xFF, 0xFF, 0xFF,
    0xFF, 0xFF, 0xFF, 0xFF, 0xFF, 0xFF, 0xFF, 0xFF, 0xFF, 0xFF, 0xFF, 0xFF, 0xFF, 0xFF, 0xFF, 0xFF,
    0xFF, 0xFF, 0xFF, 0xFF, 0xFF, 0xFF, 0xFF, 0xFF, 0xFF, 0xFF, 0xFF, 0xFF, 0xFF, 0xFF, 0xFF, 0xFF,
    0xFF, 0xFF, 0xFF, 0xFF, 0xFF, 0xFF, 0xFF, 0xFF, 0xFF, 0xFF, 0xFF, 0xFF, 0xFF, 0xFF, 0xFF, 0xFF,
    0xFF, 0xFF, 0xFF, 0xFF, 0xFF, 0xFF, 0xFF, 0xFF, 0xFF, 0xFF, 0xFF, 0xFF, 0xFF, 0xFF, 0xFF, 0xFF,
    0xFF, 0xFF, 0xFF, 0xFF, 0xFF, 0xFF, 0xFF, 0xFF, 0xFF, 0xFF, 0xFF, 0xFF, 0xFF, 0xFF, 0xFF, 0xFF,
    0xFF, 0xFF, 0xFF, 0xFF, 0xFF, 0xFF, 0xFF, 0xFF, 0xFF, 0xFF, 0xFF, 0xFF, 0xFF, 0xFF, 0xFF, 0xFF,
    0xFF, 0xFF, 0xFF, 0xFF, 0xFF, 0xFF, 0xFF, 0xFF, 0xFF, 0xFF, 0xFF, 0xFF, 0xFF, 0xFF, 0xFF, 0xFF,
    0xFF, 0xFF, 0xFF, 0xFF, 0xFF, 0xFF, 0xFF, 0xFF, 0xFF, 0xFF, 0xFF, 0xFF, 0xFF, 0xFF, 0xFF, 0xFF,
    0xFF, 0xFF, 0xFF, 0xFF, 0xFF, 0xFF, 0xFF, 0xFF, 0xFF, 0xFF, 0xFF, 0xFF, 0xFF, 0xFF, 0xFF, 0xFF,
    0xFF, 0xFF, 0xFF, 0xFF, 0xFF, 0xFF, 0xFF, 0xFF, 0xFF, 0xFF, 0xFF, 0xFF, 0xFF, 0xFF, 0xFF, 0xFF,
    0xFF, 0xFF, 0xFF, 0xFF, 0xFF, 0xFF, 0xFF, 0xFF, 0xFF, 0xFF, 0xFF, 0xFF, 0xFF, 0xFF, 0xFF, 0xFF,
    0xFF, 0xFF, 0xFF, 0xFF, 0xFF, 0xFF, 0xFF, 0xFF, 0xFF, 0xFF, 0xFF, 0xFF, 0xFF, 0xFF, 0xFF, 0xFF,
    0xFF, 0xFF, 0xFF, 0xFF, 0xFF, 0xFF, 0xFF, 0xFF, 0xFF, 0xFF, 0xFF, 0xFF, 0xFF, 0xFF, 0xFF, 0xFF,
};

static const LV_ATTRIBUTE_MEM_ALIGN LV_ATTRIBUTE_LARGE_CONST uint8_t launcher_heading_dark_map[] = {
    0xC4, 0x10, 0xC4, 0x10, 0xC4, 0x10, 0xC4, 0x10, 0xC4, 0x10, 0xC4, 0x10, 0xC4, 0x10, 0xC4, 0x10,
    0xC4, 0x10, 0xC4, 0x10, 0xC4, 0x10, 0xC4, 0x10, 0xC4, 0x10, 0xC4, 0x10, 0xC4, 0x10, 0xC4, 0x10,
    0xC4, 0x10, 0xC4, 0x10, 0xC4, 0x10, 0xC4, 0x10, 0xC4, 0x10, 0xC4, 0x10, 0xC4, 0x10, 0xC4, 0x10,
    0xC4, 0x10, 0xC4, 0x10, 0xC4, 0x10, 0xC4, 0x10, 0xC4, 0x10, 0xC4, 0x10, 0xC4, 0x10, 0xC4, 0x10,
    0xC4, 0x10, 0xC4, 0x10, 0xC4, 0x10, 0xC4, 0x10, 0xC4, 0x10, 0xC4, 0x10, 0xC4, 0x10, 0xC4, 0x10,
    0xC4, 0x10, 0xC4, 0x10, 0xC4, 0x10, 0xC4, 0x10, 0xC4, 0x10, 0xC4, 0x10, 0xC4, 0x10, 0xC4, 0x10,
    0xC4, 0x10, 0xC4, 0x10, 0xC4, 0x10, 0xC4, 0x10, 0xC4, 0x10, 0xC4, 0x10, 0xC4, 0x10, 0xC4, 0x10,
    0xC4, 0x10, 0xC4, 0x10, 0xC4, 0x10, 0xC4, 0x10, 0xC4, 0x10, 0xC4, 0x10, 0xC4, 0x10, 0xC4, 0x10,
    0xC4, 0x10, 0xC4, 0x10, 0xC4, 0x10, 0xC4, 0x10, 0xC4, 0x10, 0xC4, 0x10, 0xC4, 0x10, 0xC4, 0x10,
    0xC4, 0x10, 0xC4, 0x10, 0xC4, 0x10, 0xC4, 0x10, 0xC4, 0x10, 0xC4, 0x10, 0xC4, 0x10, 0xC4, 0x10,
    0xC4, 0x10, 0xC4, 0x10, 0xC4, 0x10, 0xC4, 0x10, 0xC4, 0x10, 0xC4, 0x10, 0xC4, 0x10, 0xC4, 0x10,
    0xC4, 0x10, 0xC4, 0x10, 0xC4, 0x10, 0xC4, 0x10, 0xC4, 0x10, 0xC4, 0x10, 0xC4, 0x10, 0xC4, 0x10,
    0xC4, 0x10, 0xC4, 0x10, 0xC4, 0x10, 0xC4, 0x10, 0xC4, 0x10, 0xC4, 0x10, 0xC4, 0x10, 0xC4, 0x10,
    0xC4, 0x10, 0xC4, 0x10, 0xC4, 0x10, 0xC4, 0x10, 0xC4, 0x10, 0xC4, 0x10, 0xC4, 0x10, 0xC4, 0x10,
    0xC4, 0x10, 0xC4, 0x10, 0xC4, 0x10, 0xC4, 0x10, 0xC4, 0x10, 0xC4, 0x10, 0xC4, 0x10, 0xC4, 0x10,
    0xC4, 0x10, 0xC4, 0x10, 0xC4, 0x10, 0xC4, 0x10, 0xC4, 0x10, 0xC4, 0x10, 0xC4, 0x10, 0xC4, 0x10,
    0xC4, 0x10, 0xC4, 0x10, 0xC4, 0x10, 0xC4, 0x10, 0xC4, 0x10, 0xC4, 0x10, 0xC4, 0x10, 0xC4, 0x10,
    0xC4, 0x10, 0xC4, 0x10, 0xC4, 0x10, 0xC4, 0x10, 0xC4, 0x10, 0xC4, 0x10, 0xC4, 0x10, 0xC4, 0x10,
    0xC4, 0x10, 0xC4, 0x10, 0xC4, 0x10, 0xC4, 0x10, 0xC4, 0x10, 0xC4, 0x10, 0xC4, 0x10, 0xC4, 0x10,
    0xC4, 0x10, 0xC4, 0x10, 0xC4, 0x10, 0xC4, 0x10, 0xC4, 0x10, 0xC4, 0x10, 0xC4, 0x10, 0xC4, 0x10,
    0xC4, 0x10, 0xC4, 0x10, 0xC4, 0x10, 0xC4, 0x10, 0xC4, 0x10, 0xC4, 0x10, 0xC4, 0x10, 0xC4, 0x10,
    0xC4, 0x10, 0xC4, 0x10, 0xC4, 0x10, 0xC4, 0x10, 0xC4, 0x10, 0xC4, 0x10, 0xC4, 0x10, 0xC4, 0x10,
    0xC4, 0x10, 0xC4, 0x10, 0xC4, 0x10, 0xC4, 0x10, 0xC4, 0x10, 0xC4, 0x10, 0xC4, 0x10, 0xC4, 0x10,
    0xC4, 0x10, 0xC4, 0x10, 0xC4, 0x10, 0xC4, 0x10, 0xC4, 0x10, 0xC4, 0x10, 0xC4, 0x10, 0xC4, 0x10,
    0xC4, 0x10, 0xC4, 0x10, 0xC4, 0x10, 0xC4, 0x10, 0xC4, 0x10, 0xC4, 0x10, 0xC4, 0x10, 0xC4, 0x10,
    0xC4, 0x10, 0xC4, 0x10, 0xC4, 0x10, 0xC4, 0x10, 0xC4, 0x10, 0xC4, 0x10, 0xC4, 0x10, 0xC4, 0x10,
    0xC4, 0x10, 0xC4, 0x10, 0xC4, 0x10, 0xC4, 0x10, 0xC4, 0x10, 0xC4, 0x10, 0xC4, 0x10, 0xC4, 0x10,
    0xC4, 0x10, 0xC4, 0x10, 0xC4, 0x10, 0xC4, 0x10, 0xC4, 0x10, 0xC4, 0x10, 0xC4, 0x10, 0xC4, 0x10,
    0xC4, 0x10, 0xC4, 0x10, 0xC4, 0x10, 0xC4, 0x10, 0xC4, 0x10, 0xC4, 0x10, 0xC4, 0x10, 0xC4, 0x10,
    0xC4, 0x10, 0xC4, 0x10, 0xC4, 0x10, 0xC4, 0x10, 0xC4, 0x10, 0xC4, 0x10, 0xC4, 0x10, 0xC4, 0x10,
    0xC4, 0x10, 0xC4, 0x10, 0xC4, 0x10, 0xC4, 0x10, 0xC4, 0x10, 0xC4, 0x10, 0xC4, 0x10, 0xC4, 0x10,
    0xC4, 0x10, 0xC4, 0x10, 0xC4, 0x10, 0xC4, 0x10, 0xC4, 0x10, 0xC4, 0x10, 0xC4, 0x10, 0xC4, 0x10,
    0xC4, 0x10, 0xC4, 0x10, 0xC4, 0x10, 0xC4, 0x10, 0xC4, 0x10, 0xC4, 0x10, 0xC4, 0x10, 0xC4, 0x10,
    0xC4, 0x10, 0xC4, 0x10, 0xC4, 0x10, 0xC4, 0x10, 0xC4, 0x10, 0xC4, 0x10, 0xC4, 0x10, 0xC4, 0x10,
    0xC4, 0x10, 0xC4, 0x10, 0xC4, 0x10, 0xC4, 0x10, 0xC4, 0x10, 0xC4, 0x10, 0xC4, 0x10, 0xC4, 0x10,
    0xC4, 0x10, 0xC4, 0x10, 0xC4, 0x10, 0xC4, 0x10, 0xC4, 0x10, 0xC4, 0x10, 0xC4, 0x10, 0xC4, 0x10,
    0xC4, 0x10, 0xC4, 0x10, 0xC4, 0x10, 0xC4, 0x10, 0xC4, 0x10, 0xC4, 0x10, 0xC4, 0x10, 0xC4, 0x10,
    0xC4, 0x10, 0xC4, 0x10, 0xC4, 0x10, 0xC4, 0x10, 0xC4, 0x10, 0xC4, 0x10, 0xC4, 0x10, 0xC4, 0x10,
    0xC4, 0x10, 0xC4, 0x10, 0xC4, 0x10, 0xC4, 0x10, 0xC4, 0x10, 0xC4, 0x10, 0xC4, 0x10, 0xC4, 0x10,
    0xC4, 0x10, 0xC4, 0x10, 0xC4, 0x10, 0xC4, 0x10, 0xC4, 0x10, 0xC4, 0x10, 0xC4, 0x10, 0xC4, 0x10,
    0xC4, 0x10, 0xC4, 0x10, 0xC4, 0x10, 0xC4, 0x10, 0xC4, 0x10, 0xC4, 0x10, 0xC4, 0x10, 0xC4, 0x10,
    0xC4, 0x10, 0xC4, 0x10, 0xC4, 0x10, 0xC4, 0x10, 0xC4, 0x10, 0xC4, 0x10, 0xC4, 0x10, 0xC4, 0x10,
    0xC4, 0x10, 0xC4, 0x10, 0xC4, 0x10, 0xC4, 0x10, 0xC4, 0x10, 0xC4, 0x10, 0xC4, 0x10, 0xC4, 0x10,
    0xC4, 0x10, 0xC4, 0x10, 0xC4, 0x10, 0xC4, 0x10, 0xC4, 0x10, 0xC4, 0x10, 0xC4, 0x10, 0xC4, 0x10,
    0xC4, 0x10, 0xC4, 0x10, 0xC4, 0x10, 0xC4, 0x10, 0xC4, 0x10, 0xC4, 0x10, 0xC4, 0x10, 0xC4, 0x10,
    0xC4, 0x10, 0xC4, 0x10, 0xC4, 0x10, 0xC4, 0x10, 0xC4, 0x10, 0xC4, 0x10, 0xC4, 0x10, 0xC4, 0x10,
    0xC4, 0x10, 0xC4, 0x10, 0xC4, 0x10, 0xC4, 0x10, 0xC4, 0x10, 0xC4, 0x10, 0xC4, 0x10, 0xC4, 0x10,
    0xC4, 0x10, 0xC4, 0x10, 0xC4, 0x10, 0xC4, 0x10, 0xC4, 0x10, 0xC4, 0x10, 0xC4, 0x10, 0xC4, 0x10,
    0xC4, 0x10, 0xC4, 0x10, 0xC4, 0x10, 0xC4, 0x10, 0xC4, 0x10, 0xC4, 0x10, 0xC4, 0x10, 0xC4, 0x10,
    0xC4, 0x10, 0xC4, 0x10, 0xC4, 0x10, 0xC4, 0x10, 0xC4, 0x10, 0xC4, 0x10, 0xC4, 0x10, 0xC4, 0x10,
    0xC4, 0x10, 0xC4, 0x10, 0xC4, 0x10, 0xC4, 0x10, 0xC4, 0x10, 0xC4, 0x10, 0xC4, 0x10, 0xC4, 0x10,
    0xC4, 0x10, 0xC4, 0x10, 0xC4, 0x10, 0xC4, 0x10, 0xC4, 0x10, 0xC4, 0x10, 0xC4, 0x10, 0xC4, 0x10,
    0xC4, 0x10, 0xC4, 0x10, 0xC4, 0x10, 0xC4, 0x10, 0xC4, 0x10, 0xC4, 0x10, 0xC4, 0x10, 0xC4, 0x10,
    0xC4, 0x10, 0xC4, 0x10, 0xC4, 0x10, 0xC4, 0x10, 0xC4, 0x10, 0xC4, 0x10, 0xC4, 0x10, 0xC4, 0x10,
    0xC4, 0x10, 0xC4, 0x10, 0xC4, 0x10, 0xC4, 0x10, 0xC4, 0x10, 0xC4, 0x10, 0xC4, 0x10, 0xC4, 0x10,
    0xC4, 0x10, 0xC4, 0x10, 0xC4, 0x10, 0xC4, 0x10, 0xC4, 0x10, 0xC4, 0x10, 0xC4, 0x10, 0xC4, 0x10,
    0xC4, 0x10, 0xC4, 0x10, 0xC4, 0x10, 0xC4, 0x10, 0xC4, 0x10, 0xC4, 0x10, 0xC4, 0x10, 0xC4, 0x10,
    0xC4, 0x10, 0xC4, 0x10, 0xC4, 0x10, 0xC4, 0x10, 0xC4, 0x10, 0xC4, 0x10, 0xC4, 0x10, 0xC4, 0x10,
    0xC4, 0x10, 0xC4, 0x10, 0xC4, 0x10, 0xC4, 0x10, 0xC4, 0x10, 0xC4, 0x10, 0xC4, 0x10, 0xC4, 0x10,
    0xC4, 0x10, 0xC4, 0x10, 0xC4, 0x10, 0xC4, 0x10, 0xC4, 0x10, 0xC4, 0x10, 0xC4, 0x10, 0xC4, 0x10,
    0xC4, 0x10, 0xC4, 0x10, 0xC4, 0x10, 0xC4, 0x10, 0xC4, 0x10, 0xC4, 0x10, 0xC4, 0x10, 0xC4, 0x10,
    0xC4, 0x10, 0xC4, 0x10, 0xC4, 0x10, 0xC4, 0x10, 0xC4, 0x10, 0xC4, 0x10, 0xC4, 0x10, 0xC4, 0x10,
    0xC4, 0x10, 0xC4, 0x10, 0xC4, 0x10, 0xC4, 0x10, 0xC4, 0x10, 0xC4, 0x10, 0xC4, 0x10, 0xC4, 0x10,
    0xC4, 0x10, 0xC4, 0x10, 0xC4, 0x10, 0xC4, 0x10, 0xC4, 0x10, 0xC4, 0x10, 0xC4, 0x10, 0xC4, 0x10,
    0xC4, 0x10, 0xC4, 0x10, 0xC4, 0x10, 0xC4, 0x10, 0xC4, 0x10, 0xC4, 0x10, 0xC4, 0x10, 0xC4, 0x10,
    0xC4, 0x10, 0xC4, 0x10, 0xC4, 0x10, 0xC4, 0x10, 0xC4, 0x10, 0xC4, 0x10, 0xC4, 0x10, 0xC4, 0x10,
    0xC4, 0x10, 0xC4, 0x10, 0xC4, 0x10, 0xC4, 0x10, 0xC4, 0x10, 0xC4, 0x10, 0xC4, 0x10, 0xC4, 0x10,
    0xC4, 0x10, 0xC4, 0x10, 0xC4, 0x10, 0xC4, 0x10, 0xC4, 0x10, 0xC4, 0x10, 0xC4, 0x10, 0xC4, 0x10,
    0xC4, 0x10, 0xC4, 0x10, 0xC4, 0x10, 0xC4, 0x10, 0xC4, 0x10, 0xC4, 0x10, 0xC4, 0x10, 0xC4, 0x10,
    0xC4, 0x10, 0xC4, 0x10, 0xC4, 0x10, 0xC4, 0x10, 0xC4, 0x10, 0xC4, 0x10, 0xC4, 0x10, 0xC4, 0x10,
    0xC4, 0x10, 0xC4, 0x10, 0xC4, 0x10, 0xC4, 0x10, 0xC4, 0x10, 0xC4, 0x10, 0xC4, 0x10, 0xC4, 0x10,
    0xC4, 0x10, 0xC4, 0x10, 0xC4, 0x10, 0xC4, 0x10, 0xC4, 0x10, 0xC4, 0x10, 0xC4, 0x10, 0xC4, 0x10,
    0xC4, 0x10, 0xC4, 0x10, 0xC4, 0x10, 0xC4, 0x10, 0xC4, 0x10, 0xC4, 0x10, 0xC4, 0x10, 0xC4, 0x10,
    0xC4, 0x10, 0xC4, 0x10, 0xC4, 0x10, 0xC4, 0x10, 0xC4, 0x10, 0xC4, 0x10, 0xC4, 0x10, 0xC4, 0x10,
    0xC4, 0x10, 0xC4, 0x10, 0xC4, 0x10, 0xC4, 0x10, 0xC4, 0x10, 0xC4, 0x10, 0xC4, 0x10, 0xC4, 0x10,
    0xC4, 0x10, 0xC4, 0x10, 0xC4, 0x10, 0xC4, 0x10, 0xC4, 0x10, 0xC4, 0x10, 0xC4, 0x10, 0xC4, 0x10,
    0xC4, 0x10, 0xC4, 0x10, 0xC4, 0x10, 0xC4, 0x10, 0xC4, 0x10, 0xC4, 0x10, 0xC4, 0x10, 0xC4, 0x10,
    0xC4, 0x10, 0xC4, 0x10, 0xC4, 0x10, 0xC4, 0x10, 0xC4, 0x10, 0xC4, 0x10, 0xC4, 0x10, 0xC4, 0x10,
    0xC4, 0x10, 0xC4, 0x10, 0xC4, 0x10, 0xC4, 0x10, 0xC4, 0x10, 0xC4, 0x10, 0xC4, 0x10, 0xC4, 0x10,
    0xC4, 0x10, 0xC4, 0x10, 0xC4, 0x10, 0xC4, 0x10, 0xC4, 0x10, 0xC4, 0x10, 0xC4, 0x10, 0xC4, 0x10,
    0xC4, 0x10, 0xC4, 0x10, 0xC4, 0x10, 0xC4, 0x10, 0xC4, 0x10, 0xC4, 0x10, 0xC4, 0x10, 0xC4, 0x10,
    0xC4, 0x10, 0xC4, 0x10, 0xC4, 0x10, 0xC4, 0x10, 0xC4, 0x10, 0xC4, 0x10, 0xC4, 0x10, 0xC4, 0x10,
    0xC4, 0x10, 0xC4, 0x10, 0xC4, 0x10, 0xC4, 0x10, 0xC4, 0x10, 0xC4, 0x10, 0xC4, 0x10, 0xC4, 0x10,
    0xC4, 0x10, 0xC4, 0x10, 0xC4, 0x10, 0xC4, 0x10, 0xC4, 0x10, 0xC4, 0x10, 0xC4, 0x10, 0xC4, 0x10,
    0xC4, 0x10, 0xC4, 0x10, 0xC4, 0x10, 0xC4, 0x10, 0xC4, 0x10, 0xC4, 0x10, 0xC4, 0x10, 0xC4, 0x10,
    0xC4, 0x10, 0xC4, 0x10, 0xC4, 0x10, 0xC4, 0x10, 0xC4, 0x10, 0xC4, 0x10, 0xC4, 0x10, 0xC4, 0x10,
    0xC4, 0x10, 0xC4, 0x10, 0xC4, 0x10, 0xC4, 0x10, 0xC4, 0x10, 0xC4, 0x10, 0xC4, 0x10, 0xC4, 0x10,
    0xC4, 0x10, 0xC4, 0x10, 0xC4, 0x10, 0xC4, 0x10, 0xC4, 0x10, 0xC4, 0x10, 0xC4, 0x10, 0xC4, 0x10,
    0xC4, 0x10, 0xC4, 0x10, 0xC4, 0x10, 0xC4, 0x10, 0xC4, 0x10, 0xC4, 0x10, 0xC4, 0x10, 0xC4, 0x10,
    0xC4, 0x10, 0xC4, 0x10, 0xC4, 0x10, 0xC4, 0x10, 0xC4, 0x10, 0xC4, 0x10, 0xC4, 0x10, 0xC4, 0x10,
    0xC4, 0x10, 0xC4, 0x10, 0xC4, 0x10, 0xC4, 0x10, 0xC4, 0x10, 0xC4, 0x10, 0xC4, 0x10, 0xC4, 0x10,
    0xC4, 0x10, 0xC4, 0x10, 0xC4, 0x10, 0xC4, 0x10, 0xC4, 0x10, 0xC4, 0x10, 0xC4, 0x10, 0xC4, 0x10,
    0xC4, 0x10, 0xC4, 0x10, 0xC4, 0x10, 0xC4, 0x10, 0xC4, 0x10, 0xC4, 0x10, 0xC4, 0x10, 0xC4, 0x10,
    0xC4, 0x10, 0xC4, 0x10, 0xC4, 0x10, 0xC4, 0x10, 0xC4, 0x10, 0xC4, 0x10, 0xC4, 0x10, 0xC4, 0x10,
    0xC4, 0x10, 0xC4, 0x10, 0xC4, 0x10, 0xC4, 0x10, 0xC4, 0x10, 0xC4, 0x10, 0xC4, 0x10, 0xC4, 0x10,
    0xC4, 0x10, 0xC4, 0x10, 0xC4, 0x10, 0xC4, 0x10, 0xC4, 0x10, 0xC4, 0x10, 0xC4, 0x10, 0xC4, 0x10,
    0xC4, 0x10, 0xC4, 0x10, 0xC4, 0x10, 0xC4, 0x10, 0xC4, 0x10, 0xC4, 0x10, 0xC4, 0x10, 0xC4, 0x10,
    0xC4, 0x10, 0xC4, 0x10, 0xC4, 0x10, 0xC4, 0x10, 0xC4, 0x10, 0xC4, 0x10, 0xC4, 0x10, 0xC4, 0x10,
    0xC4, 0x10, 0xC4, 0x10, 0xC4, 0x10, 0xC4, 0x10, 0xC4, 0x10, 0xC4, 0x10, 0xC4, 0x10, 0xC4, 0x10,
    0xC4, 0x10, 0xC4, 0x10, 0xC4, 0x10, 0xC4, 0x10, 0xC4, 0x10, 0xC4, 0x10, 0xC4, 0x10, 0xC4, 0x10,
    0xC4, 0x10, 0xC4, 0x10, 0xC4, 0x10, 0xC4, 0x10, 0xC4, 0x10, 0xC4, 0x10, 0xC4, 0x10, 0xC4, 0x10,
    0xC4, 0x10, 0xC4, 0x10, 0xC4, 0x10, 0xC4, 0x10, 0xC4, 0x10, 0xC4, 0x10, 0xC4, 0x10, 0xC4, 0x10,
    0xC4, 0x10, 0xC4, 0x10, 0xC4, 0x10, 0xC4, 0x10, 0xC4, 0x10, 0xC4, 0x10, 0xC4, 0x10, 0xC4, 0x10,
    0xC4, 0x10, 0xC4, 0x10, 0xC4, 0x10, 0xC4, 0x10, 0xC4, 0x10, 0xC4, 0x10, 0xC4, 0x10, 0xC4, 0x10,
    0xC4, 0x10, 0xC4, 0x10, 0xC4, 0x10, 0xC4, 0x10, 0xC4, 0x10, 0xC4, 0x10, 0xC4, 0x10, 0xC4, 0x10,
    0xC4, 0x10, 0xC4, 0x10, 0xC4, 0x10, 0xC4, 0x10, 0xC4, 0x10, 0xC4, 0x10, 0xC4, 0x10, 0xC4, 0x10,
    0xC4, 0x10, 0xC4, 0x10, 0xC4, 0x10, 0xC4, 0x10, 0xC4, 0x10, 0xC4, 0x10, 0xC4, 0x10, 0xC4, 0x10,
    0xC4, 0x10, 0xC4, 0x10, 0xC4, 0x10, 0xC4, 0x10, 0xC4, 0x10, 0xC4, 0x10, 0xC4, 0x10, 0xC4, 0x10,
    0xC4, 0x10, 0xC4, 0x10, 0xC4, 0x10, 0xC4, 0x10, 0xC4, 0x10, 0xC4, 0x10, 0xC4, 0x10, 0xC4, 0x10,
    0xC4, 0x10, 0xC4, 0x10, 0xC4, 0x10, 0xC4, 0x10, 0xC4, 0x10, 0xC4, 0x10, 0xC4, 0x10, 0xC4, 0x10,
    0xC4, 0x10, 0xC4, 0x10, 0xC4, 0x10, 0xC4, 0x10, 0xC4, 0x10, 0xC4, 0x10, 0xC4, 0x10, 0xC4, 0x10,
    0xC4, 0x10, 0xC4, 0x10, 0xC4, 0x10, 0xC4, 0x10, 0xC4, 0x10, 0xC4, 0x10, 0xC4, 0x10, 0xC4, 0x10,
    0xC4, 0x10, 0xC4, 0x10, 0xC4, 0x10, 0xC4, 0x10, 0xC4, 0x10, 0xC4, 0x10, 0xC4, 0x10, 0xC4, 0x10,
    0xC4, 0x10, 0xC4, 0x10, 0xC4, 0x10, 0xC4, 0x10, 0xC4, 0x10, 0xC4, 0x10, 0xC4, 0x10, 0xC4, 0x10,
    0xC4, 0x10, 0xC4, 0x10, 0xC4, 0x10, 0xC4, 0x10, 0xC4, 0x10, 0xC4, 0x10, 0xC4, 0x10, 0xC4, 0x10,
    0xC4, 0x10, 0xC4, 0x10, 0xC4, 0x10, 0xC4, 0x10, 0xC4, 0x10, 0xC4, 0x10, 0xC4, 0x10, 0xC4, 0x10,
    0xC4, 0x10, 0xC4, 0x10, 0xC4, 0x10, 0xC4, 0x10, 0xC4, 0x10, 0xC4, 0x10, 0xC4, 0x10, 0xC4, 0x10,
    0xC4, 0x10, 0xC4, 0x10, 0xC4, 0x10, 0xC4, 0x10, 0xC4, 0x10, 0xC4, 0x10, 0xC4, 0x10, 0xC4, 0x10,
    0xC4, 0x10, 0xC4, 0x10, 0xC4, 0x10, 0xC4, 0x10, 0xC4, 0x10, 0xC4, 0x10, 0xC4, 0x10, 0xC4, 0x10,
    0xC4, 0x10, 0xC4, 0x10, 0xC4, 0x10, 0xC4, 0x10, 0xC4, 0x10, 0xC4, 0x10, 0xC4, 0x10, 0xC4, 0x10,
    0xC4, 0x10, 0xC4, 0x10, 0xC4, 0x10, 0xC4, 0x10, 0xC4, 0x10, 0xC4, 0x10, 0xC4, 0x10, 0xC4, 0x10,
    0xC4, 0x10, 0xC4, 0x10, 0xC4, 0x10, 0xC4, 0x10, 0xC4, 0x10, 0xC4, 0x10, 0xC4, 0x10, 0xC4, 0x10,
    0xC4, 0x10, 0xC4, 0x10, 0xC4, 0x10, 0xC4, 0x10, 0xC4, 0x10, 0xC4, 0x10, 0xC4, 0x10, 0xC4, 0x10,
    0xC4, 0x10, 0xC4, 0x10, 0xC4, 0x10, 0xC4, 0x10, 0xC4, 0x10, 0xC4, 0x10, 0xC4, 0x10, 0xC4, 0x10,
    0xC4, 0x10, 0xC4, 0x10, 0xC4, 0x10, 0xC4, 0x10, 0xC4, 0x10, 0xC4, 0x10, 0xC4, 0x10, 0xC4, 0x10,
    0xC4, 0x10, 0xC4, 0x10, 0xC4, 0x10, 0xC4, 0x10, 0xC4, 0x10, 0xC4, 0x10, 0xC4, 0x10, 0xC4, 0x10,
    0xC4, 0x10, 0xC4, 0x10, 0xC4, 0x10, 0xC4, 0x10, 0xC4, 0x10, 0xC4, 0x10, 0xC4, 0x10, 0xC4, 0x10,
    0xC4, 0x10, 0xC4, 0x10, 0xC4, 0x10, 0xC4, 0x10, 0xC4, 0x10, 0xC4, 0x10, 0xC4, 0x10, 0xC4, 0x10,
    0xC4, 0x10, 0xC4, 0x10, 0xC4, 0x10, 0xC4, 0x10, 0xC4, 0x10, 0xC4, 0x10, 0xC4, 0x10, 0xC4, 0x10,
    0xC4, 0x10, 0xC4, 0x10, 0xC4, 0x10, 0xC4, 0x10, 0xC4, 0x10, 0xC4, 0x10, 0xC4, 0x10, 0xC4, 0x10,
    0xC4, 0x10, 0xC4, 0x10, 0xC4, 0x10, 0xC4, 0x10, 0xC4, 0x10, 0xC4, 0x10, 0xC4, 0x10, 0xC4, 0x10,
    0xC4, 0x10, 0xC4, 0x10, 0xC4, 0x10, 0xC4, 0x10, 0xC4, 0x10, 0xC4, 0x10, 0xC4, 0x10, 0xC4, 0x10,
    0xC4, 0x10, 0xC4, 0x10, 0xC4, 0x10, 0xC4, 0x10, 0xC4, 0x10, 0xC4, 0x10, 0xC4, 0x10, 0xC4, 0x10,
    0xC4, 0x10, 0xC4, 0x10, 0xC4, 0x10, 0xC4, 0x10, 0xC4, 0x10, 0xC4, 0x10, 0xC4, 0x10, 0xC4, 0x10,
    0xC4, 0x10, 0xC4, 0x10, 0xC4, 0x10, 0xC4, 0x10, 0xC4, 0x10, 0xC4, 0x10, 0xC4, 0x10, 0xC4, 0x10,
    0xC4, 0x10, 0xC4, 0x10, 0xC4, 0x10, 0xC4, 0x10, 0xC4, 0x10, 0xC4, 0x10, 0xC4, 0x10, 0xC4, 0x10,
    0xC4, 0x10, 0xC4, 0x10, 0xC4, 0x10, 0xC4, 0x10, 0xC4, 0x10, 0xC4, 0x10, 0xC4, 0x10, 0xC4, 0x10,
    0xC4, 0x10, 0xC4, 0x10, 0xC4, 0x10, 0xC4, 0x10, 0xC4, 0x10, 0xC4, 0x10, 0xC4, 0x10, 0xC4, 0x10,
    0xC4, 0x10, 0xC4, 0x10, 0xC4, 0x10, 0xC4, 0x10, 0xC4, 0x10, 0xC4, 0x10, 0xC4, 0x10, 0xC4, 0x10,
    0xC4, 0x10, 0xC4, 0x10, 0xC4, 0x10, 0xC4, 0x10, 0xC4, 0x10, 0xC4, 0x10, 0xC4, 0x10, 0xC4, 0x10,
    0xC4, 0x10, 0xC4, 0x10, 0xC4, 0x10, 0xC4, 0x10, 0xC4, 0x10, 0xC4, 0x10, 0xC4, 0x10, 0xC4, 0x10,
    0xC4, 0x10, 0xC4, 0x10, 0xC4, 0x10, 0xC4, 0x10, 0xC4, 0x10, 0xC4, 0x10, 0xC4, 0x10, 0xC4, 0x10,
    0xC4, 0x10, 0xC4, 0x10, 0xC4, 0x10, 0xC4, 0x10, 0xC4, 0x10, 0xC4, 0x10, 0xC4, 0x10, 0xC4, 0x10,
    0xC4, 0x10, 0xC4, 0x10, 0xC4, 0x10, 0xC4, 0x10, 0xC4, 0x10, 0xC4, 0x10, 0xC4, 0x10, 0xC4, 0x10,
    0xC4, 0x10, 0xC4, 0x10, 0xC4, 0x10, 0xC4, 0x10, 0xC4, 0x10, 0xC4, 0x10, 0xC4, 0x10, 0xC4, 0x10,
    0xC4, 0x10, 0xC4, 0x10, 0xC4, 0x10, 0xC4, 0x10, 0xC4, 0x10, 0xC4, 0x10, 0xC4, 0x10, 0xC4, 0x10,
    0xC4, 0x10, 0xC4, 0x10, 0xC4, 0x10, 0xC4, 0x10, 0xC4, 0x10, 0xC4, 0x10, 0xC4, 0x10, 0xC4, 0x10,
    0xC4, 0x10, 0xC4, 0x10, 0xC4, 0x10, 0xC4, 0x10, 0xC4, 0x10, 0xC4, 0x10, 0xC4, 0x10, 0xC4, 0x10,
    0xC4, 0x10, 0xC4, 0x10, 0xC4, 0x10, 0xC4, 0x10, 0xC4, 0x10, 0xC4, 0x10, 0xC4, 0x10, 0xC4, 0x10,
    0xC4, 0x10, 0xC4, 0x10, 0xC4, 0x10, 0xC4, 0x10, 0xC4, 0x10, 0xC4, 0x10, 0xC4, 0x10, 0xC4, 0x10,
    0xC4, 0x10, 0xC4, 0x10, 0xC4, 0x10, 0xC4, 0x10, 0xC4, 0x10, 0xC4, 0x10, 0xC4, 0x10, 0xC4, 0x10,
    0xC4, 0x10, 0xC4, 0x10, 0xC4, 0x10, 0xC4, 0x10, 0xC4, 0x10, 0xC4, 0x10, 0xC4, 0x10, 0xC4, 0x10,
    0xC4, 0x10, 0xC4, 0x10, 0xC4, 0x10, 0xC4, 0x10, 0xC4, 0x10, 0xC4, 0x10, 0xC4, 0x10, 0xC4, 0x10,
    0xC4, 0x10, 0xC4, 0x10, 0xC4, 0x10, 0xC4, 0x10, 0xC4, 0x10, 0xC4, 0x10, 0xC4, 0x10, 0xC4, 0x10,
    0xC4, 0x10, 0xC4, 0x10, 0xC4, 0x10, 0xC4, 0x10, 0xC4, 0x10, 0xC4, 0x10, 0xC4, 0x10, 0xC4, 0x10,
    0xC4, 0x10, 0xC4, 0x10, 0xC4, 0x10, 0xC4, 0x10, 0xC4, 0x10, 0xC4, 0x10, 0xC4, 0x10, 0xC4, 0x10,
    0xC4, 0x10, 0xC4, 0x10, 0xC4, 0x10, 0xC4, 0x10, 0xC4, 0x10, 0xC4, 0x10, 0xC4, 0x10, 0xC4, 0x10,
    0xC4, 0x10, 0xC4, 0x10, 0xC4, 0x10, 0xC4, 0x10, 0xC4, 0x10, 0xC4, 0x10, 0xC4, 0x10, 0xC4, 0x10,
    0xC4, 0x10, 0xC4, 0x10, 0xC4, 0x10, 0xC4, 0x10, 0xC4, 0x10, 0xC4, 0x10, 0xC4, 0x10, 0xC4, 0x10,
    0xC4, 0x10, 0xC4, 0x10, 0xC4, 0x10, 0xC4, 0x10, 0xC4, 0x10, 0xC4, 0x10, 0xC4, 0x10, 0xC4, 0x10,
    0xC4, 0x10, 0xC4, 0x10, 0xC4, 0x10, 0xC4, 0x10, 0xC4, 0x10, 0xC4, 0x10, 0xC4, 0x10, 0xC4, 0x10,
    0xC4, 0x10, 0xC4, 0x10, 0xC4, 0x10, 0xC4, 0x10, 0xC4, 0x10, 0xC4, 0x10, 0xC4, 0x10, 0xC4, 0x10,
    0xC4, 0x10, 0xC4, 0x10, 0xC4, 0x10, 0xC4, 0x10, 0xC4, 0x10, 0xC4, 0x10, 0xC4, 0x10, 0xC4, 0x10,
    0xC4, 0x10, 0xC4, 0x10, 0xC4, 0x10, 0xC4, 0x10, 0xC4, 0x10, 0xC4, 0x10, 0xC4, 0x10, 0xC4, 0x10,
    0xC4, 0x10, 0xC4, 0x10, 0xC4, 0x10, 0xC4, 0x10, 0xC4, 0x10, 0xC4, 0x10, 0xC4, 0x10, 0xC4, 0x10,
    0xC4, 0x10, 0xC4, 0x10, 0xC4, 0x10, 0xC4, 0x10, 0xC4, 0x10, 0xC4, 0x10, 0xC4, 0x10, 0xC4, 0x10,
    0xC4, 0x10, 0xC4, 0x10, 0xC4, 0x10, 0xC4, 0x10, 0xC4, 0x10, 0xC4, 0x10, 0xC4, 0x10, 0xC4, 0x10,
    0xC4, 0x10, 0xC4, 0x10, 0xC4, 0x10, 0xC4, 0x10, 0xC4, 0x10, 0xC4, 0x10, 0xC4, 0x10, 0xC4, 0x10,
    0xC4, 0x10, 0xC4, 0x10, 0xC4, 0x10, 0xC4, 0x10, 0xC4, 0x10, 0xC4, 0x10, 0xC4, 0x10, 0xC4, 0x10,
    0xC4, 0x10, 0xC4, 0x10, 0xC4, 0x10, 0xC4, 0x10, 0xC4, 0x10, 0xC4, 0x10, 0xC4, 0x10, 0xC4, 0x10,
    0xC4, 0x10, 0xC4, 0x10, 0xC4, 0x10, 0xC4, 0x10, 0xC4, 0x10, 0xC4, 0x10, 0xC4, 0x10, 0xC4, 0x10,
    0xC4, 0x10, 0xC4, 0x10, 0xC4, 0x10, 0xC4, 0x10, 0xC4, 0x10, 0xC4, 0x10, 0xC4, 0x10, 0xC4, 0x10,
    0xC4, 0x10, 0xC4, 0x10, 0xC4, 0x10, 0xC4, 0x10, 0xC4, 0x10, 0xC4, 0x10, 0xC4, 0x10, 0xC4, 0x10,
    0xC4, 0x10, 0xC4, 0x10, 0xC4, 0x10, 0xC4, 0x10, 0xC4, 0x10, 0xC4, 0x10, 0xC4, 0x10, 0xC4, 0x10,
    0xC4, 0x10, 0xC4, 0x10, 0xC4, 0x10, 0xC4, 0x10, 0xC4, 0x10, 0xC4, 0x10, 0xC4, 0x10, 0xC4, 0x10,
    0xC4, 0x10, 0xC4, 0x10, 0xC4, 0x10, 0xC4, 0x10, 0xC4, 0x10, 0xC4, 0x10, 0xC4, 0x10, 0xC4, 0x10,
    0xC4, 0x10, 0xC4, 0x10, 0xC4, 0x10, 0xC4, 0x10, 0xC4, 0x10, 0xC4, 0x10, 0xC4, 0x10, 0xC4, 0x10,
    0xC4, 0x10, 0xC4, 0x10, 0xC4, 0x10, 0xC4, 0x10, 0xC4, 0x10, 0xC4, 0x10, 0xC4, 0x10, 0xC4, 0x10,
    0xC4, 0x10, 0xC4, 0x10, 0xC4, 0x10, 0xC4, 0x10, 0xC4, 0x10, 0xC4, 0x10, 0xC4, 0x10, 0xC4, 0x10,
    0xC4, 0x10, 0xC4, 0x10, 0xC4, 0x10, 0xC4, 0x10, 0xC4, 0x10, 0xC4, 0x10, 0xC4, 0x10, 0xC4, 0x10,
    0xC4, 0x10, 0xC4, 0x10, 0xC4, 0x10, 0xC4, 0x10, 0xC4, 0x10, 0xC4, 0x10, 0xC4, 0x10, 0xC4, 0x10,
    0xC4, 0x10, 0xC4, 0x10, 0xC4, 0x10, 0xC4, 0x10, 0xC4, 0x10, 0xC4, 0x10, 0xC4, 0x10, 0xC4, 0x10,
    0xC4, 0x10, 0xC4, 0x10, 0xC4, 0x10, 0xC4, 0x10, 0xC4, 0x10, 0xC4, 0x10, 0xC4, 0x10, 0xC4, 0x10,
    0xC4, 0x10, 0xC4, 0x10, 0xC4, 0x10, 0xC4, 0x10, 0xC4, 0x10, 0xC4, 0x10, 0xC4, 0x10, 0xC4, 0x10,
    0xC4, 0x10, 0xC4, 0x10, 0xC4, 0x10, 0xC4, 0x10, 0xC4, 0x10, 0xC4, 0x10, 0xC4, 0x10, 0xC4, 0x10,
    0xC4, 0x10, 0xC4, 0x10, 0xC4, 0x10, 0xC4, 0x10, 0xC4, 0x10, 0xC4, 0x10, 0xC4, 0x10, 0xC4, 0x10,
    0xC4, 0x10, 0xC4, 0x10, 0xC4, 0x10, 0xC4, 0x10, 0xC4, 0x10, 0xC4, 0x10, 0xC4, 0x10, 0xC4, 0x10,
    0xC4, 0x10, 0xC4, 0x10, 0xC4, 0x10, 0xC4, 0x10, 0xC4, 0x10, 0xC4, 0x10, 0xC4, 0x10, 0xC4, 0x10,
    0xC4, 0x10, 0xC4, 0x10, 0xC4, 0x10, 0xC4, 0x10, 0xC4, 0x10, 0xC4, 0x10, 0xC4, 0x10, 0xC4, 0x10,
    0xC4, 0x10, 0xC4, 0x10, 0xC4, 0x10, 0xC4, 0x10, 0xC4, 0x10, 0xC4, 0x10, 0xC4, 0x10, 0xC4, 0x10,
    0xC4, 0x10, 0xC4, 0x10, 0xC4, 0x10, 0xC4, 0x10, 0xC4, 0x10, 0xC4, 0x10, 0xC4, 0x10, 0xC4, 0x10,
    0xC4, 0x10, 0xC4, 0x10, 0xC4, 0x10, 0xC4, 0x10, 0xC4, 0x10, 0xC4, 0x10, 0xC4, 0x10, 0xC4, 0x10,
    0xC4, 0x10, 0xC4, 0x10, 0xC4, 0x10, 0xC4, 0x10, 0xC4, 0x10, 0xC4, 0x10, 0xC4, 0x10, 0xC4, 0x10,
    0xC4, 0x10, 0xC4, 0x10, 0xC4, 0x10, 0xC4, 0x10, 0xC4, 0x10, 0xC4, 0x10, 0xC4, 0x10, 0xC4, 0x10,
    0xC4, 0x10, 0xC4, 0x10, 0xC4, 0x10, 0xC4, 0x10, 0xC4, 0x10, 0xC4, 0x10, 0xC4, 0x10, 0xC4, 0x10,
    0xC4, 0x10, 0xC4, 0x10, 0xC4, 0x10, 0xC4, 0x10, 0xC4, 0x10, 0xC4, 0x10, 0xC4, 0x10, 0xC4, 0x10,
    0xC4, 0x10, 0xC4, 0x10, 0xC4, 0x10, 0xC4, 0x10, 0xC4, 0x10, 0xC4, 0x10, 0xC4, 0x10, 0xC4, 0x10,
    0xC4, 0x10, 0xC4, 0x10, 0xC4, 0x10, 0xC4, 0x10, 0xC4, 0x10, 0xC4, 0x10, 0xC4, 0x10, 0xC4, 0x10,
    0xC4, 0x10, 0xC4, 0x10, 0xC4, 0x10, 0xC4, 0x10, 0xC4, 0x10, 0xC4, 0x10, 0xC4, 0x10, 0xC4, 0x10,
    0xC4, 0x10, 0xC4, 0x10, 0xC4, 0x10, 0xC4, 0x10, 0xC4, 0x10, 0xC4, 0x10, 0xC4, 0x10, 0xC4, 0x10,
    0xC4, 0x10, 0xC4, 0x10, 0xC4, 0x10, 0xC4, 0x10, 0xC4, 0x10, 0xC4, 0x10, 0xC4, 0x10, 0xC4, 0x10,
    0xC4, 0x10, 0xC4, 0x10, 0xC4, 0x10, 0xC4, 0x10, 0xC4, 0x10, 0xC4, 0x10, 0xC4, 0x10, 0xC4, 0x10,
    0xC4, 0x10, 0xC4, 0x10, 0xC4, 0x10, 0xC4, 0x10, 0xC4, 0x10, 0xC4, 0x10, 0xC4, 0x10, 0xC4, 0x10,
    0xC4, 0x10, 0xC4, 0x10, 0xC4, 0x10, 0xC4, 0x10, 0xC4, 0x10, 0xC4, 0x10, 0xC4, 0x10, 0xC4, 0x10,
    0xC4, 0x10, 0xC4, 0x10, 0xC4, 0x10, 0xC4, 0x10, 0xC4, 0x10, 0xC4, 0x10, 0xC4, 0x10, 0xC4, 0x10,
    0xC4, 0x10, 0xC4, 0x10, 0xC4, 0x10, 0xC4, 0x10, 0xC4, 0x10, 0xC4, 0x10, 0xC4, 0x10, 0xC4, 0x10,
    0xC4, 0x10, 0xC4, 0x10, 0xC4, 0x10, 0xC4, 0x10, 0xC4, 0x10, 0xC4, 0x10, 0xC4, 0x10, 0xC4, 0x10,
    0xC4, 0x10, 0xC4, 0x10, 0xC4, 0x10, 0xC4, 0x10, 0xC4, 0x10, 0xC4, 0x10, 0xC4, 0x10, 0xC4, 0x10,
    0xC4, 0x10, 0xC4, 0x10, 0xC4, 0x10, 0xC4, 0x10, 0xC4, 0x10, 0xC4, 0x10, 0xC4, 0x10, 0xC4, 0x10,
    0xC4, 0x10, 0xC4, 0x10, 0xC4, 0x10, 0xC4, 0x10, 0xC4, 0x10, 0xC4, 0x10, 0xC4, 0x10, 0xC4, 0x10,
    0xC4, 0x10, 0xC4, 0x10, 0xC4, 0x10, 0xC4, 0x10, 0xC4, 0x10, 0xC4, 0x10, 0xC4, 0x10, 0xC4, 0x10,
    0xC4, 0x10, 0xC4, 0x10, 0xC4, 0x10, 0xC4, 0x10, 0xC4, 0x10, 0xC4, 0x10, 0xC4, 0x10, 0xC4, 0x10,
    0xC4, 0x10, 0xC4, 0x10, 0xC4, 0x10, 0xC4, 0x10, 0xC4, 0x10, 0xC4, 0x10, 0xC4, 0x10, 0xC4, 0x10,
    0xC4, 0x10, 0xC4, 0x10, 0xC4, 0x10, 0xC4, 0x10, 0xC4, 0x10, 0xC4, 0x10, 0xC4, 0x10, 0xC4, 0x10,
    0xC4, 0x10, 0xC4, 0x10, 0xC4, 0x10, 0xC4, 0x10, 0xC4, 0x10, 0xC4, 0x10, 0xC4, 0x10, 0xC4, 0x10,
    0xC4, 0x10, 0xC4, 0x10, 0xC4, 0x10, 0xC4, 0x10, 0xC4, 0x10, 0xC4, 0x10, 0xC4, 0x10, 0xC4, 0x10,
    0xC4, 0x10, 0xC4, 0x10, 0xC4, 0x10, 0xC4, 0x10, 0xC4, 0x10, 0xC4, 0x10, 0xC4, 0x10, 0xC4, 0x10,
    0xC4, 0x10, 0xC4, 0x10, 0xC4, 0x10, 0xC4, 0x10, 0xC4, 0x10, 0xC4, 0x10, 0xC4, 0x10, 0xC4, 0x10,
    0xC4, 0x10, 0xC4, 0x10, 0xC4, 0x10, 0xC4, 0x10, 0xC4, 0x10, 0xC4, 0x10, 0xC4, 0x10, 0xC4, 0x10,
    0xC4, 0x10, 0xC4, 0x10, 0xC4, 0x10, 0xC4, 0x10, 0xC4, 0x10, 0xC4, 0x10, 0xC4, 0x10, 0xC4, 0x10,
    0xC4, 0x10, 0xC4, 0x10, 0xC4, 0x10, 0xC4, 0x10, 0xC4, 0x10, 0xC4, 0x10, 0xC4, 0x10, 0xC4, 0x10,
    0xC4, 0x10, 0xC4, 0x10, 0xC4, 0x10, 0xC4, 0x10, 0xC4, 0x10, 0xC4, 0x10, 0xC4, 0x10, 0xC4, 0x10,
    0xC4, 0x10, 0xC4, 0x10, 0xC4, 0x10, 0xC4, 0x10, 0xC4, 0x10, 0xC4, 0x10, 0xC4, 0x10, 0xC4, 0x10,
    0xC4, 0x10, 0xC4, 0x10, 0xC4, 0x10, 0xC4, 0x10, 0xC4, 0x10, 0xC4, 0x10, 0xC4, 0x10, 0xC4, 0x10,
    0xC4, 0x10, 0xC4, 0x10, 0xC4, 0x10, 0xC4, 0x10, 0xC4, 0x10, 0xC4, 0x10, 0xC4, 0x10, 0xC4, 0x10,
    0xC4, 0x10, 0xC4, 0x10, 0xC4, 0x10, 0xC4, 0x10, 0xC4, 0x10, 0xC4, 0x10, 0xC4, 0x10, 0xC4, 0x10,
    0xC4, 0x10, 0xC4, 0x10, 0xC4, 0x10, 0xC4, 0x10, 0xC4, 0x10, 0xC4, 0x10, 0xC4, 0x10, 0xC4, 0x10,
    0xC4, 0x10, 0xC4, 0x10, 0xC4, 0x10, 0xC4, 0x10, 0xC4, 0x10, 0xC4, 0x10, 0xC4, 0x10, 0xC4, 0x10,
    0xC4, 0x10, 0xC4, 0x10, 0xC4, 0x10, 0xC4, 0x10, 0xC4, 0x10, 0xC4, 0x10, 0xC4, 0x10, 0xC4, 0x10,
    0xC4, 0x10, 0xC4, 0x10, 0xC4, 0x10, 0xC4, 0x10, 0xC4, 0x10, 0xC4, 0x10, 0xC4, 0x10, 0xC4, 0x10,
    0xC4, 0x10, 0xC4, 0x10, 0xC4, 0x10, 0xC4, 0x10, 0xC4, 0x10, 0xC4, 0x10, 0xC4, 0x10, 0xC4, 0x10,
    0xC4, 0x10, 0xC4, 0x10, 0xC4, 0x10, 0xC4, 0x10, 0xC4, 0x10, 0xC4, 0x10, 0xC4, 0x10, 0xC4, 0x10,
    0xC4, 0x10, 0xC4, 0x10, 0xC4, 0x10, 0xC4, 0x10, 0xC4, 0x10, 0xC4, 0x10, 0xC4, 0x10, 0xC4, 0x10,
    0xC4, 0x10, 0xC4, 0x10, 0xC4, 0x10, 0xC4, 0x10, 0xC4, 0x10, 0xC4, 0x10, 0xC4, 0x10, 0xC4, 0x10,
    0xC4, 0x10, 0xC4, 0x10, 0xC4, 0x10, 0xC4, 0x10, 0xC4, 0x10, 0xC4, 0x10, 0xC4, 0x10, 0xC4, 0x10,
    0xC4, 0x10, 0xC4, 0x10, 0xC4, 0x10, 0xC4, 0x10, 0xC4, 0x10, 0xC4, 0x10, 0xC4, 0x10, 0xC4, 0x10,
    0xC4, 0x10, 0xC4, 0x10, 0xC4, 0x10, 0xC4, 0x10, 0xC4, 0x10, 0xC4, 0x10, 0xC4, 0x10, 0xC4, 0x10,
    0xC4, 0x10, 0xC4, 0x10, 0xC4, 0x10, 0xC4, 0x10, 0xC4, 0x10, 0xC4, 0x10, 0xC4, 0x10, 0xC4, 0x10,
    0xC4, 0x10, 0xC4, 0x10, 0xC4, 0x10, 0xC4, 0x10, 0xC4, 0x10, 0xC4, 0x10, 0xC4, 0x10, 0xC4, 0x10,
    0xC4, 0x10, 0xC4, 0x10, 0xC4, 0x10, 0xC4, 0x10, 0xC4, 0x10, 0xC4, 0x10, 0xC4, 0x10, 0xC4, 0x10,
    0xC4, 0x10, 0xC4, 0x10, 0xC4, 0x10, 0xC4, 0x10, 0xC4, 0x10, 0xC4, 0x10, 0xC4, 0x10, 0xC4, 0x10,
    0xC4, 0x10, 0xC4, 0x10, 0xC4, 0x10, 0xC4, 0x10, 0xC4, 0x10, 0xC4, 0x10, 0xC4, 0x10, 0xC4, 0x10,
    0xC4, 0x10, 0xC4, 0x10, 0xC4, 0x10, 0xC4, 0x10, 0xC4, 0x10, 0xC4, 0x10, 0xC4, 0x10, 0xC4, 0x10,
    0xC4, 0x10, 0xC4, 0x10, 0xC4, 0x10, 0xC4, 0x10, 0xC4, 0x10, 0xC4, 0x10, 0xC4, 0x10, 0xC4, 0x10,
    0xC4, 0x10, 0xC4, 0x10, 0xC4, 0x10, 0xC4, 0x10, 0xC4, 0x10, 0xC4, 0x10, 0xC4, 0x10, 0xC4, 0x10,
    0xC4, 0x10, 0xC4, 0x10, 0xC4, 0x10, 0xC4, 0x10, 0xC4, 0x10, 0xC4, 0x10, 0xC4, 0x10, 0xC4, 0x10,
    0xC4, 0x10, 0xC4, 0x10, 0xC4, 0x10, 0xC4, 0x10, 0xC4, 0x10, 0xC4, 0x10, 0xC4, 0x10, 0xC4, 0x10,
    0xC4, 0x10, 0xC4, 0x10, 0xC4, 0x10, 0xC4, 0x10, 0xC4, 0x10, 0xC4, 0x10, 0xC4, 0x10, 0xC4, 0x10,
    0xC4, 0x10, 0xC4, 0x10, 0xC4, 0x10, 0xC4, 0x10, 0xC4, 0x10, 0xC4, 0x10, 0xC4, 0x10, 0xC4, 0x10,
    0xC4, 0x10, 0xC4, 0x10, 0xC4, 0x10, 0xC4, 0x10, 0xC4, 0x10, 0xC4, 0x10, 0xC4, 0x10, 0xC4, 0x10,
    0xC4, 0x10, 0xC4, 0x10, 0xC4, 0x10, 0xC4, 0x10, 0xC4, 0x10, 0xC4, 0x10, 0xC4, 0x10, 0xC4, 0x10,
    0xC4, 0x10, 0xC4, 0x10, 0xC4, 0x10, 0xC4, 0x10, 0xC4, 0x10, 0xC4, 0x10, 0xC4, 0x10, 0xC4, 0x10,
    0xC4, 0x10, 0xC4, 0x10, 0xC4, 0x10, 0xC4, 0x10, 0xC4, 0x10, 0xC4, 0x10, 0xC4, 0x10, 0xC4, 0x10,
    0xC4, 0x10, 0xC4, 0x10, 0xC4, 0x10, 0xC4, 0x10, 0xC4, 0x10, 0xC4, 0x10, 0xC4, 0x10, 0xC4, 0x10,
    0xC4, 0x10, 0xC4, 0x10, 0xC4, 0x10, 0xC4, 0x10, 0xC4, 0x10, 0xC4, 0x10, 0xC4, 0x10, 0xC4, 0x10,
    0xC4, 0x10, 0xC4, 0x10, 0xC4, 0x10, 0xC4, 0x10, 0xC4, 0x10, 0xC4, 0x10, 0xC4, 0x10, 0xC4, 0x10,
    0xC4, 0x10, 0xC4, 0x10, 0xC4, 0x10, 0xC4, 0x10, 0xC4, 0x10, 0xC4, 0x10, 0xC4, 0x10, 0xC4, 0x10,
    0xC4, 0x10, 0xC4, 0x10, 0xC4, 0x10, 0xC4, 0x10, 0xC4, 0x10, 0xC4, 0x10, 0xC4, 0x10, 0xC4, 0x10,
    0xC4, 0x10, 0xC4, 0x10, 0xC4, 0x10, 0xC4, 0x10, 0xC4, 0x10, 0xC4, 0x10, 0xC4, 0x10, 0xC4, 0x10,
    0xC4, 0x10, 0xC4, 0x10, 0xC4, 0x10, 0xC4, 0x10, 0xC4, 0x10, 0xC4, 0x10, 0xC4, 0x10, 0xC4, 0x10,
    0xC4, 0x10, 0xC4, 0x10, 0xC4, 0x10, 0xC4, 0x10, 0xC4, 0x10, 0xC4, 0x10, 0xC4, 0x10, 0xC4, 0x10,
    0xC4, 0x10, 0xC4, 0x10, 0xC4, 0x10, 0xC4, 0x10, 0xC4, 0x10, 0xC4, 0x10, 0xC4, 0x10, 0xC4, 0x10,
    0xC4, 0x10, 0xC4, 0x10, 0xC4, 0x10, 0xC4, 0x10, 0xC4, 0x10, 0xC4, 0x10, 0xC4, 0x10, 0xC4, 0x10,
    0xC4, 0x10, 0xC4, 0x10, 0xC4, 0x10, 0xC4, 0x10, 0xC4, 0x10, 0xC4, 0x10, 0xC4, 0x10, 0xC4, 0x10,
    0xC4, 0x10, 0xC4, 0x10, 0xC4, 0x10, 0xC4, 0x10, 0xC4, 0x10, 0xC4, 0x10, 0xC4, 0x10, 0xC4, 0x10,
    0xC4, 0x10, 0xC4, 0x10, 0xC4, 0x10, 0xC4, 0x10, 0xC4, 0x10, 0xC4, 0x10, 0xC4, 0x10, 0xC4, 0x10,
    0xC4, 0x10, 0xC4, 0x10, 0xC4, 0x10, 0xC4, 0x10, 0xC4, 0x10, 0xC4, 0x10, 0xC4, 0x10, 0xC4, 0x10,
    0xC4, 0x10, 0xC4, 0x10, 0xC4, 0x10, 0xC4, 0x10, 0xC4, 0x10, 0xC4, 0x10, 0xC4, 0x10, 0xC4, 0x10,
    0xC4, 0x10, 0xC4, 0x10, 0xC4, 0x10, 0xC4, 0x10, 0xC4, 0x10, 0xC4, 0x10, 0xC4, 0x10, 0xC4, 0x10,
    0xC4, 0x10, 0xC4, 0x10, 0xC4, 0x10, 0xC4, 0x10, 0xC4, 0x10, 0xC4, 0x10, 0xC4, 0x10, 0xC4, 0x10,
    0xC4, 0x10, 0xC4, 0x10, 0xC4, 0x10, 0xC4, 0x10, 0xC4, 0x10, 0xC4, 0x10, 0xC4, 0x10, 0xC4, 0x10,
    0xC4, 0x10, 0xC4, 0x10, 0xC4, 0x10, 0xC4, 0x10, 0xC4, 0x10, 0xC4, 0x10, 0xC4, 0x10, 0xC4, 0x10,
    0xC4, 0x10, 0xC4, 0x10, 0xC4, 0x10, 0xC4, 0x10, 0xC4, 0x10, 0xC4, 0x10, 0xC4, 0x10, 0xC4, 0x10,
    0xC4, 0x10, 0xC4, 0x10, 0xC4, 0x10, 0xC4, 0x10, 0xC4, 0x10, 0xC4, 0x10, 0xC4, 0x10, 0xC4, 0x10,
    0xC4, 0x10, 0xC4, 0x10, 0xC4, 0x10, 0xC4, 0x10, 0xC4, 0x10, 0xC4, 0x10, 0xC4, 0x10, 0xC4, 0x10,
    0xC4, 0x10, 0xC4, 0x10, 0xC4, 0x10, 0xC4, 0x10, 0xC4, 0x10, 0xC4, 0x10, 0xC4, 0x10, 0xC4, 0x10,
    0xC4, 0x10, 0xC4, 0x10, 0xC4, 0x10, 0xC4, 0x10, 0xC4, 0x10, 0xC4, 0x10, 0xC4, 0x10, 0xC4, 0x10,
    0xC4, 0x10, 0xC4, 0x10, 0xC4, 0x10, 0xC4, 0x10, 0xC4, 0x10, 0xC4, 0x10, 0xC4, 0x10, 0xC4, 0x10,
    0xC4, 0x10, 0xC4, 0x10, 0xC4, 0x10, 0xC4, 0x10, 0xC4, 0x10, 0xC4, 0x10, 0xC4, 0x10, 0xC4, 0x10,
    0xC4, 0x10, 0xC4, 0x10, 0xC4, 0x10, 0xC4, 0x10, 0xC4, 0x10, 0xC4, 0x10, 0xC4, 0x10, 0xC4, 0x10,
    0xC4, 0x10, 0xC4, 0x10, 0xC4, 0x10, 0xC4, 0x10, 0xC4, 0x10, 0xC4, 0x10, 0xC4, 0x10, 0xC4, 0x10,
    0xC4, 0x10, 0xC4, 0x10, 0xC4, 0x10, 0xC4, 0x10, 0xC4, 0x10, 0xC4, 0x10, 0xC4, 0x10, 0xC4, 0x10,
    0xC4, 0x10, 0xC4, 0x10, 0xC4, 0x10, 0xC4, 0x10, 0xC4, 0x10, 0xC4, 0x10, 0xC4, 0x10, 0xC4, 0x10,
    0xC4, 0x10, 0xC4, 0x10, 0xC4, 0x10, 0xC4, 0x10, 0xC4, 0x10, 0xC4, 0x10, 0xC4, 0x10, 0xC4, 0x10,
    0xC4, 0x10, 0xC4, 0x10, 0xC4, 0x10, 0xC4, 0x10, 0xC4, 0x10, 0xC4, 0x10, 0xC4, 0x10, 0xC4, 0x10,
    0xC4, 0x10, 0xC4, 0x10, 0xC4, 0x10, 0xC4, 0x10, 0xC4, 0x10, 0xC4, 0x10, 0xC4, 0x10, 0xC4, 0x10,
    0xC4, 0x10, 0xC4, 0x10, 0xC4, 0x10, 0xC4, 0x10, 0xC4, 0x10, 0xC4, 0x10, 0xC4, 0x10, 0xC4, 0x10,
    0xC4, 0x10, 0xC4, 0x10, 0xC4, 0x10, 0xC4, 0x10, 0xC4, 0x10, 0xC4, 0x10, 0xC4, 0x10, 0xC4, 0x10,
    0xC4, 0x10, 0xC4, 0x10, 0xC4, 0x10, 0xC4, 0x10, 0xC4, 0x10, 0xC4, 0x10, 0xC4, 0x10, 0xC4, 0x10,
    0xC4, 0x10, 0xC4, 0x10, 0xC4, 0x10, 0xC4, 0x10, 0xC4, 0x10, 0xC4, 0x10, 0xC4, 0x10, 0xC4, 0x10,
    0xC4, 0x10, 0xF4, 0x9C, 0xDF, 0xFF, 0xDF, 0xFF, 0xDF, 0xFF, 0xDF, 0xFF, 0xDF, 0xFF, 0xE9, 0x31,
    0xC4, 0x10, 0xC4, 0x10, 0xC4, 0x10, 0xC4, 0x10, 0xC4, 0x10, 0xC4, 0x10, 0xC4, 0x10, 0x7A, 0xCE,
    0xDF, 0xFF, 0xDF, 0xFF, 0xDF, 0xFF, 0xD8, 0xBD, 0xC4, 0x10, 0xC4, 0x10, 0xC4, 0x10, 0xC4, 0x10,
    0xC4, 0x10, 0xC4, 0x10, 0xC4, 0x10, 0xC4, 0x10, 0xC4, 0x10, 0xC4, 0x10, 0xC4, 0x10, 0xC4, 0x10,
    0xC4, 0x10, 0xC4, 0x10, 0x7A, 0xCE, 0xDF, 0xFF, 0xDF, 0xFF, 0xDF, 0xFF, 0xDF, 0xFF, 0xDF, 0xFF,
    0xDF, 0xFF, 0xDF, 0xFF, 0xDF, 0xFF, 0xDF, 0xFF, 0xDF, 0xFF, 0xDF, 0xFF, 0x6E, 0x6B, 0xC4, 0x10,
    0xC4, 0x10, 0xC4, 0x10, 0xC4, 0x10, 0xC4, 0x10, 0xC4, 0x10, 0xC4, 0x10, 0xC4, 0x10, 0xC4, 0x10,
    0xC4, 0x10, 0xC4, 0x10, 0xC4, 0x10, 0xC4, 0x10, 0xC4, 0x10, 0xC4, 0x10, 0xC4, 0x10, 0xC4, 0x10,
    0xC4, 0x10, 0xC4, 0x10, 0xC4, 0x10, 0xC4, 0x10, 0xC4, 0x10, 0xC4, 0x10, 0xC4, 0x10, 0xC4, 0x10,
    0xC4, 0x10, 0xC4, 0x10, 0xC4, 0x10, 0xC4, 0x10, 0xC4, 0x10, 0xC4, 0x10, 0xC4, 0x10, 0xC4, 0x10,
    0xC4, 0x10, 0xC4, 0x10, 0xC4, 0x10, 0xC4, 0x10, 0xC4, 0x10, 0xC4, 0x10, 0xC4, 0x10, 0xC4, 0x10,
    0xC4, 0x10, 0xC4, 0x10, 0xC4, 0x10, 0xC4, 0x10, 0xC4, 0x10, 0xC4, 0x10, 0xC4, 0x10, 0xC4, 0x10,
    0xC4, 0x10, 0xC4, 0x10, 0xC4, 0x10, 0xC4, 0x10, 0xC4, 0x10, 0xC4, 0x10, 0xC4, 0x10, 0xC4, 0x10,
    0x7A, 0xCE, 0xDF, 0xFF, 0xDF, 0xFF, 0xDF, 0xFF, 0xDF, 0xFF, 0xDF, 0xFF, 0xDF, 0xFF, 0xBF, 0xF7,
    0x5D, 0xEF, 0x7A, 0xCE, 0xD4, 0x94, 0x09, 0x3A, 0xC4, 0x10, 0xC4, 0x10, 0xC4, 0x10, 0xC4, 0x10,
    0xC4, 0x10, 0xC4, 0x10, 0xC4, 0x10, 0xC4, 0x10, 0xC4, 0x10, 0xC4, 0x10, 0xC4, 0x10, 0xC4, 0x10,
    0xC4, 0x10, 0xC4, 0x10, 0xC4, 0x10, 0xC4, 0x10, 0xC4, 0x10, 0xC4, 0x10, 0xC4, 0x10, 0xC4, 0x10,
    0xC4, 0x10, 0xC4, 0x10, 0xC4, 0x10, 0xC4, 0x10, 0xC4, 0x10, 0xC4, 0x10, 0xC4, 0x10, 0xC4, 0x10,
    0xC4, 0x10, 0xC4, 0x10, 0xC4, 0x10, 0xC4, 0x10, 0xC4, 0x10, 0xC4, 0x10, 0xC4, 0x10, 0xC4, 0x10,
    0xC4, 0x10, 0xC4, 0x10, 0xC4, 0x10, 0xC4, 0x10, 0xC4, 0x10, 0xC4, 0x10, 0xC4, 0x10, 0xC4, 0x10,
    0xC4, 0x10, 0xC4, 0x10, 0xC4, 0x10, 0xC4, 0x10, 0xC4, 0x10, 0xC4, 0x10, 0xC4, 0x10, 0xC4, 0x10,
    0xC4, 0x10, 0xC4, 0x10, 0xC4, 0x10, 0xC4, 0x10, 0xC4, 0x10, 0xC4, 0x10, 0xC4, 0x10, 0xC4, 0x10,
    0xC4, 0x10, 0xC4, 0x10, 0xC4, 0x10, 0xC4, 0x10, 0xC4, 0x10, 0xC4, 0x10, 0xC4, 0x10, 0xC4, 0x10,
    0xC4, 0x10, 0xC4, 0x10, 0xC4, 0x10, 0xC4, 0x10, 0xC4, 0x10, 0xC4, 0x10, 0xC4, 0x10, 0xC4, 0x10,
    0xC4, 0x10, 0xC4, 0x10, 0xC4, 0x10, 0xC4, 0x10, 0xC4, 0x10, 0xC4, 0x10, 0xC4, 0x10, 0xC4, 0x10,
    0xC4, 0x10, 0xC4, 0x10, 0xC4, 0x10, 0xC4, 0x10, 0xBF, 0xF7, 0xDF, 0xFF, 0xDF, 0xFF, 0xDF, 0xFF,
    0x4A, 0x42, 0xC4, 0x10, 0xC4, 0x10, 0xC4, 0x10, 0xC4, 0x10, 0xC4, 0x10, 0xC4, 0x10, 0xC4, 0x10,
    0xC4, 0x10, 0xC4, 0x10, 0xC4, 0x10, 0xC4, 0x10, 0xC4, 0x10, 0xC4, 0x10, 0xC4, 0x10, 0xC4, 0x10,
    0xBF, 0xF7, 0xDF, 0xFF, 0xDF, 0xFF, 0xDF, 0xFF, 0x4A, 0x42, 0xC4, 0x10, 0xC4, 0x10, 0xC4, 0x10,
    0xC4, 0x10, 0xC4, 0x10, 0xC4, 0x10, 0xC4, 0x10, 0xC4, 0x10, 0xC4, 0x10, 0xC4, 0x10, 0xC4, 0x10,
    0xC4, 0x10, 0xC4, 0x10, 0xC4, 0x10, 0xC4, 0x10, 0xC4, 0x10, 0xC4, 0x10, 0xC4, 0x10, 0xC4, 0x10,
    0xC4, 0x10, 0xC4, 0x10, 0xC4, 0x10, 0xC4, 0x10, 0xC4, 0x10, 0xC4, 0x10, 0xC4, 0x10, 0xC4, 0x10,
    0xC4, 0x10, 0xC4, 0x10, 0xC4, 0x10, 0xC4, 0x10, 0xC4, 0x10, 0xC4, 0x10, 0xC4, 0x10, 0xC4, 0x10,
    0xC4, 0x10, 0xC4, 0x10, 0xC4, 0x10, 0xC4, 0x10, 0xC4, 0x10, 0xC4, 0x10, 0xC4, 0x10, 0xC4, 0x10,
    0xC4, 0x10, 0xC4, 0x10, 0xC4, 0x10, 0xC4, 0x10, 0xC4, 0x10, 0xC4, 0x10, 0xF4, 0x9C, 0xDF, 0xFF,
    0xDF, 0xFF, 0xDF, 0xFF, 0xDF, 0xFF, 0xDF, 0xFF, 0xE9, 0x31, 0xC4, 0x10, 0xC4, 0x10, 0xC4, 0x10,
    0xC4, 0x10, 0xC4, 0x10, 0xC4, 0x10, 0xC4, 0x10, 0xC4, 0x10, 0xC4, 0x10, 0xC4, 0x10, 0xC4, 0x10,
    0xC4, 0x10, 0xC4, 0x10, 0xC4, 0x10, 0xC4, 0x10, 0xC4, 0x10, 0xC4, 0x10, 0xC4, 0x10, 0xC4, 0x10,
    0xC4, 0x10, 0xC4, 0x10, 0xC4, 0x10, 0xC4, 0x10, 0xC4, 0x10, 0xC4, 0x10, 0xC4, 0x10, 0xC4, 0x10,
    0xC4, 0x10, 0xC4, 0x10, 0xC4, 0x10, 0xC4, 0x10, 0xC4, 0x10, 0xC4, 0x10, 0xC4, 0x10, 0xC4, 0x10,
    0xC4, 0x10, 0xC4, 0x10, 0xC4, 0x10, 0xC4, 0x10, 0xC4, 0x10, 0xC4, 0x10, 0xC4, 0x10, 0xBF, 0xF7,
    0xDF, 0xFF, 0xDF, 0xFF, 0xDF, 0xFF, 0x4A, 0x42, 0xC4, 0x10, 0xC4, 0x10, 0xC4, 0x10, 0xBF, 0xF7,
    0xDF, 0xFF, 0xDF, 0xFF, 0xDF, 0xFF, 0x4A, 0x42, 0xC4, 0x10, 0xC4, 0x10, 0xC4, 0x10, 0xC4, 0x10,
    0xC4, 0x10, 0xC4, 0x10, 0xC4, 0x10, 0xC4, 0x10, 0xC4, 0x10, 0xC4, 0x10, 0xC4, 0x10, 0xC4, 0x10,
    0xC4, 0x10, 0xC4, 0x10, 0xC4, 0x10, 0xC4, 0x10, 0xC4, 0x10, 0xC4, 0x10, 0xC4, 0x10, 0xC4, 0x10,
    0xC4, 0x10, 0xC4, 0x10, 0xC4, 0x10, 0xC4, 0x10, 0xC4, 0x10, 0xC4, 0x10, 0xC4, 0x10, 0xC4, 0x10,
    0xC4, 0x10, 0xC4, 0x10, 0xC4, 0x10, 0xC4, 0x10, 0xC4, 0x10, 0xC4, 0x10, 0xC4, 0x10, 0xC4, 0x10,
    0xC4, 0x10, 0xC4, 0x10, 0xC4, 0x10, 0xC4, 0x10, 0xC4, 0x10, 0xC4, 0x10, 0xC4, 0x10, 0xC4, 0x10,
    0xC4, 0x10, 0xBF, 0xF7, 0xDF, 0xFF, 0xDF, 0xFF, 0xDF, 0xFF, 0x4A, 0x42, 0xC4, 0x10, 0xC4, 0x10,
    0xC4, 0x10, 0xC4, 0x10, 0xC4, 0x10, 0xC4, 0x10, 0xC4, 0x10, 0xC4, 0x10, 0xC4, 0x10, 0xC4, 0x10,
    0xC4, 0x10, 0xC4, 0x10, 0xC4, 0x10, 0xC4, 0x10, 0xC4, 0x10, 0xC4, 0x10, 0xC4, 0x10, 0xC4, 0x10,
    0xC4, 0x10, 0xC4, 0x10, 0xC4, 0x10, 0xC4, 0x10, 0xC4, 0x10, 0xC4, 0x10, 0xC4, 0x10, 0xC4, 0x10,
    0xC4, 0x10, 0xC4, 0x10, 0xC4, 0x10, 0xC4, 0x10, 0xC4, 0x10, 0xC4, 0x10, 0xC4, 0x10, 0xC4, 0x10,
    0xC4, 0x10, 0xC4, 0x10, 0xC4, 0x10, 0xC4, 0x10, 0xC4, 0x10, 0xC4, 0x10, 0xC4, 0x10, 0xC4, 0x10,
    0xC4, 0x10, 0xC4, 0x10, 0xC4, 0x10, 0xC4, 0x10, 0xC4, 0x10, 0xC4, 0x10, 0xC4, 0x10, 0xC4, 0x10,
    0xC4, 0x10, 0xC4, 0x10, 0xC4, 0x10, 0xC4, 0x10, 0xC4, 0x10, 0xC4, 0x10, 0xC4, 0x10, 0xC4, 0x10,
    0xC4, 0x10, 0xC4, 0x10, 0xC4, 0x10, 0xC4, 0x10, 0xC4, 0x10, 0xC4, 0x10, 0xC4, 0x10, 0xC4, 0x10,
    0xC4, 0x10, 0xC4, 0x10, 0xC4, 0x10, 0xC4, 0x10, 0xE5, 0x10, 0x5D, 0xE7, 0xDF, 0xFF, 0xDF, 0xFF,
    0xDF, 0xFF, 0xDF, 0xFF, 0xDF, 0xFF, 0x72, 0x8C, 0xC4, 0x10, 0xC4, 0x10, 0xC4, 0x10, 0xC4, 0x10,
    0xC4, 0x10, 0xC4, 0x10, 0xC4, 0x10, 0x7A, 0xCE, 0xDF, 0xFF, 0xDF, 0xFF, 0xDF, 0xFF, 0xD8, 0xBD,
    0xC4, 0x10, 0xC4, 0x10, 0xC4, 0x10, 0xC4, 0x10, 0xC4, 0x10, 0xC4, 0x10, 0xC4, 0x10, 0xC4, 0x10,
    0xC4, 0x10, 0xC4, 0x10, 0xC4, 0x10, 0xC4, 0x10, 0xC4, 0x10, 0xC4, 0x10, 0x7A, 0xCE, 0xDF, 0xFF,
    0xDF, 0xFF, 0xDF, 0xFF, 0xDF, 0xFF, 0xDF, 0xFF, 0xDF, 0xFF, 0xDF, 0xFF, 0xDF, 0xFF, 0xDF, 0xFF,
    0xDF, 0xFF, 0xDF, 0xFF, 0x6E, 0x6B, 0xC4, 0x10, 0xC4, 0x10, 0xC4, 0x10, 0xC4, 0x10, 0xC4, 0x10,
    0xC4, 0x10, 0xC4, 0x10, 0xC4, 0x10, 0xC4, 0x10, 0xC4, 0x10, 0xC4, 0x10, 0xC4, 0x10, 0xC4, 0x10,
    0xC4, 0x10, 0xC4, 0x10, 0xC4, 0x10, 0xC4, 0x10, 0xC4, 0x10, 0xC4, 0x10, 0xC4, 0x10, 0xC4, 0x10,
    0xC4, 0x10, 0xC4, 0x10, 0xC4, 0x10, 0xC4, 0x10, 0xC4, 0x10, 0xC4, 0x10, 0xC4, 0x10, 0xC4, 0x10,
    0xC4, 0x10, 0xC4, 0x10, 0xC4, 0x10, 0xC4, 0x10, 0xC4, 0x10, 0xC4, 0x10, 0xC4, 0x10, 0xC4, 0x10,
    0xC4, 0x10, 0xC4, 0x10, 0xC4, 0x10, 0xC4, 0x10, 0xC4, 0x10, 0xC4, 0x10, 0xC4, 0x10, 0xC4, 0x10,
    0xC4, 0x10, 0xC4, 0x10, 0xC4, 0x10, 0xC4, 0x10, 0xC4, 0x10, 0xC4, 0x10, 0xC4, 0x10, 0xC4, 0x10,
    0xC4, 0x10, 0xC4, 0x10, 0xC4, 0x10, 0xC4, 0x10, 0x7A, 0xCE, 0xDF, 0xFF, 0xDF, 0xFF, 0xDF, 0xFF,
    0xDF, 0xFF, 0xDF, 0xFF, 0xDF, 0xFF, 0xDF, 0xFF, 0xDF, 0xFF, 0xDF, 0xFF, 0xDF, 0xFF, 0xDF, 0xF7,
    0x31, 0x84, 0xC4, 0x10, 0xC4, 0x10, 0xC4, 0x10, 0xC4, 0x10, 0xC4, 0x10, 0xC4, 0x10, 0xC4, 0x10,
    0xC4, 0x10, 0xC4, 0x10, 0xC4, 0x10, 0xC4, 0x10, 0xC4, 0x10, 0xC4, 0x10, 0xC4, 0x10, 0xC4, 0x10,
    0xC4, 0x10, 0xC4, 0x10, 0xC4, 0x10, 0xC4, 0x10, 0xC4, 0x10, 0xC4, 0x10, 0xC4, 0x10, 0xC4, 0x10,
    0xC4, 0x10, 0xC4, 0x10, 0xC4, 0x10, 0xC4, 0x10, 0xC4, 0x10, 0xC4, 0x10, 0xC4, 0x10, 0xC4, 0x10,
    0xC4, 0x10, 0xC4, 0x10, 0xC4, 0x10, 0xC4, 0x10, 0xC4, 0x10, 0xC4, 0x10, 0xC4, 0x10, 0xC4, 0x10,
    0xC4, 0x10, 0xC4, 0x10, 0xC4, 0x10, 0xC4, 0x10, 0xC4, 0x10, 0xC4, 0x10, 0xC4, 0x10, 0xC4, 0x10,
    0xC4, 0x10, 0xC4, 0x10, 0xC4, 0x10, 0xC4, 0x10, 0xC4, 0x10, 0xC4, 0x10, 0xC4, 0x10, 0xC4, 0x10,
    0xC4, 0x10, 0xC4, 0x10, 0xC4, 0x10, 0xC4, 0x10, 0xC4, 0x10, 0xC4, 0x10, 0xC4, 0x10, 0xC4, 0x10,
    0xC4, 0x10, 0xC4, 0x10, 0xC4, 0x10, 0xC4, 0x10, 0xC4, 0x10, 0xC4, 0x10, 0xC4, 0x10, 0xC4, 0x10,
    0xC4, 0x10, 0xC4, 0x10, 0xC4, 0x10, 0xC4, 0x10, 0xC4, 0x10, 0xC4, 0x10, 0xC4, 0x10, 0xC4, 0x10,
    0xC4, 0x10, 0xC4, 0x10, 0xC4, 0x10, 0xC4, 0x10, 0xC4, 0x10, 0xC4, 0x10, 0xC4, 0x10, 0xC4, 0x10,
    0xBF, 0xF7, 0xDF, 0xFF, 0xDF, 0xFF, 0xDF, 0xFF, 0x4A, 0x42, 0xC4, 0x10, 0xC4, 0x10, 0xC4, 0x10,
    0xF4, 0x9C, 0xDF, 0xFF, 0xDF, 0xFF, 0xDF, 0xFF, 0xF4, 0x9C, 0xC4, 0x10, 0xC4, 0x10, 0xC4, 0x10,
    0xC4, 0x10, 0xC4, 0x10, 0xC4, 0x10, 0xC4, 0x10, 0xBF, 0xF7, 0xDF, 0xFF, 0xDF, 0xFF, 0xDF, 0xFF,
    0x4A, 0x42, 0xC4, 0x10, 0xC4, 0x10, 0xC4, 0x10, 0xC4, 0x10, 0xC4, 0x10, 0xC4, 0x10, 0xC4, 0x10,
    0xC4, 0x10, 0xC4, 0x10, 0xC4, 0x10, 0xC4, 0x10, 0xC4, 0x10, 0xC4, 0x10, 0xC4, 0x10, 0xC4, 0x10,
    0xC4, 0x10, 0xC4, 0x10, 0xC4, 0x10, 0xC4, 0x10, 0xC4, 0x10, 0xC4, 0x10, 0xC4, 0x10, 0xC4, 0x10,
    0xC4, 0x10, 0xC4, 0x10, 0xC4, 0x10, 0xC4, 0x10, 0xC4, 0x10, 0xC4, 0x10, 0xC4, 0x10, 0xC4, 0x10,
    0xC4, 0x10, 0xC4, 0x10, 0xC4, 0x10, 0xC4, 0x10, 0xC4, 0x10, 0xC4, 0x10, 0xC4, 0x10, 0xC4, 0x10,
    0xC4, 0x10, 0xC4, 0x10, 0xC4, 0x10, 0xC4, 0x10, 0xC4, 0x10, 0xC4, 0x10, 0xC4, 0x10, 0xC4, 0x10,
    0xC4, 0x10, 0xE5, 0x10, 0x5D, 0xE7, 0xDF, 0xFF, 0xDF, 0xFF, 0xDF, 0xFF, 0xDF, 0xFF, 0xDF, 0xFF,
    0x72, 0x8C, 0xC4, 0x10, 0xC4, 0x10, 0xC4, 0x10, 0xC4, 0x10, 0xC4, 0x10, 0xC4, 0x10, 0xC4, 0x10,
    0xC4, 0x10, 0xC4, 0x10, 0xC4, 0x10, 0xC4, 0x10, 0xC4, 0x10, 0xC4, 0x10, 0xC4, 0x10, 0xC4, 0x10,
    0xC4, 0x10, 0xC4, 0x10, 0xC4, 0x10, 0xC4, 0x10, 0xC4, 0x10, 0xC4, 0x10, 0xC4, 0x10, 0xC4, 0x10,
    0xC4, 0x10, 0xC4, 0x10, 0xC4, 0x10, 0xC4, 0x10, 0xC4, 0x10, 0xC4, 0x10, 0xC4, 0x10, 0xC4, 0x10,
    0xC4, 0x10, 0xC4, 0x10, 0xC4, 0x10, 0xC4, 0x10, 0xC4, 0x10, 0xC4, 0x10, 0xC4, 0x10, 0xC4, 0x10,
    0xC4, 0x10, 0xC4, 0x10, 0xC4, 0x10, 0xBF, 0xF7, 0xDF, 0xFF, 0xDF, 0xFF, 0xDF, 0xFF, 0x4A, 0x42,
    0xC4, 0x10, 0xC4, 0x10, 0xC4, 0x10, 0xBF, 0xF7, 0xDF, 0xFF, 0xDF, 0xFF, 0xDF, 0xFF, 0x4A, 0x42,
    0xC4, 0x10, 0xC4, 0x10, 0xC4, 0x10, 0xC4, 0x10, 0xC4, 0x10, 0xC4, 0x10, 0xC4, 0x10, 0xC4, 0x10,
    0xC4, 0x10, 0xC4, 0x10, 0xC4, 0x10, 0xC4, 0x10, 0xC4, 0x10, 0xC4, 0x10, 0xC4, 0x10, 0xC4, 0x10,
    0xC4, 0x10, 0xC4, 0x10, 0xC4, 0x10, 0xC4, 0x10, 0xC4, 0x10, 0xC4, 0x10, 0xC4, 0x10, 0xC4, 0x10,
    0xC4, 0x10, 0xC4, 0x10, 0xC4, 0x10, 0xC4, 0x10, 0xC4, 0x10, 0xC4, 0x10, 0xC4, 0x10, 0xC4, 0x10,
    0xC4, 0x10, 0xC4, 0x10, 0xF4, 0x9C, 0xDF, 0xFF, 0xDF, 0xFF, 0xDF, 0xFF, 0xF4, 0x9C, 0xC4, 0x10,
    0xC4, 0x10, 0xC4, 0x10, 0xC4, 0x10, 0xC4, 0x10, 0xC4, 0x10, 0xBF, 0xF7, 0xDF, 0xFF, 0xDF, 0xFF,
    0xDF, 0xFF, 0x4A, 0x42, 0xC4, 0x10, 0xC4, 0x10, 0xC4, 0x10, 0xC4, 0x10, 0xC4, 0x10, 0xC4, 0x10,
    0xC4, 0x10, 0xC4, 0x10, 0xC4, 0x10, 0xC4, 0x10, 0xC4, 0x10, 0xC4, 0x10, 0xC4, 0x10, 0xC4, 0x10,
    0xC4, 0x10, 0xC4, 0x10, 0xC4, 0x10, 0xC4, 0x10, 0xC4, 0x10, 0xC4, 0x10, 0xC4, 0x10, 0xC4, 0x10,
    0xC4, 0x10, 0xC4, 0x10, 0xC4, 0x10, 0xC4, 0x10, 0xC4, 0x10, 0xC4, 0x10, 0xC4, 0x10, 0xC4, 0x10,
    0xC4, 0x10, 0xC4, 0x10, 0xC4, 0x10, 0xC4, 0x10, 0xC4, 0x10, 0xC4, 0x10, 0xC4, 0x10, 0xC4, 0x10,
    0xC4, 0x10, 0xC4, 0x10, 0xC4, 0x10, 0xC4, 0x10, 0xC4, 0x10, 0xC4, 0x10, 0xC4, 0x10, 0xC4, 0x10,
    0xC4, 0x10, 0xC4, 0x10, 0xC4, 0x10, 0xC4, 0x10, 0xC4, 0x10, 0xC4, 0x10, 0xC4, 0x10, 0xC4, 0x10,
    0xC4, 0x10, 0xC4, 0x10, 0xC4, 0x10, 0xC4, 0x10, 0xC4, 0x10, 0xC4, 0x10, 0xC4, 0x10, 0xC4, 0x10,
    0xC4, 0x10, 0xC4, 0x10, 0xC4, 0x10, 0xC4, 0x10, 0xC4, 0x10, 0xC4, 0x10, 0xC4, 0x10, 0xC4, 0x10,
    0xED, 0x5A, 0xDF, 0xFF, 0xDF, 0xFF, 0xDF, 0xFF, 0xDF, 0xFF, 0xDF, 0xFF, 0xDF, 0xFF, 0xFC, 0xDE,
    0xC5, 0x10, 0xC4, 0x10, 0xC4, 0x10, 0xC4, 0x10, 0xC4, 0x10, 0xC4, 0x10, 0xC4, 0x10, 0x7A, 0xCE,
    0xDF, 0xFF, 0xDF, 0xFF, 0xDF, 0xFF, 0xD8, 0xBD, 0xC4, 0x10, 0xC4, 0x10, 0xC4, 0x10, 0xC4, 0x10,
    0xC4, 0x10, 0xC4, 0x10, 0xC4, 0x10, 0xC4, 0x10, 0xC4, 0x10, 0xC4, 0x10, 0xC4, 0x10, 0xC4, 0x10,
    0xC4, 0x10, 0xC4, 0x10, 0x7A, 0xCE, 0xDF, 0xFF, 0xDF, 0xFF, 0xDF, 0xFF, 0xDF, 0xFF, 0xDF, 0xFF,
    0xDF, 0xFF, 0xDF, 0xFF, 0xDF, 0xFF, 0xDF, 0xFF, 0xDF, 0xFF, 0xDF, 0xFF, 0x6E, 0x6B, 0xC4, 0x10,
    0xC4, 0x10, 0xC4, 0x10, 0xC4, 0x10, 0xC4, 0x10, 0xC4, 0x10, 0xC4, 0x10, 0xC4, 0x10, 0xC4, 0x10,
    0xC4, 0x10, 0xC4, 0x10, 0xC4, 0x10, 0xC4, 0x10, 0xC4, 0x10, 0xC4, 0x10, 0xC4, 0x10, 0xC4, 0x10,
    0xC4, 0x10, 0xC4, 0x10, 0xC4, 0x10, 0xC4, 0x10, 0xC4, 0x10, 0xC4, 0x10, 0xC4, 0x10, 0xC4, 0x10,
    0xC4, 0x10, 0xC4, 0x10, 0xC4, 0x10, 0xC4, 0x10, 0xC4, 0x10, 0xC4, 0x10, 0xC4, 0x10, 0xC4, 0x10,
    0xC4, 0x10, 0xC4, 0x10, 0xC4, 0x10, 0xC4, 0x10, 0xC4, 0x10, 0xC4, 0x10, 0xC4, 0x10, 0xC4, 0x10,
    0xC4, 0x10, 0xC4, 0x10, 0xC4, 0x10, 0xC4, 0x10, 0xC4, 0x10, 0xC4, 0x10, 0xC4, 0x10, 0xC4, 0x10,
    0xC4, 0x10, 0xC4, 0x10, 0xC4, 0x10, 0xC4, 0x10, 0xC4, 0x10, 0xC4, 0x10, 0xC4, 0x10, 0xC4, 0x10,
    0x7A, 0xCE, 0xDF, 0xFF, 0xDF, 0xFF, 0xDF, 0xFF, 0xDF, 0xFF, 0xDF, 0xFF, 0xDF, 0xFF, 0xDF, 0xFF,
    0xDF, 0xFF, 0xDF, 0xFF, 0xDF, 0xFF, 0xDF, 0xFF, 0xDF, 0xFF, 0x6B, 0x4A, 0xC4, 0x10, 0xC4, 0x10,
    0xC4, 0x10, 0xC4, 0x10, 0xC4, 0x10, 0xC4, 0x10, 0xC4, 0x10, 0xC4, 0x10, 0xC4, 0x10, 0xC4, 0x10,
    0xC4, 0x10, 0xC4, 0x10, 0xC4, 0x10, 0xC4, 0x10, 0xC4, 0x10, 0xC4, 0x10, 0xC4, 0x10, 0xC4, 0x10,
    0xC4, 0x10, 0xC4, 0x10, 0xC4, 0x10, 0xC4, 0x10, 0xC4, 0x10, 0xC4, 0x10, 0xC4, 0x10, 0xC4, 0x10,
    0xC4, 0x10, 0xC4, 0x10, 0xC4, 0x10, 0xC4, 0x10, 0xC4, 0x10, 0xC4, 0x10, 0xC4, 0x10, 0xC4, 0x10,
    0xC4, 0x10, 0xC4, 0x10, 0xC4, 0x10, 0xC4, 0x10, 0xC4, 0x10, 0xC4, 0x10, 0xC4, 0x10, 0xC4, 0x10,
    0xC4, 0x10, 0xC4, 0x10, 0xC4, 0x10, 0xC4, 0x10, 0xC4, 0x10, 0xC4, 0x10, 0xC4, 0x10, 0xC4, 0x10,
    0xC4, 0x10, 0xC4, 0x10, 0xC4, 0x10, 0xC4, 0x10, 0xC4, 0x10, 0xC4, 0x10, 0xC4, 0x10, 0xC4, 0x10,
    0xC4, 0x10, 0xC4, 0x10, 0xC4, 0x10, 0xC4, 0x10, 0xC4, 0x10, 0xC4, 0x10, 0xC4, 0x10, 0xC4, 0x10,
    0xC4, 0x10, 0xC4, 0x10, 0xC4, 0x10, 0xC4, 0x10, 0xC4, 0x10, 0xC4, 0x10, 0xC4, 0x10, 0xC4, 0x10,
    0xC4, 0x10, 0xC4, 0x10, 0xC4, 0x10, 0xC4, 0x10, 0xC4, 0x10, 0xC4, 0x10, 0xC4, 0x10, 0xC4, 0x10,
    0xC4, 0x10, 0xC4, 0x10, 0xC4, 0x10, 0xC4, 0x10, 0xBF, 0xF7, 0xDF, 0xFF, 0xDF, 0xFF, 0xDF, 0xFF,
    0x4A, 0x42, 0xC4, 0x10, 0xC4, 0x10, 0xC4, 0x10, 0xF4, 0x9C, 0xDF, 0xFF, 0xDF, 0xFF, 0xDF, 0xFF,
    0xF4, 0x9C, 0xC4, 0x10, 0xC4, 0x10, 0xC4, 0x10, 0xC4, 0x10, 0xC4, 0x10, 0xC4, 0x10, 0xC4, 0x10,
    0xBF, 0xF7, 0xDF, 0xFF, 0xDF, 0xFF, 0xDF, 0xFF, 0x4A, 0x42, 0xC4, 0x10, 0xC4, 0x10, 0xC4, 0x10,
    0xC4, 0x10, 0xC4, 0x10, 0xC4, 0x10, 0xC4, 0x10, 0xC4, 0x10, 0xC4, 0x10, 0xC4, 0x10, 0xC4, 0x10,
    0xC4, 0x10, 0xC4, 0x10, 0xC4, 0x10, 0xC4, 0x10, 0xC4, 0x10, 0xC4, 0x10, 0xC4, 0x10, 0xC4, 0x10,
    0xC4, 0x10, 0xC4, 0x10, 0xC4, 0x10, 0xC4, 0x10, 0xC4, 0x10, 0xC4, 0x10, 0xC4, 0x10, 0xC4, 0x10,
    0xC4, 0x10, 0xC4, 0x10, 0xC4, 0x10, 0xC4, 0x10, 0xC4, 0x10, 0xC4, 0x10, 0xC4, 0x10, 0xC4, 0x10,
    0xC4, 0x10, 0xC4, 0x10, 0xC4, 0x10, 0xC4, 0x10, 0xC4, 0x10, 0xC4, 0x10, 0xC4, 0x10, 0xC4, 0x10,
    0xC4, 0x10, 0xC4, 0x10, 0xC4, 0x10, 0xC4, 0x10, 0xC4, 0x10, 0xED, 0x5A, 0xDF, 0xFF, 0xDF, 0xFF,
    0xDF, 0xFF, 0xDF, 0xFF, 0xDF, 0xFF, 0xDF, 0xFF, 0xFC, 0xDE, 0xC5, 0x10, 0xC4, 0x10, 0xC4, 0x10,
    0xC4, 0x10, 0xC4, 0x10, 0xC4, 0x10, 0xC4, 0x10, 0xC4, 0x10, 0xC4, 0x10, 0xC4, 0x10, 0xC4, 0x10,
    0xC4, 0x10, 0xC4, 0x10, 0xC4, 0x10, 0xC4, 0x10, 0xC4, 0x10, 0xC4, 0x10, 0xC4, 0x10, 0xC4, 0x10,
    0xC4, 0x10, 0xC4, 0x10, 0xC4, 0x10, 0xC4, 0x10, 0xC4, 0x10, 0xC4, 0x10, 0xC4, 0x10, 0xC4, 0x10,
    0xC4, 0x10, 0xC4, 0x10, 0xC4, 0x10, 0xC4, 0x10, 0xC4, 0x10, 0xC4, 0x10, 0xC4, 0x10, 0xC4, 0x10,
    0xC4, 0x10, 0xC4, 0x10, 0xC4, 0x10, 0xC4, 0x10, 0xC4, 0x10, 0xC4, 0x10, 0xC4, 0x10, 0xBF, 0xF7,
    0xDF, 0xFF, 0xDF, 0xFF, 0xDF, 0xFF, 0x4A, 0x42, 0xC4, 0x10, 0xC4, 0x10, 0xC4, 0x10, 0xBF, 0xF7,
    0xDF, 0xFF, 0xDF, 0xFF, 0xDF, 0xFF, 0x4A, 0x42, 0xC4, 0x10, 0xC4, 0x10, 0xC4, 0x10, 0xC4, 0x10,
    0xC4, 0x10, 0xC4, 0x10, 0xC4, 0x10, 0xC4, 0x10, 0xC4, 0x10, 0xC4, 0x10, 0xC4, 0x10, 0xC4, 0x10,
    0xC4, 0x10, 0xC4, 0x10, 0xC4, 0x10, 0xC4, 0x10, 0xC4, 0x10, 0xC4, 0x10, 0xC4, 0x10, 0xC4, 0x10,
    0xC4, 0x10, 0xC4, 0x10, 0xC4, 0x10, 0xC4, 0x10, 0xC4, 0x10, 0xC4, 0x10, 0xC4, 0x10, 0xC4, 0x10,
    0xC4, 0x10, 0xC4, 0x10, 0xC4, 0x10, 0xC4, 0x10, 0xC4, 0x10, 0xC4, 0x10, 0xF4, 0x9C, 0xDF, 0xFF,
    0xDF, 0xFF, 0xDF, 0xFF, 0xF4, 0x9C, 0xC4, 0x10, 0xC4, 0x10, 0xC4, 0x10, 0xC4, 0x10, 0xC4, 0x10,
    0xC4, 0x10, 0xBF, 0xF7, 0xDF, 0xFF, 0xDF, 0xFF, 0xDF, 0xFF, 0x4A, 0x42, 0xC4, 0x10, 0xC4, 0x10,
    0xC4, 0x10, 0xC4, 0x10, 0xC4, 0x10, 0xC4, 0x10, 0xC4, 0x10, 0xC4, 0x10, 0xC4, 0x10, 0xC4, 0x10,
    0xC4, 0x10, 0xC4, 0x10, 0xC4, 0x10, 0xC4, 0x10, 0xC4, 0x10, 0xC4, 0x10, 0xC4, 0x10, 0xC4, 0x10,
    0xC4, 0x10, 0xC4, 0x10, 0xC4, 0x10, 0xC4, 0x10, 0xC4, 0x10, 0xC4, 0x10, 0xC4, 0x10, 0xC4, 0x10,
    0xC4, 0x10, 0xC4, 0x10, 0xC4, 0x10, 0xC4, 0x10, 0xC4, 0x10, 0xC4, 0x10, 0xC4, 0x10, 0xC4, 0x10,
    0xC4, 0x10, 0xC4, 0x10, 0xC4, 0x10, 0xC4, 0x10, 0xC4, 0x10, 0xC4, 0x10, 0xC4, 0x10, 0xC4, 0x10,
    0xC4, 0x10, 0xC4, 0x10, 0xC4, 0x10, 0xC4, 0x10, 0xC4, 0x10, 0xC4, 0x10, 0xC4, 0x10, 0xC4, 0x10,
    0xC4, 0x10, 0xC4, 0x10, 0xC4, 0x10, 0xC4, 0x10, 0xC4, 0x10, 0xC4, 0x10, 0xC4, 0x10, 0xC4, 0x10,
    0xC4, 0x10, 0xC4, 0x10, 0xC4, 0x10, 0xC4, 0x10, 0xC4, 0x10, 0xC4, 0x10, 0xC4, 0x10, 0xC4, 0x10,
    0xC4, 0x10, 0xC4, 0x10, 0xC4, 0x10, 0xC4, 0x10, 0x96, 0xAD, 0xDF, 0xFF, 0xDF, 0xFF, 0xDF, 0xFF,
    0xDF, 0xFF, 0xDF, 0xFF, 0xDF, 0xFF, 0xDF, 0xFF, 0x6B, 0x4A, 0xC4, 0x10, 0xC4, 0x10, 0xC4, 0x10,
    0xC4, 0x10, 0xC4, 0x10, 0xC4, 0x10, 0x7A, 0xCE, 0xDF, 0xFF, 0xDF, 0xFF, 0xDF, 0xFF, 0xD8, 0xBD,
    0xC4, 0x10, 0xC4, 0x10, 0xC4, 0x10, 0xC4, 0x10, 0xC4, 0x10, 0xC4, 0x10, 0xC4, 0x10, 0xC4, 0x10,
    0xC4, 0x10, 0xC4, 0x10, 0xC4, 0x10, 0xC4, 0x10, 0xC4, 0x10, 0xC4, 0x10, 0x7A, 0xCE, 0xDF, 0xFF,
    0xDF, 0xFF, 0xDF, 0xFF, 0xD8, 0xBD, 0xC4, 0x10, 0xC4, 0x10, 0xC4, 0x10, 0xC4, 0x10, 0xC4, 0x10,
    0xC4, 0x10, 0xC4, 0x10, 0xC4, 0x10, 0xC4, 0x10, 0xC4, 0x10, 0xC4, 0x10, 0xC4, 0x10, 0xC4, 0x10,
    0xC4, 0x10, 0xC4, 0x10, 0xC4, 0x10, 0xC4, 0x10, 0xC4, 0x10, 0xC4, 0x10, 0xC4, 0x10, 0xC4, 0x10,
    0xC4, 0x10, 0xC4, 0x10, 0xC4, 0x10, 0xC4, 0x10, 0xC4, 0x10, 0xC4, 0x10, 0xC4, 0x10, 0xC4, 0x10,
    0xC4, 0x10, 0xC4, 0x10, 0xC4, 0x10, 0xC4, 0x10, 0xC4, 0x10, 0xC4, 0x10, 0xC4, 0x10, 0xC4, 0x10,
    0xC4, 0x10, 0xC4, 0x10, 0xC4, 0x10, 0xC4, 0x10, 0xC4, 0x10, 0xC4, 0x10, 0xC4, 0x10, 0xC4, 0x10,
    0xC4, 0x10, 0xC4, 0x10, 0xC4, 0x10, 0xC4, 0x10, 0xC4, 0x10, 0xC4, 0x10, 0xC4, 0x10, 0xC4, 0x10,
    0xC4, 0x10, 0xC4, 0x10, 0xC4, 0x10, 0xC4, 0x10, 0xC4, 0x10, 0xC4, 0x10, 0xC4, 0x10, 0xC4, 0x10,
    0xC4, 0x10, 0xC4, 0x10, 0xC4, 0x10, 0xC4, 0x10, 0x7A, 0xCE, 0xDF, 0xFF, 0xDF, 0xFF, 0xDF, 0xFF,
    0xD8, 0xBD, 0xC4, 0x10, 0xC5, 0x10, 0x87, 0x29, 0xD4, 0x94, 0xDF, 0xFF, 0xDF, 0xFF, 0xDF, 0xFF,
    0xDF, 0xFF, 0x15, 0x9D, 0xC4, 0x10, 0xC4, 0x10, 0xC4, 0x10, 0xC4, 0x10, 0xC4, 0x10, 0xC4, 0x10,
    0xC4, 0x10, 0xC4, 0x10, 0xC4, 0x10, 0xC4, 0x10, 0xC4, 0x10, 0xC4, 0x10, 0xC4, 0x10, 0xC4, 0x10,
    0xC4, 0x10, 0xC4, 0x10, 0xC4, 0x10, 0xC4, 0x10, 0xC4, 0x10, 0xC4, 0x10, 0xC4, 0x10, 0xC4, 0x10,
    0xC4, 0x10, 0xC4, 0x10, 0xC4, 0x10, 0xC4, 0x10, 0xC4, 0x10, 0xC4, 0x10, 0xC4, 0x10, 0xC4, 0x10,
    0xC4, 0x10, 0xC4, 0x10, 0xC4, 0x10, 0xC4, 0x10, 0xC4, 0x10, 0xC4, 0x10, 0xC4, 0x10, 0xC4, 0x10,
    0xC4, 0x10, 0xC4, 0x10, 0xC4, 0x10, 0xC4, 0x10, 0xC4, 0x10, 0xC4, 0x10, 0xC4, 0x10, 0xC4, 0x10,
    0xC4, 0x10, 0xC4, 0x10, 0xC4, 0x10, 0xC4, 0x10, 0xC4, 0x10, 0xC4, 0x10, 0xC4, 0x10, 0xC4, 0x10,
    0xC4, 0x10, 0xC4, 0x10, 0xC4, 0x10, 0xC4, 0x10, 0xC4, 0x10, 0xC4, 0x10, 0xC4, 0x10, 0xC4, 0x10,
    0xC4, 0x10, 0xC4, 0x10, 0xC4, 0x10, 0xC4, 0x10, 0xC4, 0x10, 0xC4, 0x10, 0xC4, 0x10, 0xC4, 0x10,
    0xC4, 0x10, 0xC4, 0x10, 0xC4, 0x10, 0xC4, 0x10, 0xC4, 0x10, 0xC4, 0x10, 0xC4, 0x10, 0xC4, 0x10,
    0xC4, 0x10, 0xC4, 0x10, 0xC4, 0x10, 0xC4, 0x10, 0xC4, 0x10, 0xC4, 0x10, 0xC4, 0x10, 0xC4, 0x10,
    0xBF, 0xF7, 0xDF, 0xFF, 0xDF, 0xFF, 0xDF, 0xFF, 0x4A, 0x42, 0xC4, 0x10, 0xC4, 0x10, 0xC4, 0x10,
    0xF4, 0x9C, 0xDF, 0xFF, 0xDF, 0xFF, 0xDF, 0xFF, 0xF4, 0x9C, 0xC4, 0x10, 0xC4, 0x10, 0xC4, 0x10,
    0xC4, 0x10, 0xC4, 0x10, 0xC4, 0x10, 0xC4, 0x10, 0xBF, 0xF7, 0xDF, 0xFF, 0xDF, 0xFF, 0xDF, 0xFF,
    0x4A, 0x42, 0xC4, 0x10, 0xC4, 0x10, 0xC4, 0x10, 0xC4, 0x10, 0xC4, 0x10, 0xC4, 0x10, 0xC4, 0x10,
    0xC4, 0x10, 0xC4, 0x10, 0xC4, 0x10, 0xC4, 0x10, 0xC4, 0x10, 0xC4, 0x10, 0xC4, 0x10, 0xC4, 0x10,
    0xC4, 0x10, 0xC4, 0x10, 0xC4, 0x10, 0xC4, 0x10, 0xC4, 0x10, 0xC4, 0x10, 0xC4, 0x10, 0xC4, 0x10,
    0xC4, 0x10, 0xC4, 0x10, 0xC4, 0x10, 0xC4, 0x10, 0xC4, 0x10, 0xC4, 0x10, 0xC4, 0x10, 0xC4, 0x10,
    0xC4, 0x10, 0xC4, 0x10, 0xC4, 0x10, 0xC4, 0x10, 0xC4, 0x10, 0xC4, 0x10, 0xC4, 0x10, 0xC4, 0x10,
    0xC4, 0x10, 0xC4, 0x10, 0xC4, 0x10, 0xC4, 0x10, 0xC4, 0x10, 0xC4, 0x10, 0xC4, 0x10, 0xC4, 0x10,
    0xC4, 0x10, 0x96, 0xAD, 0xDF, 0xFF, 0xDF, 0xFF, 0xDF, 0xFF, 0xDF, 0xFF, 0xDF, 0xFF, 0xDF, 0xFF,
    0xDF, 0xFF, 0x6B, 0x4A, 0xC4, 0x10, 0xC4, 0x10, 0xC4, 0x10, 0xC4, 0x10, 0xC4, 0x10, 0xC4, 0x10,
    0xC4, 0x10, 0xC4, 0x10, 0xC4, 0x10, 0xC4, 0x10, 0xC4, 0x10, 0xC4, 0x10, 0xC4, 0x10, 0xC4, 0x10,
    0xC4, 0x10, 0xC4, 0x10, 0xC4, 0x10, 0xC4, 0x10, 0xC4, 0x10, 0xC4, 0x10, 0xC4, 0x10, 0xC4, 0x10,
    0xC4, 0x10, 0xC4, 0x10, 0xC4, 0x10, 0xC4, 0x10, 0xC4, 0x10, 0xC4, 0x10, 0xC4, 0x10, 0xC4, 0x10,
    0xC4, 0x10, 0xC4, 0x10, 0xC4, 0x10, 0xC4, 0x10, 0xC4, 0x10, 0xC4, 0x10, 0xC4, 0x10, 0xC4, 0x10,
    0xC4, 0x10, 0xC4, 0x10, 0xC4, 0x10, 0xBF, 0xF7, 0xDF, 0xFF, 0xDF, 0xFF, 0xDF, 0xFF, 0x4A, 0x42,
    0xC4, 0x10, 0xC4, 0x10, 0xC4, 0x10, 0xBF, 0xF7, 0xDF, 0xFF, 0xDF, 0xFF, 0xDF, 0xFF, 0x4A, 0x42,
    0xC4, 0x10, 0xC4, 0x10, 0xC4, 0x10, 0xC4, 0x10, 0xC4, 0x10, 0xC4, 0x10, 0xC4, 0x10, 0xC4, 0x10,
    0xC4, 0x10, 0xC4, 0x10, 0xC4, 0x10, 0xC4, 0x10, 0xC4, 0x10, 0xC4, 0x10, 0xC4, 0x10, 0xC4, 0x10,
    0xC4, 0x10, 0xC4, 0x10, 0xC4, 0x10, 0xC4, 0x10, 0xC4, 0x10, 0xC4, 0x10, 0xC4, 0x10, 0xC4, 0x10,
    0xC4, 0x10, 0xC4, 0x10, 0xC4, 0x10, 0xC4, 0x10, 0xC4, 0x10, 0xC4, 0x10, 0xC4, 0x10, 0xC4, 0x10,
    0xC4, 0x10, 0xC4, 0x10, 0xF4, 0x9C, 0xDF, 0xFF, 0xDF, 0xFF, 0xDF, 0xFF, 0xF4, 0x9C, 0xC4, 0x10,
    0xC4, 0x10, 0xC4, 0x10, 0xC4, 0x10, 0xC4, 0x10, 0xC4, 0x10, 0xBF, 0xF7, 0xDF, 0xFF, 0xDF, 0xFF,
    0xDF, 0xFF, 0x4A, 0x42, 0xC4, 0x10, 0xC4, 0x10, 0xC4, 0x10, 0xC4, 0x10, 0xC4, 0x10, 0xC4, 0x10,
    0xC4, 0x10, 0xC4, 0x10, 0xC4, 0x10, 0xC4, 0x10, 0xC4, 0x10, 0xC4, 0x10, 0xC4, 0x10, 0xC4, 0x10,
    0xC4, 0x10, 0xC4, 0x10, 0xC4, 0x10, 0xC4, 0x10, 0xC4, 0x10, 0xC4, 0x10, 0xC4, 0x10, 0xC4, 0x10,
    0xC4, 0x10, 0xC4, 0x10, 0xC4, 0x10, 0xC4, 0x10, 0xC4, 0x10, 0xC4, 0x10, 0xC4, 0x10, 0xC4, 0x10,
    0xC4, 0x10, 0xC4, 0x10, 0xC4, 0x10, 0xC4, 0x10, 0xC4, 0x10, 0xC4, 0x10, 0xC4, 0x10, 0xC4, 0x10,
    0xC4, 0x10, 0xC4, 0x10, 0xC4, 0x10, 0xC4, 0x10, 0xC4, 0x10, 0xC4, 0x10, 0xC4, 0x10, 0xC4, 0x10,
    0xC4, 0x10, 0xC4, 0x10, 0xC4, 0x10, 0xC4, 0x10, 0xC4, 0x10, 0xC4, 0x10, 0xC4, 0x10, 0xC4, 0x10,
    0xC4, 0x10, 0xC4, 0x10, 0xC4, 0x10, 0xC4, 0x10, 0xC4, 0x10, 0xC4, 0x10, 0xC4, 0x10, 0xC4, 0x10,
    0xC4, 0x10, 0xC4, 0x10, 0xC4, 0x10, 0xC4, 0x10, 0xC4, 0x10, 0xC4, 0x10, 0xC4, 0x10, 0x26, 0x19,
    0x9E, 0xF7, 0xDF, 0xFF, 0xDF, 0xFF, 0xDF, 0xFF, 0x3D, 0xE7, 0xDF, 0xFF, 0xDF, 0xFF, 0xDF, 0xFF,
    0x14, 0x9D, 0xC4, 0x10, 0xC4, 0x10, 0xC4, 0x10, 0xC4, 0x10, 0xC4, 0x10, 0xC4, 0x10, 0x7A, 0xCE,
    0xDF, 0xFF, 0xDF, 0xFF, 0xDF, 0xFF, 0xD8, 0xBD, 0xC4, 0x10, 0xC4, 0x10, 0xC4, 0x10, 0xC4, 0x10,
    0xC4, 0x10, 0xC4, 0x10, 0xC4, 0x10, 0xC4, 0x10, 0xC4, 0x10, 0xC4, 0x10, 0xC4, 0x10, 0xC4, 0x10,
    0xC4, 0x10, 0xC4, 0x10, 0x7A, 0xCE, 0xDF, 0xFF, 0xDF, 0xFF, 0xDF, 0xFF, 0xD8, 0xBD, 0xC4, 0x10,
    0xC4, 0x10, 0xC4, 0x10, 0xC4, 0x10, 0xC4, 0x10, 0xC4, 0x10, 0xC4, 0x10, 0xC4, 0x10, 0xC4, 0x10,
    0xC4, 0x10, 0xC4, 0x10, 0xC4, 0x10, 0xC4, 0x10, 0xC4, 0x10, 0xC4, 0x10, 0xC4, 0x10, 0xC4, 0x10,
    0xC4, 0x10, 0xC4, 0x10, 0xC4, 0x10, 0xC4, 0x10, 0xC4, 0x10, 0xC4, 0x10, 0xC4, 0x10, 0xC4, 0x10,
    0xC4, 0x10, 0xC4, 0x10, 0xC4, 0x10, 0xC4, 0x10, 0xC4, 0x10, 0xC4, 0x10, 0xC4, 0x10, 0xC4, 0x10,
    0xC4, 0x10, 0xC4, 0x10, 0xC4, 0x10, 0xC4, 0x10, 0xC4, 0x10, 0xC4, 0x10, 0xC4, 0x10, 0xC4, 0x10,
    0xC4, 0x10, 0xC4, 0x10, 0xC4, 0x10, 0xC4, 0x10, 0xC4, 0x10, 0xC4, 0x10, 0xC4, 0x10, 0xC4, 0x10,
    0xC4, 0x10, 0xC4, 0x10, 0xC4, 0x10, 0xC4, 0x10, 0xC4, 0x10, 0xC4, 0x10, 0xC4, 0x10, 0xC4, 0x10,
    0xC4, 0x10, 0xC4, 0x10, 0xC4, 0x10, 0xC4, 0x10, 0xC4, 0x10, 0xC4, 0x10, 0xC4, 0x10, 0xC4, 0x10,
    0x7A, 0xCE, 0xDF, 0xFF, 0xDF, 0xFF, 0xDF, 0xFF, 0xD8, 0xBD, 0xC4, 0x10, 0xC4, 0x10, 0xC4, 0x10,
    0xC5, 0x10, 0x1C, 0xDF, 0xDF, 0xFF, 0xDF, 0xFF, 0xDF, 0xFF, 0x18, 0xBE, 0xC4, 0x10, 0xC4, 0x10,
    0xC4, 0x10, 0xC4, 0x10, 0xC4, 0x10, 0xC4, 0x10, 0xC4, 0x10, 0xC4, 0x10, 0xC4, 0x10, 0xC4, 0x10,
    0xC4, 0x10, 0xC4, 0x10, 0xC4, 0x10, 0xC4, 0x10, 0xC4, 0x10, 0xC4, 0x10, 0xC4, 0x10, 0xC4, 0x10,
    0xC4, 0x10, 0xC4, 0x10, 0xC4, 0x10, 0xC4, 0x10, 0xC4, 0x10, 0xC4, 0x10, 0xC4, 0x10, 0xC4, 0x10,
    0xC4, 0x10, 0xC4, 0x10, 0xC4, 0x10, 0xC4, 0x10, 0xC4, 0x10, 0xC4, 0x10, 0xC4, 0x10, 0xC4, 0x10,
    0xC4, 0x10, 0xC4, 0x10, 0xC4, 0x10, 0xC4, 0x10, 0xC4, 0x10, 0xC4, 0x10, 0xC4, 0x10, 0xC4, 0x10,
    0xC4, 0x10, 0xC4, 0x10, 0xC4, 0x10, 0xC4, 0x10, 0xC4, 0x10, 0xC4, 0x10, 0xC4, 0x10, 0xC4, 0x10,
    0xC4, 0x10, 0xC4, 0x10, 0xC4, 0x10, 0xC4, 0x10, 0xC4, 0x10, 0xC4, 0x10, 0xC4, 0x10, 0xC4, 0x10,
    0xC4, 0x10, 0xC4, 0x10, 0xC4, 0x10, 0xC4, 0x10, 0xC4, 0x10, 0xC4, 0x10, 0xC4, 0x10, 0xC4, 0x10,
    0xC4, 0x10, 0xC4, 0x10, 0xC4, 0x10, 0xC4, 0x10, 0xC4, 0x10, 0xC4, 0x10, 0xC4, 0x10, 0xC4, 0x10,
    0xC4, 0x10, 0xC4, 0x10, 0xC4, 0x10, 0xC4, 0x10, 0xC4, 0x10, 0xC4, 0x10, 0xC4, 0x10, 0xC4, 0x10,
    0xC4, 0x10, 0xC4, 0x10, 0xC4, 0x10, 0xC4, 0x10, 0xC4, 0x10, 0xC4, 0x10, 0xC4, 0x10, 0xC4, 0x10,
    0xC4, 0x10, 0xC4, 0x10, 0xC4, 0x10, 0xC4, 0x10, 0xF4, 0x9C, 0xDF, 0xFF, 0xDF, 0xFF, 0xDF, 0xFF,
    0xF4, 0x9C, 0xC4, 0x10, 0xC4, 0x10, 0xC4, 0x10, 0xC4, 0x10, 0xC4, 0x10, 0xC4, 0x10, 0xC4, 0x10,
    0xC4, 0x10, 0xC4, 0x10, 0xC4, 0x10, 0xC4, 0x10, 0xC4, 0x10, 0xC4, 0x10, 0xC4, 0x10, 0xC4, 0x10,
    0xC4, 0x10, 0xC4, 0x10, 0xC4, 0x10, 0xC4, 0x10, 0xC4, 0x10, 0xC4, 0x10, 0xC4, 0x10, 0xC4, 0x10,
    0xC4, 0x10, 0xC4, 0x10, 0xC4, 0x10, 0xC4, 0x10, 0xC4, 0x10, 0xC4, 0x10, 0xC4, 0x10, 0xC4, 0x10,
    0xC4, 0x10, 0xC4, 0x10, 0xC4, 0x10, 0xC4, 0x10, 0xC4, 0x10, 0xC4, 0x10, 0xC4, 0x10, 0xC4, 0x10,
    0xC4, 0x10, 0xC4, 0x10, 0xC4, 0x10, 0xC4, 0x10, 0xC4, 0x10, 0xC4, 0x10, 0xC4, 0x10, 0xC4, 0x10,
    0xC4, 0x10, 0xC4, 0x10, 0xC4, 0x10, 0xC4, 0x10, 0xC4, 0x10, 0xC4, 0x10, 0xC4, 0x10, 0xC4, 0x10,
    0xC4, 0x10, 0xC4, 0x10, 0xC4, 0x10, 0xC4, 0x10, 0x26, 0x19, 0x9E, 0xF7, 0xDF, 0xFF, 0xDF, 0xFF,
    0xDF, 0xFF, 0x3D, 0xE7, 0xDF, 0xFF, 0xDF, 0xFF, 0xDF, 0xFF, 0x14, 0x9D, 0xC4, 0x10, 0xC4, 0x10,
    0xC4, 0x10, 0xC4, 0x10, 0xC4, 0x10, 0xC4, 0x10, 0xC4, 0x10, 0xC4, 0x10, 0xC4, 0x10, 0xC4, 0x10,
    0xC4, 0x10, 0xC4, 0x10, 0xC4, 0x10, 0xC4, 0x10, 0xC4, 0x10, 0xC4, 0x10, 0xC4, 0x10, 0xC4, 0x10,
    0xC4, 0x10, 0xC4, 0x10, 0xC4, 0x10, 0xC4, 0x10, 0xC4, 0x10, 0xC4, 0x10, 0xC4, 0x10, 0xC4, 0x10,
    0xC4, 0x10, 0xC4, 0x10, 0xC4, 0x10, 0xC4, 0x10, 0xC4, 0x10, 0xC4, 0x10, 0xC4, 0x10, 0xC4, 0x10,
    0xC4, 0x10, 0xC4, 0x10, 0xC4, 0x10, 0xC4, 0x10, 0xC4, 0x10, 0xC4, 0x10, 0xC4, 0x10, 0xBF, 0xF7,
    0xDF, 0xFF, 0xDF, 0xFF, 0xDF, 0xFF, 0x4A, 0x42, 0xC4, 0x10, 0xC4, 0x10, 0xC4, 0x10, 0xC4, 0x10,
    0xC4, 0x10, 0xC4, 0x10, 0xC4, 0x10, 0xC4, 0x10, 0xC4, 0x10, 0xC4, 0x10, 0xC4, 0x10, 0xC4, 0x10,
    0xC4, 0x10, 0xC4, 0x10, 0xC4, 0x10, 0xC4, 0x10, 0xC4, 0x10, 0xC4, 0x10, 0xC4, 0x10, 0xC4, 0x10,
    0xC4, 0x10, 0xC4, 0x10, 0xC4, 0x10, 0xC4, 0x10, 0xC4, 0x10, 0xC4, 0x10, 0xC4, 0x10, 0xC4, 0x10,
    0xC4, 0x10, 0xC4, 0x10, 0xC4, 0x10, 0xC4, 0x10, 0xC4, 0x10, 0xC4, 0x10, 0xC4, 0x10, 0xC4, 0x10,
    0xC4, 0x10, 0xC4, 0x10, 0xC4, 0x10, 0xC4, 0x10, 0xC4, 0x10, 0xC4, 0x10, 0xF4, 0x9C, 0xDF, 0xFF,
    0xDF, 0xFF, 0xDF, 0xFF, 0xF4, 0x9C, 0xC4, 0x10, 0xC4, 0x10, 0xC4, 0x10, 0xC4, 0x10, 0xC4, 0x10,
    0xC4, 0x10, 0xC4, 0x10, 0xC4, 0x10, 0xC4, 0x10, 0xC4, 0x10, 0xC4, 0x10, 0xC4, 0x10, 0xC4, 0x10,
    0xC4, 0x10, 0xC4, 0x10, 0xC4, 0x10, 0xC4, 0x10, 0xC4, 0x10, 0xC4, 0x10, 0xC4, 0x10, 0xC4, 0x10,
    0xC4, 0x10, 0xC4, 0x10, 0xC4, 0x10, 0xC4, 0x10, 0xC4, 0x10, 0xC4, 0x10, 0xC4, 0x10, 0xC4, 0x10,
    0xC4, 0x10, 0xC4, 0x10, 0xC4, 0x10, 0xC4, 0x10, 0xC4, 0x10, 0xC4, 0x10, 0xC4, 0x10, 0xC4, 0x10,
    0xC4, 0x10, 0xC4, 0x10, 0xC4, 0x10, 0xC4, 0x10, 0xC4, 0x10, 0xC4, 0x10, 0xC4, 0x10, 0xC4, 0x10,
    0xC4, 0x10, 0xC4, 0x10, 0xC4, 0x10, 0xC4, 0x10, 0xC4, 0x10, 0xC4, 0x10, 0xC4, 0x10, 0xC4, 0x10,
    0xC4, 0x10, 0xC4, 0x10, 0xC4, 0x10, 0xC4, 0x10, 0xC4, 0x10, 0xC4, 0x10, 0xC4, 0x10, 0xC4, 0x10,
    0xC4, 0x10, 0xC4, 0x10, 0xC4, 0x10, 0xC4, 0x10, 0xC4, 0x10, 0xC4, 0x10, 0xC4, 0x10, 0xC4, 0x10,
    0xC4, 0x10, 0xC4, 0x10, 0xC4, 0x10, 0xC4, 0x10, 0xC4, 0x10, 0xC4, 0x10, 0xC4, 0x10, 0xC4, 0x10,
    0xC4, 0x10, 0xC4, 0x10, 0xC4, 0x10, 0x8F, 0x6B, 0xDF, 0xFF, 0xDF, 0xFF, 0xDF, 0xFF, 0x7D, 0xEF,
    0x8F, 0x6B, 0xDF, 0xFF, 0xDF, 0xFF, 0xDF, 0xFF, 0x5D, 0xEF, 0xE5, 0x10, 0xC4, 0x10, 0xC4, 0x10,
    0xC4, 0x10, 0xC4, 0x10, 0xC4, 0x10, 0x7A, 0xCE, 0xDF, 0xFF, 0xDF, 0xFF, 0xDF, 0xFF, 0xD8, 0xBD,
    0xC4, 0x10, 0xC4, 0x10, 0xC4, 0x10, 0xC4, 0x10, 0xC4, 0x10, 0xC4, 0x10, 0xC4, 0x10, 0xC4, 0x10,
    0xC4, 0x10, 0xC4, 0x10, 0xC4, 0x10, 0xC4, 0x10, 0xC4, 0x10, 0xC4, 0x10, 0x7A, 0xCE, 0xDF, 0xFF,
    0xDF, 0xFF, 0xDF, 0xFF, 0xD8, 0xBD, 0xC4, 0x10, 0xC4, 0x10, 0xC4, 0x10, 0xC4, 0x10, 0xC4, 0x10,
    0xC4, 0x10, 0xC4, 0x10, 0xC4, 0x10, 0xC4, 0x10, 0xC4, 0x10, 0x47, 0x21, 0x4E, 0x63, 0x35, 0xA5,
    0x9A, 0xCE, 0x7E, 0xEF, 0xBF, 0xF7, 0x7E, 0xEF, 0xDB, 0xD6, 0x76, 0xAD, 0xED, 0x5A, 0xC4, 0x10,
    0xC4, 0x10, 0xC4, 0x10, 0xC4, 0x10, 0xC4, 0x10, 0xC4, 0x10, 0xC4, 0x10, 0xC4, 0x10, 0xC4, 0x10,
    0x09, 0x3A, 0xD3, 0x94, 0x7A, 0xCE, 0x5D, 0xEF, 0xBF, 0xF7, 0x1C, 0xDF, 0x18, 0xBE, 0xB0, 0x73,
    0x46, 0x21, 0xC4, 0x10, 0xC4, 0x10, 0xC4, 0x10, 0xC4, 0x10, 0xC4, 0x10, 0x4A, 0x42, 0x15, 0x9D,
    0xBB, 0xD6, 0x7E, 0xEF, 0xBF, 0xF7, 0x3D, 0xE7, 0xB7, 0xB5, 0x4E, 0x63, 0xC5, 0x10, 0xC4, 0x10,
    0xC4, 0x10, 0xC4, 0x10, 0xC4, 0x10, 0xC4, 0x10, 0xC4, 0x10, 0xC4, 0x10, 0xC4, 0x10, 0xC4, 0x10,
    0xC4, 0x10, 0xC4, 0x10, 0xC4, 0x10, 0xC4, 0x10, 0x7A, 0xCE, 0xDF, 0xFF, 0xDF, 0xFF, 0xDF, 0xFF,
    0xD8, 0xBD, 0xC4, 0x10, 0xC4, 0x10, 0xC4, 0x10, 0xC4, 0x10, 0x39, 0xC6, 0xDF, 0xFF, 0xDF, 0xFF,
    0xDF, 0xFF, 0xD7, 0xB5, 0xC4, 0x10, 0xC4, 0x10, 0xC4, 0x10, 0xC4, 0x10, 0xC4, 0x10, 0xC4, 0x10,
    0xC4, 0x10, 0x4A, 0x42, 0x15, 0x9D, 0xBB, 0xD6, 0x7E, 0xEF, 0xBF, 0xF7, 0x3D, 0xE7, 0xB7, 0xB5,
    0x4E, 0x63, 0xC5, 0x10, 0xC4, 0x10, 0xC4, 0x10, 0xC4, 0x10, 0xC4, 0x10, 0xC4, 0x10, 0xC4, 0x10,
    0xC4, 0x10, 0x09, 0x3A, 0xD3, 0x94, 0x7A, 0xCE, 0x5D, 0xEF, 0xBF, 0xF7, 0x1C, 0xDF, 0x18, 0xBE,
    0xB0, 0x73, 0x46, 0x21, 0xC4, 0x10, 0xC4, 0x10, 0xC4, 0x10, 0xC4, 0x10, 0xC4, 0x10, 0x8B, 0x4A,
    0x35, 0xA5, 0xBB, 0xD6, 0x7E, 0xEF, 0xBF, 0xF7, 0x3D, 0xE7, 0x18, 0xBE, 0x11, 0x7C, 0x26, 0x21,
    0xC4, 0x10, 0xC4, 0x10, 0xC4, 0x10, 0xC4, 0x10, 0xC4, 0x10, 0xC4, 0x10, 0xC4, 0x10, 0x26, 0x19,
    0x93, 0x8C, 0xDB, 0xD6, 0xBE, 0xF7, 0x3D, 0xE7, 0x97, 0xB5, 0x6B, 0x42, 0x06, 0x19, 0xDF, 0xFF,
    0xDF, 0xFF, 0xDF, 0xFF, 0xDF, 0xFF, 0xE9, 0x39, 0xC4, 0x10, 0xC4, 0x10, 0xC4, 0x10, 0xBF, 0xF7,
    0xDF, 0xFF, 0xDF, 0xFF, 0xDF, 0xFF, 0x4A, 0x42, 0x87, 0x29, 0xF4, 0x9C, 0xFC, 0xDE, 0xBE, 0xF7,
    0x3D, 0xE7, 0x76, 0xAD, 0xE9, 0x31, 0xC4, 0x10, 0xC4, 0x10, 0xC4, 0x10, 0xC4, 0x10, 0xC4, 0x10,
    0xBF, 0xF7, 0xDF, 0xFF, 0xDF, 0xFF, 0xDF, 0xFF, 0x4A, 0x42, 0xC4, 0x10, 0xB7, 0xB5, 0xDF, 0xFF,
    0xDF, 0xFF, 0xDF, 0xFF, 0xDF, 0xFF, 0xDF, 0xFF, 0xDF, 0xFF, 0xDF, 0xFF, 0xDF, 0xFF, 0xDF, 0xFF,
    0x5D, 0xE7, 0xC4, 0x10, 0xC4, 0x10, 0xC4, 0x10, 0xBF, 0xF7, 0xDF, 0xFF, 0xDF, 0xFF, 0xDF, 0xFF,
    0x4A, 0x42, 0xC4, 0x10, 0xC4, 0x10, 0xC4, 0x10, 0xC4, 0x10, 0xC4, 0x10, 0x8B, 0x4A, 0x35, 0xA5,
    0xBB, 0xD6, 0x7E, 0xEF, 0xBF, 0xF7, 0x3D, 0xE7, 0x18, 0xBE, 0x11, 0x7C, 0x26, 0x21, 0xC4, 0x10,
    0xC4, 0x10, 0xC4, 0x10, 0xC4, 0x10, 0xC4, 0x10, 0xC4, 0x10, 0xBF, 0xF7, 0xDF, 0xFF, 0xDF, 0xFF,
    0xDF, 0xFF, 0x4A, 0x42, 0x87, 0x29, 0xF4, 0x9C, 0xFC, 0xDE, 0xBE, 0xF7, 0x3D, 0xE7, 0x76, 0xAD,
    0xE9, 0x31, 0xC4, 0x10, 0xC4, 0x10, 0xC4, 0x10, 0xC4, 0x10, 0xC4, 0x10, 0xC4, 0x10, 0xC4, 0x10,
    0xC4, 0x10, 0xC4, 0x10, 0xC4, 0x10, 0xC4, 0x10, 0xC4, 0x10, 0xC4, 0x10, 0xC4, 0x10, 0xC4, 0x10,
    0x8F, 0x6B, 0xDF, 0xFF, 0xDF, 0xFF, 0xDF, 0xFF, 0x7D, 0xEF, 0x8F, 0x6B, 0xDF, 0xFF, 0xDF, 0xFF,
    0xDF, 0xFF, 0x5D, 0xEF, 0xE5, 0x10, 0xC4, 0x10, 0xC4, 0x10, 0xC4, 0x10, 0xC4, 0x10, 0xC4, 0x10,
    0xC4, 0x10, 0xBF, 0xF7, 0xDF, 0xFF, 0xDF, 0xFF, 0xDF, 0xFF, 0x4A, 0x42, 0xC8, 0x31, 0x35, 0xA5,
    0x1C, 0xDF, 0xBE, 0xF7, 0x1C, 0xE7, 0x35, 0xA5, 0xA8, 0x31, 0xC4, 0x10, 0xC4, 0x10, 0xC4, 0x10,
    0xC4, 0x10, 0xC4, 0x10, 0xBF, 0xF7, 0xDF, 0xFF, 0xDF, 0xFF, 0xDF, 0xFF, 0x4A, 0x42, 0xC8, 0x31,
    0x35, 0xA5, 0x1C, 0xDF, 0xBE, 0xF7, 0x1C, 0xE7, 0x35, 0xA5, 0xA8, 0x31, 0xC4, 0x10, 0xC4, 0x10,
    0xC4, 0x10, 0xC4, 0x10, 0xC4, 0x10, 0xBF, 0xF7, 0xDF, 0xFF, 0xDF, 0xFF, 0xDF, 0xFF, 0x4A, 0x42,
    0xC4, 0x10, 0xC4, 0x10, 0xC4, 0x10, 0xBF, 0xF7, 0xDF, 0xFF, 0xDF, 0xFF, 0xDF, 0xFF, 0x4A, 0x42,
    0xC4, 0x10, 0xC4, 0x10, 0xC4, 0x10, 0xC4, 0x10, 0xC4, 0x10, 0x09, 0x3A, 0xD3, 0x94, 0x7A, 0xCE,
    0x5D, 0xEF, 0xBF, 0xF7, 0x1C, 0xDF, 0x18, 0xBE, 0xB0, 0x73, 0x46, 0x21, 0xC4, 0x10, 0xC4, 0x10,
    0xC4, 0x10, 0xC4, 0x10, 0x47, 0x21, 0x4E, 0x63, 0x35, 0xA5, 0x9A, 0xCE, 0x7E, 0xEF, 0xBF, 0xF7,
    0x7E, 0xEF, 0xDB, 0xD6, 0x76, 0xAD, 0xED, 0x5A, 0xC4, 0x10, 0xC4, 0x10, 0xC4, 0x10, 0xC4, 0x10,
    0xB7, 0xB5, 0xDF, 0xFF, 0xDF, 0xFF, 0xDF, 0xFF, 0xDF, 0xFF, 0xDF, 0xFF, 0xDF, 0xFF, 0xDF, 0xFF,
    0xDF, 0xFF, 0xDF, 0xFF, 0x5D, 0xE7, 0xC4, 0x10, 0xC4, 0x10, 0xBF, 0xF7, 0xDF, 0xFF, 0xDF, 0xFF,
    0xDF, 0xFF, 0x4A, 0x42, 0xC4, 0x10, 0xC4, 0x10, 0xC4, 0x10, 0xC4, 0x10, 0xC4, 0x10, 0xC4, 0x10,
    0x8B, 0x4A, 0x35, 0xA5, 0xBB, 0xD6, 0x7E, 0xEF, 0xBF, 0xF7, 0x3D, 0xE7, 0x18, 0xBE, 0x11, 0x7C,
    0x26, 0x21, 0xC4, 0x10, 0xC4, 0x10, 0xC4, 0x10, 0xC4, 0x10, 0xC4, 0x10, 0xBF, 0xF7, 0xDF, 0xFF,
    0xDF, 0xFF, 0xDF, 0xFF, 0x4A, 0x42, 0x87, 0x29, 0xF4, 0x9C, 0xFC, 0xDE, 0xBE, 0xF7, 0x3D, 0xE7,
    0x76, 0xAD, 0xE9, 0x31, 0xC4, 0x10, 0xC4, 0x10, 0xC4, 0x10, 0xC4, 0x10, 0xC4, 0x10, 0xC4, 0x10,
    0xC4, 0x10, 0xC4, 0x10, 0xC4, 0x10, 0xC4, 0x10, 0xC4, 0x10, 0xC4, 0x10, 0xC4, 0x10, 0xC4, 0x10,
    0xC4, 0x10, 0xC4, 0x10, 0xC4, 0x10, 0xC4, 0x10, 0xC4, 0x10, 0xC4, 0x10, 0xC4, 0x10, 0xC4, 0x10,
    0xC4, 0x10, 0xC4, 0x10, 0xC4, 0x10, 0xC4, 0x10, 0xC4, 0x10, 0xC4, 0x10, 0xC4, 0x10, 0xC4, 0x10,
    0xC4, 0x10, 0xC4, 0x10, 0xC4, 0x10, 0xC4, 0x10, 0xC4, 0x10, 0xC4, 0x10, 0xC4, 0x10, 0x18, 0xBE,
    0xDF, 0xFF, 0xDF, 0xFF, 0xDF, 0xFF, 0x56, 0xA5, 0x46, 0x21, 0xBF, 0xF7, 0xDF, 0xFF, 0xDF, 0xFF,
    0xDF, 0xFF, 0x0D, 0x5B, 0xC4, 0x10, 0xC4, 0x10, 0xC4, 0x10, 0xC4, 0x10, 0xC4, 0x10, 0x7A, 0xCE,
    0xDF, 0xFF, 0xDF, 0xFF, 0xDF, 0xFF, 0xD8, 0xBD, 0xC4, 0x10, 0xC4, 0x10, 0xC4, 0x10, 0xC4, 0x10,
    0xC4, 0x10, 0xC4, 0x10, 0xC4, 0x10, 0xC4, 0x10, 0xC4, 0x10, 0xC4, 0x10, 0xC4, 0x10, 0xC4, 0x10,
    0xC4, 0x10, 0xC4, 0x10, 0x7A, 0xCE, 0xDF, 0xFF, 0xDF, 0xFF, 0xDF, 0xFF, 0xD8, 0xBD, 0xC4, 0x10,
    0xC4, 0x10, 0xC4, 0x10, 0xC4, 0x10, 0xC4, 0x10, 0xC4, 0x10, 0xC4, 0x10, 0xC4, 0x10, 0xC4, 0x10,
    0xC4, 0x10, 0x9A, 0xCE, 0xDF, 0xFF, 0xDF, 0xFF, 0xDF, 0xFF, 0xDF, 0xFF, 0xDF, 0xFF, 0xDF, 0xFF,
    0xDF, 0xFF, 0xDF, 0xFF, 0xDF, 0xFF, 0xB7, 0xB5, 0xE5, 0x10, 0xC4, 0x10, 0xC4, 0x10, 0xC4, 0x10,
    0xC4, 0x10, 0xC4, 0x10, 0xE5, 0x10, 0x14, 0x9D, 0xDF, 0xFF, 0xDF, 0xFF, 0xDF, 0xFF, 0xDF, 0xFF,
    0xDF, 0xFF, 0xDF, 0xFF, 0xDF, 0xFF, 0xDF, 0xFF, 0x35, 0xA5, 0xC4, 0x10, 0xC4, 0x10, 0xC4, 0x10,
    0x05, 0x19, 0x56, 0xA5, 0xDF, 0xFF, 0xDF, 0xFF, 0xDF, 0xFF, 0xDF, 0xFF, 0xDF, 0xFF, 0xDF, 0xFF,
    0xDF, 0xFF, 0xDF, 0xFF, 0x39, 0xC6, 0x67, 0x29, 0xC4, 0x10, 0xC4, 0x10, 0xC4, 0x10, 0xC4, 0x10,
    0xC4, 0x10, 0xC4, 0x10, 0xC4, 0x10, 0xC4, 0x10, 0xC4, 0x10, 0xC4, 0x10, 0xC4, 0x10, 0xC4, 0x10,
    0x7A, 0xCE, 0xDF, 0xFF, 0xDF, 0xFF, 0xDF, 0xFF, 0xD8, 0xBD, 0xC4, 0x10, 0xC4, 0x10, 0xC4, 0x10,
    0xC5, 0x10, 0x1C, 0xE7, 0xDF, 0xFF, 0xDF, 0xFF, 0xDF, 0xFF, 0x93, 0x8C, 0xC4, 0x10, 0xC4, 0x10,
    0xC4, 0x10, 0xC4, 0x10, 0xC4, 0x10, 0x05, 0x19, 0x56, 0xA5, 0xDF, 0xFF, 0xDF, 0xFF, 0xDF, 0xFF,
    0xDF, 0xFF, 0xDF, 0xFF, 0xDF, 0xFF, 0xDF, 0xFF, 0xDF, 0xFF, 0x39, 0xC6, 0x67, 0x29, 0xC4, 0x10,
    0xC4, 0x10, 0xC4, 0x10, 0xC4, 0x10, 0xE5, 0x10, 0x14, 0x9D, 0xDF, 0xFF, 0xDF, 0xFF, 0xDF, 0xFF,
    0xDF, 0xFF, 0xDF, 0xFF, 0xDF, 0xFF, 0xDF, 0xFF, 0xDF, 0xFF, 0x35, 0xA5, 0xC4, 0x10, 0xC4, 0x10,
    0xC4, 0x10, 0x06, 0x19, 0x96, 0xAD, 0xDF, 0xFF, 0xDF, 0xFF, 0xDF, 0xFF, 0xDF, 0xFF, 0xDF, 0xFF,
    0xDF, 0xFF, 0xDF, 0xFF, 0xDF, 0xFF, 0x5D, 0xE7, 0xCC, 0x52, 0xC4, 0x10, 0xC4, 0x10, 0xC4, 0x10,
    0xC4, 0x10, 0xC4, 0x10, 0xA8, 0x31, 0xFC, 0xDE, 0xDF, 0xFF, 0xDF, 0xFF, 0xDF, 0xFF, 0xDF, 0xFF,
    0xDF, 0xFF, 0xDF, 0xF7, 0x31, 0x84, 0xDF, 0xFF, 0xDF, 0xFF, 0xDF, 0xFF, 0xDF, 0xFF, 0xE9, 0x39,
    0xC4, 0x10, 0xC4, 0x10, 0xC4, 0x10, 0xBF, 0xF7, 0xDF, 0xFF, 0xDF, 0xFF, 0xDF, 0xFF, 0x52, 0x84,
    0x7E, 0xEF, 0xDF, 0xFF, 0xDF, 0xFF, 0xDF, 0xFF, 0xDF, 0xFF, 0xDF, 0xFF, 0x7E, 0xEF, 0xE9, 0x39,
    0xC4, 0x10, 0xC4, 0x10, 0xC4, 0x10, 0xC4, 0x10, 0xBF, 0xF7, 0xDF, 0xFF, 0xDF, 0xFF, 0xDF, 0xFF,
    0x4A, 0x42, 0xC4, 0x10, 0xB7, 0xB5, 0xDF, 0xFF, 0xDF, 0xFF, 0xDF, 0xFF, 0xDF, 0xFF, 0xDF, 0xFF,
    0xDF, 0xFF, 0xDF, 0xFF, 0xDF, 0xFF, 0xDF, 0xFF, 0x5D, 0xE7, 0xC4, 0x10, 0xC4, 0x10, 0xC4, 0x10,
    0xBF, 0xF7, 0xDF, 0xFF, 0xDF, 0xFF, 0xDF, 0xFF, 0x4A, 0x42, 0xC4, 0x10, 0xC4, 0x10, 0xC4, 0x10,
    0x06, 0x19, 0x96, 0xAD, 0xDF, 0xFF, 0xDF, 0xFF, 0xDF, 0xFF, 0xDF, 0xFF, 0xDF, 0xFF, 0xDF, 0xFF,
    0xDF, 0xFF, 0xDF, 0xFF, 0x5D, 0xE7, 0xCC, 0x52, 0xC4, 0x10, 0xC4, 0x10, 0xC4, 0x10, 0xC4, 0x10,
    0xC4, 0x10, 0xBF, 0xF7, 0xDF, 0xFF, 0xDF, 0xFF, 0xDF, 0xFF, 0x52, 0x84, 0x7E, 0xEF, 0xDF, 0xFF,
    0xDF, 0xFF, 0xDF, 0xFF, 0xDF, 0xFF, 0xDF, 0xFF, 0x7E, 0xEF, 0xE9, 0x39, 0xC4, 0x10, 0xC4, 0x10,
    0xC4, 0x10, 0xC4, 0x10, 0xC4, 0x10, 0xC4, 0x10, 0xC4, 0x10, 0xC4, 0x10, 0xC4, 0x10, 0xC4, 0x10,
    0xC4, 0x10, 0xC4, 0x10, 0xC4, 0x10, 0xC4, 0x10, 0x18, 0xBE, 0xDF, 0xFF, 0xDF, 0xFF, 0xDF, 0xFF,
    0x56, 0xA5, 0x46, 0x21, 0xBF, 0xF7, 0xDF, 0xFF, 0xDF, 0xFF, 0xDF, 0xFF, 0x0D, 0x5B, 0xC4, 0x10,
    0xC4, 0x10, 0xC4, 0x10, 0xC4, 0x10, 0xC4, 0x10, 0xC4, 0x10, 0xBF, 0xF7, 0xDF, 0xFF, 0xDF, 0xFF,
    0xDF, 0xFF, 0x72, 0x8C, 0x9E, 0xF7, 0xDF, 0xFF, 0xDF, 0xFF, 0xDF, 0xFF, 0xDF, 0xFF, 0xDF, 0xFF,
    0x7E, 0xEF, 0x8B, 0x4A, 0xC4, 0x10, 0xC4, 0x10, 0xC4, 0x10, 0xC4, 0x10, 0xBF, 0xF7, 0xDF, 0xFF,
    0xDF, 0xFF, 0xDF, 0xFF, 0x72, 0x8C, 0x9E, 0xF7, 0xDF, 0xFF, 0xDF, 0xFF, 0xDF, 0xFF, 0xDF, 0xFF,
    0xDF, 0xFF, 0x7E, 0xEF, 0x8B, 0x4A, 0xC4, 0x10, 0xC4, 0x10, 0xC4, 0x10, 0xC4, 0x10, 0xBF, 0xF7,
    0xDF, 0xFF, 0xDF, 0xFF, 0xDF, 0xFF, 0x4A, 0x42, 0xC4, 0x10, 0xC4, 0x10, 0xC4, 0x10, 0xBF, 0xF7,
    0xDF, 0xFF, 0xDF, 0xFF, 0xDF, 0xFF, 0x4A, 0x42, 0xC4, 0x10, 0xC4, 0x10, 0xC4, 0x10, 0xE5, 0x10,
    0x14, 0x9D, 0xDF, 0xFF, 0xDF, 0xFF, 0xDF, 0xFF, 0xDF, 0xFF, 0xDF, 0xFF, 0xDF, 0xFF, 0xDF, 0xFF,
    0xDF, 0xFF, 0x35, 0xA5, 0xC4, 0x10, 0xC4, 0x10, 0xC4, 0x10, 0xC4, 0x10, 0x9A, 0xCE, 0xDF, 0xFF,
    0xDF, 0xFF, 0xDF, 0xFF, 0xDF, 0xFF, 0xDF, 0xFF, 0xDF, 0xFF, 0xDF, 0xFF, 0xDF, 0xFF, 0xDF, 0xFF,
    0xB7, 0xB5, 0xE5, 0x10, 0xC4, 0x10, 0xC4, 0x10, 0xB7, 0xB5, 0xDF, 0xFF, 0xDF, 0xFF, 0xDF, 0xFF,
    0xDF, 0xFF, 0xDF, 0xFF, 0xDF, 0xFF, 0xDF, 0xFF, 0xDF, 0xFF, 0xDF, 0xFF, 0x5D, 0xE7, 0xC4, 0x10,
    0xC4, 0x10, 0xBF, 0xF7, 0xDF, 0xFF, 0xDF, 0xFF, 0xDF, 0xFF, 0x4A, 0x42, 0xC4, 0x10, 0xC4, 0x10,
    0xC4, 0x10, 0xC4, 0x10, 0x06, 0x19, 0x96, 0xAD, 0xDF, 0xFF, 0xDF, 0xFF, 0xDF, 0xFF, 0xDF, 0xFF,
    0xDF, 0xFF, 0xDF, 0xFF, 0xDF, 0xFF, 0xDF, 0xFF, 0x5D, 0xE7, 0xCC, 0x52, 0xC4, 0x10, 0xC4, 0x10,
    0xC4, 0x10, 0xC4, 0x10, 0xBF, 0xF7, 0xDF, 0xFF, 0xDF, 0xFF, 0xDF, 0xFF, 0x52, 0x84, 0x7E, 0xEF,
    0xDF, 0xFF, 0xDF, 0xFF, 0xDF, 0xFF, 0xDF, 0xFF, 0xDF, 0xFF, 0x7E, 0xEF, 0xE9, 0x39, 0xC4, 0x10,
    0xC4, 0x10, 0xC4, 0x10, 0xC4, 0x10, 0xC4, 0x10, 0xC4, 0x10, 0xC4, 0x10, 0xC4, 0x10, 0xC4, 0x10,
    0xC4, 0x10, 0xC4, 0x10, 0xC4, 0x10, 0xC4, 0x10, 0xC4, 0x10, 0xC4, 0x10, 0xC4, 0x10, 0xC4, 0x10,
    0xC4, 0x10, 0xC4, 0x10, 0xC4, 0x10, 0xC4, 0x10, 0xC4, 0x10, 0xC4, 0x10, 0xC4, 0x10, 0xC4, 0x10,
    0xC4, 0x10, 0xC4, 0x10, 0xC4, 0x10, 0xC4, 0x10, 0xC4, 0x10, 0xC4, 0x10, 0xC4, 0x10, 0xC4, 0x10,
    0xC4, 0x10, 0xC4, 0x10, 0x87, 0x29, 0xDF, 0xF7, 0xDF, 0xFF, 0xDF, 0xFF, 0xDF, 0xFF, 0x0D, 0x5B,
    0xC4, 0x10, 0x18, 0xBE, 0xDF, 0xFF, 0xDF, 0xFF, 0xDF, 0xFF, 0x97, 0xAD, 0xC4, 0x10, 0xC4, 0x10,
    0xC4, 0x10, 0xC4, 0x10, 0xC4, 0x10, 0x7A, 0xCE, 0xDF, 0xFF, 0xDF, 0xFF, 0xDF, 0xFF, 0xD8, 0xBD,
    0xC4, 0x10, 0xC4, 0x10, 0xC4, 0x10, 0xC4, 0x10, 0xC4, 0x10, 0xC4, 0x10, 0xC4, 0x10, 0xC4, 0x10,
    0xC4, 0x10, 0xC4, 0x10, 0xC4, 0x10, 0xC4, 0x10, 0xC4, 0x10, 0xC4, 0x10, 0x7A, 0xCE, 0xDF, 0xFF,
    0xDF, 0xFF, 0xDF, 0xFF, 0xDF, 0xFF, 0xDF, 0xFF, 0xDF, 0xFF, 0xDF, 0xFF, 0xDF, 0xFF, 0xDF, 0xFF,
    0xDF, 0xFF, 0x5D, 0xE7, 0xC4, 0x10, 0xC4, 0x10, 0xC4, 0x10, 0x9A, 0xCE, 0xDF, 0xFF, 0xDF, 0xFF,
    0xDF, 0xFF, 0xDF, 0xFF, 0xDF, 0xFF, 0xDF, 0xFF, 0xDF, 0xFF, 0xDF, 0xFF, 0xDF, 0xFF, 0xDF, 0xFF,
    0x72, 0x8C, 0xC4, 0x10, 0xC4, 0x10, 0xC4, 0x10, 0xC4, 0x10, 0xC4, 0x10, 0x96, 0xAD, 0xDF, 0xFF,
    0xDF, 0xFF, 0xDF, 0xFF, 0xDF, 0xFF, 0xDF, 0xFF, 0xDF, 0xFF, 0xDF, 0xFF, 0xDF, 0xFF, 0xDF, 0xFF,
    0x35, 0xA5, 0xC4, 0x10, 0xC4, 0x10, 0xC4, 0x10, 0xB7, 0xB5, 0xDF, 0xFF, 0xDF, 0xFF, 0xDF, 0xFF,
    0xDF, 0xFF, 0xDF, 0xFF, 0xDF, 0xFF, 0xDF, 0xFF, 0xDF, 0xFF, 0xDF, 0xFF, 0xDF, 0xFF, 0x7A, 0xCE,
    0xE5, 0x18, 0xC4, 0x10, 0xC4, 0x10, 0xC4, 0x10, 0xC4, 0x10, 0xC4, 0x10, 0xC4, 0x10, 0xC4, 0x10,
    0xC4, 0x10, 0xC4, 0x10, 0xC4, 0x10, 0xC4, 0x10, 0x7A, 0xCE, 0xDF, 0xFF, 0xDF, 0xFF, 0xDF, 0xFF,
    0xD8, 0xBD, 0xC4, 0x10, 0xC5, 0x10, 0x87, 0x29, 0xD4, 0x94, 0xDF, 0xFF, 0xDF, 0xFF, 0xDF, 0xFF,
    0xBE, 0xF7, 0x88, 0x29, 0xC4, 0x10, 0xC4, 0x10, 0xC4, 0x10, 0xC4, 0x10, 0xC4, 0x10, 0xB7, 0xB5,
    0xDF, 0xFF, 0xDF, 0xFF, 0xDF, 0xFF, 0xDF, 0xFF, 0xDF, 0xFF, 0xDF, 0xFF, 0xDF, 0xFF, 0xDF, 0xFF,
    0xDF, 0xFF, 0xDF, 0xFF, 0x7A, 0xCE, 0xE5, 0x18, 0xC4, 0x10, 0xC4, 0x10, 0xC4, 0x10, 0x96, 0xAD,
    0xDF, 0xFF, 0xDF, 0xFF, 0xDF, 0xFF, 0xDF, 0xFF, 0xDF, 0xFF, 0xDF, 0xFF, 0xDF, 0xFF, 0xDF, 0xFF,
    0xDF, 0xFF, 0x35, 0xA5, 0xC4, 0x10, 0xC4, 0x10, 0xC5, 0x10, 0xD8, 0xB5, 0xDF, 0xFF, 0xDF, 0xFF,
    0xDF, 0xFF, 0xDF, 0xFF, 0xDF, 0xFF, 0xDF, 0xFF, 0xDF, 0xFF, 0xDF, 0xFF, 0xDF, 0xFF, 0xDF, 0xFF,
    0xBE, 0xF7, 0x4A, 0x42, 0xC4, 0x10, 0xC4, 0x10, 0xC4, 0x10, 0xE5, 0x10, 0x7A, 0xCE, 0xDF, 0xFF,
    0xDF, 0xFF, 0xDF, 0xFF, 0xDF, 0xFF, 0xDF, 0xFF, 0xDF, 0xFF, 0xDF, 0xFF, 0xDF, 0xFF, 0xDF, 0xFF,
    0xDF, 0xFF, 0xDF, 0xFF, 0xDF, 0xFF, 0xE9, 0x39, 0xC4, 0x10, 0xC4, 0x10, 0xC4, 0x10, 0xBF, 0xF7,
    0xDF, 0xFF, 0xDF, 0xFF, 0xDF, 0xFF, 0xDF, 0xFF, 0xDF, 0xFF, 0xDF, 0xFF, 0xDF, 0xFF, 0xDF, 0xFF,
    0xDF, 0xFF, 0xDF, 0xFF, 0xDF, 0xFF, 0xD8, 0xBD, 0xC4, 0x10, 0xC4, 0x10, 0xC4, 0x10, 0xC4, 0x10,
    0xBF, 0xF7, 0xDF, 0xFF, 0xDF, 0xFF, 0xDF, 0xFF, 0x4A, 0x42, 0xC4, 0x10, 0xB7, 0xB5, 0xDF, 0xFF,
    0xDF, 0xFF, 0xDF, 0xFF, 0xDF, 0xFF, 0xDF, 0xFF, 0xDF, 0xFF, 0xDF, 0xFF, 0xDF, 0xFF, 0xDF, 0xFF,
    0x5D, 0xE7, 0xC4, 0x10, 0xC4, 0x10, 0xC4, 0x10, 0xBF, 0xF7, 0xDF, 0xFF, 0xDF, 0xFF, 0xDF, 0xFF,
    0x4A, 0x42, 0xC4, 0x10, 0xC4, 0x10, 0xC5, 0x10, 0xD8, 0xB5, 0xDF, 0xFF, 0xDF, 0xFF, 0xDF, 0xFF,
    0xDF, 0xFF, 0xDF, 0xFF, 0xDF, 0xFF, 0xDF, 0xFF, 0xDF, 0xFF, 0xDF, 0xFF, 0xDF, 0xFF, 0xBE, 0xF7,
    0x4A, 0x42, 0xC4, 0x10, 0xC4, 0x10, 0xC4, 0x10, 0xC4, 0x10, 0xBF, 0xF7, 0xDF, 0xFF, 0xDF, 0xFF,
    0xDF, 0xFF, 0xDF, 0xFF, 0xDF, 0xFF, 0xDF, 0xFF, 0xDF, 0xFF, 0xDF, 0xFF, 0xDF, 0xFF, 0xDF, 0xFF,
    0xDF, 0xFF, 0xD8, 0xBD, 0xC4, 0x10, 0xC4, 0x10, 0xC4, 0x10, 0xC4, 0x10, 0xC4, 0x10, 0xC4, 0x10,
    0xC4, 0x10, 0xC4, 0x10, 0xC4, 0x10, 0xC4, 0x10, 0xC4, 0x10, 0xC4, 0x10, 0xC4, 0x10, 0x87, 0x29,
    0xDF, 0xF7, 0xDF, 0xFF, 0xDF, 0xFF, 0xDF, 0xFF, 0x0D, 0x5B, 0xC4, 0x10, 0x18, 0xBE, 0xDF, 0xFF,
    0xDF, 0xFF, 0xDF, 0xFF, 0x97, 0xAD, 0xC4, 0x10, 0xC4, 0x10, 0xC4, 0x10, 0xC4, 0x10, 0xC4, 0x10,
    0xC4, 0x10, 0xBF, 0xF7, 0xDF, 0xFF, 0xDF, 0xFF, 0xDF, 0xFF, 0xDF, 0xFF, 0xDF, 0xFF, 0xDF, 0xFF,
    0xDF, 0xFF, 0xDF, 0xFF, 0xDF, 0xFF, 0xDF, 0xFF, 0xDF, 0xFF, 0x5D, 0xE7, 0x67, 0x21, 0xC4, 0x10,
    0xC4, 0x10, 0xC4, 0x10, 0xBF, 0xF7, 0xDF, 0xFF, 0xDF, 0xFF, 0xDF, 0xFF, 0xDF, 0xFF, 0xDF, 0xFF,
    0xDF, 0xFF, 0xDF, 0xFF, 0xDF, 0xFF, 0xDF, 0xFF, 0xDF, 0xFF, 0xDF, 0xFF, 0x5D, 0xE7, 0x67, 0x21,
    0xC4, 0x10, 0xC4, 0x10, 0xC4, 0x10, 0xBF, 0xF7, 0xDF, 0xFF, 0xDF, 0xFF, 0xDF, 0xFF, 0x4A, 0x42,
    0xC4, 0x10, 0xC4, 0x10, 0xC4, 0x10, 0xBF, 0xF7, 0xDF, 0xFF, 0xDF, 0xFF, 0xDF, 0xFF, 0x4A, 0x42,
    0xC4, 0x10, 0xC4, 0x10, 0xC4, 0x10, 0x96, 0xAD, 0xDF, 0xFF, 0xDF, 0xFF, 0xDF, 0xFF, 0xDF, 0xFF,
    0xDF, 0xFF, 0xDF, 0xFF, 0xDF, 0xFF, 0xDF, 0xFF, 0xDF, 0xFF, 0x35, 0xA5, 0xC4, 0x10, 0xC4, 0x10,
    0xC4, 0x10, 0xC4, 0x10, 0x9A, 0xCE, 0xDF, 0xFF, 0xDF, 0xFF, 0xDF, 0xFF, 0xDF, 0xFF, 0xDF, 0xFF,
    0xDF, 0xFF, 0xDF, 0xFF, 0xDF, 0xFF, 0xDF, 0xFF, 0xDF, 0xFF, 0x72, 0x8C, 0xC4, 0x10, 0xC4, 0x10,
    0xB7, 0xB5, 0xDF, 0xFF, 0xDF, 0xFF, 0xDF, 0xFF, 0xDF, 0xFF, 0xDF, 0xFF, 0xDF, 0xFF, 0xDF, 0xFF,
    0xDF, 0xFF, 0xDF, 0xFF, 0x5D, 0xE7, 0xC4, 0x10, 0xC4, 0x10, 0xBF, 0xF7, 0xDF, 0xFF, 0xDF, 0xFF,
    0xDF, 0xFF, 0x4A, 0x42, 0xC4, 0x10, 0xC4, 0x10, 0xC4, 0x10, 0xC5, 0x10, 0xD8, 0xB5, 0xDF, 0xFF,
    0xDF, 0xFF, 0xDF, 0xFF, 0xDF, 0xFF, 0xDF, 0xFF, 0xDF, 0xFF, 0xDF, 0xFF, 0xDF, 0xFF, 0xDF, 0xFF,
    0xDF, 0xFF, 0xBE, 0xF7, 0x4A, 0x42, 0xC4, 0x10, 0xC4, 0x10, 0xC4, 0x10, 0xBF, 0xF7, 0xDF, 0xFF,
    0xDF, 0xFF, 0xDF, 0xFF, 0xDF, 0xFF, 0xDF, 0xFF, 0xDF, 0xFF, 0xDF, 0xFF, 0xDF, 0xFF, 0xDF, 0xFF,
    0xDF, 0xFF, 0xDF, 0xFF, 0xD8, 0xBD, 0xC4, 0x10, 0xC4, 0x10, 0xC4, 0x10, 0xC4, 0x10, 0xC4, 0x10,
    0xC4, 0x10, 0xC4, 0x10, 0xC4, 0x10, 0xC4, 0x10, 0xC4, 0x10, 0xC4, 0x10, 0xC4, 0x10, 0xC4, 0x10,
    0xC4, 0x10, 0xC4, 0x10, 0xC4, 0x10, 0xC4, 0x10, 0xC4, 0x10, 0xC4, 0x10, 0xC4, 0x10, 0xC4, 0x10,
    0xC4, 0x10, 0xC4, 0x10, 0xC4, 0x10, 0xC4, 0x10, 0xC4, 0x10, 0xC4, 0x10, 0xC4, 0x10, 0xC4, 0x10,
    0xC4, 0x10, 0xC4, 0x10, 0xC4, 0x10, 0xC4, 0x10, 0xC4, 0x10, 0xC4, 0x10, 0x11, 0x7C, 0xDF, 0xFF,
    0xDF, 0xFF, 0xDF, 0xFF, 0x9E, 0xF7, 0x05, 0x19, 0xC4, 0x10, 0xD0, 0x73, 0xDF, 0xFF, 0xDF, 0xFF,
    0xDF, 0xFF, 0xBE, 0xF7, 0x26, 0x19, 0xC4, 0x10, 0xC4, 0x10, 0xC4, 0x10, 0xC4, 0x10, 0x7A, 0xCE,
    0xDF, 0xFF, 0xDF, 0xFF, 0xDF, 0xFF, 0xD8, 0xBD, 0xC4, 0x10, 0xC4, 0x10, 0xC4, 0x10, 0xC4, 0x10,
    0xC4, 0x10, 0xC4, 0x10, 0xC4, 0x10, 0xC4, 0x10, 0xC4, 0x10, 0xC4, 0x10, 0xC4, 0x10, 0xC4, 0x10,
    0xC4, 0x10, 0xC4, 0x10, 0x7A, 0xCE, 0xDF, 0xFF, 0xDF, 0xFF, 0xDF, 0xFF, 0xDF, 0xFF, 0xDF, 0xFF,
    0xDF, 0xFF, 0xDF, 0xFF, 0xDF, 0xFF, 0xDF, 0xFF, 0xDF, 0xFF, 0x5D, 0xE7, 0xC4, 0x10, 0xC4, 0x10,
    0xC4, 0x10, 0xB7, 0xB5, 0x93, 0x8C, 0x8B, 0x4A, 0xA8, 0x31, 0x05, 0x19, 0x06, 0x19, 0x09, 0x3A,
    0x35, 0xA5, 0xDF, 0xFF, 0xDF, 0xFF, 0xDF, 0xFF, 0x7D, 0xEF, 0xC5, 0x10, 0xC4, 0x10, 0xC4, 0x10,
    0xC4, 0x10, 0xED, 0x5A, 0xDF, 0xFF, 0xDF, 0xFF, 0xDF, 0xFF, 0xDF, 0xFF, 0xBB, 0xD6, 0xED, 0x5A,
    0x67, 0x21, 0x26, 0x19, 0x0A, 0x3A, 0x11, 0x7C, 0x72, 0x8C, 0xC4, 0x10, 0xC4, 0x10, 0x0D, 0x5B,
    0xDF, 0xFF, 0xDF, 0xFF, 0xDF, 0xFF, 0xBF, 0xF7, 0x11, 0x7C, 0x67, 0x29, 0x05, 0x19, 0x8B, 0x4A,
    0xDB, 0xDE, 0xDF, 0xFF, 0xDF, 0xFF, 0xDF, 0xFF, 0xF0, 0x7B, 0xC4, 0x10, 0xC4, 0x10, 0xC4, 0x10,
    0xC4, 0x10, 0xC4, 0x10, 0xC4, 0x10, 0xC4, 0x10, 0xC4, 0x10, 0xC4, 0x10, 0xC4, 0x10, 0xC4, 0x10,
    0x7A, 0xCE, 0xDF, 0xFF, 0xDF, 0xFF, 0xDF, 0xFF, 0xDF, 0xFF, 0xDF, 0xFF, 0xDF, 0xFF, 0xDF, 0xFF,
    0xDF, 0xFF, 0xDF, 0xFF, 0xDF, 0xFF, 0x7D, 0xEF, 0xAC, 0x4A, 0xC4, 0x10, 0xC4, 0x10, 0xC4, 0x10,
    0xC4, 0x10, 0xC4, 0x10, 0x0D, 0x5B, 0xDF, 0xFF, 0xDF, 0xFF, 0xDF, 0xFF, 0xBF, 0xF7, 0x11, 0x7C,
    0x67, 0x29, 0x05, 0x19, 0x8B, 0x4A, 0xDB, 0xDE, 0xDF, 0xFF, 0xDF, 0xFF, 0xDF, 0xFF, 0xF0, 0x7B,
    0xC4, 0x10, 0xC4, 0x10, 0xED, 0x5A, 0xDF, 0xFF, 0xDF, 0xFF, 0xDF, 0xFF, 0xDF, 0xFF, 0xBB, 0xD6,
    0xED, 0x5A, 0x67, 0x21, 0x26, 0x19, 0x0A, 0x3A, 0x11, 0x7C, 0x72, 0x8C, 0xC4, 0x10, 0xC4, 0x10,
    0x0D, 0x5B, 0xDF, 0xFF, 0xDF, 0xFF, 0xDF, 0xFF, 0xDF, 0xFF, 0x55, 0xA5, 0xC8, 0x31, 0x26, 0x19,
    0xED, 0x5A, 0x3D, 0xE7, 0xDF, 0xFF, 0xDF, 0xFF, 0xDF, 0xFF, 0x9A, 0xCE, 0xC4, 0x10, 0xC4, 0x10,
    0xC4, 0x10, 0x4E, 0x63, 0xDF, 0xFF, 0xDF, 0xFF, 0xDF, 0xFF, 0xDF, 0xFF, 0x56, 0xA5, 0xA8, 0x31,
    0x46, 0x21, 0x8F, 0x6B, 0x9E, 0xF7, 0xDF, 0xFF, 0xDF, 0xFF, 0xDF, 0xFF, 0xDF, 0xFF, 0xE9, 0x39,
    0xC4, 0x10, 0xC4, 0x10, 0xC4, 0x10, 0xBF, 0xF7, 0xDF, 0xFF, 0xDF, 0xFF, 0xDF, 0xFF, 0xDF, 0xFF,
    0xB3, 0x94, 0x87, 0x29, 0x87, 0x29, 0xB7, 0xB5, 0xDF, 0xFF, 0xDF, 0xFF, 0xDF, 0xFF, 0xBF, 0xF7,
    0x06, 0x19, 0xC4, 0x10, 0xC4, 0x10, 0xC4, 0x10, 0xBF, 0xF7, 0xDF, 0xFF, 0xDF, 0xFF, 0xDF, 0xFF,
    0x4A, 0x42, 0xC4, 0x10, 0xC4, 0x10, 0xC4, 0x10, 0xF4, 0x9C, 0xDF, 0xFF, 0xDF, 0xFF, 0xDF, 0xFF,
    0xF4, 0x9C, 0xC4, 0x10, 0xC4, 0x10, 0xC4, 0x10, 0xC4, 0x10, 0xC4, 0x10, 0xC4, 0x10, 0xC4, 0x10,
    0xBF, 0xF7, 0xDF, 0xFF, 0xDF, 0xFF, 0xDF, 0xFF, 0x4A, 0x42, 0xC4, 0x10, 0xC4, 0x10, 0x0D, 0x5B,
    0xDF, 0xFF, 0xDF, 0xFF, 0xDF, 0xFF, 0xDF, 0xFF, 0x55, 0xA5, 0xC8, 0x31, 0x26, 0x19, 0xED, 0x5A,
    0x3D, 0xE7, 0xDF, 0xFF, 0xDF, 0xFF, 0xDF, 0xFF, 0x9A, 0xCE, 0xC4, 0x10, 0xC4, 0x10, 0xC4, 0x10,
    0xC4, 0x10, 0xBF, 0xF7, 0xDF, 0xFF, 0xDF, 0xFF, 0xDF, 0xFF, 0xDF, 0xFF, 0xB3, 0x94, 0x87, 0x29,
    0x87, 0x29, 0xB7, 0xB5, 0xDF, 0xFF, 0xDF, 0xFF, 0xDF, 0xFF, 0xBF, 0xF7, 0x06, 0x19, 0xC4, 0x10,
    0xC4, 0x10, 0xC4, 0x10, 0xC4, 0x10, 0xC4, 0x10, 0xC4, 0x10, 0xC4, 0x10, 0xC4, 0x10, 0xC4, 0x10,
    0xC4, 0x10, 0xC4, 0x10, 0xC4, 0x10, 0x11, 0x7C, 0xDF, 0xFF, 0xDF, 0xFF, 0xDF, 0xFF, 0x9E, 0xF7,
    0x05, 0x19, 0xC4, 0x10, 0xD0, 0x73, 0xDF, 0xFF, 0xDF, 0xFF, 0xDF, 0xFF, 0xBE, 0xF7, 0x26, 0x19,
    0xC4, 0x10, 0xC4, 0x10, 0xC4, 0x10, 0xC4, 0x10, 0xC4, 0x10, 0xBF, 0xF7, 0xDF, 0xFF, 0xDF, 0xFF,
    0xDF, 0xFF, 0xDF, 0xF7, 0x31, 0x84, 0x67, 0x21, 0x67, 0x29, 0x31, 0x84, 0xDF, 0xF7, 0xDF, 0xFF,
    0xDF, 0xFF, 0xDF, 0xFF, 0x93, 0x8C, 0xC4, 0x10, 0xC4, 0x10, 0xC4, 0x10, 0xBF, 0xF7, 0xDF, 0xFF,
    0xDF, 0xFF, 0xDF, 0xFF, 0xDF, 0xF7, 0x31, 0x84, 0x67, 0x21, 0x67, 0x29, 0x31, 0x84, 0xDF, 0xF7,
    0xDF, 0xFF, 0xDF, 0xFF, 0xDF, 0xFF, 0x93, 0x8C, 0xC4, 0x10, 0xC4, 0x10, 0xC4, 0x10, 0xBF, 0xF7,
    0xDF, 0xFF, 0xDF, 0xFF, 0xDF, 0xFF, 0x4A, 0x42, 0xC4, 0x10, 0xC4, 0x10, 0xC4, 0x10, 0xBF, 0xF7,
    0xDF, 0xFF, 0xDF, 0xFF, 0xDF, 0xFF, 0x4A, 0x42, 0xC4, 0x10, 0xC4, 0x10, 0xED, 0x5A, 0xDF, 0xFF,
    0xDF, 0xFF, 0xDF, 0xFF, 0xDF, 0xFF, 0xBB, 0xD6, 0xED, 0x5A, 0x67, 0x21, 0x26, 0x19, 0x0A, 0x3A,
    0x11, 0x7C, 0x72, 0x8C, 0xC4, 0x10, 0xC4, 0x10, 0xC4, 0x10, 0xC4, 0x10, 0xB7, 0xB5, 0x93, 0x8C,
    0x8B, 0x4A, 0xA8, 0x31, 0x05, 0x19, 0x06, 0x19, 0x09, 0x3A, 0x35, 0xA5, 0xDF, 0xFF, 0xDF, 0xFF,
    0xDF, 0xFF, 0x7D, 0xEF, 0xC5, 0x10, 0xC4, 0x10, 0xC4, 0x10, 0xC4, 0x10, 0xF4, 0x9C, 0xDF, 0xFF,
    0xDF, 0xFF, 0xDF, 0xFF, 0xF4, 0x9C, 0xC4, 0x10, 0xC4, 0x10, 0xC4, 0x10, 0xC4, 0x10, 0xC4, 0x10,
    0xC4, 0x10, 0xBF, 0xF7, 0xDF, 0xFF, 0xDF, 0xFF, 0xDF, 0xFF, 0x4A, 0x42, 0xC4, 0x10, 0xC4, 0x10,
    0xC4, 0x10, 0x0D, 0x5B, 0xDF, 0xFF, 0xDF, 0xFF, 0xDF, 0xFF, 0xDF, 0xFF, 0x55, 0xA5, 0xC8, 0x31,
    0x26, 0x19, 0xED, 0x5A, 0x3D, 0xE7, 0xDF, 0xFF, 0xDF, 0xFF, 0xDF, 0xFF, 0x9A, 0xCE, 0xC4, 0x10,
    0xC4, 0x10, 0xC4, 0x10, 0xBF, 0xF7, 0xDF, 0xFF, 0xDF, 0xFF, 0xDF, 0xFF, 0xDF, 0xFF, 0xB3, 0x94,
    0x87, 0x29, 0x87, 0x29, 0xB7, 0xB5, 0xDF, 0xFF, 0xDF, 0xFF, 0xDF, 0xFF, 0xBF, 0xF7, 0x06, 0x19,
    0xC4, 0x10, 0xC4, 0x10, 0xC4, 0x10, 0xC4, 0x10, 0xC4, 0x10, 0xC4, 0x10, 0xC4, 0x10, 0xC4, 0x10,
    0xC4, 0x10, 0xC4, 0x10, 0xC4, 0x10, 0xC4, 0x10, 0xC4, 0x10, 0xC4, 0x10, 0xC4, 0x10, 0xC4, 0x10,
    0xC4, 0x10, 0xC4, 0x10, 0xC4, 0x10, 0xC4, 0x10, 0xC4, 0x10, 0xC4, 0x10, 0xC4, 0x10, 0xC4, 0x10,
    0xC4, 0x10, 0xC4, 0x10, 0xC4, 0x10, 0xC4, 0x10, 0xC4, 0x10, 0xC4, 0x10, 0xC4, 0x10, 0xC4, 0x10,
    0xC4, 0x10, 0xC4, 0x10, 0x9A, 0xCE, 0xDF, 0xFF, 0xDF, 0xFF, 0xDF, 0xFF, 0x97, 0xB5, 0xC4, 0x10,
    0xC4, 0x10, 0x87, 0x29, 0xDF, 0xF7, 0xDF, 0xFF, 0xDF, 0xFF, 0xDF, 0xFF, 0x8F, 0x6B, 0xC4, 0x10,
    0xC4, 0x10, 0xC4, 0x10, 0xC4, 0x10, 0x7A, 0xCE, 0xDF, 0xFF, 0xDF, 0xFF, 0xDF, 0xFF, 0xD8, 0xBD,
    0xC4, 0x10, 0xC4, 0x10, 0xC4, 0x10, 0xD7, 0xB5, 0xDF, 0xFF, 0xDF, 0xFF, 0xDF, 0xFF, 0xDF, 0xFF,
    0xDF, 0xFF, 0xDF, 0xFF, 0x76, 0xAD, 0xC4, 0x10, 0xC4, 0x10, 0xC4, 0x10, 0x7A, 0xCE, 0xDF, 0xFF,
    0xDF, 0xFF, 0xDF, 0xFF, 0xDF, 0xFF, 0xDF, 0xFF, 0xDF, 0xFF, 0xDF, 0xFF, 0xDF, 0xFF, 0xDF, 0xFF,
    0xDF, 0xFF, 0x5D, 0xE7, 0xC4, 0x10, 0xC4, 0x10, 0xC4, 0x10, 0xC4, 0x10, 0xC4, 0x10, 0xC4, 0x10,
    0xC4, 0x10, 0xC4, 0x10, 0xC4, 0x10, 0xC4, 0x10, 0xE5, 0x10, 0x9E, 0xF7, 0xDF, 0xFF, 0xDF, 0xFF,
    0xDF, 0xFF, 0x09, 0x3A, 0xC4, 0x10, 0xC4, 0x10, 0xC4, 0x10, 0x97, 0xAD, 0xDF, 0xFF, 0xDF, 0xFF,
    0xDF, 0xFF, 0x3D, 0xE7, 0x47, 0x21, 0xC4, 0x10, 0xC4, 0x10, 0xC4, 0x10, 0xC4, 0x10, 0xC4, 0x10,
    0xC4, 0x10, 0xC4, 0x10, 0xC4, 0x10, 0xB7, 0xB5, 0xDF, 0xFF, 0xDF, 0xFF, 0xDF, 0xFF, 0xB3, 0x94,
    0xC4, 0x10, 0xC4, 0x10, 0xC4, 0x10, 0xC4, 0x10, 0xED, 0x5A, 0xDF, 0xFF, 0xDF, 0xFF, 0xDF, 0xFF,
    0x9A, 0xCE, 0xC4, 0x10, 0xC4, 0x10, 0xC4, 0x10, 0xC4, 0x10, 0xC4, 0x10, 0xC4, 0x10, 0xC4, 0x10,
    0xC4, 0x10, 0xC4, 0x10, 0xC4, 0x10, 0xC4, 0x10, 0x7A, 0xCE, 0xDF, 0xFF, 0xDF, 0xFF, 0xDF, 0xFF,
    0xDF, 0xFF, 0xDF, 0xFF, 0xDF, 0xFF, 0xDF, 0xFF, 0xDF, 0xFF, 0xDF, 0xFF, 0xBB, 0xD6, 0xA8, 0x29,
    0xC4, 0x10, 0xC4, 0x10, 0xC4, 0x10, 0xC4, 0x10, 0xC4, 0x10, 0xC4, 0x10, 0xB7, 0xB5, 0xDF, 0xFF,
    0xDF, 0xFF, 0xDF, 0xFF, 0xB3, 0x94, 0xC4, 0x10, 0xC4, 0x10, 0xC4, 0x10, 0xC4, 0x10, 0xED, 0x5A,
    0xDF, 0xFF, 0xDF, 0xFF, 0xDF, 0xFF, 0x9A, 0xCE, 0xC4, 0x10, 0xC4, 0x10, 0x97, 0xAD, 0xDF, 0xFF,
    0xDF, 0xFF, 0xDF, 0xFF, 0x3D, 0xE7, 0x47, 0x21, 0xC4, 0x10, 0xC4, 0x10, 0xC4, 0x10, 0xC4, 0x10,
    0xC4, 0x10, 0xC4, 0x10, 0xC4, 0x10, 0xC4, 0x10, 0xB7, 0xB5, 0xDF, 0xFF, 0xDF, 0xFF, 0xDF, 0xFF,
    0xBB, 0xD6, 0xC5, 0x10, 0xC4, 0x10, 0xC4, 0x10, 0xC4, 0x10, 0x2E, 0x63, 0xDF, 0xFF, 0xDF, 0xFF,
    0xDF, 0xFF, 0xDF, 0xFF, 0xE9, 0x39, 0xC4, 0x10, 0xC4, 0x10, 0x96, 0xAD, 0xDF, 0xFF, 0xDF, 0xFF,
    0xDF, 0xFF, 0xBB, 0xD6, 0xC5, 0x10, 0xC4, 0x10, 0xC4, 0x10, 0xC4, 0x10, 0x52, 0x84, 0xDF, 0xFF,
    0xDF, 0xFF, 0xDF, 0xFF, 0xDF, 0xFF, 0xE9, 0x39, 0xC4, 0x10, 0xC4, 0x10, 0xC4, 0x10, 0xBF, 0xF7,
    0xDF, 0xFF, 0xDF, 0xFF, 0xDF, 0xFF, 0xD8, 0xBD, 0xC4, 0x10, 0xC4, 0x10, 0xC4, 0x10, 0xA8, 0x31,
    0xDF, 0xFF, 0xDF, 0xFF, 0xDF, 0xFF, 0xDF, 0xFF, 0xE9, 0x39, 0xC4, 0x10, 0xC4, 0x10, 0xC4, 0x10,
    0xBF, 0xF7, 0xDF, 0xFF, 0xDF, 0xFF, 0xDF, 0xFF, 0x4A, 0x42, 0xC4, 0x10, 0xC4, 0x10, 0xC4, 0x10,
    0xF4, 0x9C, 0xDF, 0xFF, 0xDF, 0xFF, 0xDF, 0xFF, 0xF4, 0x9C, 0xC4, 0x10, 0xC4, 0x10, 0xC4, 0x10,
    0xC4, 0x10, 0xC4, 0x10, 0xC4, 0x10, 0xC4, 0x10, 0xBF, 0xF7, 0xDF, 0xFF, 0xDF, 0xFF, 0xDF, 0xFF,
    0x4A, 0x42, 0xC4, 0x10, 0xC4, 0x10, 0xB7, 0xB5, 0xDF, 0xFF, 0xDF, 0xFF, 0xDF, 0xFF, 0xBB, 0xD6,
    0xC5, 0x10, 0xC4, 0x10, 0xC4, 0x10, 0xC4, 0x10, 0x2E, 0x63, 0xDF, 0xFF, 0xDF, 0xFF, 0xDF, 0xFF,
    0xDF, 0xFF, 0xE9, 0x39, 0xC4, 0x10, 0xC4, 0x10, 0xC4, 0x10, 0xBF, 0xF7, 0xDF, 0xFF, 0xDF, 0xFF,
    0xDF, 0xFF, 0xD8, 0xBD, 0xC4, 0x10, 0xC4, 0x10, 0xC4, 0x10, 0xA8, 0x31, 0xDF, 0xFF, 0xDF, 0xFF,
    0xDF, 0xFF, 0xDF, 0xFF, 0xE9, 0x39, 0xC4, 0x10, 0xC4, 0x10, 0xC4, 0x10, 0xC4, 0x10, 0xC4, 0x10,
    0xC4, 0x10, 0xC4, 0x10, 0xC4, 0x10, 0xC4, 0x10, 0xC4, 0x10, 0xC4, 0x10, 0xC4, 0x10, 0x9A, 0xCE,
    0xDF, 0xFF, 0xDF, 0xFF, 0xDF, 0xFF, 0x97, 0xB5, 0xC4, 0x10, 0xC4, 0x10, 0x87, 0x29, 0xDF, 0xF7,
    0xDF, 0xFF, 0xDF, 0xFF, 0xDF, 0xFF, 0x8F, 0x6B, 0xC4, 0x10, 0xC4, 0x10, 0xC4, 0x10, 0xC4, 0x10,
    0xC4, 0x10, 0xBF, 0xF7, 0xDF, 0xFF, 0xDF, 0xFF, 0xDF, 0xFF, 0x56, 0xA5, 0xC4, 0x10, 0xC4, 0x10,
    0xC4, 0x10, 0xC4, 0x10, 0x76, 0xAD, 0xDF, 0xFF, 0xDF, 0xFF, 0xDF, 0xFF, 0xDB, 0xD6, 0xC4, 0x10,
    0xC4, 0x10, 0xC4, 0x10, 0xBF, 0xF7, 0xDF, 0xFF, 0xDF, 0xFF, 0xDF, 0xFF, 0x56, 0xA5, 0xC4, 0x10,
    0xC4, 0x10, 0xC4, 0x10, 0xC4, 0x10, 0x76, 0xAD, 0xDF, 0xFF, 0xDF, 0xFF, 0xDF, 0xFF, 0xDB, 0xD6,
    0xC4, 0x10, 0xC4, 0x10, 0xC4, 0x10, 0xBF, 0xF7, 0xDF, 0xFF, 0xDF, 0xFF, 0xDF, 0xFF, 0x4A, 0x42,
    0xC4, 0x10, 0xC4, 0x10, 0xC4, 0x10, 0xBF, 0xF7, 0xDF, 0xFF, 0xDF, 0xFF, 0xDF, 0xFF, 0x4A, 0x42,
    0xC4, 0x10, 0xC4, 0x10, 0x97, 0xAD, 0xDF, 0xFF, 0xDF, 0xFF, 0xDF, 0xFF, 0x3D, 0xE7, 0x47, 0x21,
    0xC4, 0x10, 0xC4, 0x10, 0xC4, 0x10, 0xC4, 0x10, 0xC4, 0x10, 0xC4, 0x10, 0xC4, 0x10, 0xC4, 0x10,
    0xC4, 0x10, 0xC4, 0x10, 0xC4, 0x10, 0xC4, 0x10, 0xC4, 0x10, 0xC4, 0x10, 0xC4, 0x10, 0xC4, 0x10,
    0xC4, 0x10, 0xE5, 0x10, 0x9E, 0xF7, 0xDF, 0xFF, 0xDF, 0xFF, 0xDF, 0xFF, 0x09, 0x3A, 0xC4, 0x10,
    0xC4, 0x10, 0xC4, 0x10, 0xF4, 0x9C, 0xDF, 0xFF, 0xDF, 0xFF, 0xDF, 0xFF, 0xF4, 0x9C, 0xC4, 0x10,
    0xC4, 0x10, 0xC4, 0x10, 0xC4, 0x10, 0xC4, 0x10, 0xC4, 0x10, 0xBF, 0xF7, 0xDF, 0xFF, 0xDF, 0xFF,
    0xDF, 0xFF, 0x4A, 0x42, 0xC4, 0x10, 0xC4, 0x10, 0xC4, 0x10, 0xB7, 0xB5, 0xDF, 0xFF, 0xDF, 0xFF,
    0xDF, 0xFF, 0xBB, 0xD6, 0xC5, 0x10, 0xC4, 0x10, 0xC4, 0x10, 0xC4, 0x10, 0x2E, 0x63, 0xDF, 0xFF,
    0xDF, 0xFF, 0xDF, 0xFF, 0xDF, 0xFF, 0xE9, 0x39, 0xC4, 0x10, 0xC4, 0x10, 0xBF, 0xF7, 0xDF, 0xFF,
    0xDF, 0xFF, 0xDF, 0xFF, 0xD8, 0xBD, 0xC4, 0x10, 0xC4, 0x10, 0xC4, 0x10, 0xA8, 0x31, 0xDF, 0xFF,
    0xDF, 0xFF, 0xDF, 0xFF, 0xDF, 0xFF, 0xE9, 0x39, 0xC4, 0x10, 0xC4, 0x10, 0xC4, 0x10, 0xC4, 0x10,
    0xC4, 0x10, 0xC4, 0x10, 0xC4, 0x10, 0xC4, 0x10, 0xC4, 0x10, 0xC4, 0x10, 0xC4, 0x10, 0xC4, 0x10,
    0xC4, 0x10, 0xC4, 0x10, 0xC4, 0x10, 0xC4, 0x10, 0xC4, 0x10, 0xC4, 0x10, 0xC4, 0x10, 0xC4, 0x10,
    0xC4, 0x10, 0xC4, 0x10, 0xC4, 0x10, 0xC4, 0x10, 0xC4, 0x10, 0xC4, 0x10, 0xC4, 0x10, 0xC4, 0x10,
    0xC4, 0x10, 0xC4, 0x10, 0xC4, 0x10, 0xC4, 0x10, 0xC4, 0x10, 0x09, 0x3A, 0xDF, 0xFF, 0xDF, 0xFF,
    0xDF, 0xFF, 0xDF, 0xFF, 0x4E, 0x63, 0xC4, 0x10, 0xC4, 0x10, 0xC4, 0x10, 0x5A, 0xCE, 0xDF, 0xFF,
    0xDF, 0xFF, 0xDF, 0xFF, 0x19, 0xC6, 0xC4, 0x10, 0xC4, 0x10, 0xC4, 0x10, 0xC4, 0x10, 0x7A, 0xCE,
    0xDF, 0xFF, 0xDF, 0xFF, 0xDF, 0xFF, 0xD8, 0xBD, 0xC4, 0x10, 0xC4, 0x10, 0xC4, 0x10, 0xD7, 0xB5,
    0xDF, 0xFF, 0xDF, 0xFF, 0xDF, 0xFF, 0xDF, 0xFF, 0xDF, 0xFF, 0xDF, 0xFF, 0x76, 0xAD, 0xC4, 0x10,
    0xC4, 0x10, 0xC4, 0x10, 0x7A, 0xCE, 0xDF, 0xFF, 0xDF, 0xFF, 0xDF, 0xFF, 0xD8, 0xBD, 0xC4, 0x10,
    0xC4, 0x10, 0xC4, 0x10, 0xC4, 0x10, 0xC4, 0x10, 0xC4, 0x10, 0xC4, 0x10, 0xC4, 0x10, 0xC4, 0x10,
    0xC4, 0x10, 0x05, 0x19, 0xAF, 0x73, 0xB7, 0xB5, 0xFC, 0xDE, 0x9E, 0xEF, 0xDF, 0xF7, 0xDF, 0xFF,
    0xDF, 0xFF, 0xDF, 0xFF, 0xDF, 0xFF, 0xDF, 0xFF, 0xDF, 0xFF, 0xAC, 0x52, 0xC4, 0x10, 0xC4, 0x10,
    0xC4, 0x10, 0xFC, 0xDE, 0xDF, 0xFF, 0xDF, 0xFF, 0xDF, 0xFF, 0xD4, 0x94, 0xC4, 0x10, 0xC4, 0x10,
    0xC4, 0x10, 0xC4, 0x10, 0xC4, 0x10, 0xC4, 0x10, 0xC4, 0x10, 0xC4, 0x10, 0xC4, 0x10, 0x1C, 0xDF,
    0xDF, 0xFF, 0xDF, 0xFF, 0xDF, 0xFF, 0xDF, 0xFF, 0xDF, 0xFF, 0xDF, 0xFF, 0xDF, 0xFF, 0xDF, 0xFF,
    0xDF, 0xFF, 0xDF, 0xFF, 0xDF, 0xFF, 0xDF, 0xFF, 0xDF, 0xFF, 0xE5, 0x18, 0xC4, 0x10, 0xC4, 0x10,
    0xC4, 0x10, 0xC4, 0x10, 0xC4, 0x10, 0xC4, 0x10, 0xC4, 0x10, 0xC4, 0x10, 0xC4, 0x10, 0xC4, 0x10,
    0x7A, 0xCE, 0xDF, 0xFF, 0xDF, 0xFF, 0xDF, 0xFF, 0xDF, 0xFF, 0xDF, 0xFF, 0xDF, 0xFF, 0xDF, 0xFF,
    0xDF, 0xFF, 0xDF, 0xFF, 0xDF, 0xFF, 0x1C, 0xDF, 0xC8, 0x31, 0xC4, 0x10, 0xC4, 0x10, 0xC4, 0x10,
    0xC4, 0x10, 0xC4, 0x10, 0x1C, 0xDF, 0xDF, 0xFF, 0xDF, 0xFF, 0xDF, 0xFF, 0xDF, 0xFF, 0xDF, 0xFF,
    0xDF, 0xFF, 0xDF, 0xFF, 0xDF, 0xFF, 0xDF, 0xFF, 0xDF, 0xFF, 0xDF, 0xFF, 0xDF, 0xFF, 0xDF, 0xFF,
    0xE5, 0x18, 0xC4, 0x10, 0xFC, 0xDE, 0xDF, 0xFF, 0xDF, 0xFF, 0xDF, 0xFF, 0xD4, 0x94, 0xC4, 0x10,
    0xC4, 0x10, 0xC4, 0x10, 0xC4, 0x10, 0xC4, 0x10, 0xC4, 0x10, 0xC4, 0x10, 0xC4, 0x10, 0xC4, 0x10,
    0x1C, 0xDF, 0xDF, 0xFF, 0xDF, 0xFF, 0xDF, 0xFF, 0x72, 0x8C, 0xC4, 0x10, 0xC4, 0x10, 0xC4, 0x10,
    0xC4, 0x10, 0xE5, 0x18, 0xDF, 0xF7, 0xDF, 0xFF, 0xDF, 0xFF, 0xDF, 0xFF, 0x4E, 0x63, 0xC4, 0x10,
    0xC4, 0x10, 0xDB, 0xD6, 0xDF, 0xFF, 0xDF, 0xFF, 0xDF, 0xFF, 0x93, 0x8C, 0xC4, 0x10, 0xC4, 0x10,
    0xC4, 0x10, 0xC4, 0x10, 0xE9, 0x39, 0xDF, 0xFF, 0xDF, 0xFF, 0xDF, 0xFF, 0xDF, 0xFF, 0xE9, 0x39,
    0xC4, 0x10, 0xC4, 0x10, 0xC4, 0x10, 0xBF, 0xF7, 0xDF, 0xFF, 0xDF, 0xFF, 0xDF, 0xFF, 0x4E, 0x63,
    0xC4, 0x10, 0xC4, 0x10, 0xC4, 0x10, 0xE5, 0x10, 0xDF, 0xFF, 0xDF, 0xFF, 0xDF, 0xFF, 0xDF, 0xFF,
    0x4A, 0x42, 0xC4, 0x10, 0xC4, 0x10, 0xC4, 0x10, 0xBF, 0xF7, 0xDF, 0xFF, 0xDF, 0xFF, 0xDF, 0xFF,
    0x4A, 0x42, 0xC4, 0x10, 0xC4, 0x10, 0xC4, 0x10, 0xF4, 0x9C, 0xDF, 0xFF, 0xDF, 0xFF, 0xDF, 0xFF,
    0xF4, 0x9C, 0xC4, 0x10, 0xC4, 0x10, 0xC4, 0x10, 0xC4, 0x10, 0xC4, 0x10, 0xC4, 0x10, 0xC4, 0x10,
    0xBF, 0xF7, 0xDF, 0xFF, 0xDF, 0xFF, 0xDF, 0xFF, 0x4A, 0x42, 0xC4, 0x10, 0xC4, 0x10, 0x1C, 0xDF,
    0xDF, 0xFF, 0xDF, 0xFF, 0xDF, 0xFF, 0x72, 0x8C, 0xC4, 0x10, 0xC4, 0x10, 0xC4, 0x10, 0xC4, 0x10,
    0xE5, 0x18, 0xDF, 0xF7, 0xDF, 0xFF, 0xDF, 0xFF, 0xDF, 0xFF, 0x4E, 0x63, 0xC4, 0x10, 0xC4, 0x10,
    0xC4, 0x10, 0xBF, 0xF7, 0xDF, 0xFF, 0xDF, 0xFF, 0xDF, 0xFF, 0x4E, 0x63, 0xC4, 0x10, 0xC4, 0x10,
    0xC4, 0x10, 0xE5, 0x10, 0xDF, 0xFF, 0xDF, 0xFF, 0xDF, 0xFF, 0xDF, 0xFF, 0x4A, 0x42, 0xC4, 0x10,
    0xC4, 0x10, 0xC4, 0x10, 0xC4, 0x10, 0xC4, 0x10, 0xC4, 0x10, 0xC4, 0x10, 0xC4, 0x10, 0xC4, 0x10,
    0xC4, 0x10, 0xC4, 0x10, 0x09, 0x3A, 0xDF, 0xFF, 0xDF, 0xFF, 0xDF, 0xFF, 0xDF, 0xFF, 0x4E, 0x63,
    0xC4, 0x10, 0xC4, 0x10, 0xC4, 0x10, 0x5A, 0xCE, 0xDF, 0xFF, 0xDF, 0xFF, 0xDF, 0xFF, 0x19, 0xC6,
    0xC4, 0x10, 0xC4, 0x10, 0xC4, 0x10, 0xC4, 0x10, 0xC4, 0x10, 0xBF, 0xF7, 0xDF, 0xFF, 0xDF, 0xFF,
    0xDF, 0xFF, 0x2D, 0x5B, 0xC4, 0x10, 0xC4, 0x10, 0xC4, 0x10, 0xC4, 0x10, 0x4E, 0x63, 0xDF, 0xFF,
    0xDF, 0xFF, 0xDF, 0xFF, 0xDF, 0xFF, 0x05, 0x19, 0xC4, 0x10, 0xC4, 0x10, 0xBF, 0xF7, 0xDF, 0xFF,
    0xDF, 0xFF, 0xDF, 0xFF, 0x2D, 0x5B, 0xC4, 0x10, 0xC4, 0x10, 0xC4, 0x10, 0xC4, 0x10, 0x4E, 0x63,
    0xDF, 0xFF, 0xDF, 0xFF, 0xDF, 0xFF, 0xDF, 0xFF, 0x05, 0x19, 0xC4, 0x10, 0xC4, 0x10, 0xBF, 0xF7,
    0xDF, 0xFF, 0xDF, 0xFF, 0xDF, 0xFF, 0x4A, 0x42, 0xC4, 0x10, 0xC4, 0x10, 0xC4, 0x10, 0xBF, 0xF7,
    0xDF, 0xFF, 0xDF, 0xFF, 0xDF, 0xFF, 0x4A, 0x42, 0xC4, 0x10, 0xC4, 0x10, 0xFC, 0xDE, 0xDF, 0xFF,
    0xDF, 0xFF, 0xDF, 0xFF, 0xD4, 0x94, 0xC4, 0x10, 0xC4, 0x10, 0xC4, 0x10, 0xC4, 0x10, 0xC4, 0x10,
    0xC4, 0x10, 0xC4, 0x10, 0xC4, 0x10, 0xC4, 0x10, 0xC4, 0x10, 0xC4, 0x10, 0x05, 0x19, 0xAF, 0x73,
    0xB7, 0xB5, 0xFC, 0xDE, 0x9E, 0xEF, 0xDF, 0xF7, 0xDF, 0xFF, 0xDF, 0xFF, 0xDF, 0xFF, 0xDF, 0xFF,
    0xDF, 0xFF, 0xDF, 0xFF, 0xAC, 0x52, 0xC4, 0x10, 0xC4, 0x10, 0xC4, 0x10, 0xF4, 0x9C, 0xDF, 0xFF,
    0xDF, 0xFF, 0xDF, 0xFF, 0xF4, 0x9C, 0xC4, 0x10, 0xC4, 0x10, 0xC4, 0x10, 0xC4, 0x10, 0xC4, 0x10,
    0xC4, 0x10, 0xBF, 0xF7, 0xDF, 0xFF, 0xDF, 0xFF, 0xDF, 0xFF, 0x4A, 0x42, 0xC4, 0x10, 0xC4, 0x10,
    0xC4, 0x10, 0x1C, 0xDF, 0xDF, 0xFF, 0xDF, 0xFF, 0xDF, 0xFF, 0x72, 0x8C, 0xC4, 0x10, 0xC4, 0x10,
    0xC4, 0x10, 0xC4, 0x10, 0xE5, 0x18, 0xDF, 0xF7, 0xDF, 0xFF, 0xDF, 0xFF, 0xDF, 0xFF, 0x4E, 0x63,
    0xC4, 0x10, 0xC4, 0x10, 0xBF, 0xF7, 0xDF, 0xFF, 0xDF, 0xFF, 0xDF, 0xFF, 0x4E, 0x63, 0xC4, 0x10,
    0xC4, 0x10, 0xC4, 0x10, 0xE5, 0x10, 0xDF, 0xFF, 0xDF, 0xFF, 0xDF, 0xFF, 0xDF, 0xFF, 0x4A, 0x42,
    0xC4, 0x10, 0xC4, 0x10, 0xC4, 0x10, 0xC4, 0x10, 0xC4, 0x10, 0xC4, 0x10, 0xC4, 0x10, 0xC4, 0x10,
    0xC4, 0x10, 0xC4, 0x10, 0xC4, 0x10, 0xC4, 0x10, 0xC4, 0x10, 0xC4, 0x10, 0xC4, 0x10, 0xC4, 0x10,
    0xC4, 0x10, 0xC4, 0x10, 0xC4, 0x10, 0xC4, 0x10, 0xC4, 0x10, 0xC4, 0x10, 0xC4, 0x10, 0xC4, 0x10,
    0xC4, 0x10, 0xC4, 0x10, 0xC4, 0x10, 0xC4, 0x10, 0xC4, 0x10, 0xC4, 0x10, 0xC4, 0x10, 0xC4, 0x10,
    0xC4, 0x10, 0x93, 0x8C, 0xDF, 0xFF, 0xDF, 0xFF, 0xDF, 0xFF, 0xBF, 0xF7, 0x26, 0x21, 0xC4, 0x10,
    0xC4, 0x10, 0xC4, 0x10, 0x11, 0x7C, 0xDF, 0xFF, 0xDF, 0xFF, 0xDF, 0xFF, 0xDF, 0xF7, 0x88, 0x29,
    0xC4, 0x10, 0xC4, 0x10, 0xC4, 0x10, 0x7A, 0xCE, 0xDF, 0xFF, 0xDF, 0xFF, 0xDF, 0xFF, 0xD8, 0xBD,
    0xC4, 0x10, 0xC4, 0x10, 0xC4, 0x10, 0xD7, 0xB5, 0xDF, 0xFF, 0xDF, 0xFF, 0xDF, 0xFF, 0xDF, 0xFF,
    0xDF, 0xFF, 0xDF, 0xFF, 0x76, 0xAD, 0xC4, 0x10, 0xC4, 0x10, 0xC4, 0x10, 0x7A, 0xCE, 0xDF, 0xFF,
    0xDF, 0xFF, 0xDF, 0xFF, 0xD8, 0xBD, 0xC4, 0x10, 0xC4, 0x10, 0xC4, 0x10, 0xC4, 0x10, 0xC4, 0x10,
    0xC4, 0x10, 0xC4, 0x10, 0xC4, 0x10, 0xC4, 0x10, 0x87, 0x29, 0xDB, 0xD6, 0xDF, 0xFF, 0xDF, 0xFF,
    0xDF, 0xFF, 0xDF, 0xFF, 0xDF, 0xFF, 0xDF, 0xFF, 0xDF, 0xFF, 0xDF, 0xFF, 0xDF, 0xFF, 0xDF, 0xFF,
    0xDF, 0xFF, 0xED, 0x5A, 0xC4, 0x10, 0xC4, 0x10, 0xC4, 0x10, 0x7E, 0xEF, 0xDF, 0xFF, 0xDF, 0xFF,
    0xDF, 0xFF, 0xF0, 0x7B, 0xC4, 0x10, 0xC4, 0x10, 0xC4, 0x10, 0xC4, 0x10, 0xC4, 0x10, 0xC4, 0x10,
    0xC4, 0x10, 0xC4, 0x10, 0xC4, 0x10, 0x7E, 0xEF, 0xDF, 0xFF, 0xDF, 0xFF, 0xDF, 0xFF, 0xDF, 0xFF,
    0xDF, 0xFF, 0xDF, 0xFF, 0xDF, 0xFF, 0xDF, 0xFF, 0xDF, 0xFF, 0xDF, 0xFF, 0xDF, 0xFF, 0xDF, 0xFF,
    0xDF, 0xFF, 0x87, 0x29, 0xC4, 0x10, 0xC4, 0x10, 0xC4, 0x10, 0xC4, 0x10, 0xC4, 0x10, 0xC4, 0x10,
    0xC4, 0x10, 0xC4, 0x10, 0xC4, 0x10, 0xC4, 0x10, 0x7A, 0xCE, 0xDF, 0xFF, 0xDF, 0xFF, 0xDF, 0xFF,
    0xD8, 0xBD, 0xC4, 0x10, 0x26, 0x19, 0xAF, 0x6B, 0xBF, 0xF7, 0xDF, 0xFF, 0xDF, 0xFF, 0xDF, 0xFF,
    0x9A, 0xCE, 0xC5, 0x10, 0xC4, 0x10, 0xC4, 0x10, 0xC4, 0x10, 0xC4, 0x10, 0x7E, 0xEF, 0xDF, 0xFF,
    0xDF, 0xFF, 0xDF, 0xFF, 0xDF, 0xFF, 0xDF, 0xFF, 0xDF, 0xFF, 0xDF, 0xFF, 0xDF, 0xFF, 0xDF, 0xFF,
    0xDF, 0xFF, 0xDF, 0xFF, 0xDF, 0xFF, 0xDF, 0xFF, 0x87, 0x29, 0xC4, 0x10, 0x7E, 0xEF, 0xDF, 0xFF,
    0xDF, 0xFF, 0xDF, 0xFF, 0xF0, 0x7B, 0xC4, 0x10, 0xC4, 0x10, 0xC4, 0x10, 0xC4, 0x10, 0xC4, 0x10,
    0xC4, 0x10, 0xC4, 0x10, 0xC4, 0x10, 0xC4, 0x10, 0x7E, 0xEF, 0xDF, 0xFF, 0xDF, 0xFF, 0xDF, 0xFF,
    0xD0, 0x73, 0xC4, 0x10, 0xC4, 0x10, 0xC4, 0x10, 0xC4, 0x10, 0xC4, 0x10, 0x7D, 0xEF, 0xDF, 0xFF,
    0xDF, 0xFF, 0xDF, 0xFF, 0xD0, 0x73, 0xC4, 0x10, 0xC4, 0x10, 0x3D, 0xE7, 0xDF, 0xFF, 0xDF, 0xFF,
    0xDF, 0xFF, 0xF0, 0x7B, 0xC4, 0x10, 0xC4, 0x10, 0xC4, 0x10, 0xC4, 0x10, 0x47, 0x21, 0xDF, 0xFF,
    0xDF, 0xFF, 0xDF, 0xFF, 0xDF, 0xFF, 0xE9, 0x39, 0xC4, 0x10, 0xC4, 0x10, 0xC4, 0x10, 0xBF, 0xF7,
    0xDF, 0xFF, 0xDF, 0xFF, 0xDF, 0xFF, 0x8B, 0x4A, 0xC4, 0x10, 0xC4, 0x10, 0xC4, 0x10, 0xC5, 0x10,
    0xDF, 0xFF, 0xDF, 0xFF, 0xDF, 0xFF, 0xDF, 0xFF, 0x4A, 0x42, 0xC4, 0x10, 0xC4, 0x10, 0xC4, 0x10,
    0xBF, 0xF7, 0xDF, 0xFF, 0xDF, 0xFF, 0xDF, 0xFF, 0x4A, 0x42, 0xC4, 0x10, 0xC4, 0x10, 0xC4, 0x10,
    0xF4, 0x9C, 0xDF, 0xFF, 0xDF, 0xFF, 0xDF, 0xFF, 0xF4, 0x9C, 0xC4, 0x10, 0xC4, 0x10, 0xC4, 0x10,
    0xC4, 0x10, 0xC4, 0x10, 0xC4, 0x10, 0xC4, 0x10, 0xBF, 0xF7, 0xDF, 0xFF, 0xDF, 0xFF, 0xDF, 0xFF,
    0x4A, 0x42, 0xC4, 0x10, 0xC4, 0x10, 0x7E, 0xEF, 0xDF, 0xFF, 0xDF, 0xFF, 0xDF, 0xFF, 0xD0, 0x73,
    0xC4, 0x10, 0xC4, 0x10, 0xC4, 0x10, 0xC4, 0x10, 0xC4, 0x10, 0x7D, 0xEF, 0xDF, 0xFF, 0xDF, 0xFF,
    0xDF, 0xFF, 0xD0, 0x73, 0xC4, 0x10, 0xC4, 0x10, 0xC4, 0x10, 0xBF, 0xF7, 0xDF, 0xFF, 0xDF, 0xFF,
    0xDF, 0xFF, 0x8B, 0x4A, 0xC4, 0x10, 0xC4, 0x10, 0xC4, 0x10, 0xC5, 0x10, 0xDF, 0xFF, 0xDF, 0xFF,
    0xDF, 0xFF, 0xDF, 0xFF, 0x4A, 0x42, 0xC4, 0x10, 0xC4, 0x10, 0xC4, 0x10, 0xC4, 0x10, 0xC4, 0x10,
    0xC4, 0x10, 0xC4, 0x10, 0xC4, 0x10, 0xC4, 0x10, 0xC4, 0x10, 0xC4, 0x10, 0x93, 0x8C, 0xDF, 0xFF,
    0xDF, 0xFF, 0xDF, 0xFF, 0xBF, 0xF7, 0x26, 0x21, 0xC4, 0x10, 0xC4, 0x10, 0xC4, 0x10, 0x11, 0x7C,
    0xDF, 0xFF, 0xDF, 0xFF, 0xDF, 0xFF, 0xDF, 0xF7, 0x88, 0x29, 0xC4, 0x10, 0xC4, 0x10, 0xC4, 0x10,
    0xC4, 0x10, 0xBF, 0xF7, 0xDF, 0xFF, 0xDF, 0xFF, 0xDF, 0xFF, 0x8B, 0x4A, 0xC4, 0x10, 0xC4, 0x10,
    0xC4, 0x10, 0xC4, 0x10, 0xAC, 0x4A, 0xDF, 0xFF, 0xDF, 0xFF, 0xDF, 0xFF, 0xDF, 0xFF, 0x67, 0x21,
    0xC4, 0x10, 0xC4, 0x10, 0xBF, 0xF7, 0xDF, 0xFF, 0xDF, 0xFF, 0xDF, 0xFF, 0x8B, 0x4A, 0xC4, 0x10,
    0xC4, 0x10, 0xC4, 0x10, 0xC4, 0x10, 0xAC, 0x4A, 0xDF, 0xFF, 0xDF, 0xFF, 0xDF, 0xFF, 0xDF, 0xFF,
    0x67, 0x21, 0xC4, 0x10, 0xC4, 0x10, 0xBF, 0xF7, 0xDF, 0xFF, 0xDF, 0xFF, 0xDF, 0xFF, 0x4A, 0x42,
    0xC4, 0x10, 0xC4, 0x10, 0xC4, 0x10, 0xBF, 0xF7, 0xDF, 0xFF, 0xDF, 0xFF, 0xDF, 0xFF, 0x4A, 0x42,
    0xC4, 0x10, 0xC4, 0x10, 0x7E, 0xEF, 0xDF, 0xFF, 0xDF, 0xFF, 0xDF, 0xFF, 0xF0, 0x7B, 0xC4, 0x10,
    0xC4, 0x10, 0xC4, 0x10, 0xC4, 0x10, 0xC4, 0x10, 0xC4, 0x10, 0xC4, 0x10, 0xC4, 0x10, 0xC4, 0x10,
    0xC4, 0x10, 0x87, 0x29, 0xDB, 0xD6, 0xDF, 0xFF, 0xDF, 0xFF, 0xDF, 0xFF, 0xDF, 0xFF, 0xDF, 0xFF,
    0xDF, 0xFF, 0xDF, 0xFF, 0xDF, 0xFF, 0xDF, 0xFF, 0xDF, 0xFF, 0xDF, 0xFF, 0xED, 0x5A, 0xC4, 0x10,
    0xC4, 0x10, 0xC4, 0x10, 0xF4, 0x9C, 0xDF, 0xFF, 0xDF, 0xFF, 0xDF, 0xFF, 0xF4, 0x9C, 0xC4, 0x10,
    0xC4, 0x10, 0xC4, 0x10, 0xC4, 0x10, 0xC4, 0x10, 0xC4, 0x10, 0xBF, 0xF7, 0xDF, 0xFF, 0xDF, 0xFF,
    0xDF, 0xFF, 0x4A, 0x42, 0xC4, 0x10, 0xC4, 0x10, 0xC4, 0x10, 0x7E, 0xEF, 0xDF, 0xFF, 0xDF, 0xFF,
    0xDF, 0xFF, 0xD0, 0x73, 0xC4, 0x10, 0xC4, 0x10, 0xC4, 0x10, 0xC4, 0x10, 0xC4, 0x10, 0x7D, 0xEF,
    0xDF, 0xFF, 0xDF, 0xFF, 0xDF, 0xFF, 0xD0, 0x73, 0xC4, 0x10, 0xC4, 0x10, 0xBF, 0xF7, 0xDF, 0xFF,
    0xDF, 0xFF, 0xDF, 0xFF, 0x8B, 0x4A, 0xC4, 0x10, 0xC4, 0x10, 0xC4, 0x10, 0xC5, 0x10, 0xDF, 0xFF,
    0xDF, 0xFF, 0xDF, 0xFF, 0xDF, 0xFF, 0x4A, 0x42, 0xC4, 0x10, 0xC4, 0x10, 0xC4, 0x10, 0xC4, 0x10,
    0xC4, 0x10, 0xC4, 0x10, 0xC4, 0x10, 0xC4, 0x10, 0xC4, 0x10, 0xC4, 0x10, 0xC4, 0x10, 0xC4, 0x10,
    0xC4, 0x10, 0xC4, 0x10, 0xC4, 0x10, 0xC4, 0x10, 0xC4, 0x10, 0xC4, 0x10, 0xC4, 0x10, 0xC4, 0x10,
    0xC4, 0x10, 0xC4, 0x10, 0xC4, 0x10, 0xC4, 0x10, 0xC4, 0x10, 0xC4, 0x10, 0xC4, 0x10, 0xC4, 0x10,
    0xC4, 0x10, 0xC4, 0x10, 0xC4, 0x10, 0xC4, 0x10, 0xC5, 0x10, 0x1C, 0xE7, 0xDF, 0xFF, 0xDF, 0xFF,
    0xDF, 0xFF, 0xDF, 0xFF, 0xDF, 0xFF, 0xDF, 0xFF, 0xDF, 0xFF, 0xDF, 0xFF, 0xDF, 0xFF, 0xDF, 0xFF,
    0xDF, 0xFF, 0xDF, 0xFF, 0xDF, 0xFF, 0x11, 0x7C, 0xC4, 0x10, 0xC4, 0x10, 0xC4, 0x10, 0x7A, 0xCE,
    0xDF, 0xFF, 0xDF, 0xFF, 0xDF, 0xFF, 0xD8, 0xBD, 0xC4, 0x10, 0xC4, 0x10, 0xC4, 0x10, 0xC4, 0x10,
    0xC4, 0x10, 0xC4, 0x10, 0xC4, 0x10, 0xC4, 0x10, 0xC4, 0x10, 0xC4, 0x10, 0xC4, 0x10, 0xC4, 0x10,
    0xC4, 0x10, 0xC4, 0x10, 0x7A, 0xCE, 0xDF, 0xFF, 0xDF, 0xFF, 0xDF, 0xFF, 0xD8, 0xBD, 0xC4, 0x10,
    0xC4, 0x10, 0xC4, 0x10, 0xC4, 0x10, 0xC4, 0x10, 0xC4, 0x10, 0xC4, 0x10, 0xC4, 0x10, 0xC4, 0x10,
    0x76, 0xAD, 0xDF, 0xFF, 0xDF, 0xFF, 0xDF, 0xFF, 0xDF, 0xFF, 0xDF, 0xFF, 0xDF, 0xFF, 0xDF, 0xFF,
    0xDF, 0xFF, 0xDF, 0xFF, 0xDF, 0xFF, 0xDF, 0xFF, 0xDF, 0xFF, 0xED, 0x5A, 0xC4, 0x10, 0xC4, 0x10,
    0xC4, 0x10, 0xFC, 0xDE, 0xDF, 0xFF, 0xDF, 0xFF, 0xDF, 0xFF, 0xD4, 0x94, 0xC4, 0x10, 0xC4, 0x10,
    0xC4, 0x10, 0xC4, 0x10, 0xC4, 0x10, 0xC4, 0x10, 0xC4, 0x10, 0xC4, 0x10, 0xC4, 0x10, 0x1C, 0xDF,
    0xDF, 0xFF, 0xDF, 0xFF, 0xDF, 0xFF, 0xDF, 0xFF, 0xDF, 0xFF, 0xDF, 0xFF, 0xDF, 0xFF, 0xDF, 0xFF,
    0xDF, 0xFF, 0xDF, 0xFF, 0xDF, 0xFF, 0xDF, 0xFF, 0xDF, 0xFF, 0xA8, 0x29, 0xC4, 0x10, 0xC4, 0x10,
    0xC4, 0x10, 0xC4, 0x10, 0xC4, 0x10, 0xC4, 0x10, 0xC4, 0x10, 0xC4, 0x10, 0xC4, 0x10, 0xC4, 0x10,
    0x7A, 0xCE, 0xDF, 0xFF, 0xDF, 0xFF, 0xDF, 0xFF, 0xD8, 0xBD, 0xC4, 0x10, 0xC4, 0x10, 0xC4, 0x10,
    0xF0, 0x7B, 0xDF, 0xFF, 0xDF, 0xFF, 0xDF, 0xFF, 0xDF, 0xFF, 0x8F, 0x6B, 0xC4, 0x10, 0xC4, 0x10,
    0xC4, 0x10, 0xC4, 0x10, 0x1C, 0xDF, 0xDF, 0xFF, 0xDF, 0xFF, 0xDF, 0xFF, 0xDF, 0xFF, 0xDF, 0xFF,
    0xDF, 0xFF, 0xDF, 0xFF, 0xDF, 0xFF, 0xDF, 0xFF, 0xDF, 0xFF, 0xDF, 0xFF, 0xDF, 0xFF, 0xDF, 0xFF,
    0xA8, 0x29, 0xC4, 0x10, 0xFC, 0xDE, 0xDF, 0xFF, 0xDF, 0xFF, 0xDF, 0xFF, 0xD4, 0x94, 0xC4, 0x10,
    0xC4, 0x10, 0xC4, 0x10, 0xC4, 0x10, 0xC4, 0x10, 0xC4, 0x10, 0xC4, 0x10, 0xC4, 0x10, 0xC4, 0x10,
    0x1C, 0xDF, 0xDF, 0xFF, 0xDF, 0xFF, 0xDF, 0xFF, 0x72, 0x8C, 0xC4, 0x10, 0xC4, 0x10, 0xC4, 0x10,
    0xC4, 0x10, 0xE5, 0x18, 0xDF, 0xF7, 0xDF, 0xFF, 0xDF, 0xFF, 0xDF, 0xFF, 0x4E, 0x63, 0xC4, 0x10,
    0xC4, 0x10, 0xDB, 0xD6, 0xDF, 0xFF, 0xDF, 0xFF, 0xDF, 0xFF, 0x93, 0x8C, 0xC4, 0x10, 0xC4, 0x10,
    0xC4, 0x10, 0xC4, 0x10, 0xE9, 0x39, 0xDF, 0xFF, 0xDF, 0xFF, 0xDF, 0xFF, 0xDF, 0xFF, 0xE9, 0x39,
    0xC4, 0x10, 0xC4, 0x10, 0xC4, 0x10, 0xBF, 0xF7, 0xDF, 0xFF, 0xDF, 0xFF, 0xDF, 0xFF, 0x4A, 0x42,
    0xC4, 0x10, 0xC4, 0x10, 0xC4, 0x10, 0xC4, 0x10, 0xDF, 0xFF, 0xDF, 0xFF, 0xDF, 0xFF, 0xDF, 0xFF,
    0x4A, 0x42, 0xC4, 0x10, 0xC4, 0x10, 0xC4, 0x10, 0xBF, 0xF7, 0xDF, 0xFF, 0xDF, 0xFF, 0xDF, 0xFF,
    0x4A, 0x42, 0xC4, 0x10, 0xC4, 0x10, 0xC4, 0x10, 0xF4, 0x9C, 0xDF, 0xFF, 0xDF, 0xFF, 0xDF, 0xFF,
    0xF4, 0x9C, 0xC4, 0x10, 0xC4, 0x10, 0xC4, 0x10, 0xC4, 0x10, 0xC4, 0x10, 0xC4, 0x10, 0xC4, 0x10,
    0xBF, 0xF7, 0xDF, 0xFF, 0xDF, 0xFF, 0xDF, 0xFF, 0x4A, 0x42, 0xC4, 0x10, 0xC4, 0x10, 0x1C, 0xDF,
    0xDF, 0xFF, 0xDF, 0xFF, 0xDF, 0xFF, 0x72, 0x8C, 0xC4, 0x10, 0xC4, 0x10, 0xC4, 0x10, 0xC4, 0x10,
    0xE5, 0x18, 0xDF, 0xF7, 0xDF, 0xFF, 0xDF, 0xFF, 0xDF, 0xFF, 0x4E, 0x63, 0xC4, 0x10, 0xC4, 0x10,
    0xC4, 0x10, 0xBF, 0xF7, 0xDF, 0xFF, 0xDF, 0xFF, 0xDF, 0xFF, 0x4A, 0x42, 0xC4, 0x10, 0xC4, 0x10,
    0xC4, 0x10, 0xC4, 0x10, 0xDF, 0xFF, 0xDF, 0xFF, 0xDF, 0xFF, 0xDF, 0xFF, 0x4A, 0x42, 0xC4, 0x10,
    0xC4, 0x10, 0xC4, 0x10, 0xC4, 0x10, 0xC4, 0x10, 0xC4, 0x10, 0xC4, 0x10, 0xC4, 0x10, 0xC4, 0x10,
    0xC4, 0x10, 0xC5, 0x10, 0x1C, 0xE7, 0xDF, 0xFF, 0xDF, 0xFF, 0xDF, 0xFF, 0xDF, 0xFF, 0xDF, 0xFF,
    0xDF, 0xFF, 0xDF, 0xFF, 0xDF, 0xFF, 0xDF, 0xFF, 0xDF, 0xFF, 0xDF, 0xFF, 0xDF, 0xFF, 0xDF, 0xFF,
    0x11, 0x7C, 0xC4, 0x10, 0xC4, 0x10, 0xC4, 0x10, 0xC4, 0x10, 0xBF, 0xF7, 0xDF, 0xFF, 0xDF, 0xFF,
    0xDF, 0xFF, 0x2D, 0x5B, 0xC4, 0x10, 0xC4, 0x10, 0xC4, 0x10, 0xC4, 0x10, 0x4E, 0x63, 0xDF, 0xFF,
    0xDF, 0xFF, 0xDF, 0xFF, 0xDF, 0xFF, 0x05, 0x19, 0xC4, 0x10, 0xC4, 0x10, 0xBF, 0xF7, 0xDF, 0xFF,
    0xDF, 0xFF, 0xDF, 0xFF, 0x2D, 0x5B, 0xC4, 0x10, 0xC4, 0x10, 0xC4, 0x10, 0xC4, 0x10, 0x4E, 0x63,
    0xDF, 0xFF, 0xDF, 0xFF, 0xDF, 0xFF, 0xDF, 0xFF, 0x05, 0x19, 0xC4, 0x10, 0xC4, 0x10, 0xBF, 0xF7,
    0xDF, 0xFF, 0xDF, 0xFF, 0xDF, 0xFF, 0x4A, 0x42, 0xC4, 0x10, 0xC4, 0x10, 0xC4, 0x10, 0xBF, 0xF7,
    0xDF, 0xFF, 0xDF, 0xFF, 0xDF, 0xFF, 0x4A, 0x42, 0xC4, 0x10, 0xC4, 0x10, 0xFC, 0xDE, 0xDF, 0xFF,
    0xDF, 0xFF, 0xDF, 0xFF, 0xD4, 0x94, 0xC4, 0x10, 0xC4, 0x10, 0xC4, 0x10, 0xC4, 0x10, 0xC4, 0x10,
    0xC4, 0x10, 0xC4, 0x10, 0xC4, 0x10, 0xC4, 0x10, 0xC4, 0x10, 0x76, 0xAD, 0xDF, 0xFF, 0xDF, 0xFF,
    0xDF, 0xFF, 0xDF, 0xFF, 0xDF, 0xFF, 0xDF, 0xFF, 0xDF, 0xFF, 0xDF, 0xFF, 0xDF, 0xFF, 0xDF, 0xFF,
    0xDF, 0xFF, 0xDF, 0xFF, 0xED, 0x5A, 0xC4, 0x10, 0xC4, 0x10, 0xC4, 0x10, 0xF4, 0x9C, 0xDF, 0xFF,
    0xDF, 0xFF, 0xDF, 0xFF, 0xF4, 0x9C, 0xC4, 0x10, 0xC4, 0x10, 0xC4, 0x10, 0xC4, 0x10, 0xC4, 0x10,
    0xC4, 0x10, 0xBF, 0xF7, 0xDF, 0xFF, 0xDF, 0xFF, 0xDF, 0xFF, 0x4A, 0x42, 0xC4, 0x10, 0xC4, 0x10,
    0xC4, 0x10, 0x1C, 0xDF, 0xDF, 0xFF, 0xDF, 0xFF, 0xDF, 0xFF, 0x72, 0x8C, 0xC4, 0x10, 0xC4, 0x10,
    0xC4, 0x10, 0xC4, 0x10, 0xE5, 0x18, 0xDF, 0xF7, 0xDF, 0xFF, 0xDF, 0xFF, 0xDF, 0xFF, 0x4E, 0x63,
    0xC4, 0x10, 0xC4, 0x10, 0xBF, 0xF7, 0xDF, 0xFF, 0xDF, 0xFF, 0xDF, 0xFF, 0x4A, 0x42, 0xC4, 0x10,
    0xC4, 0x10, 0xC4, 0x10, 0xC4, 0x10, 0xDF, 0xFF, 0xDF, 0xFF, 0xDF, 0xFF, 0xDF, 0xFF, 0x4A, 0x42,
    0xC4, 0x10, 0xC4, 0x10, 0xC4, 0x10, 0xC4, 0x10, 0xC4, 0x10, 0xC4, 0x10, 0xC4, 0x10, 0xC4, 0x10,
    0xC4, 0x10, 0xC4, 0x10, 0xC4, 0x10, 0xC4, 0x10, 0xC4, 0x10, 0xC4, 0x10, 0xC4, 0x10, 0xC4, 0x10,
    0xC4, 0x10, 0xC4, 0x10, 0xC4, 0x10, 0xC4, 0x10, 0xC4, 0x10, 0xC4, 0x10, 0xC4, 0x10, 0xC4, 0x10,
    0xC4, 0x10, 0xC4, 0x10, 0xC4, 0x10, 0xC4, 0x10, 0xC4, 0x10, 0xC4, 0x10, 0xC4, 0x10, 0xC4, 0x10,
    0x8B, 0x4A, 0xDF, 0xFF, 0xDF, 0xFF, 0xDF, 0xFF, 0xDF, 0xFF, 0xDF, 0xFF, 0xDF, 0xFF, 0xDF, 0xFF,
    0xDF, 0xFF, 0xDF, 0xFF, 0xDF, 0xFF, 0xDF, 0xFF, 0xDF, 0xFF, 0xDF, 0xFF, 0xDF, 0xFF, 0xBB, 0xD6,
    0xC4, 0x10, 0xC4, 0x10, 0xC4, 0x10, 0x7A, 0xCE, 0xDF, 0xFF, 0xDF, 0xFF, 0xDF, 0xFF, 0xD8, 0xBD,
    0xC4, 0x10, 0xC4, 0x10, 0xC4, 0x10, 0xC4, 0x10, 0xC4, 0x10, 0xC4, 0x10, 0xC4, 0x10, 0xC4, 0x10,
    0xC4, 0x10, 0xC4, 0x10, 0xC4, 0x10, 0xC4, 0x10, 0xC4, 0x10, 0xC4, 0x10, 0x7A, 0xCE, 0xDF, 0xFF,
    0xDF, 0xFF, 0xDF, 0xFF, 0xD8, 0xBD, 0xC4, 0x10, 0xC4, 0x10, 0xC4, 0x10, 0xC4, 0x10, 0xC4, 0x10,
    0xC4, 0x10, 0xC4, 0x10, 0xC4, 0x10, 0xC4, 0x10, 0x3D, 0xE7, 0xDF, 0xFF, 0xDF, 0xFF, 0xDF, 0xFF,
    0x35, 0xA5, 0xA8, 0x31, 0xE5, 0x10, 0xC4, 0x10, 0xE5, 0x18, 0x9E, 0xF7, 0xDF, 0xFF, 0xDF, 0xFF,
    0xDF, 0xFF, 0xED, 0x5A, 0xC4, 0x10, 0xC4, 0x10, 0xC4, 0x10, 0x97, 0xB5, 0xDF, 0xFF, 0xDF, 0xFF,
    0xDF, 0xFF, 0x3D, 0xE7, 0x47, 0x21, 0xC4, 0x10, 0xC4, 0x10, 0xC4, 0x10, 0xC4, 0x10, 0xC4, 0x10,
    0xC4, 0x10, 0xC4, 0x10, 0xC4, 0x10, 0xB7, 0xB5, 0xDF, 0xFF, 0xDF, 0xFF, 0xDF, 0xFF, 0x72, 0x8C,
    0xC4, 0x10, 0xC4, 0x10, 0xC4, 0x10, 0xC4, 0x10, 0xC4, 0x10, 0xC4, 0x10, 0xC4, 0x10, 0xC4, 0x10,
    0xC4, 0x10, 0xC4, 0x10, 0xC4, 0x10, 0xC4, 0x10, 0xC4, 0x10, 0xC4, 0x10, 0xC4, 0x10, 0xC4, 0x10,
    0xC4, 0x10, 0xC4, 0x10, 0xC4, 0x10, 0xC4, 0x10, 0x7A, 0xCE, 0xDF, 0xFF, 0xDF, 0xFF, 0xDF, 0xFF,
    0xD8, 0xBD, 0xC4, 0x10, 0xC4, 0x10, 0xC4, 0x10, 0xE5, 0x10, 0xFC, 0xDE, 0xDF, 0xFF, 0xDF, 0xFF,
    0xDF, 0xFF, 0xFC, 0xDE, 0xE5, 0x10, 0xC4, 0x10, 0xC4, 0x10, 0xC4, 0x10, 0xB7, 0xB5, 0xDF, 0xFF,
    0xDF, 0xFF, 0xDF, 0xFF, 0x72, 0x8C, 0xC4, 0x10, 0xC4, 0x10, 0xC4, 0x10, 0xC4, 0x10, 0xC4, 0x10,
    0xC4, 0x10, 0xC4, 0x10, 0xC4, 0x10, 0xC4, 0x10, 0xC4, 0x10, 0xC4, 0x10, 0x97, 0xB5, 0xDF, 0xFF,
    0xDF, 0xFF, 0xDF, 0xFF, 0x3D, 0xE7, 0x47, 0x21, 0xC4, 0x10, 0xC4, 0x10, 0xC4, 0x10, 0xC4, 0x10,
    0xC4, 0x10, 0xC4, 0x10, 0xC4, 0x10, 0xC4, 0x10, 0xB7, 0xB5, 0xDF, 0xFF, 0xDF, 0xFF, 0xDF, 0xFF,
    0xBB, 0xD6, 0xC5, 0x10, 0xC4, 0x10, 0xC4, 0x10, 0xC4, 0x10, 0x2D, 0x5B, 0xDF, 0xFF, 0xDF, 0xFF,
    0xDF, 0xFF, 0xDF, 0xFF, 0xE9, 0x39, 0xC4, 0x10, 0xC4, 0x10, 0x96, 0xAD, 0xDF, 0xFF, 0xDF, 0xFF,
    0xDF, 0xFF, 0x9A, 0xD6, 0xC5, 0x10, 0xC4, 0x10, 0xC4, 0x10, 0xC4, 0x10, 0x31, 0x84, 0xDF, 0xFF,
    0xDF, 0xFF, 0xDF, 0xFF, 0xDF, 0xFF, 0xE9, 0x39, 0xC4, 0x10, 0xC4, 0x10, 0xC4, 0x10, 0xBF, 0xF7,
    0xDF, 0xFF, 0xDF, 0xFF, 0xDF, 0xFF, 0x4A, 0x42, 0xC4, 0x10, 0xC4, 0x10, 0xC4, 0x10, 0xC4, 0x10,
    0xDF, 0xFF, 0xDF, 0xFF, 0xDF, 0xFF, 0xDF, 0xFF, 0x4A, 0x42, 0xC4, 0x10, 0xC4, 0x10, 0xC4, 0x10,
    0xBF, 0xF7, 0xDF, 0xFF, 0xDF, 0xFF, 0xDF, 0xFF, 0x4A, 0x42, 0xC4, 0x10, 0xC4, 0x10, 0xC4, 0x10,
    0xF4, 0x9C, 0xDF, 0xFF, 0xDF, 0xFF, 0xDF, 0xFF, 0x15, 0x9D, 0xC4, 0x10, 0xC4, 0x10, 0xC4, 0x10,
    0xC4, 0x10, 0xC4, 0x10, 0xC4, 0x10, 0xC4, 0x10, 0xBF, 0xF7, 0xDF, 0xFF, 0xDF, 0xFF, 0xDF, 0xFF,
    0x4A, 0x42, 0xC4, 0x10, 0xC4, 0x10, 0xB7, 0xB5, 0xDF, 0xFF, 0xDF, 0xFF, 0xDF, 0xFF, 0xBB, 0xD6,
    0xC5, 0x10, 0xC4, 0x10, 0xC4, 0x10, 0xC4, 0x10, 0x2D, 0x5B, 0xDF, 0xFF, 0xDF, 0xFF, 0xDF, 0xFF,
    0xDF, 0xFF, 0xE9, 0x39, 0xC4, 0x10, 0xC4, 0x10, 0xC4, 0x10, 0xBF, 0xF7, 0xDF, 0xFF, 0xDF, 0xFF,
    0xDF, 0xFF, 0x4A, 0x42, 0xC4, 0x10, 0xC4, 0x10, 0xC4, 0x10, 0xC4, 0x10, 0xDF, 0xFF, 0xDF, 0xFF,
    0xDF, 0xFF, 0xDF, 0xFF, 0x4A, 0x42, 0xC4, 0x10, 0xC4, 0x10, 0xC4, 0x10, 0xC4, 0x10, 0xC4, 0x10,
    0xC4, 0x10, 0xC4, 0x10, 0xC4, 0x10, 0xC4, 0x10, 0xC4, 0x10, 0x8B, 0x4A, 0xDF, 0xFF, 0xDF, 0xFF,
    0xDF, 0xFF, 0xDF, 0xFF, 0xDF, 0xFF, 0xDF, 0xFF, 0xDF, 0xFF, 0xDF, 0xFF, 0xDF, 0xFF, 0xDF, 0xFF,
    0xDF, 0xFF, 0xDF, 0xFF, 0xDF, 0xFF, 0xDF, 0xFF, 0xBB, 0xD6, 0xC4, 0x10, 0xC4, 0x10, 0xC4, 0x10,
    0xC4, 0x10, 0xBF, 0xF7, 0xDF, 0xFF, 0xDF, 0xFF, 0xDF, 0xFF, 0x55, 0xA5, 0xC4, 0x10, 0xC4, 0x10,
    0xC4, 0x10, 0xC4, 0x10, 0x76, 0xAD, 0xDF, 0xFF, 0xDF, 0xFF, 0xDF, 0xFF, 0xDB, 0xDE, 0xC4, 0x10,
    0xC4, 0x10, 0xC4, 0x10, 0xBF, 0xF7, 0xDF, 0xFF, 0xDF, 0xFF, 0xDF, 0xFF, 0x55, 0xA5, 0xC4, 0x10,
    0xC4, 0x10, 0xC4, 0x10, 0xC4, 0x10, 0x76, 0xAD, 0xDF, 0xFF, 0xDF, 0xFF, 0xDF, 0xFF, 0xDB, 0xDE,
    0xC4, 0x10, 0xC4, 0x10, 0xC4, 0x10, 0xBF, 0xF7, 0xDF, 0xFF, 0xDF, 0xFF, 0xDF, 0xFF, 0x4A, 0x42,
    0xC4, 0x10, 0xC4, 0x10, 0xC4, 0x10, 0xBF, 0xF7, 0xDF, 0xFF, 0xDF, 0xFF, 0xDF, 0xFF, 0x4A, 0x42,
    0xC4, 0x10, 0xC4, 0x10, 0x97, 0xB5, 0xDF, 0xFF, 0xDF, 0xFF, 0xDF, 0xFF, 0x3D, 0xE7, 0x47, 0x21,
    0xC4, 0x10, 0xC4, 0x10, 0xC4, 0x10, 0xC4, 0x10, 0xC4, 0x10, 0xC4, 0x10, 0xC4, 0x10, 0xC4, 0x10,
    0xC4, 0x10, 0x3D, 0xE7, 0xDF, 0xFF, 0xDF, 0xFF, 0xDF, 0xFF, 0x35, 0xA5, 0xA8, 0x31, 0xE5, 0x10,
    0xC4, 0x10, 0xE5, 0x18, 0x9E, 0xF7, 0xDF, 0xFF, 0xDF, 0xFF, 0xDF, 0xFF, 0xED, 0x5A, 0xC4, 0x10,
    0xC4, 0x10, 0xC4, 0x10, 0xF4, 0x9C, 0xDF, 0xFF, 0xDF, 0xFF, 0xDF, 0xFF, 0x15, 0x9D, 0xC4, 0x10,
    0xC4, 0x10, 0xC4, 0x10, 0xC4, 0x10, 0xC4, 0x10, 0xC4, 0x10, 0xBF, 0xF7, 0xDF, 0xFF, 0xDF, 0xFF,
    0xDF, 0xFF, 0x4A, 0x42, 0xC4, 0x10, 0xC4, 0x10, 0xC4, 0x10, 0xB7, 0xB5, 0xDF, 0xFF, 0xDF, 0xFF,
    0xDF, 0xFF, 0xBB, 0xD6, 0xC5, 0x10, 0xC4, 0x10, 0xC4, 0x10, 0xC4, 0x10, 0x2D, 0x5B, 0xDF, 0xFF,
    0xDF, 0xFF, 0xDF, 0xFF, 0xDF, 0xFF, 0xE9, 0x39, 0xC4, 0x10, 0xC4, 0x10, 0xBF, 0xF7, 0xDF, 0xFF,
    0xDF, 0xFF, 0xDF, 0xFF, 0x4A, 0x42, 0xC4, 0x10, 0xC4, 0x10, 0xC4, 0x10, 0xC4, 0x10, 0xDF, 0xFF,
    0xDF, 0xFF, 0xDF, 0xFF, 0xDF, 0xFF, 0x4A, 0x42, 0xC4, 0x10, 0xC4, 0x10, 0xC4, 0x10, 0xC4, 0x10,
    0xC4, 0x10, 0xC4, 0x10, 0xC4, 0x10, 0xC4, 0x10, 0xC4, 0x10, 0xC4, 0x10, 0xC4, 0x10, 0xC4, 0x10,
    0xC4, 0x10, 0xC4, 0x10, 0xC4, 0x10, 0xC4, 0x10, 0xC4, 0x10, 0xC4, 0x10, 0xC4, 0x10, 0xC4, 0x10,
    0xC4, 0x10, 0xC4, 0x10, 0xC4, 0x10, 0xC4, 0x10, 0xC4, 0x10, 0xC4, 0x10, 0xC4, 0x10, 0xC4, 0x10,
    0xC4, 0x10, 0xC4, 0x10, 0xC4, 0x10, 0xC4, 0x10, 0x35, 0xA5, 0xDF, 0xFF, 0xDF, 0xFF, 0xDF, 0xFF,
    0xDF, 0xFF, 0xDF, 0xFF, 0xDF, 0xFF, 0xDF, 0xFF, 0xDF, 0xFF, 0xDF, 0xFF, 0xDF, 0xFF, 0xDF, 0xFF,
    0xDF, 0xFF, 0xDF, 0xFF, 0xDF, 0xFF, 0xDF, 0xFF, 0x0A, 0x3A, 0xC4, 0x10, 0xC4, 0x10, 0x7A, 0xCE,
    0xDF, 0xFF, 0xDF, 0xFF, 0xDF, 0xFF, 0xD8, 0xBD, 0xC4, 0x10, 0xC4, 0x10, 0xC4, 0x10, 0xC4, 0x10,
    0xC4, 0x10, 0xC4, 0x10, 0xC4, 0x10, 0xC4, 0x10, 0xC4, 0x10, 0xC4, 0x10, 0xC4, 0x10, 0xC4, 0x10,
    0xC4, 0x10, 0xC4, 0x10, 0x7A, 0xCE, 0xDF, 0xFF, 0xDF, 0xFF, 0xDF, 0xFF, 0xD8, 0xBD, 0xC4, 0x10,
    0xC4, 0x10, 0xC4, 0x10, 0xC4, 0x10, 0xC4, 0x10, 0xC4, 0x10, 0xC4, 0x10, 0xC4, 0x10, 0xC4, 0x10,
    0x5D, 0xEF, 0xDF, 0xFF, 0xDF, 0xFF, 0xDF, 0xFF, 0xD4, 0x94, 0x46, 0x21, 0xE5, 0x10, 0x0A, 0x3A,
    0xD7, 0xB5, 0xDF, 0xFF, 0xDF, 0xFF, 0xDF, 0xFF, 0xDF, 0xFF, 0xED, 0x5A, 0xC4, 0x10, 0xC4, 0x10,
    0xC4, 0x10, 0xED, 0x5A, 0xDF, 0xFF, 0xDF, 0xFF, 0xDF, 0xFF, 0xDF, 0xFF, 0xBB, 0xD6, 0xED, 0x5A,
    0x67, 0x21, 0x26, 0x19, 0x09, 0x3A, 0x31, 0x84, 0x93, 0x8C, 0xC4, 0x10, 0xC4, 0x10, 0x0D, 0x5B,
    0xDF, 0xFF, 0xDF, 0xFF, 0xDF, 0xFF, 0xBF, 0xF7, 0x52, 0x84, 0xC8, 0x31, 0x05, 0x19, 0x26, 0x19,
    0xC8, 0x31, 0x8B, 0x4A, 0x11, 0x7C, 0xF8, 0xBD, 0x11, 0x7C, 0xC4, 0x10, 0xC4, 0x10, 0xC4, 0x10,
    0xC4, 0x10, 0xC4, 0x10, 0xC4, 0x10, 0xC4, 0x10, 0xC4, 0x10, 0xC4, 0x10, 0xC4, 0x10, 0xC4, 0x10,
    0x7A, 0xCE, 0xDF, 0xFF, 0xDF, 0xFF, 0xDF, 0xFF, 0xD8, 0xBD, 0xC4, 0x10, 0xC4, 0x10, 0xC4, 0x10,
    0xC4, 0x10, 0xD0, 0x73, 0xDF, 0xFF, 0xDF, 0xFF, 0xDF, 0xFF, 0xDF, 0xFF, 0x4E, 0x63, 0xC4, 0x10,
    0xC4, 0x10, 0xC4, 0x10, 0x0D, 0x5B, 0xDF, 0xFF, 0xDF, 0xFF, 0xDF, 0xFF, 0xBF, 0xF7, 0x52, 0x84,
    0xC8, 0x31, 0x05, 0x19, 0x26, 0x19, 0xC8, 0x31, 0x8B, 0x4A, 0x11, 0x7C, 0xF8, 0xBD, 0x11, 0x7C,
    0xC4, 0x10, 0xC4, 0x10, 0xED, 0x5A, 0xDF, 0xFF, 0xDF, 0xFF, 0xDF, 0xFF, 0xDF, 0xFF, 0xBB, 0xD6,
    0xED, 0x5A, 0x67, 0x21, 0x26, 0x19, 0x09, 0x3A, 0x31, 0x84, 0x93, 0x8C, 0xC4, 0x10, 0xC4, 0x10,
    0x2D, 0x5B, 0xDF, 0xFF, 0xDF, 0xFF, 0xDF, 0xFF, 0xDF, 0xFF, 0x35, 0xA5, 0xA8, 0x31, 0x26, 0x19,
    0xEC, 0x52, 0x3D, 0xE7, 0xDF, 0xFF, 0xDF, 0xFF, 0xDF, 0xFF, 0x9A, 0xCE, 0xC4, 0x10, 0xC4, 0x10,
    0xC4, 0x10, 0x2E, 0x63, 0xDF, 0xFF, 0xDF, 0xFF, 0xDF, 0xFF, 0xDF, 0xFF, 0x15, 0x9D, 0xA8, 0x29,
    0x26, 0x21, 0x6E, 0x6B, 0x9E, 0xEF, 0xDF, 0xFF, 0xDF, 0xFF, 0xDF, 0xFF, 0xDF, 0xFF, 0xE9, 0x39,
    0xC4, 0x10, 0xC4, 0x10, 0xC4, 0x10, 0xBF, 0xF7, 0xDF, 0xFF, 0xDF, 0xFF, 0xDF, 0xFF, 0x4A, 0x42,
    0xC4, 0x10, 0xC4, 0x10, 0xC4, 0x10, 0xC4, 0x10, 0xDF, 0xFF, 0xDF, 0xFF, 0xDF, 0xFF, 0xDF, 0xFF,
    0x4A, 0x42, 0xC4, 0x10, 0xC4, 0x10, 0xC4, 0x10, 0xBF, 0xF7, 0xDF, 0xFF, 0xDF, 0xFF, 0xDF, 0xFF,
    0x4A, 0x42, 0xC4, 0x10, 0xC4, 0x10, 0xC4, 0x10, 0x72, 0x8C, 0xDF, 0xFF, 0xDF, 0xFF, 0xDF, 0xFF,
    0xBB, 0xD6, 0x88, 0x29, 0xC5, 0x10, 0xC4, 0x10, 0xC4, 0x10, 0xC4, 0x10, 0xC4, 0x10, 0xC4, 0x10,
    0xBF, 0xF7, 0xDF, 0xFF, 0xDF, 0xFF, 0xDF, 0xFF, 0x4A, 0x42, 0xC4, 0x10, 0xC4, 0x10, 0x2D, 0x5B,
    0xDF, 0xFF, 0xDF, 0xFF, 0xDF, 0xFF, 0xDF, 0xFF, 0x35, 0xA5, 0xA8, 0x31, 0x26, 0x19, 0xEC, 0x52,
    0x3D, 0xE7, 0xDF, 0xFF, 0xDF, 0xFF, 0xDF, 0xFF, 0x9A, 0xCE, 0xC4, 0x10, 0xC4, 0x10, 0xC4, 0x10,
    0xC4, 0x10, 0xBF, 0xF7, 0xDF, 0xFF, 0xDF, 0xFF, 0xDF, 0xFF, 0x4A, 0x42, 0xC4, 0x10, 0xC4, 0x10,
    0xC4, 0x10, 0xC4, 0x10, 0xDF, 0xFF, 0xDF, 0xFF, 0xDF, 0xFF, 0xDF, 0xFF, 0x4A, 0x42, 0xC4, 0x10,
    0xC4, 0x10, 0xC4, 0x10, 0xC4, 0x10, 0xC4, 0x10, 0xC4, 0x10, 0xC4, 0x10, 0xC4, 0x10, 0xC4, 0x10,
    0xC4, 0x10, 0x35, 0xA5, 0xDF, 0xFF, 0xDF, 0xFF, 0xDF, 0xFF, 0xDF, 0xFF, 0xDF, 0xFF, 0xDF, 0xFF,
    0xDF, 0xFF, 0xDF, 0xFF, 0xDF, 0xFF, 0xDF, 0xFF, 0xDF, 0xFF, 0xDF, 0xFF, 0xDF, 0xFF, 0xDF, 0xFF,
    0xDF, 0xFF, 0x0A, 0x3A, 0xC4, 0x10, 0xC4, 0x10, 0xC4, 0x10, 0xBF, 0xF7, 0xDF, 0xFF, 0xDF, 0xFF,
    0xDF, 0xFF, 0xDF, 0xF7, 0x11, 0x7C, 0x67, 0x21, 0x67, 0x21, 0x11, 0x7C, 0xDF, 0xF7, 0xDF, 0xFF,
    0xDF, 0xFF, 0xDF, 0xFF, 0x93, 0x8C, 0xC4, 0x10, 0xC4, 0x10, 0xC4, 0x10, 0xBF, 0xF7, 0xDF, 0xFF,
    0xDF, 0xFF, 0xDF, 0xFF, 0xDF, 0xF7, 0x11, 0x7C, 0x67, 0x21, 0x67, 0x21, 0x11, 0x7C, 0xDF, 0xF7,
    0xDF, 0xFF, 0xDF, 0xFF, 0xDF, 0xFF, 0x93, 0x8C, 0xC4, 0x10, 0xC4, 0x10, 0xC4, 0x10, 0xBF, 0xF7,
    0xDF, 0xFF, 0xDF, 0xFF, 0xDF, 0xFF, 0x4A, 0x42, 0xC4, 0x10, 0xC4, 0x10, 0xC4, 0x10, 0xBF, 0xF7,
    0xDF, 0xFF, 0xDF, 0xFF, 0xDF, 0xFF, 0x4A, 0x42, 0xC4, 0x10, 0xC4, 0x10, 0xED, 0x5A, 0xDF, 0xFF,
    0xDF, 0xFF, 0xDF, 0xFF, 0xDF, 0xFF, 0xBB, 0xD6, 0xED, 0x5A, 0x67, 0x21, 0x26, 0x19, 0x09, 0x3A,
    0x31, 0x84, 0x93, 0x8C, 0xC4, 0x10, 0xC4, 0x10, 0xC4, 0x10, 0x5D, 0xEF, 0xDF, 0xFF, 0xDF, 0xFF,
    0xDF, 0xFF, 0xD4, 0x94, 0x46, 0x21, 0xE5, 0x10, 0x0A, 0x3A, 0xD7, 0xB5, 0xDF, 0xFF, 0xDF, 0xFF,
    0xDF, 0xFF, 0xDF, 0xFF, 0xED, 0x5A, 0xC4, 0x10, 0xC4, 0x10, 0xC4, 0x10, 0x72, 0x8C, 0xDF, 0xFF,
    0xDF, 0xFF, 0xDF, 0xFF, 0xBB, 0xD6, 0x88, 0x29, 0xC5, 0x10, 0xC4, 0x10, 0xC4, 0x10, 0xC4, 0x10,
    0xC4, 0x10, 0xBF, 0xF7, 0xDF, 0xFF, 0xDF, 0xFF, 0xDF, 0xFF, 0x4A, 0x42, 0xC4, 0x10, 0xC4, 0x10,
    0xC4, 0x10, 0x2D, 0x5B, 0xDF, 0xFF, 0xDF, 0xFF, 0xDF, 0xFF, 0xDF, 0xFF, 0x35, 0xA5, 0xA8, 0x31,
    0x26, 0x19, 0xEC, 0x52, 0x3D, 0xE7, 0xDF, 0xFF, 0xDF, 0xFF, 0xDF, 0xFF, 0x9A, 0xCE, 0xC4, 0x10,
    0xC4, 0x10, 0xC4, 0x10, 0xBF, 0xF7, 0xDF, 0xFF, 0xDF, 0xFF, 0xDF, 0xFF, 0x4A, 0x42, 0xC4, 0x10,
    0xC4, 0x10, 0xC4, 0x10, 0xC4, 0x10, 0xDF, 0xFF, 0xDF, 0xFF, 0xDF, 0xFF, 0xDF, 0xFF, 0x4A, 0x42,
    0xC4, 0x10, 0xC4, 0x10, 0xC4, 0x10, 0xC4, 0x10, 0xC4, 0x10, 0xC4, 0x10, 0xC4, 0x10, 0xC4, 0x10,
    0xC4, 0x10, 0xC4, 0x10, 0xC4, 0x10, 0xC4, 0x10, 0xC4, 0x10, 0xC4, 0x10, 0xC4, 0x10, 0xC4, 0x10,
    0xC4, 0x10, 0xC4, 0x10, 0xC4, 0x10, 0xC4, 0x10, 0xC4, 0x10, 0xC4, 0x10, 0xC4, 0x10, 0xC4, 0x10,
    0xC4, 0x10, 0xC4, 0x10, 0xC4, 0x10, 0xC4, 0x10, 0xC4, 0x10, 0xC4, 0x10, 0xC4, 0x10, 0xE5, 0x18,
    0x7E, 0xEF, 0xDF, 0xFF, 0xDF, 0xFF, 0xDF, 0xFF, 0xD4, 0x94, 0xC4, 0x10, 0xC4, 0x10, 0xC4, 0x10,
    0xC4, 0x10, 0xC4, 0x10, 0xC4, 0x10, 0x05, 0x19, 0x7E, 0xEF, 0xDF, 0xFF, 0xDF, 0xFF, 0xDF, 0xFF,
    0xB3, 0x94, 0xC4, 0x10, 0xC4, 0x10, 0x7A, 0xCE, 0xDF, 0xFF, 0xDF, 0xFF, 0xDF, 0xFF, 0xD8, 0xBD,
    0xC4, 0x10, 0xC4, 0x10, 0xC4, 0x10, 0xC4, 0x10, 0xC4, 0x10, 0xC4, 0x10, 0xC4, 0x10, 0xC4, 0x10,
    0xC4, 0x10, 0xC4, 0x10, 0xC4, 0x10, 0xC4, 0x10, 0xC4, 0x10, 0xC4, 0x10, 0x7A, 0xCE, 0xDF, 0xFF,
    0xDF, 0xFF, 0xDF, 0xFF, 0xD8, 0xBD, 0xC4, 0x10, 0xC4, 0x10, 0xC4, 0x10, 0xC4, 0x10, 0xC4, 0x10,
    0xC4, 0x10, 0xC4, 0x10, 0xC4, 0x10, 0xC4, 0x10, 0xB7, 0xB5, 0xDF, 0xFF, 0xDF, 0xFF, 0xDF, 0xFF,
    0xDF, 0xFF, 0xDF, 0xFF, 0xDF, 0xFF, 0xDF, 0xFF, 0xDF, 0xFF, 0xDF, 0xFF, 0xDF, 0xFF, 0xDF, 0xFF,
    0xDF, 0xFF, 0xED, 0x5A, 0xC4, 0x10, 0xC4, 0x10, 0xC4, 0x10, 0xC4, 0x10, 0x96, 0xAD, 0xDF, 0xFF,
    0xDF, 0xFF, 0xDF, 0xFF, 0xDF, 0xFF, 0xDF, 0xFF, 0xDF, 0xFF, 0xDF, 0xFF, 0xDF, 0xFF, 0xDF, 0xFF,
    0x35, 0xA5, 0xC4, 0x10, 0xC4, 0x10, 0xC4, 0x10, 0xD7, 0xB5, 0xDF, 0xFF, 0xDF, 0xFF, 0xDF, 0xFF,
    0xDF, 0xFF, 0xDF, 0xFF, 0xDF, 0xFF, 0xDF, 0xFF, 0xDF, 0xFF, 0xDF, 0xFF, 0xDF, 0xFF, 0xDF, 0xFF,
    0x52, 0x84, 0xC4, 0x10, 0xC4, 0x10, 0xC4, 0x10, 0xC4, 0x10, 0xC4, 0x10, 0xC4, 0x10, 0xC4, 0x10,
    0xC4, 0x10, 0xC4, 0x10, 0xC4, 0x10, 0xC4, 0x10, 0x7A, 0xCE, 0xDF, 0xFF, 0xDF, 0xFF, 0xDF, 0xFF,
    0xD8, 0xBD, 0xC4, 0x10, 0xC4, 0x10, 0xC4, 0x10, 0xC4, 0x10, 0x05, 0x19, 0x5D, 0xE7, 0xDF, 0xFF,
    0xDF, 0xFF, 0xDF, 0xFF, 0x9A, 0xD6, 0xC5, 0x10, 0xC4, 0x10, 0xC4, 0x10, 0xC4, 0x10, 0xD7, 0xB5,
    0xDF, 0xFF, 0xDF, 0xFF, 0xDF, 0xFF, 0xDF, 0xFF, 0xDF, 0xFF, 0xDF, 0xFF, 0xDF, 0xFF, 0xDF, 0xFF,
    0xDF, 0xFF, 0xDF, 0xFF, 0xDF, 0xFF, 0x52, 0x84, 0xC4, 0x10, 0xC4, 0x10, 0xC4, 0x10, 0x96, 0xAD,
    0xDF, 0xFF, 0xDF, 0xFF, 0xDF, 0xFF, 0xDF, 0xFF, 0xDF, 0xFF, 0xDF, 0xFF, 0xDF, 0xFF, 0xDF, 0xFF,
    0xDF, 0xFF, 0x35, 0xA5, 0xC4, 0x10, 0xC4, 0x10, 0xC5, 0x10, 0xF8, 0xBD, 0xDF, 0xFF, 0xDF, 0xFF,
    0xDF, 0xFF, 0xDF, 0xFF, 0xDF, 0xFF, 0xDF, 0xFF, 0xDF, 0xFF, 0xDF, 0xFF, 0xDF, 0xFF, 0xDF, 0xFF,
    0xBE, 0xF7, 0x6B, 0x42, 0xC4, 0x10, 0xC4, 0x10, 0xC4, 0x10, 0xE5, 0x10, 0x7A, 0xCE, 0xDF, 0xFF,
    0xDF, 0xFF, 0xDF, 0xFF, 0xDF, 0xFF, 0xDF, 0xFF, 0xDF, 0xFF, 0xDF, 0xFF, 0xDF, 0xFF, 0xDF, 0xFF,
    0xDF, 0xFF, 0xDF, 0xFF, 0xDF, 0xFF, 0xE9, 0x39, 0xC4, 0x10, 0xC4, 0x10, 0xC4, 0x10, 0xBF, 0xF7,
    0xDF, 0xFF, 0xDF, 0xFF, 0xDF, 0xFF, 0x4A, 0x42, 0xC4, 0x10, 0xC4, 0x10, 0xC4, 0x10, 0xC4, 0x10,
    0xDF, 0xFF, 0xDF, 0xFF, 0xDF, 0xFF, 0xDF, 0xFF, 0x4A, 0x42, 0xC4, 0x10, 0xC4, 0x10, 0xC4, 0x10,
    0xBF, 0xF7, 0xDF, 0xFF, 0xDF, 0xFF, 0xDF, 0xFF, 0x4A, 0x42, 0xC4, 0x10, 0xC4, 0x10, 0xC4, 0x10,
    0x0D, 0x5B, 0xDF, 0xFF, 0xDF, 0xFF, 0xDF, 0xFF, 0xDF, 0xFF, 0xDF, 0xFF, 0xDF, 0xFF, 0xDF, 0xFF,
    0xD3, 0x94, 0xC4, 0x10, 0xC4, 0x10, 0xC4, 0x10, 0xBF, 0xF7, 0xDF, 0xFF, 0xDF, 0xFF, 0xDF, 0xFF,
    0x4A, 0x42, 0xC4, 0x10, 0xC4, 0x10, 0xC5, 0x10, 0xF8, 0xBD, 0xDF, 0xFF, 0xDF, 0xFF, 0xDF, 0xFF,
    0xDF, 0xFF, 0xDF, 0xFF, 0xDF, 0xFF, 0xDF, 0xFF, 0xDF, 0xFF, 0xDF, 0xFF, 0xDF, 0xFF, 0xBE, 0xF7,
    0x6B, 0x42, 0xC4, 0x10, 0xC4, 0x10, 0xC4, 0x10, 0xC4, 0x10, 0xBF, 0xF7, 0xDF, 0xFF, 0xDF, 0xFF,
    0xDF, 0xFF, 0x4A, 0x42, 0xC4, 0x10, 0xC4, 0x10, 0xC4, 0x10, 0xC4, 0x10, 0xDF, 0xFF, 0xDF, 0xFF,
    0xDF, 0xFF, 0xDF, 0xFF, 0x4A, 0x42, 0xC4, 0x10, 0xC4, 0x10, 0xC4, 0x10, 0xC4, 0x10, 0xC4, 0x10,
    0xC4, 0x10, 0xC4, 0x10, 0xC4, 0x10, 0xC4, 0x10, 0xE5, 0x18, 0x7E, 0xEF, 0xDF, 0xFF, 0xDF, 0xFF,
    0xDF, 0xFF, 0xD4, 0x94, 0xC4, 0x10, 0xC4, 0x10, 0xC4, 0x10, 0xC4, 0x10, 0xC4, 0x10, 0xC4, 0x10,
    0x05, 0x19, 0x7E, 0xEF, 0xDF, 0xFF, 0xDF, 0xFF, 0xDF, 0xFF, 0xB3, 0x94, 0xC4, 0x10, 0xC4, 0x10,
    0xC4, 0x10, 0xBF, 0xF7, 0xDF, 0xFF, 0xDF, 0xFF, 0xDF, 0xFF, 0xDF, 0xFF, 0xDF, 0xFF, 0xDF, 0xFF,
    0xDF, 0xFF, 0xDF, 0xFF, 0xDF, 0xFF, 0xDF, 0xFF, 0xDF, 0xFF, 0x5D, 0xEF, 0x67, 0x21, 0xC4, 0x10,
    0xC4, 0x10, 0xC4, 0x10, 0xBF, 0xF7, 0xDF, 0xFF, 0xDF, 0xFF, 0xDF, 0xFF, 0xDF, 0xFF, 0xDF, 0xFF,
    0xDF, 0xFF, 0xDF, 0xFF, 0xDF, 0xFF, 0xDF, 0xFF, 0xDF, 0xFF, 0xDF, 0xFF, 0x5D, 0xEF, 0x67, 0x21,
    0xC4, 0x10, 0xC4, 0x10, 0xC4, 0x10, 0xBF, 0xF7, 0xDF, 0xFF, 0xDF, 0xFF, 0xDF, 0xFF, 0x4A, 0x42,
    0xC4, 0x10, 0xC4, 0x10, 0xC4, 0x10, 0xBF, 0xF7, 0xDF, 0xFF, 0xDF, 0xFF, 0xDF, 0xFF, 0x4A, 0x42,
    0xC4, 0x10, 0xC4, 0x10, 0xC4, 0x10, 0x96, 0xAD, 0xDF, 0xFF, 0xDF, 0xFF, 0xDF, 0xFF, 0xDF, 0xFF,
    0xDF, 0xFF, 0xDF, 0xFF, 0xDF, 0xFF, 0xDF, 0xFF, 0xDF, 0xFF, 0x35, 0xA5, 0xC4, 0x10, 0xC4, 0x10,
    0xC4, 0x10, 0xB7, 0xB5, 0xDF, 0xFF, 0xDF, 0xFF, 0xDF, 0xFF, 0xDF, 0xFF, 0xDF, 0xFF, 0xDF, 0xFF,
    0xDF, 0xFF, 0xDF, 0xFF, 0xDF, 0xFF, 0xDF, 0xFF, 0xDF, 0xFF, 0xDF, 0xFF, 0xED, 0x5A, 0xC4, 0x10,
    0xC4, 0x10, 0xC4, 0x10, 0x0D, 0x5B, 0xDF, 0xFF, 0xDF, 0xFF, 0xDF, 0xFF, 0xDF, 0xFF, 0xDF, 0xFF,
    0xDF, 0xFF, 0xDF, 0xFF, 0xD3, 0x94, 0xC4, 0x10, 0xC4, 0x10, 0xBF, 0xF7, 0xDF, 0xFF, 0xDF, 0xFF,
    0xDF, 0xFF, 0x4A, 0x42, 0xC4, 0x10, 0xC4, 0x10, 0xC4, 0x10, 0xC5, 0x10, 0xF8, 0xBD, 0xDF, 0xFF,
    0xDF, 0xFF, 0xDF, 0xFF, 0xDF, 0xFF, 0xDF, 0xFF, 0xDF, 0xFF, 0xDF, 0xFF, 0xDF, 0xFF, 0xDF, 0xFF,
    0xDF, 0xFF, 0xBE, 0xF7, 0x6B, 0x42, 0xC4, 0x10, 0xC4, 0x10, 0xC4, 0x10, 0xBF, 0xF7, 0xDF, 0xFF,
    0xDF, 0xFF, 0xDF, 0xFF, 0x4A, 0x42, 0xC4, 0x10, 0xC4, 0x10, 0xC4, 0x10, 0xC4, 0x10, 0xDF, 0xFF,
    0xDF, 0xFF, 0xDF, 0xFF, 0xDF, 0xFF, 0x4A, 0x42, 0xC4, 0x10, 0xC4, 0x10, 0xC4, 0x10, 0xC4, 0x10,
    0xC4, 0x10, 0xC4, 0x10, 0xC4, 0x10, 0xC4, 0x10, 0xC4, 0x10, 0xC4, 0x10, 0xC4, 0x10, 0xC4, 0x10,
    0xC4, 0x10, 0xC4, 0x10, 0xC4, 0x10, 0xC4, 0x10, 0xC4, 0x10, 0xC4, 0x10, 0xC4, 0x10, 0xC4, 0x10,
    0xC4, 0x10, 0xC4, 0x10, 0xC4, 0x10, 0xC4, 0x10, 0xC4, 0x10, 0xC4, 0x10, 0xC4, 0x10, 0xC4, 0x10,
    0xC4, 0x10, 0xC4, 0x10, 0xC4, 0x10, 0x2E, 0x63, 0xDF, 0xFF, 0xDF, 0xFF, 0xDF, 0xFF, 0xDF, 0xFF,
    0x2A, 0x42, 0xC4, 0x10, 0xC4, 0x10, 0xC4, 0x10, 0xC4, 0x10, 0xC4, 0x10, 0xC4, 0x10, 0xC4, 0x10,
    0x35, 0xA5, 0xDF, 0xFF, 0xDF, 0xFF, 0xDF, 0xFF, 0x3C, 0xE7, 0xC5, 0x10, 0xC4, 0x10, 0x7A, 0xCE,
    0xDF, 0xFF, 0xDF, 0xFF, 0xDF, 0xFF, 0xD8, 0xBD, 0xC4, 0x10, 0xC4, 0x10, 0xC4, 0x10, 0xC4, 0x10,
    0xC4, 0x10, 0xC4, 0x10, 0xC4, 0x10, 0xC4, 0x10, 0xC4, 0x10, 0xC4, 0x10, 0xC4, 0x10, 0xC4, 0x10,
    0xC4, 0x10, 0xC4, 0x10, 0x7A, 0xCE, 0xDF, 0xFF, 0xDF, 0xFF, 0xDF, 0xFF, 0xD8, 0xBD, 0xC4, 0x10,
    0xC4, 0x10, 0xC4, 0x10, 0xC4, 0x10, 0xC4, 0x10, 0xC4, 0x10, 0xC4, 0x10, 0xC4, 0x10, 0xC4, 0x10,
    0xC9, 0x31, 0x5D, 0xEF, 0xDF, 0xFF, 0xDF, 0xFF, 0xDF, 0xFF, 0xDF, 0xFF, 0xDF, 0xFF, 0xDF, 0xFF,
    0xD4, 0x94, 0x5D, 0xE7, 0xDF, 0xFF, 0xDF, 0xFF, 0xDF, 0xFF, 0xED, 0x5A, 0xC4, 0x10, 0xC4, 0x10,
    0xC4, 0x10, 0xC4, 0x10, 0xE5, 0x10, 0x15, 0x9D, 0xDF, 0xFF, 0xDF, 0xFF, 0xDF, 0xFF, 0xDF, 0xFF,
    0xDF, 0xFF, 0xDF, 0xFF, 0xDF, 0xFF, 0xDF, 0xFF, 0x35, 0xA5, 0xC4, 0x10, 0xC4, 0x10, 0xC4, 0x10,
    0x05, 0x19, 0x56, 0xA5, 0xDF, 0xFF, 0xDF, 0xFF, 0xDF, 0xFF, 0xDF, 0xFF, 0xDF, 0xFF, 0xDF, 0xFF,
    0xDF, 0xFF, 0xDF, 0xFF, 0xDF, 0xFF, 0xDF, 0xFF, 0x52, 0x84, 0xC4, 0x10, 0xC4, 0x10, 0xC4, 0x10,
    0xC4, 0x10, 0xC4, 0x10, 0xC4, 0x10, 0xC4, 0x10, 0xC4, 0x10, 0xC4, 0x10, 0xC4, 0x10, 0xC4, 0x10,
    0x7A, 0xCE, 0xDF, 0xFF, 0xDF, 0xFF, 0xDF, 0xFF, 0xD8, 0xBD, 0xC4, 0x10, 0xC4, 0x10, 0xC4, 0x10,
    0xC4, 0x10, 0xC4, 0x10, 0x52, 0x84, 0xDF, 0xFF, 0xDF, 0xFF, 0xDF, 0xFF, 0xDF, 0xFF, 0xCC, 0x52,
    0xC4, 0x10, 0xC4, 0x10, 0xC4, 0x10, 0x05, 0x19, 0x56, 0xA5, 0xDF, 0xFF, 0xDF, 0xFF, 0xDF, 0xFF,
    0xDF, 0xFF, 0xDF, 0xFF, 0xDF, 0xFF, 0xDF, 0xFF, 0xDF, 0xFF, 0xDF, 0xFF, 0xDF, 0xFF, 0x52, 0x84,
    0xC4, 0x10, 0xC4, 0x10, 0xC4, 0x10, 0xE5, 0x10, 0x15, 0x9D, 0xDF, 0xFF, 0xDF, 0xFF, 0xDF, 0xFF,
    0xDF, 0xFF, 0xDF, 0xFF, 0xDF, 0xFF, 0xDF, 0xFF, 0xDF, 0xFF, 0x35, 0xA5, 0xC4, 0x10, 0xC4, 0x10,
    0xC4, 0x10, 0x26, 0x19, 0x97, 0xB5, 0xDF, 0xFF, 0xDF, 0xFF, 0xDF, 0xFF, 0xDF, 0xFF, 0xDF, 0xFF,
    0xDF, 0xFF, 0xDF, 0xFF, 0xDF, 0xFF, 0x5D, 0xEF, 0xCC, 0x52, 0xC4, 0x10, 0xC4, 0x10, 0xC4, 0x10,
    0xC4, 0x10, 0xC4, 0x10, 0xA8, 0x31, 0xFC, 0xDE, 0xDF, 0xFF, 0xDF, 0xFF, 0xDF, 0xFF, 0xDF, 0xFF,
    0xDF, 0xFF, 0xDF, 0xF7, 0x31, 0x84, 0xDF, 0xFF, 0xDF, 0xFF, 0xDF, 0xFF, 0xDF, 0xFF, 0xE9, 0x39,
    0xC4, 0x10, 0xC4, 0x10, 0xC4, 0x10, 0xBF, 0xF7, 0xDF, 0xFF, 0xDF, 0xFF, 0xDF, 0xFF, 0x4A, 0x42,
    0xC4, 0x10, 0xC4, 0x10, 0xC4, 0x10, 0xC4, 0x10, 0xDF, 0xFF, 0xDF, 0xFF, 0xDF, 0xFF, 0xDF, 0xFF,
    0x4A, 0x42, 0xC4, 0x10, 0xC4, 0x10, 0xC4, 0x10, 0xBF, 0xF7, 0xDF, 0xFF, 0xDF, 0xFF, 0xDF, 0xFF,
    0x4A, 0x42, 0xC4, 0x10, 0xC4, 0x10, 0xC4, 0x10, 0xE5, 0x18, 0xDB, 0xD6, 0xDF, 0xFF, 0xDF, 0xFF,
    0xDF, 0xFF, 0xDF, 0xFF, 0xDF, 0xFF, 0xDF, 0xFF, 0xD3, 0x94, 0xC4, 0x10, 0xC4, 0x10, 0xC4, 0x10,
    0xBF, 0xF7, 0xDF, 0xFF, 0xDF, 0xFF, 0xDF, 0xFF, 0x4A, 0x42, 0xC4, 0x10, 0xC4, 0x10, 0xC4, 0x10,
    0x26, 0x19, 0x97, 0xB5, 0xDF, 0xFF, 0xDF, 0xFF, 0xDF, 0xFF, 0xDF, 0xFF, 0xDF, 0xFF, 0xDF, 0xFF,
    0xDF, 0xFF, 0xDF, 0xFF, 0x5D, 0xEF, 0xCC, 0x52, 0xC4, 0x10, 0xC4, 0x10, 0xC4, 0x10, 0xC4, 0x10,
    0xC4, 0x10, 0xBF, 0xF7, 0xDF, 0xFF, 0xDF, 0xFF, 0xDF, 0xFF, 0x4A, 0x42, 0xC4, 0x10, 0xC4, 0x10,
    0xC4, 0x10, 0xC4, 0x10, 0xDF, 0xFF, 0xDF, 0xFF, 0xDF, 0xFF, 0xDF, 0xFF, 0x4A, 0x42, 0xC4, 0x10,
    0xC4, 0x10, 0xC4, 0x10, 0xC4, 0x10, 0xC4, 0x10, 0xC4, 0x10, 0xC4, 0x10, 0xC4, 0x10, 0xC4, 0x10,
    0x2E, 0x63, 0xDF, 0xFF, 0xDF, 0xFF, 0xDF, 0xFF, 0xDF, 0xFF, 0x2A, 0x42, 0xC4, 0x10, 0xC4, 0x10,
    0xC4, 0x10, 0xC4, 0x10, 0xC4, 0x10, 0xC4, 0x10, 0xC4, 0x10, 0x35, 0xA5, 0xDF, 0xFF, 0xDF, 0xFF,
    0xDF, 0xFF, 0x3C, 0xE7, 0xC5, 0x10, 0xC4, 0x10, 0xC4, 0x10, 0xBF, 0xF7, 0xDF, 0xFF, 0xDF, 0xFF,
    0xDF, 0xFF, 0x72, 0x8C, 0x9E, 0xF7, 0xDF, 0xFF, 0xDF, 0xFF, 0xDF, 0xFF, 0xDF, 0xFF, 0xDF, 0xFF,
    0x9E, 0xEF, 0x8B, 0x4A, 0xC4, 0x10, 0xC4, 0x10, 0xC4, 0x10, 0xC4, 0x10, 0xBF, 0xF7, 0xDF, 0xFF,
    0xDF, 0xFF, 0xDF, 0xFF, 0x72, 0x8C, 0x9E, 0xF7, 0xDF, 0xFF, 0xDF, 0xFF, 0xDF, 0xFF, 0xDF, 0xFF,
    0xDF, 0xFF, 0x9E, 0xEF, 0x8B, 0x4A, 0xC4, 0x10, 0xC4, 0x10, 0xC4, 0x10, 0xC4, 0x10, 0xBF, 0xF7,
    0xDF, 0xFF, 0xDF, 0xFF, 0xDF, 0xFF, 0x4A, 0x42, 0xC4, 0x10, 0xC4, 0x10, 0xC4, 0x10, 0xBF, 0xF7,
    0xDF, 0xFF, 0xDF, 0xFF, 0xDF, 0xFF, 0x4A, 0x42, 0xC4, 0x10, 0xC4, 0x10, 0xC4, 0x10, 0xE5, 0x10,
    0x15, 0x9D, 0xDF, 0xFF, 0xDF, 0xFF, 0xDF, 0xFF, 0xDF, 0xFF, 0xDF, 0xFF, 0xDF, 0xFF, 0xDF, 0xFF,
    0xDF, 0xFF, 0x35, 0xA5, 0xC4, 0x10, 0xC4, 0x10, 0xC4, 0x10, 0xC9, 0x31, 0x5D, 0xEF, 0xDF, 0xFF,
    0xDF, 0xFF, 0xDF, 0xFF, 0xDF, 0xFF, 0xDF, 0xFF, 0xDF, 0xFF, 0xD4, 0x94, 0x5D, 0xE7, 0xDF, 0xFF,
    0xDF, 0xFF, 0xDF, 0xFF, 0xED, 0x5A, 0xC4, 0x10, 0xC4, 0x10, 0xC4, 0x10, 0xE5, 0x18, 0xDB, 0xD6,
    0xDF, 0xFF, 0xDF, 0xFF, 0xDF, 0xFF, 0xDF, 0xFF, 0xDF, 0xFF, 0xDF, 0xFF, 0xD3, 0x94, 0xC4, 0x10,
    0xC4, 0x10, 0xBF, 0xF7, 0xDF, 0xFF, 0xDF, 0xFF, 0xDF, 0xFF, 0x4A, 0x42, 0xC4, 0x10, 0xC4, 0x10,
    0xC4, 0x10, 0xC4, 0x10, 0x26, 0x19, 0x97, 0xB5, 0xDF, 0xFF, 0xDF, 0xFF, 0xDF, 0xFF, 0xDF, 0xFF,
    0xDF, 0xFF, 0xDF, 0xFF, 0xDF, 0xFF, 0xDF, 0xFF, 0x5D, 0xEF, 0xCC, 0x52, 0xC4, 0x10, 0xC4, 0x10,
    0xC4, 0x10, 0xC4, 0x10, 0xBF, 0xF7, 0xDF, 0xFF, 0xDF, 0xFF, 0xDF, 0xFF, 0x4A, 0x42, 0xC4, 0x10,
    0xC4, 0x10, 0xC4, 0x10, 0xC4, 0x10, 0xDF, 0xFF, 0xDF, 0xFF, 0xDF, 0xFF, 0xDF, 0xFF, 0x4A, 0x42,
    0xC4, 0x10, 0xC4, 0x10, 0xC4, 0x10, 0xC4, 0x10, 0xC4, 0x10, 0xC4, 0x10, 0xC4, 0x10, 0xC4, 0x10,
    0xC4, 0x10, 0xC4, 0x10, 0xC4, 0x10, 0xC4, 0x10, 0xC4, 0x10, 0xC4, 0x10, 0xC4, 0x10, 0xC4, 0x10,
    0xC4, 0x10, 0xC4, 0x10, 0xC4, 0x10, 0xC4, 0x10, 0xC4, 0x10, 0xC4, 0x10, 0xC4, 0x10, 0xC4, 0x10,
    0xC4, 0x10, 0xC4, 0x10, 0xC4, 0x10, 0xC4, 0x10, 0xC4, 0x10, 0xC4, 0x10, 0xC4, 0x10, 0xB7, 0xB5,
    0xDF, 0xFF, 0xDF, 0xFF, 0xDF, 0xFF, 0xBB, 0xD6, 0xC4, 0x10, 0xC4, 0x10, 0xC4, 0x10, 0xC4, 0x10,
    0xC4, 0x10, 0xC4, 0x10, 0xC4, 0x10, 0xC4, 0x10, 0x8B, 0x4A, 0xDF, 0xFF, 0xDF, 0xFF, 0xDF, 0xFF,
    0xDF, 0xFF, 0xAC, 0x52, 0xC4, 0x10, 0x7A, 0xCE, 0xDF, 0xFF, 0xDF, 0xFF, 0xDF, 0xFF, 0xD8, 0xBD,
    0xC4, 0x10, 0xC4, 0x10, 0xC4, 0x10, 0xC4, 0x10, 0xC4, 0x10, 0xC4, 0x10, 0xC4, 0x10, 0xC4, 0x10,
    0xC4, 0x10, 0xC4, 0x10, 0xC4, 0x10, 0xC4, 0x10, 0xC4, 0x10, 0xC4, 0x10, 0x7A, 0xCE, 0xDF, 0xFF,
    0xDF, 0xFF, 0xDF, 0xFF, 0xD8, 0xBD, 0xC4, 0x10, 0xC4, 0x10, 0xC4, 0x10, 0xC4, 0x10, 0xC4, 0x10,
    0xC4, 0x10, 0xC4, 0x10, 0xC4, 0x10, 0xC4, 0x10, 0xC4, 0x10, 0x88, 0x29, 0x15, 0x9D, 0x1C, 0xE7,
    0xBF, 0xF7, 0x5D, 0xEF, 0xF8, 0xBD, 0x0D, 0x5B, 0xC4, 0x10, 0x5D, 0xE7, 0xDF, 0xFF, 0xDF, 0xFF,
    0xDF, 0xFF, 0xED, 0x5A, 0xC4, 0x10, 0xC4, 0x10, 0xC4, 0x10, 0xC4, 0x10, 0xC4, 0x10, 0xC4, 0x10,
    0x09, 0x3A, 0xD4, 0x94, 0x7A, 0xCE, 0x7D, 0xEF, 0xBF, 0xF7, 0x1C, 0xE7, 0x18, 0xBE, 0xD0, 0x73,
    0x46, 0x21, 0xC4, 0x10, 0xC4, 0x10, 0xC4, 0x10, 0xC4, 0x10, 0xC4, 0x10, 0x4A, 0x42, 0xF4, 0x9C,
    0x9A, 0xCE, 0x7D, 0xEF, 0xBF, 0xF7, 0x5D, 0xE7, 0xBB, 0xD6, 0xF8, 0xBD, 0x52, 0x84, 0x8B, 0x4A,
    0xE5, 0x18, 0xC4, 0x10, 0xC4, 0x10, 0xC4, 0x10, 0xC4, 0x10, 0xC4, 0x10, 0xC4, 0x10, 0xC4, 0x10,
    0xC4, 0x10, 0xC4, 0x10, 0xC4, 0x10, 0xC4, 0x10, 0x7A, 0xCE, 0xDF, 0xFF, 0xDF, 0xFF, 0xDF, 0xFF,
    0xD8, 0xBD, 0xC4, 0x10, 0xC4, 0x10, 0xC4, 0x10, 0xC4, 0x10, 0xC4, 0x10, 0x46, 0x21, 0x9E, 0xEF,
    0xDF, 0xFF, 0xDF, 0xFF, 0xDF, 0xFF, 0x39, 0xC6, 0xC4, 0x10, 0xC4, 0x10, 0xC4, 0x10, 0xC4, 0x10,
    0xC4, 0x10, 0x4A, 0x42, 0xF4, 0x9C, 0x9A, 0xCE, 0x7D, 0xEF, 0xBF, 0xF7, 0x5D, 0xE7, 0xBB, 0xD6,
    0xF8, 0xBD, 0x52, 0x84, 0x8B, 0x4A, 0xE5, 0x18, 0xC4, 0x10, 0xC4, 0x10, 0xC4, 0x10, 0xC4, 0x10,
    0xC4, 0x10, 0x09, 0x3A, 0xD4, 0x94, 0x7A, 0xCE, 0x7D, 0xEF, 0xBF, 0xF7, 0x1C, 0xE7, 0x18, 0xBE,
    0xD0, 0x73, 0x46, 0x21, 0xC4, 0x10, 0xC4, 0x10, 0xC4, 0x10, 0xC4, 0x10, 0xC4, 0x10, 0x8B, 0x4A,
    0x35, 0xA5, 0xDB, 0xD6, 0x7E, 0xEF, 0xBF, 0xF7, 0x3D, 0xE7, 0x18, 0xBE, 0x11, 0x7C, 0x46, 0x21,
    0xC4, 0x10, 0xC4, 0x10, 0xC4, 0x10, 0xC4, 0x10, 0xC4, 0x10, 0xC4, 0x10, 0xC4, 0x10, 0x26, 0x21,
    0x93, 0x8C, 0xFC, 0xDE, 0xBE, 0xF7, 0x3D, 0xE7, 0xB7, 0xB5, 0x6B, 0x42, 0xE9, 0x31, 0xDF, 0xFF,
    0xDF, 0xFF, 0xDF, 0xFF, 0xDF, 0xFF, 0x87, 0x29, 0xC4, 0x10, 0xC4, 0x10, 0xC4, 0x10, 0xBF, 0xF7,
    0xDF, 0xFF, 0xDF, 0xFF, 0xDF, 0xFF, 0x4A, 0x42, 0xC4, 0x10, 0xC4, 0x10, 0xC4, 0x10, 0xC4, 0x10,
    0xDF, 0xFF, 0xDF, 0xFF, 0xDF, 0xFF, 0xDF, 0xFF, 0x4A, 0x42, 0xC4, 0x10, 0xC4, 0x10, 0xC4, 0x10,
    0xBF, 0xF7, 0xDF, 0xFF, 0xDF, 0xFF, 0xDF, 0xFF, 0x4A, 0x42, 0xC4, 0x10, 0xC4, 0x10, 0xC4, 0x10,
    0xC4, 0x10, 0x67, 0x29, 0x14, 0x9D, 0xFC, 0xDE, 0xBE, 0xF7, 0xDF, 0xFF, 0xDF, 0xFF, 0xDF, 0xFF,
    0xD3, 0x94, 0xC4, 0x10, 0xC4, 0x10, 0xC4, 0x10, 0xBF, 0xF7, 0xDF, 0xFF, 0xDF, 0xFF, 0xDF, 0xFF,
    0x4A, 0x42, 0xC4, 0x10, 0xC4, 0x10, 0xC4, 0x10, 0xC4, 0x10, 0xC4, 0x10, 0x8B, 0x4A, 0x35, 0xA5,
    0xDB, 0xD6, 0x7E, 0xEF, 0xBF, 0xF7, 0x3D, 0xE7, 0x18, 0xBE, 0x11, 0x7C, 0x46, 0x21, 0xC4, 0x10,
    0xC4, 0x10, 0xC4, 0x10, 0xC4, 0x10, 0xC4, 0x10, 0xC4, 0x10, 0xBF, 0xF7, 0xDF, 0xFF, 0xDF, 0xFF,
    0xDF, 0xFF, 0x4A, 0x42, 0xC4, 0x10, 0xC4, 0x10, 0xC4, 0x10, 0xC4, 0x10, 0xDF, 0xFF, 0xDF, 0xFF,
    0xDF, 0xFF, 0xDF, 0xFF, 0x4A, 0x42, 0xC4, 0x10, 0xC4, 0x10, 0xC4, 0x10, 0xC4, 0x10, 0xC4, 0x10,
    0xC4, 0x10, 0xC4, 0x10, 0xC4, 0x10, 0xC4, 0x10, 0xB7, 0xB5, 0xDF, 0xFF, 0xDF, 0xFF, 0xDF, 0xFF,
    0xBB, 0xD6, 0xC4, 0x10, 0xC4, 0x10, 0xC4, 0x10, 0xC4, 0x10, 0xC4, 0x10, 0xC4, 0x10, 0xC4, 0x10,
    0xC4, 0x10, 0x8B, 0x4A, 0xDF, 0xFF, 0xDF, 0xFF, 0xDF, 0xFF, 0xDF, 0xFF, 0xAC, 0x52, 0xC4, 0x10,
    0xC4, 0x10, 0xBF, 0xF7, 0xDF, 0xFF, 0xDF, 0xFF, 0xDF, 0xFF, 0x4A, 0x42, 0xC8, 0x31, 0x35, 0xA5,
    0x1C, 0xE7, 0xBF, 0xF7, 0x3C, 0xE7, 0x35, 0xA5, 0xC8, 0x31, 0xC4, 0x10, 0xC4, 0x10, 0xC4, 0x10,
    0xC4, 0x10, 0xC4, 0x10, 0xBF, 0xF7, 0xDF, 0xFF, 0xDF, 0xFF, 0xDF, 0xFF, 0x4A, 0x42, 0xC8, 0x31,
    0x35, 0xA5, 0x1C, 0xE7, 0xBF, 0xF7, 0x3C, 0xE7, 0x35, 0xA5, 0xC8, 0x31, 0xC4, 0x10, 0xC4, 0x10,
    0xC4, 0x10, 0xC4, 0x10, 0xC4, 0x10, 0xBF, 0xF7, 0xDF, 0xFF, 0xDF, 0xFF, 0xDF, 0xFF, 0x4A, 0x42,
    0xC4, 0x10, 0xC4, 0x10, 0xC4, 0x10, 0xBF, 0xF7, 0xDF, 0xFF, 0xDF, 0xFF, 0xDF, 0xFF, 0x4A, 0x42,
    0xC4, 0x10, 0xC4, 0x10, 0xC4, 0x10, 0xC4, 0x10, 0xC4, 0x10, 0x09, 0x3A, 0xD4, 0x94, 0x7A, 0xCE,
    0x7D, 0xEF, 0xBF, 0xF7, 0x1C, 0xE7, 0x18, 0xBE, 0xD0, 0x73, 0x46, 0x21, 0xC4, 0x10, 0xC4, 0x10,
    0xC4, 0x10, 0xC4, 0x10, 0x88, 0x29, 0x15, 0x9D, 0x1C, 0xE7, 0xBF, 0xF7, 0x5D, 0xEF, 0xF8, 0xBD,
    0x0D, 0x5B, 0xC4, 0x10, 0x5D, 0xE7, 0xDF, 0xFF, 0xDF, 0xFF, 0xDF, 0xFF, 0xED, 0x5A, 0xC4, 0x10,
    0xC4, 0x10, 0xC4, 0x10, 0xC4, 0x10, 0x67, 0x29, 0x14, 0x9D, 0xFC, 0xDE, 0xBE, 0xF7, 0xDF, 0xFF,
    0xDF, 0xFF, 0xDF, 0xFF, 0xD3, 0x94, 0xC4, 0x10, 0xC4, 0x10, 0xBF, 0xF7, 0xDF, 0xFF, 0xDF, 0xFF,
    0xDF, 0xFF, 0x4A, 0x42, 0xC4, 0x10, 0xC4, 0x10, 0xC4, 0x10, 0xC4, 0x10, 0xC4, 0x10, 0xC4, 0x10,
    0x8B, 0x4A, 0x35, 0xA5, 0xDB, 0xD6, 0x7E, 0xEF, 0xBF, 0xF7, 0x3D, 0xE7, 0x18, 0xBE, 0x11, 0x7C,
    0x46, 0x21, 0xC4, 0x10, 0xC4, 0x10, 0xC4, 0x10, 0xC4, 0x10, 0xC4, 0x10, 0xBF, 0xF7, 0xDF, 0xFF,
    0xDF, 0xFF, 0xDF, 0xFF, 0x4A, 0x42, 0xC4, 0x10, 0xC4, 0x10, 0xC4, 0x10, 0xC4, 0x10, 0xDF, 0xFF,
    0xDF, 0xFF, 0xDF, 0xFF, 0xDF, 0xFF, 0x4A, 0x42, 0xC4, 0x10, 0xC4, 0x10, 0xC4, 0x10, 0xC4, 0x10,
    0xC4, 0x10, 0xC4, 0x10, 0xC4, 0x10, 0xC4, 0x10, 0xC4, 0x10, 0xC4, 0x10, 0xC4, 0x10, 0xC4, 0x10,
    0xC4, 0x10, 0xC4, 0x10, 0xC4, 0x10, 0xC4, 0x10, 0xC4, 0x10, 0xC4, 0x10, 0xC4, 0x10, 0xC4, 0x10,
    0xC4, 0x10, 0xC4, 0x10, 0xC4, 0x10, 0xC4, 0x10, 0xC4, 0x10, 0xC4, 0x10, 0xC4, 0x10, 0xC4, 0x10,
    0xC4, 0x10, 0xC4, 0x10, 0xC4, 0x10, 0xC4, 0x10, 0xC4, 0x10, 0xC4, 0x10, 0xC4, 0x10, 0xC4, 0x10,
    0xC4, 0x10, 0xC4, 0x10, 0xC4, 0x10, 0xC4, 0x10, 0xC4, 0x10, 0xC4, 0x10, 0xC4, 0x10, 0xC4, 0x10,
    0xC4, 0x10, 0xC4, 0x10, 0xC4, 0x10, 0xC4, 0x10, 0xC4, 0x10, 0xC4, 0x10, 0xC4, 0x10, 0xC4, 0x10,
    0xC4, 0x10, 0xC4, 0x10, 0xC4, 0x10, 0xC4, 0x10, 0xC4, 0x10, 0xC4, 0x10, 0xC4, 0x10, 0xC4, 0x10,
    0xC4, 0x10, 0xC4, 0x10, 0xC4, 0x10, 0xC4, 0x10, 0xC4, 0x10, 0xC4, 0x10, 0xC4, 0x10, 0xC4, 0x10,
    0xC4, 0x10, 0xC4, 0x10, 0xC4, 0x10, 0xC4, 0x10, 0xC4, 0x10, 0xC4, 0x10, 0xC4, 0x10, 0xC4, 0x10,
    0xC4, 0x10, 0xC4, 0x10, 0xC4, 0x10, 0xC4, 0x10, 0xC4, 0x10, 0xC4, 0x10, 0xC4, 0x10, 0xC4, 0x10,
    0xC4, 0x10, 0xC4, 0x10, 0xC4, 0x10, 0xC4, 0x10, 0xC4, 0x10, 0xC4, 0x10, 0xC4, 0x10, 0xC4, 0x10,
    0xC4, 0x10, 0xC4, 0x10, 0xC4, 0x10, 0xC4, 0x10, 0xC4, 0x10, 0xC4, 0x10, 0xC4, 0x10, 0xC4, 0x10,
    0xC4, 0x10, 0xC4, 0x10, 0xC4, 0x10, 0xC4, 0x10, 0xC4, 0x10, 0xC4, 0x10, 0xC4, 0x10, 0xC4, 0x10,
    0xC4, 0x10, 0xC4, 0x10, 0xC4, 0x10, 0xC4, 0x10, 0xC4, 0x10, 0xC4, 0x10, 0xC4, 0x10, 0xC4, 0x10,
    0xC4, 0x10, 0xC4, 0x10, 0xC4, 0x10, 0xC4, 0x10, 0xC4, 0x10, 0xC4, 0x10, 0xC4, 0x10, 0xC4, 0x10,
    0xC4, 0x10, 0xC4, 0x10, 0xC4, 0x10, 0xC4, 0x10, 0xC4, 0x10, 0xC4, 0x10, 0xC4, 0x10, 0xC4, 0x10,
    0xC4, 0x10, 0xC4, 0x10, 0xC4, 0x10, 0xC4, 0x10, 0xC4, 0x10, 0xC4, 0x10, 0xC4, 0x10, 0xC4, 0x10,
    0xC4, 0x10, 0xC4, 0x10, 0xC4, 0x10, 0xC4, 0x10, 0xC4, 0x10, 0xC4, 0x10, 0xC4, 0x10, 0xC4, 0x10,
    0xC4, 0x10, 0xC4, 0x10, 0xC4, 0x10, 0xC4, 0x10, 0xC4, 0x10, 0xC4, 0x10, 0xC4, 0x10, 0xC4, 0x10,
    0xC4, 0x10, 0xC4, 0x10, 0xC4, 0x10, 0xC4, 0x10, 0xC4, 0x10, 0xC4, 0x10, 0xC4, 0x10, 0xC4, 0x10,
    0xC4, 0x10, 0xC4, 0x10, 0xC4, 0x10, 0xC4, 0x10, 0xC4, 0x10, 0xC4, 0x10, 0xC4, 0x10, 0xC4, 0x10,
    0xC4, 0x10, 0xC4, 0x10, 0xC4, 0x10, 0xC4, 0x10, 0xC4, 0x10, 0xC4, 0x10, 0xC4, 0x10, 0xC4, 0x10,
    0xC4, 0x10, 0xC4, 0x10, 0xC4, 0x10, 0xC4, 0x10, 0xC4, 0x10, 0xC4, 0x10, 0xC4, 0x10, 0xC4, 0x10,
    0xC4, 0x10, 0xC4, 0x10, 0xC4, 0x10, 0xC4, 0x10, 0xC4, 0x10, 0xC4, 0x10, 0xC4, 0x10, 0xC4, 0x10,
    0xC4, 0x10, 0xC4, 0x10, 0xC4, 0x10, 0xC4, 0x10, 0xC4, 0x10, 0xC4, 0x10, 0xC4, 0x10, 0xC4, 0x10,
    0xC4, 0x10, 0xC4, 0x10, 0xC4, 0x10, 0xC4, 0x10, 0xC4, 0x10, 0xC4, 0x10, 0xC4, 0x10, 0xC4, 0x10,
    0xC4, 0x10, 0xC4, 0x10, 0x52, 0x84, 0xDF, 0xFF, 0xDF, 0xFF, 0xDF, 0xFF, 0x7E, 0xEF, 0xE5, 0x10,
    0xC4, 0x10, 0xC4, 0x10, 0xC4, 0x10, 0xC4, 0x10, 0xC4, 0x10, 0xC4, 0x10, 0xC4, 0x10, 0xC4, 0x10,
    0xC4, 0x10, 0xC4, 0x10, 0xC4, 0x10, 0xC4, 0x10, 0xC4, 0x10, 0xC4, 0x10, 0xC4, 0x10, 0xC4, 0x10,
    0xC4, 0x10, 0xC4, 0x10, 0xC4, 0x10, 0xC4, 0x10, 0xC4, 0x10, 0xC4, 0x10, 0xC4, 0x10, 0xC4, 0x10,
    0xC4, 0x10, 0xC4, 0x10, 0xC4, 0x10, 0xC4, 0x10, 0xC4, 0x10, 0xC4, 0x10, 0xC4, 0x10, 0xC4, 0x10,
    0xC4, 0x10, 0xC4, 0x10, 0xC4, 0x10, 0xC4, 0x10, 0xC4, 0x10, 0xC4, 0x10, 0xC4, 0x10, 0xC4, 0x10,
    0xC4, 0x10, 0xC4, 0x10, 0xC4, 0x10, 0xC4, 0x10, 0xC4, 0x10, 0xC4, 0x10, 0xC4, 0x10, 0xC4, 0x10,
    0xC4, 0x10, 0xC4, 0x10, 0xC4, 0x10, 0xC4, 0x10, 0xC4, 0x10, 0xC4, 0x10, 0xC4, 0x10, 0xC4, 0x10,
    0xC4, 0x10, 0xC4, 0x10, 0xC4, 0x10, 0xC4, 0x10, 0xC4, 0x10, 0xC4, 0x10, 0xC4, 0x10, 0xC4, 0x10,
    0xC4, 0x10, 0xC4, 0x10, 0xC4, 0x10, 0xC4, 0x10, 0xC4, 0x10, 0xC4, 0x10, 0xC4, 0x10, 0xC4, 0x10,
    0xC4, 0x10, 0xC4, 0x10, 0xC4, 0x10, 0xC4, 0x10, 0xC4, 0x10, 0xC4, 0x10, 0xC4, 0x10, 0xC4, 0x10,
    0xC4, 0x10, 0xC4, 0x10, 0xC4, 0x10, 0xC4, 0x10, 0xC4, 0x10, 0xC4, 0x10, 0xC4, 0x10, 0xC4, 0x10,
    0xC4, 0x10, 0xC4, 0x10, 0xC4, 0x10, 0xC4, 0x10, 0xC4, 0x10, 0xC4, 0x10, 0xC4, 0x10, 0xC4, 0x10,
    0xC4, 0x10, 0xC4, 0x10, 0xC4, 0x10, 0xC4, 0x10, 0xC4, 0x10, 0xC4, 0x10, 0xC4, 0x10, 0xC4, 0x10,
    0xC4, 0x10, 0xC4, 0x10, 0xC4, 0x10, 0xC4, 0x10, 0xC4, 0x10, 0xBF, 0xF7, 0xDF, 0xFF, 0xDF, 0xFF,
    0xDF, 0xFF, 0x4A, 0x42, 0xC4, 0x10, 0xC4, 0x10, 0xC4, 0x10, 0xC4, 0x10, 0xC4, 0x10, 0xC4, 0x10,
    0xC4, 0x10, 0xC4, 0x10, 0xC4, 0x10, 0xC4, 0x10, 0xC4, 0x10, 0xC4, 0x10, 0xBF, 0xF7, 0xDF, 0xFF,
    0xDF, 0xFF, 0xDF, 0xFF, 0x4A, 0x42, 0xC4, 0x10, 0xC4, 0x10, 0xC4, 0x10, 0xC4, 0x10, 0xC4, 0x10,
    0xC4, 0x10, 0xC4, 0x10, 0xC4, 0x10, 0xC4, 0x10, 0xC4, 0x10, 0xC4, 0x10, 0xC4, 0x10, 0xC4, 0x10,
    0xC4, 0x10, 0xC4, 0x10, 0xC4, 0x10, 0xC4, 0x10, 0xC4, 0x10, 0xC4, 0x10, 0xC4, 0x10, 0xC4, 0x10,
    0xC4, 0x10, 0xC4, 0x10, 0xC4, 0x10, 0xC4, 0x10, 0xC4, 0x10, 0xC4, 0x10, 0xC4, 0x10, 0xC4, 0x10,
    0xC4, 0x10, 0xC4, 0x10, 0xC4, 0x10, 0xC4, 0x10, 0xC4, 0x10, 0xC4, 0x10, 0xC4, 0x10, 0xC4, 0x10,
    0xC4, 0x10, 0xC4, 0x10, 0xC4, 0x10, 0xC4, 0x10, 0xC4, 0x10, 0xC4, 0x10, 0xC4, 0x10, 0xC4, 0x10,
    0xC4, 0x10, 0xC4, 0x10, 0xC4, 0x10, 0xC4, 0x10, 0xC4, 0x10, 0xC4, 0x10, 0xC4, 0x10, 0xC4, 0x10,
    0xC4, 0x10, 0xC4, 0x10, 0xC4, 0x10, 0xC4, 0x10, 0xC4, 0x10, 0xC4, 0x10, 0xC4, 0x10, 0xC4, 0x10,
    0xC4, 0x10, 0xC4, 0x10, 0xC4, 0x10, 0xC4, 0x10, 0xC4, 0x10, 0xC4, 0x10, 0xC4, 0x10, 0xC4, 0x10,
    0xC4, 0x10, 0xC4, 0x10, 0xC4, 0x10, 0xC4, 0x10, 0xC4, 0x10, 0xC4, 0x10, 0xC4, 0x10, 0xC4, 0x10,
    0xC4, 0x10, 0xC4, 0x10, 0xC4, 0x10, 0xC4, 0x10, 0xC4, 0x10, 0xC4, 0x10, 0xC4, 0x10, 0xC4, 0x10,
    0xC4, 0x10, 0xC4, 0x10, 0xC4, 0x10, 0xC4, 0x10, 0xC4, 0x10, 0xC4, 0x10, 0xC4, 0x10, 0xC4, 0x10,
    0xC4, 0x10, 0xC4, 0x10, 0xC4, 0x10, 0xC4, 0x10, 0xC4, 0x10, 0xC4, 0x10, 0xC4, 0x10, 0xC4, 0x10,
    0xC4, 0x10, 0xC4, 0x10, 0xC4, 0x10, 0xC4, 0x10, 0xC4, 0x10, 0xC4, 0x10, 0xC4, 0x10, 0xC4, 0x10,
    0xC4, 0x10, 0xC4, 0x10, 0xC4, 0x10, 0xC4, 0x10, 0xC4, 0x10, 0xC4, 0x10, 0xC4, 0x10, 0xC4, 0x10,
    0xC4, 0x10, 0xC4, 0x10, 0xC4, 0x10, 0xC4, 0x10, 0xC4, 0x10, 0xC4, 0x10, 0xC4, 0x10, 0xC4, 0x10,
    0xC4, 0x10, 0xC4, 0x10, 0xC4, 0x10, 0xC4, 0x10, 0xC4, 0x10, 0xC4, 0x10, 0xC4, 0x10, 0xC4, 0x10,
    0xC4, 0x10, 0xC4, 0x10, 0xC4, 0x10, 0xC4, 0x10, 0xC4, 0x10, 0xC4, 0x10, 0xC4, 0x10, 0xC4, 0x10,
    0xC4, 0x10, 0xC4, 0x10, 0xC4, 0x10, 0xC4, 0x10, 0xC4, 0x10, 0xC4, 0x10, 0xC4, 0x10, 0xC4, 0x10,
    0xC4, 0x10, 0xC4, 0x10, 0xC4, 0x10, 0xC4, 0x10, 0xC4, 0x10, 0xC4, 0x10, 0xC4, 0x10, 0xC4, 0x10,
    0xC4, 0x10, 0xC4, 0x10, 0xC4, 0x10, 0xC4, 0x10, 0xC4, 0x10, 0xC4, 0x10, 0xC4, 0x10, 0xC4, 0x10,
    0xC4, 0x10, 0xC4, 0x10, 0xC4, 0x10, 0xC4, 0x10, 0xC4, 0x10, 0xC4, 0x10, 0xC4, 0x10, 0xC4, 0x10,
    0xC4, 0x10, 0xC4, 0x10, 0xC4, 0x10, 0xC4, 0x10, 0xC4, 0x10, 0xC4, 0x10, 0xC4, 0x10, 0xC4, 0x10,
    0xC4, 0x10, 0xC4, 0x10, 0xC4, 0x10, 0xC4, 0x10, 0xC4, 0x10, 0xC4, 0x10, 0xC4, 0x10, 0xC4, 0x10,
    0xC4, 0x10, 0xC4, 0x10, 0xC4, 0x10, 0xC4, 0x10, 0xC4, 0x10, 0xC4, 0x10, 0xC4, 0x10, 0xC4, 0x10,
    0xC4, 0x10, 0xC4, 0x10, 0xC4, 0x10, 0xC4, 0x10, 0xC4, 0x10, 0xC4, 0x10, 0xC4, 0x10, 0xC4, 0x10,
    0xC4, 0x10, 0xC4, 0x10, 0xC4, 0x10, 0xC4, 0x10, 0xC4, 0x10, 0xC4, 0x10, 0xC4, 0x10, 0xC4, 0x10,
    0xC4, 0x10, 0xC4, 0x10, 0xC4, 0x10, 0xC4, 0x10, 0xC4, 0x10, 0xC4, 0x10, 0xC4, 0x10, 0xC4, 0x10,
    0xC4, 0x10, 0xC4, 0x10, 0xC4, 0x10, 0xC4, 0x10, 0xC4, 0x10, 0xC4, 0x10, 0xC4, 0x10, 0xC4, 0x10,
    0xC4, 0x10, 0xC4, 0x10, 0xC4, 0x10, 0xC4, 0x10, 0xC4, 0x10, 0xC4, 0x10, 0xC4, 0x10, 0xC4, 0x10,
    0xC4, 0x10, 0xC4, 0x10, 0xC4, 0x10, 0xC4, 0x10, 0xC4, 0x10, 0xC4, 0x10, 0xC4, 0x10, 0xC4, 0x10,
    0xC4, 0x10, 0xC4, 0x10, 0xC4, 0x10, 0xC4, 0x10, 0xC4, 0x10, 0xC4, 0x10, 0xC4, 0x10, 0xC4, 0x10,
    0xC4, 0x10, 0xC4, 0x10, 0xC4, 0x10, 0xC4, 0x10, 0xC4, 0x10, 0xC4, 0x10, 0xC4, 0x10, 0xC4, 0x10,
    0xC4, 0x10, 0xC4, 0x10, 0xC4, 0x10, 0xC4, 0x10, 0xC4, 0x10, 0xC4, 0x10, 0xC4, 0x10, 0xC4, 0x10,
    0xC4, 0x10, 0xC4, 0x10, 0xC4, 0x10, 0xC4, 0x10, 0xC4, 0x10, 0xC4, 0x10, 0xC4, 0x10, 0xC4, 0x10,
    0xC4, 0x10, 0xC4, 0x10, 0xC4, 0x10, 0xC4, 0x10, 0xC4, 0x10, 0xC4, 0x10, 0xC4, 0x10, 0xC4, 0x10,
    0xC4, 0x10, 0xC4, 0x10, 0xC4, 0x10, 0xC4, 0x10, 0xC4, 0x10, 0xC4, 0x10, 0xC4, 0x10, 0xC4, 0x10,
    0xC4, 0x10, 0xC4, 0x10, 0xC4, 0x10, 0xC4, 0x10, 0xC4, 0x10, 0xC4, 0x10, 0xC4, 0x10, 0xC4, 0x10,
    0xC4, 0x10, 0xC4, 0x10, 0xC4, 0x10, 0xC4, 0x10, 0xC4, 0x10, 0xC4, 0x10, 0xC4, 0x10, 0xC4, 0x10,
    0xC4, 0x10, 0xC4, 0x10, 0xC4, 0x10, 0xC4, 0x10, 0xC4, 0x10, 0xC4, 0x10, 0xCC, 0x52, 0xD8, 0xB5,
    0x6E, 0x63, 0xE9, 0x39, 0x26, 0x19, 0xE5, 0x10, 0xC8, 0x31, 0x52, 0x84, 0xBF, 0xF7, 0xDF, 0xFF,
    0xDF, 0xFF, 0xDF, 0xFF, 0x35, 0xA5, 0xC4, 0x10, 0xC4, 0x10, 0xC4, 0x10, 0xC4, 0x10, 0xC4, 0x10,
    0xC4, 0x10, 0xC4, 0x10, 0xC4, 0x10, 0xC4, 0x10, 0xC4, 0x10, 0xC4, 0x10, 0xC4, 0x10, 0xC4, 0x10,
    0xC4, 0x10, 0xC4, 0x10, 0xC4, 0x10, 0xC4, 0x10, 0xC4, 0x10, 0xC4, 0x10, 0xC4, 0x10, 0xC4, 0x10,
    0xC4, 0x10, 0xC4, 0x10, 0xC4, 0x10, 0xC4, 0x10, 0xC4, 0x10, 0xC4, 0x10, 0xC4, 0x10, 0xC4, 0x10,
    0xC4, 0x10, 0xC4, 0x10, 0xC4, 0x10, 0xC4, 0x10, 0xC4, 0x10, 0xC4, 0x10, 0xC4, 0x10, 0xC4, 0x10,
    0xC4, 0x10, 0xC4, 0x10, 0xC4, 0x10, 0xC4, 0x10, 0xC4, 0x10, 0xC4, 0x10, 0xC4, 0x10, 0xC4, 0x10,
    0xC4, 0x10, 0xC4, 0x10, 0xC4, 0x10, 0xC4, 0x10, 0xC4, 0x10, 0xC4, 0x10, 0xC4, 0x10, 0xC4, 0x10,
    0xC4, 0x10, 0xC4, 0x10, 0xC4, 0x10, 0xC4, 0x10, 0xC4, 0x10, 0xC4, 0x10, 0xC4, 0x10, 0xC4, 0x10,
    0xC4, 0x10, 0xC4, 0x10, 0xC4, 0x10, 0xC4, 0x10, 0xC4, 0x10, 0xC4, 0x10, 0xC4, 0x10, 0xC4, 0x10,
    0xC4, 0x10, 0xC4, 0x10, 0xC4, 0x10, 0xC4, 0x10, 0xC4, 0x10, 0xC4, 0x10, 0xC4, 0x10, 0xC4, 0x10,
    0xC4, 0x10, 0xC4, 0x10, 0xC4, 0x10, 0xC4, 0x10, 0xC4, 0x10, 0xC4, 0x10, 0xC4, 0x10, 0xC4, 0x10,
    0xC4, 0x10, 0xC4, 0x10, 0xC4, 0x10, 0xC4, 0x10, 0xC4, 0x10, 0xC4, 0x10, 0xC4, 0x10, 0xC4, 0x10,
    0xC4, 0x10, 0xC4, 0x10, 0xC4, 0x10, 0xC4, 0x10, 0xC4, 0x10, 0xC4, 0x10, 0xC4, 0x10, 0xC4, 0x10,
    0xC4, 0x10, 0xC4, 0x10, 0xC4, 0x10, 0xC4, 0x10, 0xC4, 0x10, 0xC4, 0x10, 0xC4, 0x10, 0xC4, 0x10,
    0xC4, 0x10, 0xBF, 0xF7, 0xDF, 0xFF, 0xDF, 0xFF, 0xDF, 0xFF, 0x4A, 0x42, 0xC4, 0x10, 0xC4, 0x10,
    0xC4, 0x10, 0xC4, 0x10, 0xC4, 0x10, 0xC4, 0x10, 0xC4, 0x10, 0xC4, 0x10, 0xC4, 0x10, 0xC4, 0x10,
    0xC4, 0x10, 0xC4, 0x10, 0xBF, 0xF7, 0xDF, 0xFF, 0xDF, 0xFF, 0xDF, 0xFF, 0x4A, 0x42, 0xC4, 0x10,
    0xC4, 0x10, 0xC4, 0x10, 0xC4, 0x10, 0xC4, 0x10, 0xC4, 0x10, 0xC4, 0x10, 0xC4, 0x10, 0xC4, 0x10,
    0xC4, 0x10, 0xC4, 0x10, 0xC4, 0x10, 0xC4, 0x10, 0xC4, 0x10, 0xC4, 0x10, 0xC4, 0x10, 0xC4, 0x10,
    0xC4, 0x10, 0xC4, 0x10, 0xC4, 0x10, 0xC4, 0x10, 0xC4, 0x10, 0xC4, 0x10, 0xC4, 0x10, 0xC4, 0x10,
    0xC4, 0x10, 0xC4, 0x10, 0xC4, 0x10, 0xC4, 0x10, 0xC4, 0x10, 0xC4, 0x10, 0xC4, 0x10, 0xC4, 0x10,
    0xC4, 0x10, 0xC4, 0x10, 0xC4, 0x10, 0xC4, 0x10, 0xC4, 0x10, 0xC4, 0x10, 0xC4, 0x10, 0xC4, 0x10,
    0xC4, 0x10, 0xC4, 0x10, 0xC4, 0x10, 0xC4, 0x10, 0xC4, 0x10, 0xC4, 0x10, 0xC4, 0x10, 0xC4, 0x10,
    0xC4, 0x10, 0xC4, 0x10, 0xC4, 0x10, 0xC4, 0x10, 0xC4, 0x10, 0xC4, 0x10, 0xC4, 0x10, 0xC4, 0x10,
    0xC4, 0x10, 0xC4, 0x10, 0xC4, 0x10, 0xC4, 0x10, 0xC4, 0x10, 0xC4, 0x10, 0xC4, 0x10, 0xC4, 0x10,
    0xC4, 0x10, 0xC4, 0x10, 0xC4, 0x10, 0xC4, 0x10, 0xC4, 0x10, 0xC4, 0x10, 0xC4, 0x10, 0xC4, 0x10,
    0xC4, 0x10, 0xC4, 0x10, 0xC4, 0x10, 0xC4, 0x10, 0xC4, 0x10, 0xC4, 0x10, 0xC4, 0x10, 0xC4, 0x10,
    0xC4, 0x10, 0xC4, 0x10, 0xC4, 0x10, 0xC4, 0x10, 0xC4, 0x10, 0xC4, 0x10, 0xC4, 0x10, 0xC4, 0x10,
    0xC4, 0x10, 0xC4, 0x10, 0xC4, 0x10, 0xC4, 0x10, 0xC4, 0x10, 0xC4, 0x10, 0xC4, 0x10, 0xC4, 0x10,
    0xC4, 0x10, 0xC4, 0x10, 0xC4, 0x10, 0xC4, 0x10, 0xC4, 0x10, 0xC4, 0x10, 0xC4, 0x10, 0xC4, 0x10,
    0xC4, 0x10, 0xC4, 0x10, 0xC4, 0x10, 0xC4, 0x10, 0xC4, 0x10, 0xC4, 0x10, 0xC4, 0x10, 0xC4, 0x10,
    0xC4, 0x10, 0xC4, 0x10, 0xC4, 0x10, 0xC4, 0x10, 0xC4, 0x10, 0xC4, 0x10, 0xC4, 0x10, 0xC4, 0x10,
    0xC4, 0x10, 0xC4, 0x10, 0xC4, 0x10, 0xC4, 0x10, 0xC4, 0x10, 0xC4, 0x10, 0xC4, 0x10, 0xC4, 0x10,
    0xC4, 0x10, 0xC4, 0x10, 0xC4, 0x10, 0xC4, 0x10, 0xC4, 0x10, 0xC4, 0x10, 0xC4, 0x10, 0xC4, 0x10,
    0xC4, 0x10, 0xC4, 0x10, 0xC4, 0x10, 0xC4, 0x10, 0xC4, 0x10, 0xC4, 0x10, 0xC4, 0x10, 0xC4, 0x10,
    0xC4, 0x10, 0xC4, 0x10, 0xC4, 0x10, 0xC4, 0x10, 0xC4, 0x10, 0xC4, 0x10, 0xC4, 0x10, 0xC4, 0x10,
    0xC4, 0x10, 0xC4, 0x10, 0xC4, 0x10, 0xC4, 0x10, 0xC4, 0x10, 0xC4, 0x10, 0xC4, 0x10, 0xC4, 0x10,
    0xC4, 0x10, 0xC4, 0x10, 0xC4, 0x10, 0xC4, 0x10, 0xC4, 0x10, 0xC4, 0x10, 0xC4, 0x10, 0xC4, 0x10,
    0xC4, 0x10, 0xC4, 0x10, 0xC4, 0x10, 0xC4, 0x10, 0xC4, 0x10, 0xC4, 0x10, 0xC4, 0x10, 0xC4, 0x10,
    0xC4, 0x10, 0xC4, 0x10, 0xC4, 0x10, 0xC4, 0x10, 0xC4, 0x10, 0xC4, 0x10, 0xC4, 0x10, 0xC4, 0x10,
    0xC4, 0x10, 0xC4, 0x10, 0xC4, 0x10, 0xC4, 0x10, 0xC4, 0x10, 0xC4, 0x10, 0xC4, 0x10, 0xC4, 0x10,
    0xC4, 0x10, 0xC4, 0x10, 0xC4, 0x10, 0xC4, 0x10, 0xC4, 0x10, 0xC4, 0x10, 0xC4, 0x10, 0xC4, 0x10,
    0xC4, 0x10, 0xC4, 0x10, 0xC4, 0x10, 0xC4, 0x10, 0xC4, 0x10, 0xC4, 0x10, 0xC4, 0x10, 0xC4, 0x10,
    0xC4, 0x10, 0xC4, 0x10, 0xC4, 0x10, 0xC4, 0x10, 0xC4, 0x10, 0xC4, 0x10, 0xC4, 0x10, 0xC4, 0x10,
    0xC4, 0x10, 0xC4, 0x10, 0xC4, 0x10, 0xC4, 0x10, 0xC4, 0x10, 0xC4, 0x10, 0xC4, 0x10, 0xC4, 0x10,
    0xC4, 0x10, 0xC4, 0x10, 0xC4, 0x10, 0xC4, 0x10, 0xC4, 0x10, 0xC4, 0x10, 0xC4, 0x10, 0xC4, 0x10,
    0xC4, 0x10, 0xC4, 0x10, 0xC4, 0x10, 0xC4, 0x10, 0xC4, 0x10, 0xC4, 0x10, 0xC4, 0x10, 0xC4, 0x10,
    0xC4, 0x10, 0xC4, 0x10, 0xC4, 0x10, 0xC4, 0x10, 0xC4, 0x10, 0xC4, 0x10, 0xC4, 0x10, 0xC4, 0x10,
    0xC4, 0x10, 0xC4, 0x10, 0xC4, 0x10, 0xC4, 0x10, 0xC4, 0x10, 0xC4, 0x10, 0xC4, 0x10, 0xC4, 0x10,
    0xC4, 0x10, 0xC4, 0x10, 0xC4, 0x10, 0xC4, 0x10, 0xC4, 0x10, 0xC4, 0x10, 0xC4, 0x10, 0xC4, 0x10,
    0xC4, 0x10, 0xC4, 0x10, 0xC4, 0x10, 0xC4, 0x10, 0xC4, 0x10, 0xC4, 0x10, 0xC4, 0x10, 0xC4, 0x10,
    0xC4, 0x10, 0xC4, 0x10, 0xC4, 0x10, 0xC4, 0x10, 0xC4, 0x10, 0xC4, 0x10, 0xC4, 0x10, 0xC4, 0x10,
    0xC4, 0x10, 0xC4, 0x10, 0xC4, 0x10, 0xC4, 0x10, 0xC4, 0x10, 0xC4, 0x10, 0xC4, 0x10, 0xC4, 0x10,
    0xC4, 0x10, 0xC4, 0x10, 0xC4, 0x10, 0xC4, 0x10, 0xC4, 0x10, 0xC4, 0x10, 0xC4, 0x10, 0xC4, 0x10,
    0xC4, 0x10, 0xC4, 0x10, 0xC4, 0x10, 0xC4, 0x10, 0xC4, 0x10, 0xC4, 0x10, 0xC4, 0x10, 0xC4, 0x10,
    0xC4, 0x10, 0xC4, 0x10, 0xC4, 0x10, 0xC4, 0x10, 0xC4, 0x10, 0xC4, 0x10, 0xC4, 0x10, 0xC4, 0x10,
    0xC4, 0x10, 0xC4, 0x10, 0xED, 0x5A, 0xDF, 0xFF, 0xDF, 0xFF, 0xDF, 0xFF, 0xDF, 0xFF, 0xDF, 0xFF,
    0xDF, 0xFF, 0xDF, 0xFF, 0xDF, 0xFF, 0xDF, 0xFF, 0xDF, 0xFF, 0x3D, 0xE7, 0x87, 0x29, 0xC4, 0x10,
    0xC4, 0x10, 0xC4, 0x10, 0xC4, 0x10, 0xC4, 0x10, 0xC4, 0x10, 0xC4, 0x10, 0xC4, 0x10, 0xC4, 0x10,
    0xC4, 0x10, 0xC4, 0x10, 0xC4, 0x10, 0xC4, 0x10, 0xC4, 0x10, 0xC4, 0x10, 0xC4, 0x10, 0xC4, 0x10,
    0xC4, 0x10, 0xC4, 0x10, 0xC4, 0x10, 0xC4, 0x10, 0xC4, 0x10, 0xC4, 0x10, 0xC4, 0x10, 0xC4, 0x10,
    0xC4, 0x10, 0xC4, 0x10, 0xC4, 0x10, 0xC4, 0x10, 0xC4, 0x10, 0xC4, 0x10, 0xC4, 0x10, 0xC4, 0x10,
    0xC4, 0x10, 0xC4, 0x10, 0xC4, 0x10, 0xC4, 0x10, 0xC4, 0x10, 0xC4, 0x10, 0xC4, 0x10, 0xC4, 0x10,
    0xC4, 0x10, 0xC4, 0x10, 0xC4, 0x10, 0xC4, 0x10, 0xC4, 0x10, 0xC4, 0x10, 0xC4, 0x10, 0xC4, 0x10,
    0xC4, 0x10, 0xC4, 0x10, 0xC4, 0x10, 0xC4, 0x10, 0xC4, 0x10, 0xC4, 0x10, 0xC4, 0x10, 0xC4, 0x10,
    0xC4, 0x10, 0xC4, 0x10, 0xC4, 0x10, 0xC4, 0x10, 0xC4, 0x10, 0xC4, 0x10, 0xC4, 0x10, 0xC4, 0x10,
    0xC4, 0x10, 0xC4, 0x10, 0xC4, 0x10, 0xC4, 0x10, 0xC4, 0x10, 0xC4, 0x10, 0xC4, 0x10, 0xC4, 0x10,
    0xC4, 0x10, 0xC4, 0x10, 0xC4, 0x10, 0xC4, 0x10, 0xC4, 0x10, 0xC4, 0x10, 0xC4, 0x10, 0xC4, 0x10,
    0xC4, 0x10, 0xC4, 0x10, 0xC4, 0x10, 0xC4, 0x10, 0xC4, 0x10, 0xC4, 0x10, 0xC4, 0x10, 0xC4, 0x10,
    0xC4, 0x10, 0xC4, 0x10, 0xC4, 0x10, 0xC4, 0x10, 0xC4, 0x10, 0xC4, 0x10, 0xC4, 0x10, 0xC4, 0x10,
    0xC4, 0x10, 0xC4, 0x10, 0xC4, 0x10, 0xC4, 0x10, 0xC4, 0x10, 0xC4, 0x10, 0xC4, 0x10, 0xC4, 0x10,
    0xC4, 0x10, 0xC4, 0x10, 0xC4, 0x10, 0xC4, 0x10, 0xC4, 0x10, 0xBF, 0xF7, 0xDF, 0xFF, 0xDF, 0xFF,
    0xDF, 0xFF, 0x4A, 0x42, 0xC4, 0x10, 0xC4, 0x10, 0xC4, 0x10, 0xC4, 0x10, 0xC4, 0x10, 0xC4, 0x10,
    0xC4, 0x10, 0xC4, 0x10, 0xC4, 0x10, 0xC4, 0x10, 0xC4, 0x10, 0xC4, 0x10, 0xBF, 0xF7, 0xDF, 0xFF,
    0xDF, 0xFF, 0xDF, 0xFF, 0x4A, 0x42, 0xC4, 0x10, 0xC4, 0x10, 0xC4, 0x10, 0xC4, 0x10, 0xC4, 0x10,
    0xC4, 0x10, 0xC4, 0x10, 0xC4, 0x10, 0xC4, 0x10, 0xC4, 0x10, 0xC4, 0x10, 0xC4, 0x10, 0xC4, 0x10,
    0xC4, 0x10, 0xC4, 0x10, 0xC4, 0x10, 0xC4, 0x10, 0xC4, 0x10, 0xC4, 0x10, 0xC4, 0x10, 0xC4, 0x10,
    0xC4, 0x10, 0xC4, 0x10, 0xC4, 0x10, 0xC4, 0x10, 0xC4, 0x10, 0xC4, 0x10, 0xC4, 0x10, 0xC4, 0x10,
    0xC4, 0x10, 0xC4, 0x10, 0xC4, 0x10, 0xC4, 0x10, 0xC4, 0x10, 0xC4, 0x10, 0xC4, 0x10, 0xC4, 0x10,
    0xC4, 0x10, 0xC4, 0x10, 0xC4, 0x10, 0xC4, 0x10, 0xC4, 0x10, 0xC4, 0x10, 0xC4, 0x10, 0xC4, 0x10,
    0xC4, 0x10, 0xC4, 0x10, 0xC4, 0x10, 0xC4, 0x10, 0xC4, 0x10, 0xC4, 0x10, 0xC4, 0x10, 0xC4, 0x10,
    0xC4, 0x10, 0xC4, 0x10, 0xC4, 0x10, 0xC4, 0x10, 0xC4, 0x10, 0xC4, 0x10, 0xC4, 0x10, 0xC4, 0x10,
    0xC4, 0x10, 0xC4, 0x10, 0xC4, 0x10, 0xC4, 0x10, 0xC4, 0x10, 0xC4, 0x10, 0xC4, 0x10, 0xC4, 0x10,
    0xC4, 0x10, 0xC4, 0x10, 0xC4, 0x10, 0xC4, 0x10, 0xC4, 0x10, 0xC4, 0x10, 0xC4, 0x10, 0xC4, 0x10,
    0xC4, 0x10, 0xC4, 0x10, 0xC4, 0x10, 0xC4, 0x10, 0xC4, 0x10, 0xC4, 0x10, 0xC4, 0x10, 0xC4, 0x10,
    0xC4, 0x10, 0xC4, 0x10, 0xC4, 0x10, 0xC4, 0x10, 0xC4, 0x10, 0xC4, 0x10, 0xC4, 0x10, 0xC4, 0x10,
    0xC4, 0x10, 0xC4, 0x10, 0xC4, 0x10, 0xC4, 0x10, 0xC4, 0x10, 0xC4, 0x10, 0xC4, 0x10, 0xC4, 0x10,
    0xC4, 0x10, 0xC4, 0x10, 0xC4, 0x10, 0xC4, 0x10, 0xC4, 0x10, 0xC4, 0x10, 0xC4, 0x10, 0xC4, 0x10,
    0xC4, 0x10, 0xC4, 0x10, 0xC4, 0x10, 0xC4, 0x10, 0xC4, 0x10, 0xC4, 0x10, 0xC4, 0x10, 0xC4, 0x10,
    0xC4, 0x10, 0xC4, 0x10, 0xC4, 0x10, 0xC4, 0x10, 0xC4, 0x10, 0xC4, 0x10, 0xC4, 0x10, 0xC4, 0x10,
    0xC4, 0x10, 0xC4, 0x10, 0xC4, 0x10, 0xC4, 0x10, 0xC4, 0x10, 0xC4, 0x10, 0xC4, 0x10, 0xC4, 0x10,
    0xC4, 0x10, 0xC4, 0x10, 0xC4, 0x10, 0xC4, 0x10, 0xC4, 0x10, 0xC4, 0x10, 0xC4, 0x10, 0xC4, 0x10,
    0xC4, 0x10, 0xC4, 0x10, 0xC4, 0x10, 0xC4, 0x10, 0xC4, 0x10, 0xC4, 0x10, 0xC4, 0x10, 0xC4, 0x10,
    0xC4, 0x10, 0xC4, 0x10, 0xC4, 0x10, 0xC4, 0x10, 0xC4, 0x10, 0xC4, 0x10, 0xC4, 0x10, 0xC4, 0x10,
    0xC4, 0x10, 0xC4, 0x10, 0xC4, 0x10, 0xC4, 0x10, 0xC4, 0x10, 0xC4, 0x10, 0xC4, 0x10, 0xC4, 0x10,
    0xC4, 0x10, 0xC4, 0x10, 0xC4, 0x10, 0xC4, 0x10, 0xC4, 0x10, 0xC4, 0x10, 0xC4, 0x10, 0xC4, 0x10,
    0xC4, 0x10, 0xC4, 0x10, 0xC4, 0x10, 0xC4, 0x10, 0xC4, 0x10, 0xC4, 0x10, 0xC4, 0x10, 0xC4, 0x10,
    0xC4, 0x10, 0xC4, 0x10, 0xC4, 0x10, 0xC4, 0x10, 0xC4, 0x10, 0xC4, 0x10, 0xC4, 0x10, 0xC4, 0x10,
    0xC4, 0x10, 0xC4, 0x10, 0xC4, 0x10, 0xC4, 0x10, 0xC4, 0x10, 0xC4, 0x10, 0xC4, 0x10, 0xC4, 0x10,
    0xC4, 0x10, 0xC4, 0x10, 0xC4, 0x10, 0xC4, 0x10, 0xC4, 0x10, 0xC4, 0x10, 0xC4, 0x10, 0xC4, 0x10,
    0xC4, 0x10, 0xC4, 0x10, 0xC4, 0x10, 0xC4, 0x10, 0xC4, 0x10, 0xC4, 0x10, 0xC4, 0x10, 0xC4, 0x10,
    0xC4, 0x10, 0xC4, 0x10, 0xC4, 0x10, 0xC4, 0x10, 0xC4, 0x10, 0xC4, 0x10, 0xC4, 0x10, 0xC4, 0x10,
    0xC4, 0x10, 0xC4, 0x10, 0xC4, 0x10, 0xC4, 0x10, 0xC4, 0x10, 0xC4, 0x10, 0xC4, 0x10, 0xC4, 0x10,
    0xC4, 0x10, 0xC4, 0x10, 0xC4, 0x10, 0xC4, 0x10, 0xC4, 0x10, 0xC4, 0x10, 0xC4, 0x10, 0xC4, 0x10,
    0xC4, 0x10, 0xC4, 0x10, 0xC4, 0x10, 0xC4, 0x10, 0xC4, 0x10, 0xC4, 0x10, 0xC4, 0x10, 0xC4, 0x10,
    0xC4, 0x10, 0xC4, 0x10, 0xC4, 0x10, 0xC4, 0x10, 0xC4, 0x10, 0xC4, 0x10, 0xC4, 0x10, 0xC4, 0x10,
    0xC4, 0x10, 0xC4, 0x10, 0xC4, 0x10, 0xC4, 0x10, 0xC4, 0x10, 0xC4, 0x10, 0xC4, 0x10, 0xC4, 0x10,
    0xC4, 0x10, 0xC4, 0x10, 0xC4, 0x10, 0xC4, 0x10, 0xC4, 0x10, 0xC4, 0x10, 0xC4, 0x10, 0xC4, 0x10,
    0xC4, 0x10, 0xC4, 0x10, 0xC4, 0x10, 0xC4, 0x10, 0xC4, 0x10, 0xC4, 0x10, 0xC4, 0x10, 0xC4, 0x10,
    0xC4, 0x10, 0xC4, 0x10, 0xC4, 0x10, 0xC4, 0x10, 0xC4, 0x10, 0xC4, 0x10, 0xC4, 0x10, 0xC4, 0x10,
    0xC4, 0x10, 0xC4, 0x10, 0xC4, 0x10, 0xC4, 0x10, 0xC4, 0x10, 0xC4, 0x10, 0xC4, 0x10, 0xC4, 0x10,
    0xC4, 0x10, 0xC4, 0x10, 0xC4, 0x10, 0xC4, 0x10, 0xC4, 0x10, 0xC4, 0x10, 0xC4, 0x10, 0xC4, 0x10,
    0xC4, 0x10, 0xC4, 0x10, 0xC4, 0x10, 0xC4, 0x10, 0xC4, 0x10, 0xC4, 0x10, 0xC4, 0x10, 0xC4, 0x10,
    0xC4, 0x10, 0xC4, 0x10, 0xC4, 0x10, 0xC4, 0x10, 0xC4, 0x10, 0xC4, 0x10, 0xED, 0x5A, 0xDF, 0xFF,
    0xDF, 0xFF, 0xDF, 0xFF, 0xDF, 0xFF, 0xDF, 0xFF, 0xDF, 0xFF, 0xDF, 0xFF, 0xDF, 0xFF, 0xDF, 0xFF,
    0x9A, 0xCE, 0xE9, 0x39, 0xC4, 0x10, 0xC4, 0x10, 0xC4, 0x10, 0xC4, 0x10, 0xC4, 0x10, 0xC4, 0x10,
    0xC4, 0x10, 0xC4, 0x10, 0xC4, 0x10, 0xC4, 0x10, 0xC4, 0x10, 0xC4, 0x10, 0xC4, 0x10, 0xC4, 0x10,
    0xC4, 0x10, 0xC4, 0x10, 0xC4, 0x10, 0xC4, 0x10, 0xC4, 0x10, 0xC4, 0x10, 0xC4, 0x10, 0xC4, 0x10,
    0xC4, 0x10, 0xC4, 0x10, 0xC4, 0x10, 0xC4, 0x10, 0xC4, 0x10, 0xC4, 0x10, 0xC4, 0x10, 0xC4, 0x10,
    0xC4, 0x10, 0xC4, 0x10, 0xC4, 0x10, 0xC4, 0x10, 0xC4, 0x10, 0xC4, 0x10, 0xC4, 0x10, 0xC4, 0x10,
    0xC4, 0x10, 0xC4, 0x10, 0xC4, 0x10, 0xC4, 0x10, 0xC4, 0x10, 0xC4, 0x10, 0xC4, 0x10, 0xC4, 0x10,
    0xC4, 0x10, 0xC4, 0x10, 0xC4, 0x10, 0xC4, 0x10, 0xC4, 0x10, 0xC4, 0x10, 0xC4, 0x10, 0xC4, 0x10,
    0xC4, 0x10, 0xC4, 0x10, 0xC4, 0x10, 0xC4, 0x10, 0xC4, 0x10, 0xC4, 0x10, 0xC4, 0x10, 0xC4, 0x10,
    0xC4, 0x10, 0xC4, 0x10, 0xC4, 0x10, 0xC4, 0x10, 0xC4, 0x10, 0xC4, 0x10, 0xC4, 0x10, 0xC4, 0x10,
    0xC4, 0x10, 0xC4, 0x10, 0xC4, 0x10, 0xC4, 0x10, 0xC4, 0x10, 0xC4, 0x10, 0xC4, 0x10, 0xC4, 0x10,
    0xC4, 0x10, 0xC4, 0x10, 0xC4, 0x10, 0xC4, 0x10, 0xC4, 0x10, 0xC4, 0x10, 0xC4, 0x10, 0xC4, 0x10,
    0xC4, 0x10, 0xC4, 0x10, 0xC4, 0x10, 0xC4, 0x10, 0xC4, 0x10, 0xC4, 0x10, 0xC4, 0x10, 0xC4, 0x10,
    0xC4, 0x10, 0xC4, 0x10, 0xC4, 0x10, 0xC4, 0x10, 0xC4, 0x10, 0xC4, 0x10, 0xC4, 0x10, 0xC4, 0x10,
    0xC4, 0x10, 0xC4, 0x10, 0xC4, 0x10, 0xC4, 0x10, 0xC4, 0x10, 0xC4, 0x10, 0xC4, 0x10, 0xC4, 0x10,
    0xC4, 0x10, 0xBF, 0xF7, 0xDF, 0xFF, 0xDF, 0xFF, 0xDF, 0xFF, 0x4A, 0x42, 0xC4, 0x10, 0xC4, 0x10,
    0xC4, 0x10, 0xC4, 0x10, 0xC4, 0x10, 0xC4, 0x10, 0xC4, 0x10, 0xC4, 0x10, 0xC4, 0x10, 0xC4, 0x10,
    0xC4, 0x10, 0xC4, 0x10, 0xBF, 0xF7, 0xDF, 0xFF, 0xDF, 0xFF, 0xDF, 0xFF, 0x4A, 0x42, 0xC4, 0x10,
    0xC4, 0x10, 0xC4, 0x10, 0xC4, 0x10, 0xC4, 0x10, 0xC4, 0x10, 0xC4, 0x10, 0xC4, 0x10, 0xC4, 0x10,
    0xC4, 0x10, 0xC4, 0x10, 0xC4, 0x10, 0xC4, 0x10, 0xC4, 0x10, 0xC4, 0x10, 0xC4, 0x10, 0xC4, 0x10,
    0xC4, 0x10, 0xC4, 0x10, 0xC4, 0x10, 0xC4, 0x10, 0xC4, 0x10, 0xC4, 0x10, 0xC4, 0x10, 0xC4, 0x10,
    0xC4, 0x10, 0xC4, 0x10, 0xC4, 0x10, 0xC4, 0x10, 0xC4, 0x10, 0xC4, 0x10, 0xC4, 0x10, 0xC4, 0x10,
    0xC4, 0x10, 0xC4, 0x10, 0xC4, 0x10, 0xC4, 0x10, 0xC4, 0x10, 0xC4, 0x10, 0xC4, 0x10, 0xC4, 0x10,
    0xC4, 0x10, 0xC4, 0x10, 0xC4, 0x10, 0xC4, 0x10, 0xC4, 0x10, 0xC4, 0x10, 0xC4, 0x10, 0xC4, 0x10,
    0xC4, 0x10, 0xC4, 0x10, 0xC4, 0x10, 0xC4, 0x10, 0xC4, 0x10, 0xC4, 0x10, 0xC4, 0x10, 0xC4, 0x10,
    0xC4, 0x10, 0xC4, 0x10, 0xC4, 0x10, 0xC4, 0x10, 0xC4, 0x10, 0xC4, 0x10, 0xC4, 0x10, 0xC4, 0x10,
    0xC4, 0x10, 0xC4, 0x10, 0xC4, 0x10, 0xC4, 0x10, 0xC4, 0x10, 0xC4, 0x10, 0xC4, 0x10, 0xC4, 0x10,
    0xC4, 0x10, 0xC4, 0x10, 0xC4, 0x10, 0xC4, 0x10, 0xC4, 0x10, 0xC4, 0x10, 0xC4, 0x10, 0xC4, 0x10,
    0xC4, 0x10, 0xC4, 0x10, 0xC4, 0x10, 0xC4, 0x10, 0xC4, 0x10, 0xC4, 0x10, 0xC4, 0x10, 0xC4, 0x10,
    0xC4, 0x10, 0xC4, 0x10, 0xC4, 0x10, 0xC4, 0x10, 0xC4, 0x10, 0xC4, 0x10, 0xC4, 0x10, 0xC4, 0x10,
    0xC4, 0x10, 0xC4, 0x10, 0xC4, 0x10, 0xC4, 0x10, 0xC4, 0x10, 0xC4, 0x10, 0xC4, 0x10, 0xC4, 0x10,
    0xC4, 0x10, 0xC4, 0x10, 0xC4, 0x10, 0xC4, 0x10, 0xC4, 0x10, 0xC4, 0x10, 0xC4, 0x10, 0xC4, 0x10,
    0xC4, 0x10, 0xC4, 0x10, 0xC4, 0x10, 0xC4, 0x10, 0xC4, 0x10, 0xC4, 0x10, 0xC4, 0x10, 0xC4, 0x10,
    0xC4, 0x10, 0xC4, 0x10, 0xC4, 0x10, 0xC4, 0x10, 0xC4, 0x10, 0xC4, 0x10, 0xC4, 0x10, 0xC4, 0x10,
    0xC4, 0x10, 0xC4, 0x10, 0xC4, 0x10, 0xC4, 0x10, 0xC4, 0x10, 0xC4, 0x10, 0xC4, 0x10, 0xC4, 0x10,
    0xC4, 0x10, 0xC4, 0x10, 0xC4, 0x10, 0xC4, 0x10, 0xC4, 0x10, 0xC4, 0x10, 0xC4, 0x10, 0xC4, 0x10,
    0xC4, 0x10, 0xC4, 0x10, 0xC4, 0x10, 0xC4, 0x10, 0xC4, 0x10, 0xC4, 0x10, 0xC4, 0x10, 0xC4, 0x10,
    0xC4, 0x10, 0xC4, 0x10, 0xC4, 0x10, 0xC4, 0x10, 0xC4, 0x10, 0xC4, 0x10, 0xC4, 0x10, 0xC4, 0x10,
    0xC4, 0x10, 0xC4, 0x10, 0xC4, 0x10, 0xC4, 0x10, 0xC4, 0x10, 0xC4, 0x10, 0xC4, 0x10, 0xC4, 0x10,
    0xC4, 0x10, 0xC4, 0x10, 0xC4, 0x10, 0xC4, 0x10, 0xC4, 0x10, 0xC4, 0x10, 0xC4, 0x10, 0xC4, 0x10,
    0xC4, 0x10, 0xC4, 0x10, 0xC4, 0x10, 0xC4, 0x10, 0xC4, 0x10, 0xC4, 0x10, 0xC4, 0x10, 0xC4, 0x10,
    0xC4, 0x10, 0xC4, 0x10, 0xC4, 0x10, 0xC4, 0x10, 0xC4, 0x10, 0xC4, 0x10, 0xC4, 0x10, 0xC4, 0x10,
    0xC4, 0x10, 0xC4, 0x10, 0xC4, 0x10, 0xC4, 0x10, 0xC4, 0x10, 0xC4, 0x10, 0xC4, 0x10, 0xC4, 0x10,
    0xC4, 0x10, 0xC4, 0x10, 0xC4, 0x10, 0xC4, 0x10, 0xC4, 0x10, 0xC4, 0x10, 0xC4, 0x10, 0xC4, 0x10,
    0xC4, 0x10, 0xC4, 0x10, 0xC4, 0x10, 0xC4, 0x10, 0xC4, 0x10, 0xC4, 0x10, 0xC4, 0x10, 0xC4, 0x10,
    0xC4, 0x10, 0xC4, 0x10, 0xC4, 0x10, 0xC4, 0x10, 0xC4, 0x10, 0xC4, 0x10, 0xC4, 0x10, 0xC4, 0x10,
    0xC4, 0x10, 0xC4, 0x10, 0xC4, 0x10, 0xC4, 0x10, 0xC4, 0x10, 0xC4, 0x10, 0xC4, 0x10, 0xC4, 0x10,
    0xC4, 0x10, 0xC4, 0x10, 0xC4, 0x10, 0xC4, 0x10, 0xC4, 0x10, 0xC4, 0x10, 0xC4, 0x10, 0xC4, 0x10,
    0xC4, 0x10, 0xC4, 0x10, 0xC4, 0x10, 0xC4, 0x10, 0xC4, 0x10, 0xC4, 0x10, 0xC4, 0x10, 0xC4, 0x10,
    0xC4, 0x10, 0xC4, 0x10, 0xC4, 0x10, 0xC4, 0x10, 0xC4, 0x10, 0xC4, 0x10, 0xC4, 0x10, 0xC4, 0x10,
    0xC4, 0x10, 0xC4, 0x10, 0xC4, 0x10, 0xC4, 0x10, 0xC4, 0x10, 0xC4, 0x10, 0xC4, 0x10, 0xC4, 0x10,
    0xC4, 0x10, 0xC4, 0x10, 0xC4, 0x10, 0xC4, 0x10, 0xC4, 0x10, 0xC4, 0x10, 0xC4, 0x10, 0xC4, 0x10,
    0xC4, 0x10, 0xC4, 0x10, 0xC4, 0x10, 0xC4, 0x10, 0xC4, 0x10, 0xC4, 0x10, 0xC4, 0x10, 0xC4, 0x10,
    0xC4, 0x10, 0xC4, 0x10, 0xC4, 0x10, 0xC4, 0x10, 0xC4, 0x10, 0xC4, 0x10, 0xC4, 0x10, 0xC4, 0x10,
    0xC4, 0x10, 0xC4, 0x10, 0xC4, 0x10, 0xC4, 0x10, 0xC4, 0x10, 0xC4, 0x10, 0xC4, 0x10, 0xC4, 0x10,
    0xC4, 0x10, 0xC4, 0x10, 0xC4, 0x10, 0xC4, 0x10, 0xC4, 0x10, 0xC4, 0x10, 0xC4, 0x10, 0xC4, 0x10,
    0xC4, 0x10, 0xC4, 0x10, 0xC4, 0x10, 0xC4, 0x10, 0xC4, 0x10, 0xC4, 0x10, 0xC4, 0x10, 0xC4, 0x10,
    0xC4, 0x10, 0xC4, 0x10, 0xE5, 0x10, 0xAC, 0x4A, 0xF4, 0x9C, 0x7A, 0xCE, 0x3D, 0xE7, 0xBF, 0xF7,
    0x7E, 0xEF, 0xBB, 0xD6, 0x56, 0xA5, 0x0D, 0x5B, 0xE5, 0x10, 0xC4, 0x10, 0xC4, 0x10, 0xC4, 0x10,
    0xC4, 0x10, 0xC4, 0x10, 0xC4, 0x10, 0xC4, 0x10, 0xC4, 0x10, 0xC4, 0x10, 0xC4, 0x10, 0xC4, 0x10,
    0xC4, 0x10, 0xC4, 0x10, 0xC4, 0x10, 0xC4, 0x10, 0xC4, 0x10, 0xC4, 0x10, 0xC4, 0x10, 0xC4, 0x10,
    0xC4, 0x10, 0xC4, 0x10, 0xC4, 0x10, 0xC4, 0x10, 0xC4, 0x10, 0xC4, 0x10, 0xC4, 0x10, 0xC4, 0x10,
    0xC4, 0x10, 0xC4, 0x10, 0xC4, 0x10, 0xC4, 0x10, 0xC4, 0x10, 0xC4, 0x10, 0xC4, 0x10, 0xC4, 0x10,
    0xC4, 0x10, 0xC4, 0x10, 0xC4, 0x10, 0xC4, 0x10, 0xC4, 0x10, 0xC4, 0x10, 0xC4, 0x10, 0xC4, 0x10,
    0xC4, 0x10, 0xC4, 0x10, 0xC4, 0x10, 0xC4, 0x10, 0xC4, 0x10, 0xC4, 0x10, 0xC4, 0x10, 0xC4, 0x10,
    0xC4, 0x10, 0xC4, 0x10, 0xC4, 0x10, 0xC4, 0x10, 0xC4, 0x10, 0xC4, 0x10, 0xC4, 0x10, 0xC4, 0x10,
    0xC4, 0x10, 0xC4, 0x10, 0xC4, 0x10, 0xC4, 0x10, 0xC4, 0x10, 0xC4, 0x10, 0xC4, 0x10, 0xC4, 0x10,
    0xC4, 0x10, 0xC4, 0x10, 0xC4, 0x10, 0xC4, 0x10, 0xC4, 0x10, 0xC4, 0x10, 0xC4, 0x10, 0xC4, 0x10,
    0xC4, 0x10, 0xC4, 0x10, 0xC4, 0x10, 0xC4, 0x10, 0xC4, 0x10, 0xC4, 0x10, 0xC4, 0x10, 0xC4, 0x10,
    0xC4, 0x10, 0xC4, 0x10, 0xC4, 0x10, 0xC4, 0x10, 0xC4, 0x10, 0xC4, 0x10, 0xC4, 0x10, 0xC4, 0x10,
    0xC4, 0x10, 0xC4, 0x10, 0xC4, 0x10, 0xC4, 0x10, 0xC4, 0x10, 0xC4, 0x10, 0xC4, 0x10, 0xC4, 0x10,
    0xC4, 0x10, 0xC4, 0x10, 0xC4, 0x10, 0xC4, 0x10, 0xC4, 0x10, 0xC4, 0x10, 0xC4, 0x10, 0xC4, 0x10,
    0xC4, 0x10, 0xC4, 0x10, 0xC4, 0x10, 0xC4, 0x10, 0xC4, 0x10, 0xBF, 0xF7, 0xDF, 0xFF, 0xDF, 0xFF,
    0xDF, 0xFF, 0x4A, 0x42, 0xC4, 0x10, 0xC4, 0x10, 0xC4, 0x10, 0xC4, 0x10, 0xC4, 0x10, 0xC4, 0x10,
    0xC4, 0x10, 0xC4, 0x10, 0xC4, 0x10, 0xC4, 0x10, 0xC4, 0x10, 0xC4, 0x10, 0xBF, 0xF7, 0xDF, 0xFF,
    0xDF, 0xFF, 0xDF, 0xFF, 0x4A, 0x42, 0xC4, 0x10, 0xC4, 0x10, 0xC4, 0x10, 0xC4, 0x10, 0xC4, 0x10,
    0xC4, 0x10, 0xC4, 0x10, 0xC4, 0x10, 0xC4, 0x10, 0xC4, 0x10, 0xC4, 0x10, 0xC4, 0x10, 0xC4, 0x10,
    0xC4, 0x10, 0xC4, 0x10, 0xC4, 0x10, 0xC4, 0x10, 0xC4, 0x10, 0xC4, 0x10, 0xC4, 0x10, 0xC4, 0x10,
    0xC4, 0x10, 0xC4, 0x10, 0xC4, 0x10, 0xC4, 0x10, 0xC4, 0x10, 0xC4, 0x10, 0xC4, 0x10, 0xC4, 0x10,
    0xC4, 0x10, 0xC4, 0x10, 0xC4, 0x10, 0xC4, 0x10, 0xC4, 0x10, 0xC4, 0x10, 0xC4, 0x10, 0xC4, 0x10,
    0xC4, 0x10, 0xC4, 0x10, 0xC4, 0x10, 0xC4, 0x10, 0xC4, 0x10, 0xC4, 0x10, 0xC4, 0x10, 0xC4, 0x10,
    0xC4, 0x10, 0xC4, 0x10, 0xC4, 0x10, 0xC4, 0x10, 0xC4, 0x10, 0xC4, 0x10, 0xC4, 0x10, 0xC4, 0x10,
    0xC4, 0x10, 0xC4, 0x10, 0xC4, 0x10, 0xC4, 0x10, 0xC4, 0x10, 0xC4, 0x10, 0xC4, 0x10, 0xC4, 0x10,
    0xC4, 0x10, 0xC4, 0x10, 0xC4, 0x10, 0xC4, 0x10, 0xC4, 0x10, 0xC4, 0x10, 0xC4, 0x10, 0xC4, 0x10,
    0xC4, 0x10, 0xC4, 0x10, 0xC4, 0x10, 0xC4, 0x10, 0xC4, 0x10, 0xC4, 0x10, 0xC4, 0x10, 0xC4, 0x10,
    0xC4, 0x10, 0xC4, 0x10, 0xC4, 0x10, 0xC4, 0x10, 0xC4, 0x10, 0xC4, 0x10, 0xC4, 0x10, 0xC4, 0x10,
    0xC4, 0x10, 0xC4, 0x10, 0xC4, 0x10, 0xC4, 0x10, 0xC4, 0x10, 0xC4, 0x10, 0xC4, 0x10, 0xC4, 0x10,
    0xC4, 0x10, 0xC4, 0x10, 0xC4, 0x10, 0xC4, 0x10, 0xC4, 0x10, 0xC4, 0x10, 0xC4, 0x10, 0xC4, 0x10,
    0xC4, 0x10, 0xC4, 0x10, 0xC4, 0x10, 0xC4, 0x10, 0xC4, 0x10, 0xC4, 0x10, 0xC4, 0x10, 0xC4, 0x10,
    0xC4, 0x10, 0xC4, 0x10, 0xC4, 0x10, 0xC4, 0x10, 0xC4, 0x10, 0xC4, 0x10, 0xC4, 0x10, 0xC4, 0x10,
    0xC4, 0x10, 0xC4, 0x10, 0xC4, 0x10, 0xC4, 0x10, 0xC4, 0x10, 0xC4, 0x10, 0xC4, 0x10, 0xC4, 0x10,
    0xC4, 0x10, 0xC4, 0x10, 0xC4, 0x10, 0xC4, 0x10, 0xC4, 0x10, 0xC4, 0x10, 0xC4, 0x10, 0xC4, 0x10,
    0xC4, 0x10, 0xC4, 0x10, 0xC4, 0x10, 0xC4, 0x10, 0xC4, 0x10, 0xC4, 0x10, 0xC4, 0x10, 0xC4, 0x10,
    0xC4, 0x10, 0xC4, 0x10, 0xC4, 0x10, 0xC4, 0x10, 0xC4, 0x10, 0xC4, 0x10, 0xC4, 0x10, 0xC4, 0x10,
    0xC4, 0x10, 0xC4, 0x10, 0xC4, 0x10, 0xC4, 0x10, 0xC4, 0x10, 0xC4, 0x10, 0xC4, 0x10, 0xC4, 0x10,
    0xC4, 0x10, 0xC4, 0x10, 0xC4, 0x10, 0xC4, 0x10, 0xC4, 0x10, 0xC4, 0x10, 0xC4, 0x10, 0xC4, 0x10,
    0xC4, 0x10, 0xC4, 0x10, 0xC4, 0x10, 0xC4, 0x10, 0xC4, 0x10, 0xC4, 0x10, 0xC4, 0x10, 0xC4, 0x10,
    0xC4, 0x10, 0xC4, 0x10, 0xC4, 0x10, 0xC4, 0x10, 0xC4, 0x10, 0xC4, 0x10, 0xC4, 0x10, 0xC4, 0x10,
    0xC4, 0x10, 0xC4, 0x10, 0xC4, 0x10, 0xC4, 0x10, 0xC4, 0x10, 0xC4, 0x10, 0xC4, 0x10, 0xC4, 0x10,
    0xC4, 0x10, 0xC4, 0x10, 0xC4, 0x10, 0xC4, 0x10, 0xC4, 0x10, 0xC4, 0x10, 0xC4, 0x10, 0xC4, 0x10,
    0xC4, 0x10, 0xC4, 0x10, 0xC4, 0x10, 0xC4, 0x10, 0xC4, 0x10, 0xC4, 0x10, 0xC4, 0x10, 0xC4, 0x10,
    0xC4, 0x10, 0xC4, 0x10, 0xC4, 0x10, 0xC4, 0x10, 0xC4, 0x10, 0xC4, 0x10, 0xC4, 0x10, 0xC4, 0x10,
    0xC4, 0x10, 0xC4, 0x10, 0xC4, 0x10, 0xC4, 0x10, 0xC4, 0x10, 0xC4, 0x10, 0xC4, 0x10, 0xC4, 0x10,
    0xC4, 0x10, 0xC4, 0x10, 0xC4, 0x10, 0xC4, 0x10, 0xC4, 0x10, 0xC4, 0x10, 0xC4, 0x10, 0xC4, 0x10,
    0xC4, 0x10, 0xC4, 0x10, 0xC4, 0x10, 0xC4, 0x10, 0xC4, 0x10, 0xC4, 0x10, 0xC4, 0x10, 0xC4, 0x10,
    0xC4, 0x10, 0xC4, 0x10, 0xC4, 0x10, 0xC4, 0x10, 0xC4, 0x10, 0xC4, 0x10, 0xC4, 0x10, 0xC4, 0x10,
    0xC4, 0x10, 0xC4, 0x10, 0xC4, 0x10, 0xC4, 0x10, 0xC4, 0x10, 0xC4, 0x10, 0xC4, 0x10, 0xC4, 0x10,
    0xC4, 0x10, 0xC4, 0x10, 0xC4, 0x10, 0xC4, 0x10, 0xC4, 0x10, 0xC4, 0x10, 0xC4, 0x10, 0xC4, 0x10,
    0xC4, 0x10, 0xC4, 0x10, 0xC4, 0x10, 0xC4, 0x10, 0xC4, 0x10, 0xC4, 0x10, 0xC4, 0x10, 0xC4, 0x10,
    0xC4, 0x10, 0xC4, 0x10, 0xC4, 0x10, 0xC4, 0x10, 0xC4, 0x10, 0xC4, 0x10, 0xC4, 0x10, 0xC4, 0x10,
    0xC4, 0x10, 0xC4, 0x10, 0xC4, 0x10, 0xC4, 0x10, 0xC4, 0x10, 0xC4, 0x10, 0xC4, 0x10, 0xC4, 0x10,
    0xC4, 0x10, 0xC4, 0x10, 0xC4, 0x10, 0xC4, 0x10, 0xC4, 0x10, 0xC4, 0x10, 0xC4, 0x10, 0xC4, 0x10,
    0xC4, 0x10, 0xC4, 0x10, 0xC4, 0x10, 0xC4, 0x10, 0xC4, 0x10, 0xC4, 0x10, 0xC4, 0x10, 0xC4, 0x10,
    0xC4, 0x10, 0xC4, 0x10, 0xC4, 0x10, 0xC4, 0x10, 0xC4, 0x10, 0xC4, 0x10, 0xC4, 0x10, 0xC4, 0x10,
    0xC4, 0x10, 0xC4, 0x10, 0xC4, 0x10, 0xC4, 0x10, 0xC4, 0x10, 0xC4, 0x10, 0xC4, 0x10, 0xC4, 0x10,
    0xC4, 0x10, 0xC4, 0x10, 0xC4, 0x10, 0xC4, 0x10, 0xC4, 0x10, 0xC4, 0x10, 0xC4, 0x10, 0xC4, 0x10,
    0xC4, 0x10, 0xC4, 0x10, 0xC4, 0x10, 0xC4, 0x10, 0xC4, 0x10, 0xC4, 0x10, 0xC4, 0x10, 0xC4, 0x10,
    0xC4, 0x10, 0xC4, 0x10, 0xC4, 0x10, 0xC4, 0x10, 0xC4, 0x10, 0xC4, 0x10, 0xC4, 0x10, 0xC4, 0x10,
    0xC4, 0x10, 0xC4, 0x10, 0xC4, 0x10, 0xC4, 0x10, 0xC4, 0x10, 0xC4, 0x10, 0xC4, 0x10, 0xC4, 0x10,
    0xC4, 0x10, 0xC4, 0x10, 0xC4, 0x10, 0xC4, 0x10, 0xC4, 0x10, 0xC4, 0x10, 0xC4, 0x10, 0xC4, 0x10,
    0xC4, 0x10, 0xC4, 0x10, 0xC4, 0x10, 0xC4, 0x10, 0xC4, 0x10, 0xC4, 0x10, 0xC4, 0x10, 0xC4, 0x10,
    0xC4, 0x10, 0xC4, 0x10, 0xC4, 0x10, 0xC4, 0x10, 0xC4, 0x10, 0xC4, 0x10, 0xC4, 0x10, 0xC4, 0x10,
    0xC4, 0x10, 0xC4, 0x10, 0xC4, 0x10, 0xC4, 0x10, 0xC4, 0x10, 0xC4, 0x10, 0xC4, 0x10, 0xC4, 0x10,
    0xC4, 0x10, 0xC4, 0x10, 0xC4, 0x10, 0xC4, 0x10, 0xC4, 0x10, 0xC4, 0x10, 0xC4, 0x10, 0xC4, 0x10,
    0xC4, 0x10, 0xC4, 0x10, 0xC4, 0x10, 0xC4, 0x10, 0xC4, 0x10, 0xC4, 0x10, 0xC4, 0x10, 0xC4, 0x10,
    0xC4, 0x10, 0xC4, 0x10, 0xC4, 0x10, 0xC4, 0x10, 0xC4, 0x10, 0xC4, 0x10, 0xC4, 0x10, 0xC4, 0x10,
    0xC4, 0x10, 0xC4, 0x10, 0xC4, 0x10, 0xC4, 0x10, 0xC4, 0x10, 0xC4, 0x10, 0xC4, 0x10, 0xC4, 0x10,
    0xC4, 0x10, 0xC4, 0x10, 0xC4, 0x10, 0xC4, 0x10, 0xC4, 0x10, 0xC4, 0x10, 0xC4, 0x10, 0xC4, 0x10,
    0xC4, 0x10, 0xC4, 0x10, 0xC4, 0x10, 0xC4, 0x10, 0xC4, 0x10, 0xC4, 0x10, 0xC4, 0x10, 0xC4, 0x10,
    0xC4, 0x10, 0xC4, 0x10, 0xC4, 0x10, 0xC4, 0x10, 0xC4, 0x10, 0xC4, 0x10, 0xC4, 0x10, 0xC4, 0x10,
    0xC4, 0x10, 0xC4, 0x10, 0xC4, 0x10, 0xC4, 0x10, 0xC4, 0x10, 0xC4, 0x10, 0xC4, 0x10, 0xC4, 0x10,
    0xC4, 0x10, 0xC4, 0x10, 0xC4, 0x10, 0xC4, 0x10, 0xC4, 0x10, 0xC4, 0x10, 0xC4, 0x10, 0xC4, 0x10,
    0xC4, 0x10, 0xC4, 0x10, 0xC4, 0x10, 0xC4, 0x10, 0xC4, 0x10, 0xC4, 0x10, 0xC4, 0x10, 0xC4, 0x10,
    0xC4, 0x10, 0xC4, 0x10, 0xC4, 0x10, 0xC4, 0x10, 0xC4, 0x10, 0xC4, 0x10, 0xC4, 0x10, 0xC4, 0x10,
    0xC4, 0x10, 0xC4, 0x10, 0xC4, 0x10, 0xC4, 0x10, 0xC4, 0x10, 0xC4, 0x10, 0xC4, 0x10, 0xC4, 0x10,
    0xC4, 0x10, 0xC4, 0x10, 0xC4, 0x10, 0xC4, 0x10, 0xC4, 0x10, 0xC4, 0x10, 0xC4, 0x10, 0xC4, 0x10,
    0xC4, 0x10, 0xC4, 0x10, 0xC4, 0x10, 0xC4, 0x10, 0xC4, 0x10, 0xC4, 0x10, 0xC4, 0x10, 0xC4, 0x10,
    0xC4, 0x10, 0xC4, 0x10, 0xC4, 0x10, 0xC4, 0x10, 0xC4, 0x10, 0xC4, 0x10, 0xC4, 0x10, 0xC4, 0x10,
    0xC4, 0x10, 0xC4, 0x10, 0xC4, 0x10, 0xC4, 0x10, 0xC4, 0x10, 0xC4, 0x10, 0xC4, 0x10, 0xC4, 0x10,
    0xC4, 0x10, 0xC4, 0x10, 0xC4, 0x10, 0xC4, 0x10, 0xC4, 0x10, 0xC4, 0x10, 0xC4, 0x10, 0xC4, 0x10,
    0xC4, 0x10, 0xC4, 0x10, 0xC4, 0x10, 0xC4, 0x10, 0xC4, 0x10, 0xC4, 0x10, 0xC4, 0x10, 0xC4, 0x10,
    0xC4, 0x10, 0xC4, 0x10, 0xC4, 0x10, 0xC4, 0x10, 0xC4, 0x10, 0xC4, 0x10, 0xC4, 0x10, 0xC4, 0x10,
    0xC4, 0x10, 0xC4, 0x10, 0xC4, 0x10, 0xC4, 0x10, 0xC4, 0x10, 0xC4, 0x10, 0xC4, 0x10, 0xC4, 0x10,
    0xC4, 0x10, 0xC4, 0x10, 0xC4, 0x10, 0xC4, 0x10, 0xC4, 0x10, 0xC4, 0x10, 0xC4, 0x10, 0xC4, 0x10,
    0xC4, 0x10, 0xC4, 0x10, 0xC4, 0x10, 0xC4, 0x10, 0xC4, 0x10, 0xC4, 0x10, 0xC4, 0x10, 0xC4, 0x10,
    0xC4, 0x10, 0xC4, 0x10, 0xC4, 0x10, 0xC4, 0x10, 0xC4, 0x10, 0xC4, 0x10, 0xC4, 0x10, 0xC4, 0x10,
    0xC4, 0x10, 0xC4, 0x10, 0xC4, 0x10, 0xC4, 0x10, 0xC4, 0x10, 0xC4, 0x10, 0xC4, 0x10, 0xC4, 0x10,
    0xC4, 0x10, 0xC4, 0x10, 0xC4, 0x10, 0xC4, 0x10, 0xC4, 0x10, 0xC4, 0x10, 0xC4, 0x10, 0xC4, 0x10,
    0xC4, 0x10, 0xC4, 0x10, 0xC4, 0x10, 0xC4, 0x10, 0xC4, 0x10, 0xC4, 0x10, 0xC4, 0x10, 0xC4, 0x10,
    0xC4, 0x10, 0xC4, 0x10, 0xC4, 0x10, 0xC4, 0x10, 0xC4, 0x10, 0xC4, 0x10, 0xC4, 0x10, 0xC4, 0x10,
    0xC4, 0x10, 0xC4, 0x10, 0xC4, 0x10, 0xC4, 0x10, 0xC4, 0x10, 0xC4, 0x10, 0xC4, 0x10, 0xC4, 0x10,
    0xC4, 0x10, 0xC4, 0x10, 0xC4, 0x10, 0xC4, 0x10, 0xC4, 0x10, 0xC4, 0x10, 0xC4, 0x10, 0xC4, 0x10,
    0xC4, 0x10, 0xC4, 0x10, 0xC4, 0x10, 0xC4, 0x10, 0xC4, 0x10, 0xC4, 0x10, 0xC4, 0x10, 0xC4, 0x10,
    0xC4, 0x10, 0xC4, 0x10, 0xC4, 0x10, 0xC4, 0x10, 0xC4, 0x10, 0xC4, 0x10, 0xC4, 0x10, 0xC4, 0x10,
    0xC4, 0x10, 0xC4, 0x10, 0xC4, 0x10, 0xC4, 0x10, 0xC4, 0x10, 0xC4, 0x10, 0xC4, 0x10, 0xC4, 0x10,
    0xC4, 0x10, 0xC4, 0x10, 0xC4, 0x10, 0xC4, 0x10, 0xC4, 0x10, 0xC4, 0x10, 0xC4, 0x10, 0xC4, 0x10,
    0xC4, 0x10, 0xC4, 0x10, 0xC4, 0x10, 0xC4, 0x10, 0xC4, 0x10, 0xC4, 0x10, 0xC4, 0x10, 0xC4, 0x10,
    0xC4, 0x10, 0xC4, 0x10, 0xC4, 0x10, 0xC4, 0x10, 0xC4, 0x10, 0xC4, 0x10, 0xC4, 0x10, 0xC4, 0x10,
    0xC4, 0x10, 0xC4, 0x10, 0xC4, 0x10, 0xC4, 0x10, 0xC4, 0x10, 0xC4, 0x10, 0xC4, 0x10, 0xC4, 0x10,
    0xC4, 0x10, 0xC4, 0x10, 0xC4, 0x10, 0xC4, 0x10, 0xC4, 0x10, 0xC4, 0x10, 0xC4, 0x10, 0xC4, 0x10,
    0xC4, 0x10, 0xC4, 0x10, 0xC4, 0x10, 0xC4, 0x10, 0xC4, 0x10, 0xC4, 0x10, 0xC4, 0x10, 0xC4, 0x10,
    0xC4, 0x10, 0xC4, 0x10, 0xC4, 0x10, 0xC4, 0x10, 0xC4, 0x10, 0xC4, 0x10, 0xC4, 0x10, 0xC4, 0x10,
    0xC4, 0x10, 0xC4, 0x10, 0xC4, 0x10, 0xC4, 0x10, 0xC4, 0x10, 0xC4, 0x10, 0xC4, 0x10, 0xC4, 0x10,
    0xC4, 0x10, 0xC4, 0x10, 0xC4, 0x10, 0xC4, 0x10, 0xC4, 0x10, 0xC4, 0x10, 0xC4, 0x10, 0xC4, 0x10,
    0xC4, 0x10, 0xC4, 0x10, 0xC4, 0x10, 0xC4, 0x10, 0xC4, 0x10, 0xC4, 0x10, 0xC4, 0x10, 0xC4, 0x10,
    0xC4, 0x10, 0xC4, 0x10, 0xC4, 0x10, 0xC4, 0x10, 0xC4, 0x10, 0xC4, 0x10, 0xC4, 0x10, 0xC4, 0x10,
    0xC4, 0x10, 0xC4, 0x10, 0xC4, 0x10, 0xC4, 0x10, 0xC4, 0x10, 0xC4, 0x10, 0xC4, 0x10, 0xC4, 0x10,
    0xC4, 0x10, 0xC4, 0x10, 0xC4, 0x10, 0xC4, 0x10, 0xC4, 0x10, 0xC4, 0x10, 0xC4, 0x10, 0xC4, 0x10,
    0xC4, 0x10, 0xC4, 0x10, 0xC4, 0x10, 0xC4, 0x10, 0xC4, 0x10, 0xC4, 0x10, 0xC4, 0x10, 0xC4, 0x10,
    0xC4, 0x10, 0xC4, 0x10, 0xC4, 0x10, 0xC4, 0x10, 0xC4, 0x10, 0xC4, 0x10, 0xC4, 0x10, 0xC4, 0x10,
    0xC4, 0x10, 0xC4, 0x10, 0xC4, 0x10, 0xC4, 0x10, 0xC4, 0x10, 0xC4, 0x10, 0xC4, 0x10, 0xC4, 0x10,
    0xC4, 0x10, 0xC4, 0x10, 0xC4, 0x10, 0xC4, 0x10, 0xC4, 0x10, 0xC4, 0x10, 0xC4, 0x10, 0xC4, 0x10,
    0xC4, 0x10, 0xC4, 0x10, 0xC4, 0x10, 0xC4, 0x10, 0xC4, 0x10, 0xC4, 0x10, 0xC4, 0x10, 0xC4, 0x10,
    0xC4, 0x10, 0xC4, 0x10, 0xC4, 0x10, 0xC4, 0x10, 0xC4, 0x10, 0xC4, 0x10, 0xC4, 0x10, 0xC4, 0x10,
    0xC4, 0x10, 0xC4, 0x10, 0xC4, 0x10, 0xC4, 0x10, 0xC4, 0x10, 0xC4, 0x10, 0xC4, 0x10, 0xC4, 0x10,
    0xC4, 0x10, 0xC4, 0x10, 0xC4, 0x10, 0xC4, 0x10, 0xC4, 0x10, 0xC4, 0x10, 0xC4, 0x10, 0xC4, 0x10,
    0xC4, 0x10, 0xC4, 0x10, 0xC4, 0x10, 0xC4, 0x10, 0xC4, 0x10, 0xC4, 0x10, 0xC4, 0x10, 0xC4, 0x10,
    0xC4, 0x10, 0xC4, 0x10, 0xC4, 0x10, 0xC4, 0x10, 0xC4, 0x10, 0xC4, 0x10, 0xC4, 0x10, 0xC4, 0x10,
    0xC4, 0x10, 0xC4, 0x10, 0xC4, 0x10, 0xC4, 0x10, 0xC4, 0x10, 0xC4, 0x10, 0xC4, 0x10, 0xC4, 0x10,
    0xC4, 0x10, 0xC4, 0x10, 0xC4, 0x10, 0xC4, 0x10, 0xC4, 0x10, 0xC4, 0x10, 0xC4, 0x10, 0xC4, 0x10,
    0xC4, 0x10, 0xC4, 0x10, 0xC4, 0x10, 0xC4, 0x10, 0xC4, 0x10, 0xC4, 0x10, 0xC4, 0x10, 0xC4, 0x10,
    0xC4, 0x10, 0xC4, 0x10, 0xC4, 0x10, 0xC4, 0x10, 0xC4, 0x10, 0xC4, 0x10, 0xC4, 0x10, 0xC4, 0x10,
    0xC4, 0x10, 0xC4, 0x10, 0xC4, 0x10, 0xC4, 0x10, 0xC4, 0x10, 0xC4, 0x10, 0xC4, 0x10, 0xC4, 0x10,
    0xC4, 0x10, 0xC4, 0x10, 0xC4, 0x10, 0xC4, 0x10, 0xC4, 0x10, 0xC4, 0x10, 0xC4, 0x10, 0xC4, 0x10,
    0xC4, 0x10, 0xC4, 0x10, 0xC4, 0x10, 0xC4, 0x10, 0xC4, 0x10, 0xC4, 0x10, 0xC4, 0x10, 0xC4, 0x10,
    0xC4, 0x10, 0xC4, 0x10, 0xC4, 0x10, 0xC4, 0x10, 0xC4, 0x10, 0xC4, 0x10, 0xC4, 0x10, 0xC4, 0x10,
    0xC4, 0x10, 0xC4, 0x10, 0xC4, 0x10, 0xC4, 0x10, 0xC4, 0x10, 0xC4, 0x10, 0xC4, 0x10, 0xC4, 0x10,
    0xC4, 0x10, 0xC4, 0x10, 0xC4, 0x10, 0xC4, 0x10, 0xC4, 0x10, 0xC4, 0x10, 0xC4, 0x10, 0xC4, 0x10,
    0xC4, 0x10, 0xC4, 0x10, 0xC4, 0x10, 0xC4, 0x10, 0xC4, 0x10, 0xC4, 0x10, 0xC4, 0x10, 0xC4, 0x10,
    0xC4, 0x10, 0xC4, 0x10, 0xC4, 0x10, 0xC4, 0x10, 0xC4, 0x10, 0xC4, 0x10, 0xC4, 0x10, 0xC4, 0x10,
    0xC4, 0x10, 0xC4, 0x10, 0xC4, 0x10, 0xC4, 0x10, 0xC4, 0x10, 0xC4, 0x10, 0xC4, 0x10, 0xC4, 0x10,
    0xC4, 0x10, 0xC4, 0x10, 0xC4, 0x10, 0xC4, 0x10, 0xC4, 0x10, 0xC4, 0x10, 0xC4, 0x10, 0xC4, 0x10,
    0xC4, 0x10, 0xC4, 0x10, 0xC4, 0x10, 0xC4, 0x10, 0xC4, 0x10, 0xC4, 0x10, 0xC4, 0x10, 0xC4, 0x10,
    0xC4, 0x10, 0xC4, 0x10, 0xC4, 0x10, 0xC4, 0x10, 0xC4, 0x10, 0xC4, 0x10, 0xC4, 0x10, 0xC4, 0x10,
    0xC4, 0x10, 0xC4, 0x10, 0xC4, 0x10, 0xC4, 0x10, 0xC4, 0x10, 0xC4, 0x10, 0xC4, 0x10, 0xC4, 0x10,
    0xC4, 0x10, 0xC4, 0x10, 0xC4, 0x10, 0xC4, 0x10, 0xC4, 0x10, 0xC4, 0x10, 0xC4, 0x10, 0xC4, 0x10,
    0xC4, 0x10, 0xC4, 0x10, 0xC4, 0x10, 0xC4, 0x10, 0xC4, 0x10, 0xC4, 0x10, 0xC4, 0x10, 0xC4, 0x10,
    0xC4, 0x10, 0xC4, 0x10, 0xC4, 0x10, 0xC4, 0x10, 0xC4, 0x10, 0xC4, 0x10, 0xC4, 0x10, 0xC4, 0x10,
    0xC4, 0x10, 0xC4, 0x10, 0xC4, 0x10, 0xC4, 0x10, 0xC4, 0x10, 0xC4, 0x10, 0xC4, 0x10, 0xC4, 0x10,
    0xC4, 0x10, 0xC4, 0x10, 0xC4, 0x10, 0xC4, 0x10, 0xC4, 0x10, 0xC4, 0x10, 0xC4, 0x10, 0xC4, 0x10,
    0xC4, 0x10, 0xC4, 0x10, 0xC4, 0x10, 0xC4, 0x10, 0xC4, 0x10, 0xC4, 0x10, 0xC4, 0x10, 0xC4, 0x10,
    0xC4, 0x10, 0xC4, 0x10, 0xC4, 0x10, 0xC4, 0x10, 0xC4, 0x10, 0xC4, 0x10, 0xC4, 0x10, 0xC4, 0x10,
    0xC4, 0x10, 0xC4, 0x10, 0xC4, 0x10, 0xC4, 0x10, 0xC4, 0x10, 0xC4, 0x10, 0xC4, 0x10, 0xC4, 0x10,
    0xC4, 0x10, 0xC4, 0x10, 0xC4, 0x10, 0xC4, 0x10, 0xC4, 0x10, 0xC4, 0x10, 0xC4, 0x10, 0xC4, 0x10,
    0xC4, 0x10, 0xC4, 0x10, 0xC4, 0x10, 0xC4, 0x10, 0xC4, 0x10, 0xC4, 0x10, 0xC4, 0x10, 0xC4, 0x10,
    0xC4, 0x10, 0xC4, 0x10, 0xC4, 0x10, 0xC4, 0x10, 0xC4, 0x10, 0xC4, 0x10, 0xC4, 0x10, 0xC4, 0x10,
    0xC4, 0x10, 0xC4, 0x10, 0xC4, 0x10, 0xC4, 0x10, 0xC4, 0x10, 0xC4, 0x10, 0xC4, 0x10, 0xC4, 0x10,
    0xC4, 0x10, 0xC4, 0x10, 0xC4, 0x10, 0xC4, 0x10, 0xC4, 0x10, 0xC4, 0x10, 0xC4, 0x10, 0xC4, 0x10,
    0xC4, 0x10, 0xC4, 0x10, 0xC4, 0x10, 0xC4, 0x10, 0xC4, 0x10, 0xC4, 0x10, 0xC4, 0x10, 0xC4, 0x10,
    0xC4, 0x10, 0xC4, 0x10, 0xC4, 0x10, 0xC4, 0x10, 0xC4, 0x10, 0xC4, 0x10, 0xC4, 0x10, 0xC4, 0x10,
    0xC4, 0x10, 0xC4, 0x10, 0xC4, 0x10, 0xC4, 0x10, 0xC4, 0x10, 0xC4, 0x10, 0xC4, 0x10, 0xC4, 0x10,
    0xC4, 0x10, 0xC4, 0x10, 0xC4, 0x10, 0xC4, 0x10, 0xC4, 0x10, 0xC4, 0x10, 0xC4, 0x10, 0xC4, 0x10,
    0xC4, 0x10, 0xC4, 0x10, 0xC4, 0x10, 0xC4, 0x10, 0xC4, 0x10, 0xC4, 0x10, 0xC4, 0x10, 0xC4, 0x10,
    0xC4, 0x10, 0xC4, 0x10, 0xC4, 0x10, 0xC4, 0x10, 0xC4, 0x10, 0xC4, 0x10, 0xC4, 0x10, 0xC4, 0x10,
    0xC4, 0x10, 0xC4, 0x10, 0xC4, 0x10, 0xC4, 0x10, 0xC4, 0x10, 0xC4, 0x10, 0xC4, 0x10, 0xC4, 0x10,
    0xC4, 0x10, 0xC4, 0x10, 0xC4, 0x10, 0xC4, 0x10, 0xC4, 0x10, 0xC4, 0x10, 0xC4, 0x10, 0xC4, 0x10,
    0xC4, 0x10, 0xC4, 0x10, 0xC4, 0x10, 0xC4, 0x10, 0xC4, 0x10, 0xC4, 0x10, 0xC4, 0x10, 0xC4, 0x10,
    0xC4, 0x10, 0xC4, 0x10, 0xC4, 0x10, 0xC4, 0x10, 0xC4, 0x10, 0xC4, 0x10, 0xC4, 0x10, 0xC4, 0x10,
    0xC4, 0x10, 0xC4, 0x10, 0xC4, 0x10, 0xC4, 0x10, 0xC4, 0x10, 0xC4, 0x10, 0xC4, 0x10, 0xC4, 0x10,
    0xC4, 0x10, 0xC4, 0x10, 0xC4, 0x10, 0xC4, 0x10, 0xC4, 0x10, 0xC4, 0x10, 0xC4, 0x10, 0xC4, 0x10,
    0xC4, 0x10, 0xC4, 0x10, 0xC4, 0x10, 0xC4, 0x10, 0xC4, 0x10, 0xC4, 0x10, 0xC4, 0x10, 0xC4, 0x10,
    0xC4, 0x10, 0xC4, 0x10, 0xC4, 0x10, 0xC4, 0x10, 0xC4, 0x10, 0xC4, 0x10, 0xC4, 0x10, 0xC4, 0x10,
    0xC4, 0x10, 0xC4, 0x10, 0xC4, 0x10, 0xC4, 0x10, 0xC4, 0x10, 0xC4, 0x10, 0xC4, 0x10, 0xC4, 0x10,
    0xC4, 0x10, 0xC4, 0x10, 0xC4, 0x10, 0xC4, 0x10, 0xC4, 0x10, 0xC4, 0x10, 0xC4, 0x10, 0xC4, 0x10,
    0xC4, 0x10, 0xC4, 0x10, 0xC4, 0x10, 0xC4, 0x10, 0xC4, 0x10, 0xC4, 0x10, 0xC4, 0x10, 0xC4, 0x10,
    0xC4, 0x10, 0xC4, 0x10, 0xC4, 0x10, 0xC4, 0x10, 0xC4, 0x10, 0xC4, 0x10, 0xC4, 0x10, 0xC4, 0x10,
    0xC4, 0x10, 0xC4, 0x10, 0xC4, 0x10, 0xC4, 0x10, 0xC4, 0x10, 0xC4, 0x10, 0xC4, 0x10, 0xC4, 0x10,
    0xC4, 0x10, 0xC4, 0x10, 0xC4, 0x10, 0xC4, 0x10, 0xC4, 0x10, 0xC4, 0x10, 0xC4, 0x10, 0xC4, 0x10,
    0xC4, 0x10, 0xC4, 0x10, 0xC4, 0x10, 0xC4, 0x10, 0xC4, 0x10, 0xC4, 0x10, 0xC4, 0x10, 0xC4, 0x10,
    0xC4, 0x10, 0xC4, 0x10, 0xC4, 0x10, 0xC4, 0x10, 0xC4, 0x10, 0xC4, 0x10, 0xC4, 0x10, 0xC4, 0x10,
    0xC4, 0x10, 0xC4, 0x10, 0xC4, 0x10, 0xC4, 0x10, 0xC4, 0x10, 0xC4, 0x10, 0xC4, 0x10, 0xC4, 0x10,
    0xC4, 0x10, 0xC4, 0x10, 0xC4, 0x10, 0xC4, 0x10, 0xC4, 0x10, 0xC4, 0x10, 0xC4, 0x10, 0xC4, 0x10,
    0xC4, 0x10, 0xC4, 0x10, 0xC4, 0x10, 0xC4, 0x10, 0xC4, 0x10, 0xC4, 0x10, 0xC4, 0x10, 0xC4, 0x10,
    0xC4, 0x10, 0xC4, 0x10, 0xC4, 0x10, 0xC4, 0x10, 0xC4, 0x10, 0xC4, 0x10, 0xC4, 0x10, 0xC4, 0x10,
    0xC4, 0x10, 0xC4, 0x10, 0xC4, 0x10, 0xC4, 0x10, 0xC4, 0x10, 0xC4, 0x10, 0xC4, 0x10, 0xC4, 0x10,
    0xC4, 0x10, 0xC4, 0x10, 0xC4, 0x10, 0xC4, 0x10, 0xC4, 0x10, 0xC4, 0x10, 0xC4, 0x10, 0xC4, 0x10,
    0xC4, 0x10, 0xC4, 0x10, 0xC4, 0x10, 0xC4, 0x10, 0xC4, 0x10, 0xC4, 0x10, 0xC4, 0x10, 0xC4, 0x10,
    0xC4, 0x10, 0xC4, 0x10, 0xC4, 0x10, 0xC4, 0x10, 0xC4, 0x10, 0xC4, 0x10, 0xC4, 0x10, 0xC4, 0x10,
    0xC4, 0x10, 0xC4, 0x10, 0xC4, 0x10, 0xC4, 0x10, 0xC4, 0x10, 0xC4, 0x10, 0xC4, 0x10, 0xC4, 0x10,
    0xC4, 0x10, 0xC4, 0x10, 0xC4, 0x10, 0xC4, 0x10, 0xC4, 0x10, 0xC4, 0x10, 0xC4, 0x10, 0xC4, 0x10,
    0xC4, 0x10, 0xC4, 0x10, 0xC4, 0x10, 0xC4, 0x10, 0xC4, 0x10, 0xC4, 0x10, 0xC4, 0x10, 0xC4, 0x10,
    0xC4, 0x10, 0xC4, 0x10, 0xC4, 0x10, 0xC4, 0x10, 0xC4, 0x10, 0xC4, 0x10, 0xC4, 0x10, 0xC4, 0x10,
    0xC4, 0x10, 0xC4, 0x10, 0xC4, 0x10, 0xC4, 0x10, 0xC4, 0x10, 0xC4, 0x10, 0xC4, 0x10, 0xC4, 0x10,
    0xC4, 0x10, 0xC4, 0x10, 0xC4, 0x10, 0xC4, 0x10, 0xC4, 0x10, 0xC4, 0x10, 0xC4, 0x10, 0xC4, 0x10,
    0xC4, 0x10, 0xC4, 0x10, 0xC4, 0x10, 0xC4, 0x10, 0xC4, 0x10, 0xC4, 0x10, 0xC4, 0x10, 0xC4, 0x10,
    0xC4, 0x10, 0xC4, 0x10, 0xC4, 0x10, 0xC4, 0x10, 0xC4, 0x10, 0xC4, 0x10, 0xC4, 0x10, 0xC4, 0x10,
    0xC4, 0x10, 0xC4, 0x10, 0xC4, 0x10, 0xC4, 0x10, 0xC4, 0x10, 0xC4, 0x10, 0xC4, 0x10, 0xC4, 0x10,
    0xC4, 0x10, 0xC4, 0x10, 0xC4, 0x10, 0xC4, 0x10, 0xC4, 0x10, 0xC4, 0x10, 0xC4, 0x10, 0xC4, 0x10,
    0xC4, 0x10, 0xC4, 0x10, 0xC4, 0x10, 0xC4, 0x10, 0xC4, 0x10, 0xC4, 0x10, 0xC4, 0x10, 0xC4, 0x10,
    0xC4, 0x10, 0xC4, 0x10, 0xC4, 0x10, 0xC4, 0x10, 0xC4, 0x10, 0xC4, 0x10, 0xC4, 0x10, 0xC4, 0x10,
    0xC4, 0x10, 0xC4, 0x10, 0xC4, 0x10, 0xC4, 0x10, 0xC4, 0x10, 0xC4, 0x10, 0xC4, 0x10, 0xC4, 0x10,
    0xC4, 0x10, 0xC4, 0x10, 0xC4, 0x10, 0xC4, 0x10, 0xC4, 0x10, 0xC4, 0x10, 0xC4, 0x10, 0xC4, 0x10,
    0xC4, 0x10, 0xC4, 0x10, 0xC4, 0x10, 0xC4, 0x10, 0xC4, 0x10, 0xC4, 0x10, 0xC4, 0x10, 0xC4, 0x10,
    0xC4, 0x10, 0xC4, 0x10, 0xC4, 0x10, 0xC4, 0x10, 0xC4, 0x10, 0xC4, 0x10, 0xC4, 0x10, 0xC4, 0x10,
    0xC4, 0x10, 0xC4, 0x10, 0xC4, 0x10, 0xC4, 0x10, 0xC4, 0x10, 0xC4, 0x10, 0xC4, 0x10, 0xC4, 0x10,
    0xC4, 0x10, 0xC4, 0x10, 0xC4, 0x10, 0xC4, 0x10, 0xC4, 0x10, 0xC4, 0x10, 0xC4, 0x10, 0xC4, 0x10,
    0xC4, 0x10, 0xC4, 0x10, 0xC4, 0x10, 0xC4, 0x10, 0xC4, 0x10, 0xC4, 0x10, 0xC4, 0x10, 0xC4, 0x10,
    0xC4, 0x10, 0xC4, 0x10, 0xC4, 0x10, 0xC4, 0x10, 0xC4, 0x10, 0xC4, 0x10, 0xC4, 0x10, 0xC4, 0x10,
    0xC4, 0x10, 0xC4, 0x10, 0xC4, 0x10, 0xC4, 0x10, 0xC4, 0x10, 0xC4, 0x10, 0xC4, 0x10, 0xC4, 0x10,
    0xC4, 0x10, 0xC4, 0x10, 0xC4, 0x10, 0xC4, 0x10, 0xC4, 0x10, 0xC4, 0x10, 0xC4, 0x10, 0xC4, 0x10,
    0xC4, 0x10, 0xC4, 0x10, 0xC4, 0x10, 0xC4, 0x10, 0xC4, 0x10, 0xC4, 0x10, 0xC4, 0x10, 0xC4, 0x10,
    0xC4, 0x10, 0xC4, 0x10, 0xC4, 0x10, 0xC4, 0x10, 0xC4, 0x10, 0xC4, 0x10, 0xC4, 0x10, 0xC4, 0x10,
    0xC4, 0x10, 0xC4, 0x10, 0xC4, 0x10, 0xC4, 0x10, 0xC4, 0x10, 0xC4, 0x10, 0xC4, 0x10, 0xC4, 0x10,
    0xC4, 0x10, 0xC4, 0x10, 0xC4, 0x10, 0xC4, 0x10, 0xC4, 0x10, 0xC4, 0x10, 0xC4, 0x10, 0xC4, 0x10,
    0xC4, 0x10, 0xC4, 0x10, 0xC4, 0x10, 0xC4, 0x10, 0xC4, 0x10, 0xC4, 0x10, 0xC4, 0x10, 0xC4, 0x10,
    0xC4, 0x10, 0xC4, 0x10, 0xC4, 0x10, 0xC4, 0x10, 0xC4, 0x10, 0xC4, 0x10, 0xC4, 0x10, 0xC4, 0x10,
    0xC4, 0x10, 0xC4, 0x10, 0xC4, 0x10, 0xC4, 0x10, 0xC4, 0x10, 0xC4, 0x10, 0xC4, 0x10, 0xC4, 0x10,
    0xC4, 0x10, 0xC4, 0x10, 0xC4, 0x10, 0xC4, 0x10, 0xC4, 0x10, 0xC4, 0x10, 0xC4, 0x10, 0xC4, 0x10,
    0xC4, 0x10, 0xC4, 0x10, 0xC4, 0x10, 0xC4, 0x10, 0xC4, 0x10, 0xC4, 0x10, 0xC4, 0x10, 0xC4, 0x10,
    0xC4, 0x10, 0xC4, 0x10, 0xC4, 0x10, 0xC4, 0x10, 0xC4, 0x10, 0xC4, 0x10, 0xC4, 0x10, 0xC4, 0x10,
    0xC4, 0x10, 0xC4, 0x10, 0xC4, 0x10, 0xC4, 0x10, 0xC4, 0x10, 0xC4, 0x10, 0xC4, 0x10, 0xC4, 0x10,
    0xC4, 0x10, 0xC4, 0x10, 0xC4, 0x10, 0xC4, 0x10, 0xC4, 0x10, 0xC4, 0x10, 0xC4, 0x10, 0xC4, 0x10,
    0xC4, 0x10, 0xC4, 0x10, 0xC4, 0x10, 0xC4, 0x10, 0xC4, 0x10, 0xC4, 0x10, 0xC4, 0x10, 0xC4, 0x10,
    0xC4, 0x10, 0xC4, 0x10, 0xC4, 0x10, 0xC4, 0x10, 0xC4, 0x10, 0xC4, 0x10, 0xC4, 0x10, 0xC4, 0x10,
    0xC4, 0x10, 0xC4, 0x10, 0xC4, 0x10, 0xC4, 0x10, 0xC4, 0x10, 0xC4, 0x10, 0xC4, 0x10, 0xC4, 0x10,
    0xC4, 0x10, 0xC4, 0x10, 0xC4, 0x10, 0xC4, 0x10, 0xC4, 0x10, 0xC4, 0x10, 0xC4, 0x10, 0xC4, 0x10,
    0xC4, 0x10, 0xC4, 0x10, 0xC4, 0x10, 0xC4, 0x10, 0xC4, 0x10, 0xC4, 0x10, 0xC4, 0x10, 0xC4, 0x10,
    0xC4, 0x10, 0xC4, 0x10, 0xC4, 0x10, 0xC4, 0x10, 0xC4, 0x10, 0xC4, 0x10, 0xC4, 0x10, 0xC4, 0x10,
    0xC4, 0x10, 0xC4, 0x10, 0xC4, 0x10, 0xC4, 0x10, 0xC4, 0x10, 0xC4, 0x10, 0xC4, 0x10, 0xC4, 0x10,
    0xC4, 0x10, 0xC4, 0x10, 0xC4, 0x10, 0xC4, 0x10, 0xC4, 0x10, 0xC4, 0x10, 0xC4, 0x10, 0xC4, 0x10,
    0xC4, 0x10, 0xC4, 0x10, 0xC4, 0x10, 0xC4, 0x10, 0xC4, 0x10, 0xC4, 0x10, 0xC4, 0x10, 0xC4, 0x10,
    0xC4, 0x10, 0xC4, 0x10, 0xC4, 0x10, 0xC4, 0x10, 0xC4, 0x10, 0xC4, 0x10, 0xC4, 0x10, 0xC4, 0x10,
    0xC4, 0x10, 0xC4, 0x10, 0xC4, 0x10, 0xC4, 0x10, 0xC4, 0x10, 0xC4, 0x10, 0xC4, 0x10, 0xC4, 0x10,
    0xC4, 0x10, 0xC4, 0x10, 0xC4, 0x10, 0xC4, 0x10, 0xC4, 0x10, 0xC4, 0x10, 0xC4, 0x10, 0xC4, 0x10,
    0xC4, 0x10, 0xC4, 0x10, 0xC4, 0x10, 0xC4, 0x10, 0xC4, 0x10, 0xC4, 0x10, 0xC4, 0x10, 0xC4, 0x10,
    0xC4, 0x10, 0xC4, 0x10, 0xC4, 0x10, 0xC4, 0x10, 0xC4, 0x10, 0xC4, 0x10, 0xC4, 0x10, 0xC4, 0x10,
    0xC4, 0x10, 0xC4, 0x10, 0xC4, 0x10, 0xC4, 0x10, 0xC4, 0x10, 0xC4, 0x10, 0xC4, 0x10, 0xC4, 0x10,
    0xC4, 0x10, 0xC4, 0x10, 0xC4, 0x10, 0xC4, 0x10, 0xC4, 0x10, 0xC4, 0x10, 0xC4, 0x10, 0xC4, 0x10,
    0xC4, 0x10, 0xC4, 0x10, 0xC4, 0x10, 0xC4, 0x10, 0xC4, 0x10, 0xC4, 0x10, 0xC4, 0x10, 0xC4, 0x10,
    0xC4, 0x10, 0xC4, 0x10, 0xC4, 0x10, 0xC4, 0x10, 0xC4, 0x10, 0xC4, 0x10, 0xC4, 0x10, 0xC4, 0x10,
    0xC4, 0x10, 0xC4, 0x10, 0xC4, 0x10, 0xC4, 0x10, 0xC4, 0x10, 0xC4, 0x10, 0xC4, 0x10, 0xC4, 0x10,
    0xC4, 0x10, 0xC4, 0x10, 0xC4, 0x10, 0xC4, 0x10, 0xC4, 0x10, 0xC4, 0x10, 0xC4, 0x10, 0xC4, 0x10,
    0xC4, 0x10, 0xC4, 0x10, 0xC4, 0x10, 0xC4, 0x10, 0xC4, 0x10, 0xC4, 0x10, 0xC4, 0x10, 0xC4, 0x10,
    0xC4, 0x10, 0xC4, 0x10, 0xC4, 0x10, 0xC4, 0x10, 0xC4, 0x10, 0xC4, 0x10, 0xC4, 0x10, 0xC4, 0x10,
    0xC4, 0x10, 0xC4, 0x10, 0xC4, 0x10, 0xC4, 0x10, 0xC4, 0x10, 0xC4, 0x10, 0xC4, 0x10, 0xC4, 0x10,
    0xC4, 0x10, 0xC4, 0x10, 0xC4, 0x10, 0xC4, 0x10, 0xC4, 0x10, 0xC4, 0x10, 0xC4, 0x10, 0xC4, 0x10,
    0xC4, 0x10, 0xC4, 0x10, 0xC4, 0x10, 0xC4, 0x10, 0xC4, 0x10, 0xC4, 0x10, 0xC4, 0x10, 0xC4, 0x10,
    0xC4, 0x10, 0xC4, 0x10, 0xC4, 0x10, 0xC4, 0x10, 0xC4, 0x10, 0xC4, 0x10, 0xC4, 0x10, 0xC4, 0x10,
    0xC4, 0x10, 0xC4, 0x10, 0xC4, 0x10, 0xC4, 0x10, 0xC4, 0x10, 0xC4, 0x10, 0xC4, 0x10, 0xC4, 0x10,
    0xC4, 0x10, 0xC4, 0x10, 0xC4, 0x10, 0xC4, 0x10, 0xC4, 0x10, 0xC4, 0x10, 0xC4, 0x10, 0xC4, 0x10,
    0xC4, 0x10, 0xC4, 0x10, 0xC4, 0x10, 0xC4, 0x10, 0xC4, 0x10, 0xC4, 0x10, 0xC4, 0x10, 0xC4, 0x10,
    0xC4, 0x10, 0xC4, 0x10, 0xC4, 0x10, 0xC4, 0x10, 0xC4, 0x10, 0xC4, 0x10, 0xC4, 0x10, 0xC4, 0x10,
    0xC4, 0x10, 0xC4, 0x10, 0xC4, 0x10, 0xC4, 0x10, 0xC4, 0x10, 0xC4, 0x10, 0xC4, 0x10, 0xC4, 0x10,
    0xC4, 0x10, 0xC4, 0x10, 0xC4, 0x10, 0xC4, 0x10, 0xC4, 0x10, 0xC4, 0x10, 0xC4, 0x10, 0xC4, 0x10,
    0xC4, 0x10, 0xC4, 0x10, 0xC4, 0x10, 0xC4, 0x10, 0xC4, 0x10, 0xC4, 0x10, 0xC4, 0x10, 0xC4, 0x10,
    0xC4, 0x10, 0xC4, 0x10, 0xC4, 0x10, 0xC4, 0x10, 0xC4, 0x10, 0xC4, 0x10, 0xC4, 0x10, 0xC4, 0x10,
    0xC4, 0x10, 0xC4, 0x10, 0xC4, 0x10, 0xC4, 0x10, 0xC4, 0x10, 0xC4, 0x10, 0xC4, 0x10, 0xC4, 0x10,
    0xC4, 0x10, 0xC4, 0x10, 0xC4, 0x10, 0xC4, 0x10, 0xC4, 0x10, 0xC4, 0x10, 0xC4, 0x10, 0xC4, 0x10,
    0xC4, 0x10, 0xC4, 0x10, 0xC4, 0x10, 0xC4, 0x10, 0xC4, 0x10, 0xC4, 0x10, 0xC4, 0x10, 0xC4, 0x10,
    0xC4, 0x10, 0xC4, 0x10, 0xC4, 0x10, 0xC4, 0x10, 0xC4, 0x10, 0xC4, 0x10, 0xC4, 0x10, 0xC4, 0x10,
    0xC4, 0x10, 0xC4, 0x10, 0xC4, 0x10, 0xC4, 0x10, 0xC4, 0x10, 0xC4, 0x10, 0xC4, 0x10, 0xC4, 0x10,
    0xC4, 0x10, 0xC4, 0x10, 0xC4, 0x10, 0xC4, 0x10, 0xC4, 0x10, 0xC4, 0x10, 0xC4, 0x10, 0xC4, 0x10,
    0xC4, 0x10, 0xC4, 0x10, 0xC4, 0x10, 0xC4, 0x10, 0xC4, 0x10, 0xC4, 0x10, 0xC4, 0x10, 0xC4, 0x10,
    0xC4, 0x10, 0xC4, 0x10, 0xC4, 0x10, 0xC4, 0x10, 0xC4, 0x10, 0xC4, 0x10, 0xC4, 0x10, 0xC4, 0x10,
    0xC4, 0x10, 0xC4, 0x10, 0xC4, 0x10, 0xC4, 0x10, 0xC4, 0x10, 0xC4, 0x10, 0xC4, 0x10, 0xC4, 0x10,
    0xC4, 0x10, 0xC4, 0x10, 0xC4, 0x10, 0xC4, 0x10, 0xC4, 0x10, 0xC4, 0x10, 0xC4, 0x10, 0xC4, 0x10,
    0xC4, 0x10, 0xC4, 0x10, 0xC4, 0x10, 0xC4, 0x10, 0xC4, 0x10, 0xC4, 0x10, 0xC4, 0x10, 0xC4, 0x10,
    0xC4, 0x10, 0xC4, 0x10, 0xC4, 0x10, 0xC4, 0x10, 0xC4, 0x10, 0xC4, 0x10, 0xC4, 0x10, 0xC4, 0x10,
    0xC4, 0x10, 0xC4, 0x10, 0xC4, 0x10, 0xC4, 0x10, 0xC4, 0x10, 0xC4, 0x10, 0xC4, 0x10, 0xC4, 0x10,
    0xC4, 0x10, 0xC4, 0x10, 0xC4, 0x10, 0xC4, 0x10, 0xC4, 0x10, 0xC4, 0x10, 0xC4, 0x10, 0xC4, 0x10,
    0xC4, 0x10, 0xC4, 0x10, 0xC4, 0x10, 0xC4, 0x10, 0xC4, 0x10, 0xC4, 0x10, 0xC4, 0x10, 0xC4, 0x10,
    0xC4, 0x10, 0xC4, 0x10, 0xC4, 0x10, 0xC4, 0x10, 0xC4, 0x10, 0xC4, 0x10, 0xC4, 0x10, 0xC4, 0x10,
    0xC4, 0x10, 0xC4, 0x10, 0xC4, 0x10, 0xC4, 0x10, 0xC4, 0x10, 0xC4, 0x10, 0xC4, 0x10, 0xC4, 0x10,
    0xC4, 0x10, 0xC4, 0x10, 0xC4, 0x10, 0xC4, 0x10, 0xC4, 0x10, 0xC4, 0x10, 0xC4, 0x10, 0xC4, 0x10,
    0xC4, 0x10, 0xC4, 0x10, 0xC4, 0x10, 0xC4, 0x10, 0xC4, 0x10, 0xC4, 0x10, 0xC4, 0x10, 0xC4, 0x10,
    0xC4, 0x10, 0xC4, 0x10, 0xC4, 0x10, 0xC4, 0x10, 0xC4, 0x10, 0xC4, 0x10, 0xC4, 0x10, 0xC4, 0x10,
    0xC4, 0x10, 0xC4, 0x10, 0xC4, 0x10, 0xC4, 0x10, 0xC4, 0x10, 0xC4, 0x10, 0xC4, 0x10, 0xC4, 0x10,
    0xC4, 0x10, 0xC4, 0x10, 0xC4, 0x10, 0xC4, 0x10, 0xC4, 0x10, 0xC4, 0x10, 0xC4, 0x10, 0xC4, 0x10,
    0xC4, 0x10, 0xC4, 0x10, 0xC4, 0x10, 0xC4, 0x10, 0xC4, 0x10, 0xC4, 0x10, 0xC4, 0x10, 0xC4, 0x10,
    0xC4, 0x10, 0xC4, 0x10, 0xC4, 0x10, 0xC4, 0x10, 0xC4, 0x10, 0xC4, 0x10, 0xC4, 0x10, 0xC4, 0x10,
    0xC4, 0x10, 0xC4, 0x10, 0xC4, 0x10, 0xC4, 0x10, 0xC4, 0x10, 0xC4, 0x10, 0xC4, 0x10, 0xC4, 0x10,
    0xC4, 0x10, 0xC4, 0x10, 0xC4, 0x10, 0xC4, 0x10, 0xC4, 0x10, 0xC4, 0x10, 0xC4, 0x10, 0xC4, 0x10,
    0xC4, 0x10, 0xC4, 0x10, 0xC4, 0x10, 0xC4, 0x10, 0xC4, 0x10, 0xC4, 0x10, 0xC4, 0x10, 0xC4, 0x10,
    0xC4, 0x10, 0xC4, 0x10, 0xC4, 0x10, 0xC4, 0x10, 0xC4, 0x10, 0xC4, 0x10, 0xC4, 0x10, 0xC4, 0x10,
    0xC4, 0x10, 0xC4, 0x10, 0xC4, 0x10, 0xC4, 0x10, 0xC4, 0x10, 0xC4, 0x10, 0xC4, 0x10, 0xC4, 0x10,
    0xC4, 0x10, 0xC4, 0x10, 0xC4, 0x10, 0xC4, 0x10, 0xC4, 0x10, 0xC4, 0x10, 0xC4, 0x10, 0xC4, 0x10,
    0xC4, 0x10, 0xC4, 0x10, 0xC4, 0x10, 0xC4, 0x10, 0xC4, 0x10, 0xC4, 0x10, 0xC4, 0x10, 0xC4, 0x10,
    0xC4, 0x10, 0xC4, 0x10, 0xC4, 0x10, 0xC4, 0x10, 0xC4, 0x10, 0xC4, 0x10, 0xC4, 0x10, 0xC4, 0x10,
    0xC4, 0x10, 0xC4, 0x10, 0xC4, 0x10, 0xC4, 0x10, 0xC4, 0x10, 0xC4, 0x10, 0xC4, 0x10, 0xC4, 0x10,
    0xC4, 0x10, 0xC4, 0x10, 0xC4, 0x10, 0xC4, 0x10, 0xC4, 0x10, 0xC4, 0x10, 0xC4, 0x10, 0xC4, 0x10,
    0xC4, 0x10, 0xC4, 0x10, 0xC4, 0x10, 0xC4, 0x10, 0xC4, 0x10, 0xC4, 0x10, 0xC4, 0x10, 0xC4, 0x10,
    0xC4, 0x10, 0xC4, 0x10, 0xC4, 0x10, 0xC4, 0x10, 0xC4, 0x10, 0xC4, 0x10, 0xC4, 0x10, 0xC4, 0x10,
    0xC4, 0x10, 0xC4, 0x10, 0xC4, 0x10, 0xC4, 0x10, 0xC4, 0x10, 0xC4, 0x10, 0xC4, 0x10, 0xC4, 0x10,
    0xC4, 0x10, 0xC4, 0x10, 0xC4, 0x10, 0xC4, 0x10, 0xC4, 0x10, 0xC4, 0x10, 0xC4, 0x10, 0xC4, 0x10,
    0xC4, 0x10, 0xC4, 0x10, 0xC4, 0x10, 0xC4, 0x10, 0xC4, 0x10, 0xC4, 0x10, 0xC4, 0x10, 0xC4, 0x10,
    0xC4, 0x10, 0xC4, 0x10, 0xC4, 0x10, 0xC4, 0x10, 0xC4, 0x10, 0xC4, 0x10, 0xC4, 0x10, 0xC4, 0x10,
    0xC4, 0x10, 0xC4, 0x10, 0xC4, 0x10, 0xC4, 0x10, 0xC4, 0x10, 0xC4, 0x10, 0xC4, 0x10, 0xC4, 0x10,
    0xC4, 0x10, 0xC4, 0x10, 0xC4, 0x10, 0xC4, 0x10, 0xC4, 0x10, 0xC4, 0x10, 0xC4, 0x10, 0xC4, 0x10,
    0xC4, 0x10, 0xC4, 0x10, 0xC4, 0x10, 0xC4, 0x10, 0xC4, 0x10, 0xC4, 0x10, 0xC4, 0x10, 0xC4, 0x10,
    0xC4, 0x10, 0xC4, 0x10, 0xC4, 0x10, 0xC4, 0x10, 0xC4, 0x10, 0xC4, 0x10, 0xC4, 0x10, 0xC4, 0x10,
    0xC4, 0x10, 0xC4, 0x10, 0xC4, 0x10, 0xC4, 0x10, 0xC4, 0x10, 0xC4, 0x10, 0xC4, 0x10, 0xC4, 0x10,
    0xC4, 0x10, 0xC4, 0x10, 0xC4, 0x10, 0xC4, 0x10, 0xC4, 0x10, 0xC4, 0x10, 0xC4, 0x10, 0xC4, 0x10,
    0xC4, 0x10, 0xC4, 0x10, 0xC4, 0x10, 0xC4, 0x10, 0xC4, 0x10, 0xC4, 0x10, 0xC4, 0x10, 0xC4, 0x10,
    0xC4, 0x10, 0xC4, 0x10, 0xC4, 0x10, 0xC4, 0x10, 0xC4, 0x10, 0xC4, 0x10, 0xC4, 0x10, 0xC4, 0x10,
    0xC4, 0x10, 0xC4, 0x10, 0xC4, 0x10, 0xC4, 0x10, 0xC4, 0x10, 0xC4, 0x10, 0xC4, 0x10, 0xC4, 0x10,
    0xC4, 0x10, 0xC4, 0x10, 0xC4, 0x10, 0xC4, 0x10, 0xC4, 0x10, 0xC4, 0x10, 0xC4, 0x10, 0xC4, 0x10,
    0xC4, 0x10, 0xC4, 0x10, 0xC4, 0x10, 0xC4, 0x10, 0xC4, 0x10, 0xC4, 0x10, 0xC4, 0x10, 0xC4, 0x10,
    0xC4, 0x10, 0xC4, 0x10, 0xC4, 0x10, 0xC4, 0x10, 0xC4, 0x10, 0xC4, 0x10, 0xC4, 0x10, 0xC4, 0x10,
    0xC4, 0x10, 0xC4, 0x10, 0xC4, 0x10, 0xC4, 0x10, 0xC4, 0x10, 0xC4, 0x10, 0xC4, 0x10, 0xC4, 0x10,
    0xC4, 0x10, 0xC4, 0x10, 0xC4, 0x10, 0xC4, 0x10, 0xC4, 0x10, 0xC4, 0x10, 0xC4, 0x10, 0xC4, 0x10,
    0xC4, 0x10, 0xC4, 0x10, 0xC4, 0x10, 0xC4, 0x10, 0xC4, 0x10, 0xC4, 0x10, 0xC4, 0x10, 0xC4, 0x10,
    0xC4, 0x10, 0xC4, 0x10, 0xC4, 0x10, 0xC4, 0x10, 0xC4, 0x10, 0xC4, 0x10, 0xC4, 0x10, 0xC4, 0x10,
    0xC4, 0x10, 0xC4, 0x10, 0xC4, 0x10, 0xC4, 0x10, 0xC4, 0x10, 0xC4, 0x10, 0xC4, 0x10, 0xC4, 0x10,
    0xC4, 0x10, 0xC4, 0x10, 0xC4, 0x10, 0xC4, 0x10, 0xC4, 0x10, 0xC4, 0x10, 0xC4, 0x10, 0xC4, 0x10,
    0xC4, 0x10, 0xC4, 0x10, 0xC4, 0x10, 0xC4, 0x10, 0xC4, 0x10, 0xC4, 0x10, 0xC4, 0x10, 0xC4, 0x10,
    0xC4, 0x10, 0xC4, 0x10, 0xC4, 0x10, 0xC4, 0x10, 0xC4, 0x10, 0xC4, 0x10, 0xC4, 0x10, 0xC4, 0x10,
    0xC4, 0x10, 0xC4, 0x10, 0xC4, 0x10, 0xC4, 0x10, 0xC4, 0x10, 0xC4, 0x10, 0xC4, 0x10, 0xC4, 0x10,
    0xC4, 0x10, 0xC4, 0x10, 0xC4, 0x10, 0xC4, 0x10, 0xC4, 0x10, 0xC4, 0x10, 0xC4, 0x10, 0xC4, 0x10,
    0xC4, 0x10, 0xC4, 0x10, 0xC4, 0x10, 0xC4, 0x10, 0xC4, 0x10, 0xC4, 0x10, 0xC4, 0x10, 0xC4, 0x10,
    0xC4, 0x10, 0xC4, 0x10, 0xC4, 0x10, 0xC4, 0x10, 0xC4, 0x10, 0xC4, 0x10, 0xC4, 0x10, 0xC4, 0x10,
    0xC4, 0x10, 0xC4, 0x10, 0xC4, 0x10, 0xC4, 0x10, 0xC4, 0x10, 0xC4, 0x10, 0xC4, 0x10, 0xC4, 0x10,
    0xC4, 0x10, 0xC4, 0x10, 0xC4, 0x10, 0xC4, 0x10, 0xC4, 0x10, 0xC4, 0x10, 0xC4, 0x10, 0xC4, 0x10,
    0xC4, 0x10, 0xC4, 0x10, 0xC4, 0x10, 0xC4, 0x10, 0xC4, 0x10, 0xC4, 0x10, 0xC4, 0x10, 0xC4, 0x10,
    0xC4, 0x10, 0xC4, 0x10, 0xC4, 0x10, 0xC4, 0x10, 0xC4, 0x10, 0xC4, 0x10, 0xC4, 0x10, 0xC4, 0x10,
    0xC4, 0x10, 0xC4, 0x10, 0xC4, 0x10, 0xC4, 0x10, 0xC4, 0x10, 0xC4, 0x10, 0xC4, 0x10, 0xC4, 0x10,
    0xC4, 0x10, 0xC4, 0x10, 0xC4, 0x10, 0xC4, 0x10, 0xC4, 0x10, 0xC4, 0x10, 0xC4, 0x10, 0xC4, 0x10,
    0xC4, 0x10, 0xC4, 0x10, 0xC4, 0x10, 0xC4, 0x10, 0xC4, 0x10, 0xC4, 0x10, 0xC4, 0x10, 0xC4, 0x10,
    0xC4, 0x10, 0xC4, 0x10, 0xC4, 0x10, 0xC4, 0x10, 0xC4, 0x10, 0xC4, 0x10, 0xC4, 0x10, 0xC4, 0x10,
    0xC4, 0x10, 0xC4, 0x10, 0xC4, 0x10, 0xC4, 0x10, 0xC4, 0x10, 0xC4, 0x10, 0xC4, 0x10, 0xC4, 0x10,
    0xC4, 0x10, 0xC4, 0x10, 0xC4, 0x10, 0xC4, 0x10, 0xC4, 0x10, 0xC4, 0x10, 0xC4, 0x10, 0xC4, 0x10,
    0xC4, 0x10, 0xC4, 0x10, 0xC4, 0x10, 0xC4, 0x10, 0xC4, 0x10, 0xC4, 0x10, 0xC4, 0x10, 0xC4, 0x10,
    0xC4, 0x10, 0xC4, 0x10, 0xC4, 0x10, 0xC4, 0x10, 0xC4, 0x10, 0xC4, 0x10, 0xC4, 0x10, 0xC4, 0x10,
    0xC4, 0x10, 0xC4, 0x10, 0xC4, 0x10, 0xC4, 0x10, 0xC4, 0x10, 0xC4, 0x10, 0xC4, 0x10, 0xC4, 0x10,
    0xC4, 0x10, 0xC4, 0x10, 0xC4, 0x10, 0xC4, 0x10, 0xC4, 0x10, 0xC4, 0x10, 0xC4, 0x10, 0xC4, 0x10,
    0xC4, 0x10, 0xC4, 0x10, 0xC4, 0x10, 0xC4, 0x10, 0xC4, 0x10, 0xC4, 0x10, 0xC4, 0x10, 0xC4, 0x10,
    0xC4, 0x10, 0xC4, 0x10, 0xC4, 0x10, 0xC4, 0x10, 0xC4, 0x10, 0xC4, 0x10, 0xC4, 0x10, 0xC4, 0x10,
    0xC4, 0x10, 0xC4, 0x10, 0xC4, 0x10, 0xC4, 0x10, 0xC4, 0x10, 0xC4, 0x10, 0xC4, 0x10, 0xC4, 0x10,
    0xC4, 0x10, 0xC4, 0x10, 0xC4, 0x10, 0xC4, 0x10, 0xC4, 0x10, 0xC4, 0x10, 0xC4, 0x10, 0xC4, 0x10,
    0xC4, 0x10, 0xC4, 0x10, 0xC4, 0x10, 0xC4, 0x10, 0xC4, 0x10, 0xC4, 0x10, 0xC4, 0x10, 0xC4, 0x10,
    0xC4, 0x10, 0xC4, 0x10, 0xC4, 0x10, 0xC4, 0x10, 0xC4, 0x10, 0xC4, 0x10, 0xC4, 0x10, 0xC4, 0x10,
    0xC4, 0x10, 0xC4, 0x10, 0xC4, 0x10, 0xC4, 0x10, 0xC4, 0x10, 0xC4, 0x10, 0xC4, 0x10, 0xC4, 0x10,
    0xC4, 0x10, 0xC4, 0x10, 0xC4, 0x10, 0xC4, 0x10, 0xC4, 0x10, 0xC4, 0x10, 0xC4, 0x10, 0xC4, 0x10,
    0xC4, 0x10, 0xC4, 0x10, 0xC4, 0x10, 0xC4, 0x10, 0xC4, 0x10, 0xC4, 0x10, 0xC4, 0x10, 0xC4, 0x10,
    0xC4, 0x10, 0xC4, 0x10, 0xC4, 0x10, 0xC4, 0x10, 0xC4, 0x10, 0xC4, 0x10, 0xC4, 0x10, 0xC4, 0x10,
    0xC4, 0x10, 0xC4, 0x10, 0xC4, 0x10, 0xC4, 0x10, 0xC4, 0x10, 0xC4, 0x10, 0xC4, 0x10, 0xC4, 0x10,
    0xC4, 0x10, 0xC4, 0x10, 0xC4, 0x10, 0xC4, 0x10, 0xC4, 0x10, 0xC4, 0x10, 0xC4, 0x10, 0xC4, 0x10,
    0xC4, 0x10, 0xC4, 0x10, 0xC4, 0x10, 0xC4, 0x10, 0xC4, 0x10, 0xC4, 0x10, 0xC4, 0x10, 0xC4, 0x10,
    0xC4, 0x10, 0xC4, 0x10, 0xC4, 0x10, 0xC4, 0x10, 0xC4, 0x10, 0xC4, 0x10, 0xC4, 0x10, 0xC4, 0x10,
    0xC4, 0x10, 0xC4, 0x10, 0xC4, 0x10, 0xC4, 0x10, 0xC4, 0x10, 0xC4, 0x10, 0xC4, 0x10, 0xC4, 0x10,
    0xC4, 0x10, 0xC4, 0x10, 0xC4, 0x10, 0xC4, 0x10, 0xC4, 0x10, 0xC4, 0x10, 0xC4, 0x10, 0xC4, 0x10,
    0xC4, 0x10, 0xC4, 0x10, 0xC4, 0x10, 0xC4, 0x10, 0xC4, 0x10, 0xC4, 0x10, 0xC4, 0x10, 0xC4, 0x10,
    0xC4, 0x10, 0xC4, 0x10, 0xC4, 0x10, 0xC4, 0x10, 0xC4, 0x10, 0xC4, 0x10, 0xC4, 0x10, 0xC4, 0x10,
    0xC4, 0x10, 0xC4, 0x10, 0xC4, 0x10, 0xC4, 0x10, 0xC4, 0x10, 0xC4, 0x10, 0xC4, 0x10, 0xC4, 0x10,
    0xC4, 0x10, 0xC4, 0x10, 0xC4, 0x10, 0xC4, 0x10, 0xC4, 0x10, 0xC4, 0x10, 0xC4, 0x10, 0xC4, 0x10,
    0xC4, 0x10, 0xC4, 0x10, 0xC4, 0x10, 0xC4, 0x10, 0xC4, 0x10, 0xC4, 0x10, 0xC4, 0x10, 0xC4, 0x10,
    0xC4, 0x10, 0xC4, 0x10, 0xC4, 0x10, 0xC4, 0x10, 0xC4, 0x10, 0xC4, 0x10, 0xC4, 0x10, 0xC4, 0x10,
    0xC4, 0x10, 0xC4, 0x10, 0xC4, 0x10, 0xC4, 0x10, 0xC4, 0x10, 0xC4, 0x10, 0xC4, 0x10, 0xC4, 0x10,
    0xC4, 0x10, 0xC4, 0x10, 0xC4, 0x10, 0xC4, 0x10, 0xC4, 0x10, 0xC4, 0x10, 0xC4, 0x10, 0xC4, 0x10,
    0xC4, 0x10, 0xC4, 0x10, 0xC4, 0x10, 0xC4, 0x10, 0xC4, 0x10, 0xC4, 0x10, 0xC4, 0x10, 0xC4, 0x10,
    0xC4, 0x10, 0xC4, 0x10, 0xC4, 0x10, 0xC4, 0x10, 0xC4, 0x10, 0xC4, 0x10, 0xC4, 0x10, 0xC4, 0x10,
    0xC4, 0x10, 0xC4, 0x10, 0xC4, 0x10, 0xC4, 0x10, 0xC4, 0x10, 0xC4, 0x10, 0xC4, 0x10, 0xC4, 0x10,
    0xC4, 0x10, 0xC4, 0x10, 0xC4, 0x10, 0xC4, 0x10, 0xC4, 0x10, 0xC4, 0x10, 0xC4, 0x10, 0xC4, 0x10,
    0xC4, 0x10, 0xC4, 0x10, 0xC4, 0x10, 0xC4, 0x10, 0xC4, 0x10, 0xC4, 0x10, 0xC4, 0x10, 0xC4, 0x10,
    0xC4, 0x10, 0xC4, 0x10, 0xC4, 0x10, 0xC4, 0x10, 0xC4, 0x10, 0xC4, 0x10, 0xC4, 0x10, 0xC4, 0x10,
    0xC4, 0x10, 0xC4, 0x10, 0xC4, 0x10, 0xC4, 0x10, 0xC4, 0x10, 0xC4, 0x10, 0xC4, 0x10, 0xC4, 0x10,
    0xC4, 0x10, 0xC4, 0x10, 0xC4, 0x10, 0xC4, 0x10, 0xC4, 0x10, 0xC4, 0x10, 0xC4, 0x10, 0xC4, 0x10,
    0xC4, 0x10, 0xC4, 0x10, 0xC4, 0x10, 0xC4, 0x10, 0xC4, 0x10, 0xC4, 0x10, 0xC4, 0x10, 0xC4, 0x10,
    0xC4, 0x10, 0xC4, 0x10, 0xC4, 0x10, 0xC4, 0x10, 0xC4, 0x10, 0xC4, 0x10, 0xC4, 0x10, 0xC4, 0x10,
    0xC4, 0x10, 0xC4, 0x10, 0xC4, 0x10, 0xC4, 0x10, 0xC4, 0x10, 0xC4, 0x10, 0xC4, 0x10, 0xC4, 0x10,
    0xC4, 0x10, 0xC4, 0x10, 0xC4, 0x10, 0xC4, 0x10, 0xC4, 0x10, 0xC4, 0x10, 0xC4, 0x10, 0xC4, 0x10,
    0xC4, 0x10, 0xC4, 0x10, 0xC4, 0x10, 0xC4, 0x10, 0xC4, 0x10, 0xC4, 0x10, 0xC4, 0x10, 0xC4, 0x10,
    0xC4, 0x10, 0xC4, 0x10, 0xC4, 0x10, 0xC4, 0x10, 0xC4, 0x10, 0xC4, 0x10, 0xC4, 0x10, 0xC4, 0x10,
    0xC4, 0x10, 0xC4, 0x10, 0xC4, 0x10, 0xC4, 0x10, 0xC4, 0x10, 0xC4, 0x10, 0xC4, 0x10, 0xC4, 0x10,
    0xC4, 0x10, 0xC4, 0x10, 0xC4, 0x10, 0xC4, 0x10, 0xC4, 0x10, 0xC4, 0x10, 0xC4, 0x10, 0xC4, 0x10,
    0xC4, 0x10, 0xC4, 0x10, 0xC4, 0x10, 0xC4, 0x10, 0xC4, 0x10, 0xC4, 0x10, 0xC4, 0x10, 0xC4, 0x10,
    0xC4, 0x10, 0xC4, 0x10, 0xC4, 0x10, 0xC4, 0x10, 0xC4, 0x10, 0xC4, 0x10, 0xC4, 0x10, 0xC4, 0x10,
    0xC4, 0x10, 0xC4, 0x10, 0xC4, 0x10, 0xC4, 0x10, 0xC4, 0x10, 0xC4, 0x10, 0xC4, 0x10, 0xC4, 0x10,
    0xC4, 0x10, 0xC4, 0x10, 0xC4, 0x10, 0xC4, 0x10, 0xC4, 0x10, 0xC4, 0x10, 0xC4, 0x10, 0xC4, 0x10,
    0xC4, 0x10, 0xC4, 0x10, 0xC4, 0x10, 0xC4, 0x10, 0xC4, 0x10, 0xC4, 0x10, 0xC4, 0x10, 0xC4, 0x10,
    0xC4, 0x10, 0xC4, 0x10, 0xC4, 0x10, 0xC4, 0x10, 0xC4, 0x10, 0xC4, 0x10, 0xC4, 0x10, 0xC4, 0x10,
    0xC4, 0x10, 0xC4, 0x10, 0xC4, 0x10, 0xC4, 0x10, 0xC4, 0x10, 0xC4, 0x10, 0xC4, 0x10, 0xC4, 0x10,
    0xC4, 0x10, 0xC4, 0x10, 0xC4, 0x10, 0xC4, 0x10, 0xC4, 0x10, 0xC4, 0x10, 0xC4, 0x10, 0xC4, 0x10,
    0xC4, 0x10, 0xC4, 0x10, 0xC4, 0x10, 0xC4, 0x10, 0xC4, 0x10, 0xC4, 0x10, 0xC4, 0x10, 0xC4, 0x10,
    0xC4, 0x10, 0xC4, 0x10, 0xC4, 0x10, 0xC4, 0x10, 0xC4, 0x10, 0xC4, 0x10, 0xC4, 0x10, 0xC4, 0x10,
    0xC4, 0x10, 0xC4, 0x10, 0xC4, 0x10, 0xC4, 0x10, 0xC4, 0x10, 0xC4, 0x10, 0xC4, 0x10, 0xC4, 0x10,
    0xC4, 0x10, 0xC4, 0x10, 0xC4, 0x10, 0xC4, 0x10, 0xC4, 0x10, 0xC4, 0x10, 0xC4, 0x10, 0xC4, 0x10,
    0xC4, 0x10, 0xC4, 0x10, 0xC4, 0x10, 0xC4, 0x10, 0xC4, 0x10, 0xC4, 0x10, 0xC4, 0x10, 0xC4, 0x10,
    0xC4, 0x10, 0xC4, 0x10, 0xC4, 0x10, 0xC4, 0x10, 0xC4, 0x10, 0xC4, 0x10, 0xC4, 0x10, 0xC4, 0x10,
    0xC4, 0x10, 0xC4, 0x10, 0xC4, 0x10, 0xC4, 0x10, 0xC4, 0x10, 0xC4, 0x10, 0xC4, 0x10, 0xC4, 0x10,
    0xC4, 0x10, 0xC4, 0x10, 0xC4, 0x10, 0xC4, 0x10, 0xC4, 0x10, 0xC4, 0x10, 0xC4, 0x10, 0xC4, 0x10,
    0xC4, 0x10, 0xC4, 0x10, 0xC4, 0x10, 0xC4, 0x10, 0xC4, 0x10, 0xC4, 0x10, 0xC4, 0x10, 0xC4, 0x10,
    0xC4, 0x10, 0xC4, 0x10, 0xC4, 0x10, 0xC4, 0x10, 0xC4, 0x10, 0xC4, 0x10, 0xC4, 0x10, 0xC4, 0x10,
    0xC4, 0x10, 0xC4, 0x10, 0xC4, 0x10, 0xC4, 0x10, 0xC4, 0x10, 0xC4, 0x10, 0xC4, 0x10, 0xC4, 0x10,
    0xC4, 0x10, 0xC4, 0x10, 0xC4, 0x10, 0xC4, 0x10, 0xC4, 0x10, 0xC4, 0x10, 0xC4, 0x10, 0xC4, 0x10,
    0xC4, 0x10, 0xC4, 0x10, 0xC4, 0x10, 0xC4, 0x10, 0xC4, 0x10, 0xC4, 0x10, 0xC4, 0x10, 0xC4, 0x10,
    0xC4, 0x10, 0xC4, 0x10, 0xC4, 0x10, 0xC4, 0x10, 0xC4, 0x10, 0xC4, 0x10, 0xC4, 0x10, 0xC4, 0x10,
    0xC4, 0x10, 0xC4, 0x10, 0xC4, 0x10, 0xC4, 0x10, 0xC4, 0x10, 0xC4, 0x10, 0xC4, 0x10, 0xC4, 0x10,
    0xC4, 0x10, 0xC4, 0x10, 0xC4, 0x10, 0xC4, 0x10, 0xC4, 0x10, 0xC4, 0x10, 0xC4, 0x10, 0xC4, 0x10,
    0xC4, 0x10, 0xC4, 0x10, 0xC4, 0x10, 0xC4, 0x10, 0xC4, 0x10, 0xC4, 0x10, 0xC4, 0x10, 0xC4, 0x10,
    0xC4, 0x10, 0xC4, 0x10, 0xC4, 0x10, 0xC4, 0x10, 0xC4, 0x10, 0xC4, 0x10, 0xC4, 0x10, 0xC4, 0x10,
    0xC4, 0x10, 0xC4, 0x10, 0xC4, 0x10, 0xC4, 0x10, 0xC4, 0x10, 0xC4, 0x10, 0xC4, 0x10, 0xC4, 0x10,
    0xC4, 0x10, 0xC4, 0x10, 0xC4, 0x10, 0xC4, 0x10, 0xC4, 0x10, 0xC4, 0x10, 0xC4, 0x10, 0xC4, 0x10,
    0xC4, 0x10, 0xC4, 0x10, 0xC4, 0x10, 0xC4, 0x10, 0xC4, 0x10, 0xC4, 0x10, 0xC4, 0x10, 0xC4, 0x10,
    0xC4, 0x10, 0xC4, 0x10, 0xC4, 0x10, 0xC4, 0x10, 0xC4, 0x10, 0xC4, 0x10, 0xC4, 0x10, 0xC4, 0x10,
    0xC4, 0x10, 0xC4, 0x10, 0xC4, 0x10, 0xC4, 0x10, 0xC4, 0x10, 0xC4, 0x10, 0xC4, 0x10, 0xC4, 0x10,
    0xC4, 0x10, 0xC4, 0x10, 0xC4, 0x10, 0xC4, 0x10, 0xC4, 0x10, 0xC4, 0x10, 0xC4, 0x10, 0xC4, 0x10,
    0xC4, 0x10, 0xC4, 0x10, 0xC4, 0x10, 0xC4, 0x10, 0xC4, 0x10, 0xC4, 0x10, 0xC4, 0x10, 0xC4, 0x10,
    0xC4, 0x10, 0xC4, 0x10, 0xC4, 0x10, 0xC4, 0x10, 0xC4, 0x10, 0xC4, 0x10, 0xC4, 0x10, 0xC4, 0x10,
    0xC4, 0x10, 0xC4, 0x10, 0xC4, 0x10, 0xC4, 0x10, 0xC4, 0x10, 0xC4, 0x10, 0xC4, 0x10, 0xC4, 0x10,
    0xC4, 0x10, 0xC4, 0x10, 0xC4, 0x10, 0xC4, 0x10, 0xC4, 0x10, 0xC4, 0x10, 0xC4, 0x10, 0xC4, 0x10,
    0xC4, 0x10, 0xC4, 0x10, 0xC4, 0x10, 0xC4, 0x10, 0xC4, 0x10, 0xC4, 0x10, 0xC4, 0x10, 0xC4, 0x10,
    0xC4, 0x10, 0xC4, 0x10, 0xC4, 0x10, 0xC4, 0x10, 0xC4, 0x10, 0xC4, 0x10, 0xC4, 0x10, 0xC4, 0x10,
    0xC4, 0x10, 0xC4, 0x10, 0xC4, 0x10, 0xC4, 0x10, 0xC4, 0x10, 0xC4, 0x10, 0xC4, 0x10, 0xC4, 0x10,
    0xC4, 0x10, 0xC4, 0x10, 0xC4, 0x10, 0xC4, 0x10, 0xC4, 0x10, 0xC4, 0x10, 0xC4, 0x10, 0xC4, 0x10,
    0xC4, 0x10, 0xC4, 0x10, 0xC4, 0x10, 0xC4, 0x10, 0xC4, 0x10, 0xC4, 0x10, 0xC4, 0x10, 0xC4, 0x10,
    0xC4, 0x10, 0xC4, 0x10, 0xC4, 0x10, 0xC4, 0x10, 0xC4, 0x10, 0xC4, 0x10, 0xC4, 0x10, 0xC4, 0x10,
    0xC4, 0x10, 0xC4, 0x10, 0xC4, 0x10, 0xC4, 0x10, 0xC4, 0x10, 0xC4, 0x10, 0xC4, 0x10, 0xC4, 0x10,
    0xC4, 0x10, 0xC4, 0x10, 0xC4, 0x10, 0xC4, 0x10, 0xC4, 0x10, 0xC4, 0x10, 0xC4, 0x10, 0xC4, 0x10,
    0xC4, 0x10, 0xC4, 0x10, 0xC4, 0x10, 0xC4, 0x10, 0xC4, 0x10, 0xC4, 0x10, 0xC4, 0x10, 0xC4, 0x10,
    0xC4, 0x10, 0xC4, 0x10, 0xC4, 0x10, 0xC4, 0x10, 0xC4, 0x10, 0xC4, 0x10, 0xC4, 0x10, 0xC4, 0x10,
    0xC4, 0x10, 0xC4, 0x10, 0xC4, 0x10, 0xC4, 0x10, 0xC4, 0x10, 0xC4, 0x10, 0xC4, 0x10, 0xC4, 0x10,
    0xC4, 0x10, 0xC4, 0x10, 0xC4, 0x10, 0xC4, 0x10, 0xC4, 0x10, 0xC4, 0x10, 0xC4, 0x10, 0xC4, 0x10,
    0xC4, 0x10, 0xC4, 0x10, 0xC4, 0x10, 0xC4, 0x10, 0xC4, 0x10, 0xC4, 0x10, 0xC4, 0x10, 0xC4, 0x10,
    0xC4, 0x10, 0xC4, 0x10, 0xC4, 0x10, 0xC4, 0x10, 0xC4, 0x10, 0xC4, 0x10, 0xC4, 0x10, 0xC4, 0x10,
    0xC4, 0x10, 0xC4, 0x10, 0xC4, 0x10, 0xC4, 0x10, 0xC4, 0x10, 0xC4, 0x10, 0xC4, 0x10, 0xC4, 0x10,
    0xC4, 0x10, 0xC4, 0x10, 0xC4, 0x10, 0xC4, 0x10, 0xC4, 0x10, 0xC4, 0x10, 0xC4, 0x10, 0xC4, 0x10,
    0xC4, 0x10, 0xC4, 0x10, 0xC4, 0x10, 0xC4, 0x10, 0xC4, 0x10, 0xC4, 0x10, 0xC4, 0x10, 0xC4, 0x10,
    0xC4, 0x10, 0xC4, 0x10, 0xC4, 0x10, 0xC4, 0x10, 0xC4, 0x10, 0xC4, 0x10, 0xC4, 0x10, 0xC4, 0x10,
    0xC4, 0x10, 0xC4, 0x10, 0xC4, 0x10, 0xC4, 0x10, 0xC4, 0x10, 0xC4, 0x10, 0xC4, 0x10, 0xC4, 0x10,
    0xC4, 0x10, 0xC4, 0x10, 0xC4, 0x10, 0xC4, 0x10, 0xC4, 0x10, 0xC4, 0x10, 0xC4, 0x10, 0xC4, 0x10,
    0xC4, 0x10, 0xC4, 0x10, 0xC4, 0x10, 0xC4, 0x10, 0xC4, 0x10, 0xC4, 0x10, 0xC4, 0x10, 0xC4, 0x10,
    0xC4, 0x10, 0xC4, 0x10, 0xC4, 0x10, 0xC4, 0x10, 0xC4, 0x10, 0xC4, 0x10, 0xC4, 0x10, 0xC4, 0x10,
    0xC4, 0x10, 0xC4, 0x10, 0xC4, 0x10, 0xC4, 0x10, 0xC4, 0x10, 0xC4, 0x10, 0xC4, 0x10, 0xC4, 0x10,
    0xC4, 0x10, 0xC4, 0x10, 0xC4, 0x10, 0xC4, 0x10, 0xC4, 0x10, 0xC4, 0x10, 0xC4, 0x10, 0xC4, 0x10,
    0xC4, 0x10, 0xC4, 0x10, 0xC4, 0x10, 0xC4, 0x10, 0xC4, 0x10, 0xC4, 0x10, 0xC4, 0x10, 0xC4, 0x10,
    0xC4, 0x10, 0xC4, 0x10, 0xC4, 0x10, 0xC4, 0x10, 0xC4, 0x10, 0xC4, 0x10, 0xC4, 0x10, 0xC4, 0x10,
    0xC4, 0x10, 0xC4, 0x10, 0xC4, 0x10, 0xC4, 0x10, 0xC4, 0x10, 0xC4, 0x10, 0xC4, 0x10, 0xC4, 0x10,
    0xC4, 0x10, 0xC4, 0x10, 0xC4, 0x10, 0xC4, 0x10, 0xC4, 0x10, 0xC4, 0x10, 0xC4, 0x10, 0xC4, 0x10,
    0xC4, 0x10, 0xC4, 0x10, 0xC4, 0x10, 0xC4, 0x10, 0xC4, 0x10, 0xC4, 0x10, 0xC4, 0x10, 0xC4, 0x10,
    0xC4, 0x10, 0xC4, 0x10, 0xC4, 0x10, 0xC4, 0x10, 0xC4, 0x10, 0xC4, 0x10, 0xC4, 0x10, 0xC4, 0x10,
    0xC4, 0x10, 0xC4, 0x10, 0xC4, 0x10, 0xC4, 0x10, 0xC4, 0x10, 0xC4, 0x10, 0xC4, 0x10, 0xC4, 0x10,
    0xC4, 0x10, 0xC4, 0x10, 0xC4, 0x10, 0xC4, 0x10, 0xC4, 0x10, 0xC4, 0x10, 0xC4, 0x10, 0xC4, 0x10,
    0xC4, 0x10, 0xC4, 0x10, 0xC4, 0x10, 0xC4, 0x10, 0xC4, 0x10, 0xC4, 0x10, 0xC4, 0x10, 0xC4, 0x10,
    0xC4, 0x10, 0xC4, 0x10, 0xC4, 0x10, 0xC4, 0x10, 0xC4, 0x10, 0xC4, 0x10, 0xC4, 0x10, 0xC4, 0x10,
    0xC4, 0x10, 0xC4, 0x10, 0xC4, 0x10, 0xC4, 0x10, 0xC4, 0x10, 0xC4, 0x10, 0xC4, 0x10, 0xC4, 0x10,
    0xC4, 0x10, 0xC4, 0x10, 0xC4, 0x10, 0xC4, 0x10, 0xC4, 0x10, 0xC4, 0x10, 0xC4, 0x10, 0xC4, 0x10,
    0xC4, 0x10, 0xC4, 0x10, 0xC4, 0x10, 0xC4, 0x10, 0xC4, 0x10, 0xC4, 0x10, 0xC4, 0x10, 0xC4, 0x10,
    0xC4, 0x10, 0xC4, 0x10, 0xC4, 0x10, 0xC4, 0x10, 0xC4, 0x10, 0xC4, 0x10, 0xC4, 0x10, 0xC4, 0x10,
    0xC4, 0x10, 0xC4, 0x10, 0xC4, 0x10, 0xC4, 0x10, 0xC4, 0x10, 0xC4, 0x10, 0xC4, 0x10, 0xC4, 0x10,
    0xC4, 0x10, 0xC4, 0x10, 0xC4, 0x10, 0xC4, 0x10, 0xC4, 0x10, 0xC4, 0x10, 0xC4, 0x10, 0xC4, 0x10,
    0xC4, 0x10, 0xC4, 0x10, 0xC4, 0x10, 0xC4, 0x10, 0xC4, 0x10, 0xC4, 0x10, 0xC4, 0x10, 0xC4, 0x10,
    0xC4, 0x10, 0xC4, 0x10, 0xC4, 0x10, 0xC4, 0x10, 0xC4, 0x10, 0xC4, 0x10, 0xC4, 0x10, 0xC4, 0x10,
    0xC4, 0x10, 0xC4, 0x10, 0xC4, 0x10, 0xC4, 0x10, 0xC4, 0x10, 0xC4, 0x10, 0xC4, 0x10, 0xC4, 0x10,
    0xC4, 0x10, 0xC4, 0x10, 0xC4, 0x10, 0xC4, 0x10, 0xC4, 0x10, 0xC4, 0x10, 0xC4, 0x10, 0xC4, 0x10,
    0xC4, 0x10, 0xC4, 0x10, 0xC4, 0x10, 0xC4, 0x10, 0xC4, 0x10, 0xC4, 0x10, 0xC4, 0x10, 0xC4, 0x10,
    0xC4, 0x10, 0xC4, 0x10, 0xC4, 0x10, 0xC4, 0x10, 0xC4, 0x10, 0xC4, 0x10, 0xC4, 0x10, 0xC4, 0x10,
    0xC4, 0x10, 0xC4, 0x10, 0xC4, 0x10, 0xC4, 0x10, 0xC4, 0x10, 0xC4, 0x10, 0xC4, 0x10, 0xC4, 0x10,
    0xC4, 0x10, 0xC4, 0x10, 0xC4, 0x10, 0xC4, 0x10, 0xC4, 0x10, 0xC4, 0x10, 0xC4, 0x10, 0xC4, 0x10,
    0xC4, 0x10, 0xC4, 0x10, 0xC4, 0x10, 0xC4, 0x10, 0xC4, 0x10, 0xC4, 0x10, 0xC4, 0x10, 0xC4, 0x10,
    0xC4, 0x10, 0xC4, 0x10, 0xC4, 0x10, 0xC4, 0x10, 0xC4, 0x10, 0xC4, 0x10, 0xC4, 0x10, 0xC4, 0x10,
    0xC4, 0x10, 0xC4, 0x10, 0xC4, 0x10, 0xC4, 0x10, 0xC4, 0x10, 0xC4, 0x10, 0xC4, 0x10, 0xC4, 0x10,
    0xC4, 0x10, 0xC4, 0x10, 0xC4, 0x10, 0xC4, 0x10, 0xC4, 0x10, 0xC4, 0x10, 0xC4, 0x10, 0xC4, 0x10,
    0xC4, 0x10, 0xC4, 0x10, 0xC4, 0x10, 0xC4, 0x10, 0xC4, 0x10, 0xC4, 0x10, 0xC4, 0x10, 0xC4, 0x10,
    0xC4, 0x10, 0xC4, 0x10, 0xC4, 0x10, 0xC4, 0x10, 0xC4, 0x10, 0xC4, 0x10, 0xC4, 0x10, 0xC4, 0x10,
    0xC4, 0x10, 0xC4, 0x10, 0xC4, 0x10, 0xC4, 0x10, 0xC4, 0x10, 0xC4, 0x10, 0xC4, 0x10, 0xC4, 0x10,
    0xC4, 0x10, 0xC4, 0x10, 0xC4, 0x10, 0xC4, 0x10, 0xC4, 0x10, 0xC4, 0x10, 0xC4, 0x10, 0xC4, 0x10,
    0xC4, 0x10, 0xC4, 0x10, 0xC4, 0x10, 0xC4, 0x10, 0xC4, 0x10, 0xC4, 0x10, 0xC4, 0x10, 0xC4, 0x10,
    0xC4, 0x10, 0xC4, 0x10, 0xC4, 0x10, 0xC4, 0x10, 0xC4, 0x10, 0xC4, 0x10, 0xC4, 0x10, 0xC4, 0x10,
    0xC4, 0x10, 0xC4, 0x10, 0xC4, 0x10, 0xC4, 0x10, 0xC4, 0x10, 0xC4, 0x10, 0xC4, 0x10, 0xC4, 0x10,
    0xC4, 0x10, 0xC4, 0x10, 0xC4, 0x10, 0xC4, 0x10, 0xC4, 0x10, 0xC4, 0x10, 0xC4, 0x10, 0xC4, 0x10,
    0xC4, 0x10, 0xC4, 0x10, 0xC4, 0x10, 0xC4, 0x10, 0xC4, 0x10, 0xC4, 0x10, 0xC4, 0x10, 0xC4, 0x10,
    0xC4, 0x10, 0xC4, 0x10, 0xC4, 0x10, 0xC4, 0x10, 0xC4, 0x10, 0xC4, 0x10, 0xC4, 0x10, 0xC4, 0x10,
    0xC4, 0x10, 0xC4, 0x10, 0xC4, 0x10, 0xC4, 0x10, 0xC4, 0x10, 0xC4, 0x10, 0xC4, 0x10, 0xC4, 0x10,
    0xC4, 0x10, 0xC4, 0x10, 0xC4, 0x10, 0xC4, 0x10, 0xC4, 0x10, 0xC4, 0x10, 0xC4, 0x10, 0xC4, 0x10,
    0xC4, 0x10, 0xC4, 0x10, 0xC4, 0x10, 0xC4, 0x10, 0xC4, 0x10, 0xC4, 0x10, 0xC4, 0x10, 0xC4, 0x10,
    0xC4, 0x10, 0xC4, 0x10, 0xC4, 0x10, 0xC4, 0x10, 0xC4, 0x10, 0xC4, 0x10, 0xC4, 0x10, 0xC4, 0x10,
    0xC4, 0x10, 0xC4, 0x10, 0xC4, 0x10, 0xC4, 0x10, 0xC4, 0x10, 0xC4, 0x10, 0xC4, 0x10, 0xC4, 0x10,
    0xC4, 0x10, 0xC4, 0x10, 0xC4, 0x10, 0xC4, 0x10, 0xC4, 0x10, 0xC4, 0x10, 0xC4, 0x10, 0xC4, 0x10,
    0xC4, 0x10, 0xC4, 0x10, 0xC4, 0x10, 0xC4, 0x10, 0xC4, 0x10, 0xC4, 0x10, 0xC4, 0x10, 0xC4, 0x10,
    0xC4, 0x10, 0xC4, 0x10, 0xC4, 0x10, 0xC4, 0x10, 0xC4, 0x10, 0xC4, 0x10, 0xC4, 0x10, 0xC4, 0x10,
    0xC4, 0x10, 0xC4, 0x10, 0xC4, 0x10, 0xC4, 0x10, 0xC4, 0x10, 0xC4, 0x10, 0xC4, 0x10, 0xC4, 0x10,
    0xC4, 0x10, 0xC4, 0x10, 0xC4, 0x10, 0xC4, 0x10, 0xC4, 0x10, 0xC4, 0x10, 0xC4, 0x10, 0xC4, 0x10,
    0xC4, 0x10, 0xC4, 0x10, 0xC4, 0x10, 0xC4, 0x10, 0xC4, 0x10, 0xC4, 0x10, 0xC4, 0x10, 0xC4, 0x10,
    0xC4, 0x10, 0xC4, 0x10, 0xC4, 0x10, 0xC4, 0x10, 0xC4, 0x10, 0xC4, 0x10, 0xC4, 0x10, 0xC4, 0x10,
    0xC4, 0x10, 0xC4, 0x10, 0xC4, 0x10, 0xC4, 0x10, 0xC4, 0x10, 0xC4, 0x10, 0xC4, 0x10, 0xC4, 0x10,
    0xC4, 0x10, 0xC4, 0x10, 0xC4, 0x10, 0xC4, 0x10, 0xC4, 0x10, 0xC4, 0x10, 0xC4, 0x10, 0xC4, 0x10,
    0xC4, 0x10, 0xC4, 0x10, 0xC4, 0x10, 0xC4, 0x10, 0xC4, 0x10, 0xC4, 0x10, 0xC4, 0x10, 0xC4, 0x10,
    0xC4, 0x10, 0xC4, 0x10, 0xC4, 0x10, 0xC4, 0x10, 0xC4, 0x10, 0xC4, 0x10, 0xC4, 0x10, 0xC4, 0x10,
    0xC4, 0x10, 0xC4, 0x10, 0xC4, 0x10, 0xC4, 0x10, 0xC4, 0x10, 0xC4, 0x10, 0xC4, 0x10, 0xC4, 0x10,
    0xC4, 0x10, 0xC4, 0x10, 0xC4, 0x10, 0xC4, 0x10, 0xC4, 0x10, 0xC4, 0x10, 0xC4, 0x10, 0xC4, 0x10,
    0xC4, 0x10, 0xC4, 0x10, 0xC4, 0x10, 0xC4, 0x10, 0xC4, 0x10, 0xC4, 0x10, 0xC4, 0x10, 0xC4, 0x10,
    0xC4, 0x10, 0xC4, 0x10, 0xC4, 0x10, 0xC4, 0x10, 0xC4, 0x10, 0xC4, 0x10, 0xC4, 0x10, 0xC4, 0x10,
    0xC4, 0x10, 0xC4, 0x10, 0xC4, 0x10, 0xC4, 0x10, 0xC4, 0x10, 0xC4, 0x10, 0xC4, 0x10, 0xC4, 0x10,
    0xC4, 0x10, 0xC4, 0x10, 0xC4, 0x10, 0xC4, 0x10, 0xC4, 0x10, 0xC4, 0x10, 0xC4, 0x10, 0xC4, 0x10,
    0xC4, 0x10, 0xC4, 0x10, 0xC4, 0x10, 0xC4, 0x10, 0xC4, 0x10, 0xC4, 0x10, 0xC4, 0x10, 0xC4, 0x10,
    0xC4, 0x10, 0xC4, 0x10, 0xC4, 0x10, 0xC4, 0x10, 0xC4, 0x10, 0xC4, 0x10, 0xC4, 0x10, 0xC4, 0x10,
    0xC4, 0x10, 0xC4, 0x10, 0xC4, 0x10, 0xC4, 0x10, 0xC4, 0x10, 0xC4, 0x10, 0xC4, 0x10, 0xC4, 0x10,
    0xC4, 0x10, 0xC4, 0x10, 0xC4, 0x10, 0xC4, 0x10, 0xC4, 0x10, 0xC4, 0x10, 0xC4, 0x10, 0xC4, 0x10,
    0xC4, 0x10, 0xC4, 0x10, 0xC4, 0x10, 0xC4, 0x10, 0xC4, 0x10, 0xC4, 0x10, 0xC4, 0x10, 0xC4, 0x10,
    0xC4, 0x10, 0xC4, 0x10, 0xC4, 0x10, 0xC4, 0x10, 0xC4, 0x10, 0xC4, 0x10, 0xC4, 0x10, 0xC4, 0x10,
    0xC4, 0x10, 0xC4, 0x10, 0xC4, 0x10, 0xC4, 0x10, 0xC4, 0x10, 0xC4, 0x10, 0xC4, 0x10, 0xC4, 0x10,
    0xC4, 0x10, 0xC4, 0x10, 0xC4, 0x10, 0xC4, 0x10, 0xC4, 0x10, 0xC4, 0x10, 0xC4, 0x10, 0xC4, 0x10,
    0xC4, 0x10, 0xC4, 0x10, 0xC4, 0x10, 0xC4, 0x10, 0xC4, 0x10, 0xC4, 0x10, 0xC4, 0x10, 0xC4, 0x10,
    0xC4, 0x10, 0xC4, 0x10, 0xC4, 0x10, 0xC4, 0x10, 0xC4, 0x10, 0xC4, 0x10, 0xC4, 0x10, 0xC4, 0x10,
    0xC4, 0x10, 0xC4, 0x10, 0xC4, 0x10, 0xC4, 0x10, 0xC4, 0x10, 0xC4, 0x10, 0xC4, 0x10, 0xC4, 0x10,
    0xC4, 0x10, 0xC4, 0x10, 0xC4, 0x10, 0xC4, 0x10, 0xC4, 0x10, 0xC4, 0x10, 0xC4, 0x10, 0xC4, 0x10,
    0xC4, 0x10, 0xC4, 0x10, 0xC4, 0x10, 0xC4, 0x10, 0xC4, 0x10, 0xC4, 0x10, 0xC4, 0x10, 0xC4, 0x10,
    0xC4, 0x10, 0xC4, 0x10, 0xC4, 0x10, 0xC4, 0x10, 0xC4, 0x10, 0xC4, 0x10, 0xC4, 0x10, 0xC4, 0x10,
    0xC4, 0x10, 0xC4, 0x10, 0xC4, 0x10, 0xC4, 0x10, 0xC4, 0x10, 0xC4, 0x10, 0xC4, 0x10, 0xC4, 0x10,
    0xC4, 0x10, 0xC4, 0x10, 0xC4, 0x10, 0xC4, 0x10, 0xC4, 0x10, 0xC4, 0x10, 0xC4, 0x10, 0xC4, 0x10,
    0xC4, 0x10, 0xC4, 0x10, 0xC4, 0x10, 0xC4, 0x10, 0xC4, 0x10, 0xC4, 0x10, 0xC4, 0x10, 0xC4, 0x10,
    0xC4, 0x10, 0xC4, 0x10, 0xC4, 0x10, 0xC4, 0x10, 0xC4, 0x10, 0xC4, 0x10, 0xC4, 0x10, 0xC4, 0x10,
    0xC4, 0x10, 0xC4, 0x10, 0xC4, 0x10, 0xC4, 0x10, 0xC4, 0x10, 0xC4, 0x10, 0xC4, 0x10, 0xC4, 0x10,
    0xC4, 0x10, 0xC4, 0x10, 0xC4, 0x10, 0xC4, 0x10, 0xC4, 0x10, 0xC4, 0x10, 0xC4, 0x10, 0xC4, 0x10,
    0xC4, 0x10, 0xC4, 0x10, 0xC4, 0x10, 0xC4, 0x10, 0xC4, 0x10, 0xC4, 0x10, 0xC4, 0x10, 0xC4, 0x10,
    0xC4, 0x10, 0xC4, 0x10, 0xC4, 0x10, 0xC4, 0x10, 0xC4, 0x10, 0xC4, 0x10, 0xC4, 0x10, 0xC4, 0x10,
    0xC4, 0x10, 0xC4, 0x10, 0xC4, 0x10, 0xC4, 0x10, 0xC4, 0x10, 0xC4, 0x10, 0xC4, 0x10, 0xC4, 0x10,
    0xC4, 0x10, 0xC4, 0x10, 0xC4, 0x10, 0xC4, 0x10, 0xC4, 0x10, 0xC4, 0x10, 0xC4, 0x10, 0xC4, 0x10,
    0xC4, 0x10, 0xC4, 0x10, 0xC4, 0x10, 0xC4, 0x10, 0xC4, 0x10, 0xC4, 0x10, 0xC4, 0x10, 0xC4, 0x10,
    0xC4, 0x10, 0xC4, 0x10, 0xC4, 0x10, 0xC4, 0x10, 0xC4, 0x10, 0xC4, 0x10, 0xC4, 0x10, 0xC4, 0x10,
    0xC4, 0x10, 0xC4, 0x10, 0xC4, 0x10, 0xC4, 0x10, 0xC4, 0x10, 0xC4, 0x10, 0xC4, 0x10, 0xC4, 0x10,
    0xC4, 0x10, 0xC4, 0x10, 0xC4, 0x10, 0xC4, 0x10, 0xC4, 0x10, 0xC4, 0x10, 0xC4, 0x10, 0xC4, 0x10,
    0xC4, 0x10, 0xC4, 0x10, 0xC4, 0x10, 0xC4, 0x10, 0xC4, 0x10, 0xC4, 0x10, 0xC4, 0x10, 0xC4, 0x10,
    0xC4, 0x10, 0xC4, 0x10, 0xC4, 0x10, 0xC4, 0x10, 0xC4, 0x10, 0xC4, 0x10, 0xC4, 0x10, 0xC4, 0x10,
    0xC4, 0x10, 0xC4, 0x10, 0xC4, 0x10, 0xC4, 0x10, 0xC4, 0x10, 0xC4, 0x10, 0xC4, 0x10, 0xC4, 0x10,
    0xC4, 0x10, 0xC4, 0x10, 0xC4, 0x10, 0xC4, 0x10, 0xC4, 0x10, 0xC4, 0x10, 0xC4, 0x10, 0xC4, 0x10,
    0xC4, 0x10, 0xC4, 0x10, 0xC4, 0x10, 0xC4, 0x10, 0xC4, 0x10, 0xC4, 0x10, 0xC4, 0x10, 0xC4, 0x10,
    0xC4, 0x10, 0xC4, 0x10, 0xC4, 0x10, 0xC4, 0x10, 0xC4, 0x10, 0xC4, 0x10, 0xC4, 0x10, 0xC4, 0x10,
    0xC4, 0x10, 0xC4, 0x10, 0xC4, 0x10, 0xC4, 0x10, 0xC4, 0x10, 0xC4, 0x10, 0xC4, 0x10, 0xC4, 0x10,
    0xC4, 0x10, 0xC4, 0x10, 0xC4, 0x10, 0xC4, 0x10, 0xC4, 0x10, 0xC4, 0x10, 0xC4, 0x10, 0xC4, 0x10,
    0xC4, 0x10, 0xC4, 0x10, 0xC4, 0x10, 0xC4, 0x10, 0xC4, 0x10, 0xC4, 0x10, 0xC4, 0x10, 0xC4, 0x10,
    0xC4, 0x10, 0xC4, 0x10, 0xC4, 0x10, 0xC4, 0x10, 0xC4, 0x10, 0xC4, 0x10, 0xC4, 0x10, 0xC4, 0x10,
    0xC4, 0x10, 0xC4, 0x10, 0xC4, 0x10, 0xC4, 0x10, 0xC4, 0x10, 0xC4, 0x10, 0xC4, 0x10, 0xC4, 0x10,
    0xC4, 0x10, 0xC4, 0x10, 0xC4, 0x10, 0xC4, 0x10, 0xC4, 0x10, 0xC4, 0x10, 0xC4, 0x10, 0xC4, 0x10,
    0xC4, 0x10, 0xC4, 0x10, 0xC4, 0x10, 0xC4, 0x10, 0xC4, 0x10, 0xC4, 0x10, 0xC4, 0x10, 0xC4, 0x10,
    0xC4, 0x10, 0xC4, 0x10, 0xC4, 0x10, 0xC4, 0x10, 0xC4, 0x10, 0xC4, 0x10, 0xC4, 0x10, 0xC4, 0x10,
    0xC4, 0x10, 0xC4, 0x10, 0xC4, 0x10, 0xC4, 0x10, 0xC4, 0x10, 0xC4, 0x10, 0xC4, 0x10, 0xC4, 0x10,
    0xC4, 0x10, 0xC4, 0x10, 0xC4, 0x10, 0xC4, 0x10, 0xC4, 0x10, 0xC4, 0x10, 0xC4, 0x10, 0xC4, 0x10,
    0xC4, 0x10, 0xC4, 0x10, 0xC4, 0x10, 0xC4, 0x10, 0xC4, 0x10, 0xC4, 0x10, 0xC4, 0x10, 0xC4, 0x10,
    0xC4, 0x10, 0xC4, 0x10, 0xC4, 0x10, 0xC4, 0x10, 0xC4, 0x10, 0xC4, 0x10, 0xC4, 0x10, 0xC4, 0x10,
    0xC4, 0x10, 0xC4, 0x10, 0xC4, 0x10, 0xC4, 0x10, 0xC4, 0x10, 0xC4, 0x10, 0xC4, 0x10, 0xC4, 0x10,
    0xC4, 0x10, 0xC4, 0x10, 0xC4, 0x10, 0xC4, 0x10, 0xC4, 0x10, 0xC4, 0x10, 0xC4, 0x10, 0xC4, 0x10,
    0xC4, 0x10, 0xC4, 0x10, 0xC4, 0x10, 0xC4, 0x10, 0xC4, 0x10, 0xC4, 0x10, 0xC4, 0x10, 0xC4, 0x10,
    0xC4, 0x10, 0xC4, 0x10, 0xC4, 0x10, 0xC4, 0x10, 0xC4, 0x10, 0xC4, 0x10, 0xC4, 0x10, 0xC4, 0x10,
    0xC4, 0x10, 0xC4, 0x10, 0xC4, 0x10, 0xC4, 0x10, 0xC4, 0x10, 0xC4, 0x10, 0xC4, 0x10, 0xC4, 0x10,
    0xC4, 0x10, 0xC4, 0x10, 0xC4, 0x10, 0xC4, 0x10, 0xC4, 0x10, 0xC4, 0x10, 0xC4, 0x10, 0xC4, 0x10,
    0xC4, 0x10, 0xC4, 0x10, 0xC4, 0x10, 0xC4, 0x10, 0xC4, 0x10, 0xC4, 0x10, 0xC4, 0x10, 0xC4, 0x10,
    0xC4, 0x10, 0xC4, 0x10, 0xC4, 0x10, 0xC4, 0x10, 0xC4, 0x10, 0xC4, 0x10, 0xC4, 0x10, 0xC4, 0x10,
    0xC4, 0x10, 0xC4, 0x10, 0xC4, 0x10, 0xC4, 0x10, 0xC4, 0x10, 0xC4, 0x10, 0xC4, 0x10, 0xC4, 0x10,
    0xC4, 0x10, 0xC4, 0x10, 0xC4, 0x10, 0xC4, 0x10, 0xC4, 0x10, 0xC4, 0x10, 0xC4, 0x10, 0xC4, 0x10,
    0xC4, 0x10, 0xC4, 0x10, 0xC4, 0x10, 0xC4, 0x10, 0xC4, 0x10, 0xC4, 0x10, 0xC4, 0x10, 0xC4, 0x10,
    0xC4, 0x10, 0xC4, 0x10, 0xC4, 0x10, 0xC4, 0x10, 0xC4, 0x10, 0xC4, 0x10, 0xC4, 0x10, 0xC4, 0x10,
    0xC4, 0x10, 0xC4, 0x10, 0xC4, 0x10, 0xC4, 0x10, 0xC4, 0x10, 0xC4, 0x10, 0xC4, 0x10, 0xC4, 0x10,
    0xC4, 0x10, 0xC4, 0x10, 0xC4, 0x10, 0xC4, 0x10, 0xC4, 0x10, 0xC4, 0x10, 0xC4, 0x10, 0xC4, 0x10,
    0xC4, 0x10, 0xC4, 0x10, 0xC4, 0x10, 0xC4, 0x10, 0xC4, 0x10, 0xC4, 0x10, 0xC4, 0x10, 0xC4, 0x10,
    0xC4, 0x10, 0xC4, 0x10, 0xC4, 0x10, 0xC4, 0x10, 0xC4, 0x10, 0xC4, 0x10, 0xC4, 0x10, 0xC4, 0x10,
    0xC4, 0x10, 0xC4, 0x10, 0xC4, 0x10, 0xC4, 0x10, 0xC4, 0x10, 0xC4, 0x10, 0xC4, 0x10, 0xC4, 0x10,
    0xC4, 0x10, 0xC4, 0x10, 0xC4, 0x10, 0xC4, 0x10, 0xC4, 0x10, 0xC4, 0x10, 0xC4, 0x10, 0xC4, 0x10,
    0xC4, 0x10, 0xC4, 0x10, 0xC4, 0x10, 0xC4, 0x10, 0xC4, 0x10, 0xC4, 0x10, 0xC4, 0x10, 0xC4, 0x10,
    0xC4, 0x10, 0xC4, 0x10, 0xC4, 0x10, 0xC4, 0x10, 0xC4, 0x10, 0xC4, 0x10, 0xC4, 0x10, 0xC4, 0x10,
    0xC4, 0x10, 0xC4, 0x10, 0xC4, 0x10, 0xC4, 0x10, 0xC4, 0x10, 0xC4, 0x10, 0xC4, 0x10, 0xC4, 0x10,
    0xC4, 0x10, 0xC4, 0x10, 0xC4, 0x10, 0xC4, 0x10, 0xC4, 0x10, 0xC4, 0x10, 0xC4, 0x10, 0xC4, 0x10,
    0xC4, 0x10, 0xC4, 0x10, 0xC4, 0x10, 0xC4, 0x10, 0xC4, 0x10, 0xC4, 0x10, 0xC4, 0x10, 0xC4, 0x10,
    0xC4, 0x10, 0xC4, 0x10, 0xC4, 0x10, 0xC4, 0x10, 0xC4, 0x10, 0xC4, 0x10, 0xC4, 0x10, 0xC4, 0x10,
    0xC4, 0x10, 0xC4, 0x10, 0xC4, 0x10, 0xC4, 0x10, 0xC4, 0x10, 0xC4, 0x10, 0xC4, 0x10, 0xC4, 0x10,
    0xC4, 0x10, 0xC4, 0x10, 0xC4, 0x10, 0xC4, 0x10, 0xC4, 0x10, 0xC4, 0x10, 0xC4, 0x10, 0xC4, 0x10,
    0xC4, 0x10, 0xC4, 0x10, 0xC4, 0x10, 0xC4, 0x10, 0xC4, 0x10, 0xC4, 0x10, 0xC4, 0x10, 0xC4, 0x10,
    0xC4, 0x10, 0xC4, 0x10, 0xC4, 0x10, 0xC4, 0x10, 0xC4, 0x10, 0xC4, 0x10, 0xC4, 0x10, 0xC4, 0x10,
    0xC4, 0x10, 0xC4, 0x10, 0xC4, 0x10, 0xC4, 0x10, 0xC4, 0x10, 0xC4, 0x10, 0xC4, 0x10, 0xC4, 0x10,
    0xC4, 0x10, 0xC4, 0x10, 0xC4, 0x10, 0xC4, 0x10, 0xC4, 0x10, 0xC4, 0x10, 0xC4, 0x10, 0xC4, 0x10,
    0xC4, 0x10, 0xC4, 0x10, 0xC4, 0x10, 0xC4, 0x10, 0xC4, 0x10, 0xC4, 0x10, 0xC4, 0x10, 0xC4, 0x10,
    0xC4, 0x10, 0xC4, 0x10, 0xC4, 0x10, 0xC4, 0x10, 0xC4, 0x10, 0xC4, 0x10, 0xC4, 0x10, 0xC4, 0x10,
    0xC4, 0x10, 0xC4, 0x10, 0xC4, 0x10, 0xC4, 0x10, 0xC4, 0x10, 0xC4, 0x10, 0xC4, 0x10, 0xC4, 0x10,
    0xC4, 0x10, 0xC4, 0x10, 0xC4, 0x10, 0xC4, 0x10, 0xC4, 0x10, 0xC4, 0x10, 0xC4, 0x10, 0xC4, 0x10,
    0xC4, 0x10, 0xC4, 0x10, 0xC4, 0x10, 0xC4, 0x10, 0xC4, 0x10, 0xC4, 0x10, 0xC4, 0x10, 0xC4, 0x10,
    0xC4, 0x10, 0xC4, 0x10, 0xC4, 0x10, 0xC4, 0x10, 0xC4, 0x10, 0xC4, 0x10, 0xC4, 0x10, 0xC4, 0x10,
    0xC4, 0x10, 0xC4, 0x10, 0xC4, 0x10, 0xC4, 0x10, 0xC4, 0x10, 0xC4, 0x10, 0xC4, 0x10, 0xC4, 0x10,
    0xC4, 0x10, 0xC4, 0x10, 0xC4, 0x10, 0xC4, 0x10, 0xC4, 0x10, 0xC4, 0x10, 0xC4, 0x10, 0xC4, 0x10,
    0xC4, 0x10, 0xC4, 0x10, 0xC4, 0x10, 0xC4, 0x10, 0xC4, 0x10, 0xC4, 0x10, 0xC4, 0x10, 0xC4, 0x10,
    0xC4, 0x10, 0xC4, 0x10, 0xC4, 0x10, 0xC4, 0x10, 0xC4, 0x10, 0xC4, 0x10, 0xC4, 0x10, 0xC4, 0x10,
    0xC4, 0x10, 0xC4, 0x10, 0xC4, 0x10, 0xC4, 0x10, 0xC4, 0x10, 0xC4, 0x10, 0xC4, 0x10, 0xC4, 0x10,
    0xC4, 0x10, 0xC4, 0x10, 0xC4, 0x10, 0xC4, 0x10, 0xC4, 0x10, 0xC4, 0x10, 0xC4, 0x10, 0xC4, 0x10,
    0xC4, 0x10, 0xC4, 0x10, 0xC4, 0x10, 0xC4, 0x10, 0xC4, 0x10, 0xC4, 0x10, 0xC4, 0x10, 0xC4, 0x10,
    0xC4, 0x10, 0xC4, 0x10, 0xC4, 0x10, 0xC4, 0x10, 0xC4, 0x10, 0xC4, 0x10, 0xC4, 0x10, 0xC4, 0x10,
    0xC4, 0x10, 0xC4, 0x10, 0xC4, 0x10, 0xC4, 0x10, 0xC4, 0x10, 0xC4, 0x10, 0xC4, 0x10, 0xC4, 0x10,
    0xC4, 0x10, 0xC4, 0x10, 0xC4, 0x10, 0xC4, 0x10, 0xC4, 0x10, 0xC4, 0x10, 0xC4, 0x10, 0xC4, 0x10,
    0xC4, 0x10, 0xC4, 0x10, 0xC4, 0x10, 0xC4, 0x10, 0xC4, 0x10, 0xC4, 0x10, 0xC4, 0x10, 0xC4, 0x10,
    0xC4, 0x10, 0xC4, 0x10, 0xC4, 0x10, 0xC4, 0x10, 0xC4, 0x10, 0xC4, 0x10, 0xC4, 0x10, 0xC4, 0x10,
    0xC4, 0x10, 0xC4, 0x10, 0xC4, 0x10, 0xC4, 0x10, 0xC4, 0x10, 0xC4, 0x10, 0xC4, 0x10, 0xC4, 0x10,
    0xC4, 0x10, 0xC4, 0x10, 0xC4, 0x10, 0xC4, 0x10, 0xC4, 0x10, 0xC4, 0x10, 0xC4, 0x10, 0xC4, 0x10,
    0xC4, 0x10, 0xC4, 0x10, 0xC4, 0x10, 0xC4, 0x10, 0xC4, 0x10, 0xC4, 0x10, 0xC4, 0x10, 0xC4, 0x10,
    0xC4, 0x10, 0xC4, 0x10, 0xC4, 0x10, 0xC4, 0x10, 0xC4, 0x10, 0xC4, 0x10, 0xC4, 0x10, 0xC4, 0x10,
    0xC4, 0x10, 0xC4, 0x10, 0xC4, 0x10, 0xC4, 0x10, 0xC4, 0x10, 0xC4, 0x10, 0xC4, 0x10, 0xC4, 0x10,
    0xC4, 0x10, 0xC4, 0x10, 0xC4, 0x10, 0xC4, 0x10, 0xC4, 0x10, 0xC4, 0x10, 0xC4, 0x10, 0xC4, 0x10,
    0xC4, 0x10, 0xC4, 0x10, 0xC4, 0x10, 0xC4, 0x10, 0xC4, 0x10, 0xC4, 0x10, 0xC4, 0x10, 0xC4, 0x10,
    0xC4, 0x10, 0xC4, 0x10, 0xC4, 0x10, 0xC4, 0x10, 0xC4, 0x10, 0xC4, 0x10, 0xC4, 0x10, 0xC4, 0x10,
    0xC4, 0x10, 0xC4, 0x10, 0xC4, 0x10, 0xC4, 0x10, 0xC4, 0x10, 0xC4, 0x10, 0xC4, 0x10, 0xC4, 0x10,
    0xC4, 0x10, 0xC4, 0x10, 0xC4, 0x10, 0xC4, 0x10, 0xC4, 0x10, 0xC4, 0x10, 0xC4, 0x10, 0xC4, 0x10,
    0xC4, 0x10, 0xC4, 0x10, 0xC4, 0x10, 0xC4, 0x10, 0xC4, 0x10, 0xC4, 0x10, 0xC4, 0x10, 0xC4, 0x10,
    0xC4, 0x10, 0xC4, 0x10, 0xC4, 0x10, 0xC4, 0x10, 0xC4, 0x10, 0xC4, 0x10, 0xC4, 0x10, 0xC4, 0x10,
    0xC4, 0x10, 0xC4, 0x10, 0xC4, 0x10, 0xC4, 0x10, 0xC4, 0x10, 0xC4, 0x10, 0xC4, 0x10, 0xC4, 0x10,
    0xC4, 0x10, 0xC4, 0x10, 0xC4, 0x10, 0xC4, 0x10, 0xC4, 0x10, 0xC4, 0x10, 0xC4, 0x10, 0xC4, 0x10,
    0xC4, 0x10, 0xC4, 0x10, 0xC4, 0x10, 0xC4, 0x10, 0xC4, 0x10, 0xC4, 0x10, 0xC4, 0x10, 0xC4, 0x10,
    0xC4, 0x10, 0xC4, 0x10, 0xC4, 0x10, 0xC4, 0x10, 0xC4, 0x10, 0xC4, 0x10, 0xC4, 0x10, 0xC4, 0x10,
    0xC4, 0x10, 0xC4, 0x10, 0xC4, 0x10, 0xC4, 0x10, 0xC4, 0x10, 0xC4, 0x10, 0xC4, 0x10, 0xC4, 0x10,
    0xC4, 0x10, 0xC4, 0x10, 0xC4, 0x10, 0xC4, 0x10, 0xC4, 0x10, 0xC4, 0x10, 0xC4, 0x10, 0xC4, 0x10,
    0xC4, 0x10, 0xC4, 0x10, 0xC4, 0x10, 0xC4, 0x10, 0xC4, 0x10, 0xC4, 0x10, 0xC4, 0x10, 0xC4, 0x10,
    0xC4, 0x10, 0xC4, 0x10, 0xC4, 0x10, 0xC4, 0x10, 0xC4, 0x10, 0xC4, 0x10, 0xC4, 0x10, 0xC4, 0x10,
    0xC4, 0x10, 0xC4, 0x10, 0xC4, 0x10, 0xC4, 0x10, 0xC4, 0x10, 0xC4, 0x10, 0xC4, 0x10, 0xC4, 0x10,
    0xC4, 0x10, 0xC4, 0x10, 0xC4, 0x10, 0xC4, 0x10, 0xC4, 0x10, 0xC4, 0x10, 0xC4, 0x10, 0xC4, 0x10,
    0xC4, 0x10, 0xC4, 0x10, 0xC4, 0x10, 0xC4, 0x10, 0xC4, 0x10, 0xC4, 0x10, 0xC4, 0x10, 0xC4, 0x10,
    0xC4, 0x10, 0xC4, 0x10, 0xC4, 0x10, 0xC4, 0x10, 0xC4, 0x10, 0xC4, 0x10, 0xC4, 0x10, 0xC4, 0x10,
    0xC4, 0x10, 0xC4, 0x10, 0xC4, 0x10, 0xC4, 0x10, 0xC4, 0x10, 0xC4, 0x10, 0xC4, 0x10, 0xC4, 0x10,
    0xC4, 0x10, 0xC4, 0x10, 0xC4, 0x10, 0xC4, 0x10, 0xC4, 0x10, 0xC4, 0x10, 0xC4, 0x10, 0xC4, 0x10,
    0xC4, 0x10, 0xC4, 0x10, 0xC4, 0x10, 0xC4, 0x10, 0xC4, 0x10, 0xC4, 0x10, 0xC4, 0x10, 0xC4, 0x10,
    0xC4, 0x10, 0xC4, 0x10, 0xC4, 0x10, 0xC4, 0x10, 0xC4, 0x10, 0xC4, 0x10, 0xC4, 0x10, 0xC4, 0x10,
    0xC4, 0x10, 0xC4, 0x10, 0xC4, 0x10, 0xC4, 0x10, 0xC4, 0x10, 0xC4, 0x10, 0xC4, 0x10, 0xC4, 0x10,
    0xC4, 0x10, 0xC4, 0x10, 0xC4, 0x10, 0xC4, 0x10, 0xC4, 0x10, 0xC4, 0x10, 0xC4, 0x10, 0xC4, 0x10,
    0xC4, 0x10, 0xC4, 0x10, 0xC4, 0x10, 0xC4, 0x10, 0xC4, 0x10, 0xC4, 0x10, 0xC4, 0x10, 0xC4, 0x10,
    0xC4, 0x10, 0xC4, 0x10, 0xC4, 0x10, 0xC4, 0x10, 0xC4, 0x10, 0xC4, 0x10, 0xC4, 0x10, 0xC4, 0x10,
    0xC4, 0x10, 0xC4, 0x10, 0xC4, 0x10, 0xC4, 0x10, 0xC4, 0x10, 0xC4, 0x10, 0xC4, 0x10, 0xC4, 0x10,
    0xC4, 0x10, 0xC4, 0x10, 0xC4, 0x10, 0xC4, 0x10, 0xC4, 0x10, 0xC4, 0x10, 0xC4, 0x10, 0xC4, 0x10,
    0xC4, 0x10, 0xC4, 0x10, 0xC4, 0x10, 0xC4, 0x10, 0xC4, 0x10, 0xC4, 0x10, 0xC4, 0x10, 0xC4, 0x10,
    0xC4, 0x10, 0xC4, 0x10, 0xC4, 0x10, 0xC4, 0x10, 0xC4, 0x10, 0xC4, 0x10, 0xC4, 0x10, 0xC4, 0x10,
    0xC4, 0x10, 0xC4, 0x10, 0xC4, 0x10, 0xC4, 0x10, 0xC4, 0x10, 0xC4, 0x10, 0xC4, 0x10, 0xC4, 0x10,
    0xC4, 0x10, 0xC4, 0x10, 0xC4, 0x10, 0xC4, 0x10, 0xC4, 0x10, 0xC4, 0x10, 0xC4, 0x10, 0xC4, 0x10,
    0xC4, 0x10, 0xC4, 0x10, 0xC4, 0x10, 0xC4, 0x10, 0xC4, 0x10, 0xC4, 0x10, 0xC4, 0x10, 0xC4, 0x10,
    0xC4, 0x10, 0xC4, 0x10, 0xC4, 0x10, 0xC4, 0x10, 0xC4, 0x10, 0xC4, 0x10, 0xC4, 0x10, 0xC4, 0x10,
    0xC4, 0x10, 0xC4, 0x10, 0xC4, 0x10, 0xC4, 0x10, 0xC4, 0x10, 0xC4, 0x10, 0xC4, 0x10, 0xC4, 0x10,
    0xC4, 0x10, 0xC4, 0x10, 0xC4, 0x10, 0xC4, 0x10, 0xC4, 0x10, 0xC4, 0x10, 0xC4, 0x10, 0xC4, 0x10,
    0xC4, 0x10, 0xC4, 0x10, 0xC4, 0x10, 0xC4, 0x10, 0xC4, 0x10, 0xC4, 0x10, 0xC4, 0x10, 0xC4, 0x10,
    0xC4, 0x10, 0xC4, 0x10, 0xC4, 0x10, 0xC4, 0x10, 0xC4, 0x10, 0xC4, 0x10, 0xC4, 0x10, 0xC4, 0x10,
    0xC4, 0x10, 0xC4, 0x10, 0xC4, 0x10, 0xC4, 0x10, 0xC4, 0x10, 0xC4, 0x10, 0xC4, 0x10, 0xC4, 0x10,
    0xC4, 0x10, 0xC4, 0x10, 0xC4, 0x10, 0xC4, 0x10, 0xC4, 0x10, 0xC4, 0x10, 0xC4, 0x10, 0xC4, 0x10,
    0xC4, 0x10, 0xC4, 0x10, 0xC4, 0x10, 0xC4, 0x10, 0xC4, 0x10, 0xC4, 0x10, 0xC4, 0x10, 0xC4, 0x10,
    0xC4, 0x10, 0xC4, 0x10, 0xC4, 0x10, 0xC4, 0x10, 0xC4, 0x10, 0xC4, 0x10, 0xC4, 0x10, 0xC4, 0x10,
    0xC4, 0x10, 0xC4, 0x10, 0xC4, 0x10, 0xC4, 0x10, 0xC4, 0x10, 0xC4, 0x10, 0xC4, 0x10, 0xC4, 0x10,
    0xC4, 0x10, 0xC4, 0x10, 0xC4, 0x10, 0xC4, 0x10, 0xC4, 0x10, 0xC4, 0x10, 0xC4, 0x10, 0xC4, 0x10,
    0xC4, 0x10, 0xC4, 0x10, 0xC4, 0x10, 0xC4, 0x10, 0xC4, 0x10, 0xC4, 0x10, 0xC4, 0x10, 0xC4, 0x10,
    0xC4, 0x10, 0xC4, 0x10, 0xC4, 0x10, 0xC4, 0x10, 0xC4, 0x10, 0xC4, 0x10, 0xC4, 0x10, 0xC4, 0x10,
    0xC4, 0x10, 0xC4, 0x10, 0xC4, 0x10, 0xC4, 0x10, 0xC4, 0x10, 0xC4, 0x10, 0xC4, 0x10, 0xC4, 0x10,
    0xC4, 0x10, 0xC4, 0x10, 0xC4, 0x10, 0xC4, 0x10, 0xC4, 0x10, 0xC4, 0x10, 0xC4, 0x10, 0xC4, 0x10,
    0xC4, 0x10, 0xC4, 0x10, 0xC4, 0x10, 0xC4, 0x10, 0xC4, 0x10, 0xC4, 0x10, 0xC4, 0x10, 0xC4, 0x10,
    0xC4, 0x10, 0xC4, 0x10, 0xC4, 0x10, 0xC4, 0x10, 0xC4, 0x10, 0xC4, 0x10, 0xC4, 0x10, 0xC4, 0x10,
    0xC4, 0x10, 0xC4, 0x10, 0xC4, 0x10, 0xC4, 0x10, 0xC4, 0x10, 0xC4, 0x10, 0xC4, 0x10, 0xC4, 0x10,
    0xC4, 0x10, 0xC4, 0x10, 0xC4, 0x10, 0xC4, 0x10, 0xC4, 0x10, 0xC4, 0x10, 0xC4, 0x10, 0xC4, 0x10,
    0xC4, 0x10, 0xC4, 0x10, 0xC4, 0x10, 0xC4, 0x10, 0xC4, 0x10, 0xC4, 0x10, 0xC4, 0x10, 0xC4, 0x10,
    0xC4, 0x10, 0xC4, 0x10, 0xC4, 0x10, 0xC4, 0x10, 0xC4, 0x10, 0xC4, 0x10, 0xC4, 0x10, 0xC4, 0x10,
    0xC4, 0x10, 0xC4, 0x10, 0xC4, 0x10, 0xC4, 0x10, 0xC4, 0x10, 0xC4, 0x10, 0xC4, 0x10, 0xC4, 0x10,
    0xC4, 0x10, 0xC4, 0x10, 0xC4, 0x10, 0xC4, 0x10, 0xC4, 0x10, 0xC4, 0x10, 0xC4, 0x10, 0xC4, 0x10,
    0xC4, 0x10, 0xC4, 0x10, 0xC4, 0x10, 0xC4, 0x10, 0xC4, 0x10, 0xC4, 0x10, 0xC4, 0x10, 0xC4, 0x10,
    0xC4, 0x10, 0xC4, 0x10, 0xC4, 0x10, 0xC4, 0x10, 0xC4, 0x10, 0xC4, 0x10, 0xC4, 0x10, 0xC4, 0x10,
    0xC4, 0x10, 0xC4, 0x10, 0xC4, 0x10, 0xC4, 0x10, 0xC4, 0x10, 0xC4, 0x10, 0xC4, 0x10, 0xC4, 0x10,
    0xC4, 0x10, 0xC4, 0x10, 0xC4, 0x10, 0xC4, 0x10, 0xC4, 0x10, 0xC4, 0x10, 0xC4, 0x10, 0xC4, 0x10,
    0xC4, 0x10, 0xC4, 0x10, 0xC4, 0x10, 0xC4, 0x10, 0xC4, 0x10, 0xC4, 0x10, 0xC4, 0x10, 0xC4, 0x10,
    0xC4, 0x10, 0xC4, 0x10, 0xC4, 0x10, 0xC4, 0x10, 0xC4, 0x10, 0xC4, 0x10, 0xC4, 0x10, 0xC4, 0x10,
    0xC4, 0x10, 0xC4, 0x10, 0xC4, 0x10, 0xC4, 0x10, 0xC4, 0x10, 0xC4, 0x10, 0xC4, 0x10, 0xC4, 0x10,
    0xC4, 0x10, 0xC4, 0x10, 0xC4, 0x10, 0xC4, 0x10, 0xC4, 0x10, 0xC4, 0x10, 0xC4, 0x10, 0xC4, 0x10,
    0xC4, 0x10, 0xC4, 0x10, 0xC4, 0x10, 0xC4, 0x10, 0xC4, 0x10, 0xC4, 0x10, 0xC4, 0x10, 0xC4, 0x10,
    0xC4, 0x10, 0xC4, 0x10, 0xC4, 0x10, 0xC4, 0x10, 0xC4, 0x10, 0xC4, 0x10, 0xC4, 0x10, 0xC4, 0x10,
    0xC4, 0x10, 0xC4, 0x10, 0xC4, 0x10, 0xC4, 0x10, 0xC4, 0x10, 0xC4, 0x10, 0xC4, 0x10, 0xC4, 0x10,
    0xC4, 0x10, 0xC4, 0x10, 0xC4, 0x10, 0xC4, 0x10, 0xC4, 0x10, 0xC4, 0x10, 0xC4, 0x10, 0xC4, 0x10,
    0xC4, 0x10, 0xC4, 0x10, 0xC4, 0x10, 0xC4, 0x10, 0xC4, 0x10, 0xC4, 0x10, 0xC4, 0x10, 0xC4, 0x10,
    0xC4, 0x10, 0xC4, 0x10, 0xC4, 0x10, 0xC4, 0x10, 0xC4, 0x10, 0xC4, 0x10, 0xC4, 0x10, 0xC4, 0x10,
    0xC4, 0x10, 0xC4, 0x10, 0xC4, 0x10, 0xC4, 0x10, 0xC4, 0x10, 0xC4, 0x10, 0xC4, 0x10, 0xC4, 0x10,
    0xC4, 0x10, 0xC4, 0x10, 0xC4, 0x10, 0xC4, 0x10, 0xC4, 0x10, 0xC4, 0x10, 0xC4, 0x10, 0xC4, 0x10,
    0xC4, 0x10, 0xC4, 0x10, 0xC4, 0x10, 0xC4, 0x10, 0xC4, 0x10, 0xC4, 0x10, 0xC4, 0x10, 0xC4, 0x10,
    0xC4, 0x10, 0xC4, 0x10, 0xC4, 0x10, 0xC4, 0x10, 0xC4, 0x10, 0xC4, 0x10, 0xC4, 0x10, 0xC4, 0x10,
    0xC4, 0x10, 0xC4, 0x10, 0xC4, 0x10, 0xC4, 0x10, 0xC4, 0x10, 0xC4, 0x10, 0xC4, 0x10, 0xC4, 0x10,
    0xC4, 0x10, 0xC4, 0x10, 0xC4, 0x10, 0xC4, 0x10, 0xC4, 0x10, 0xC4, 0x10, 0xC4, 0x10, 0xC4, 0x10,
    0xC4, 0x10, 0xC4, 0x10, 0xC4, 0x10, 0xC4, 0x10, 0xC4, 0x10, 0xC4, 0x10, 0xC4, 0x10, 0xC4, 0x10,
    0xC4, 0x10, 0xC4, 0x10, 0xC4, 0x10, 0xC4, 0x10, 0xC4, 0x10, 0xC4, 0x10, 0xC4, 0x10, 0xC4, 0x10,
    0xC4, 0x10, 0xC4, 0x10, 0xC4, 0x10, 0xC4, 0x10, 0xC4, 0x10, 0xC4, 0x10, 0xC4, 0x10, 0xC4, 0x10,
    0xC4, 0x10, 0xC4, 0x10, 0xC4, 0x10, 0xC4, 0x10, 0xC4, 0x10, 0xC4, 0x10, 0xC4, 0x10, 0xC4, 0x10,
    0xC4, 0x10, 0xC4, 0x10, 0xC4, 0x10, 0xC4, 0x10, 0xC4, 0x10, 0xC4, 0x10, 0xC4, 0x10, 0xC4, 0x10,
    0xC4, 0x10, 0xC4, 0x10, 0xC4, 0x10, 0xC4, 0x10, 0xC4, 0x10, 0xC4, 0x10, 0xC4, 0x10, 0xC4, 0x10,
    0xC4, 0x10, 0xC4, 0x10, 0xC4, 0x10, 0xC4, 0x10, 0xC4, 0x10, 0xC4, 0x10, 0xC4, 0x10, 0xC4, 0x10,
    0xC4, 0x10, 0xC4, 0x10, 0xC4, 0x10, 0xC4, 0x10, 0xC4, 0x10, 0xC4, 0x10, 0xC4, 0x10, 0xC4, 0x10,
    0xC4, 0x10, 0xC4, 0x10, 0xC4, 0x10, 0xC4, 0x10, 0xC4, 0x10, 0xC4, 0x10, 0xC4, 0x10, 0xC4, 0x10,
    0xC4, 0x10, 0xC4, 0x10, 0xC4, 0x10, 0xC4, 0x10, 0xC4, 0x10, 0xC4, 0x10, 0xC4, 0x10, 0xC4, 0x10,
    0xC4, 0x10, 0xC4, 0x10, 0xC4, 0x10, 0xC4, 0x10, 0xC4, 0x10, 0xC4, 0x10, 0xC4, 0x10, 0xC4, 0x10,
    0xC4, 0x10, 0xC4, 0x10, 0xC4, 0x10, 0xC4, 0x10, 0xC4, 0x10, 0xC4, 0x10, 0xC4, 0x10, 0xC4, 0x10,
    0xC4, 0x10, 0xC4, 0x10, 0xC4, 0x10, 0xC4, 0x10, 0xC4, 0x10, 0xC4, 0x10, 0xC4, 0x10, 0xC4, 0x10,
    0xC4, 0x10, 0xC4, 0x10, 0xC4, 0x10, 0xC4, 0x10, 0xC4, 0x10, 0xC4, 0x10, 0xC4, 0x10, 0xC4, 0x10,
    0xC4, 0x10, 0xC4, 0x10, 0xC4, 0x10, 0xC4, 0x10, 0xC4, 0x10, 0xC4, 0x10, 0xC4, 0x10, 0xC4, 0x10,
    0xC4, 0x10, 0xC4, 0x10, 0xC4, 0x10, 0xC4, 0x10, 0xC4, 0x10, 0xC4, 0x10, 0xC4, 0x10, 0xC4, 0x10,
    0xC4, 0x10, 0xC4, 0x10, 0xC4, 0x10, 0xC4, 0x10, 0xC4, 0x10, 0xC4, 0x10, 0xC4, 0x10, 0xC4, 0x10,
    0xC4, 0x10, 0xC4, 0x10, 0xC4, 0x10, 0xC4, 0x10, 0xC4, 0x10, 0xC4, 0x10, 0xC4, 0x10, 0xC4, 0x10,
    0xC4, 0x10, 0xC4, 0x10, 0xC4, 0x10, 0xC4, 0x10, 0xC4, 0x10, 0xC4, 0x10, 0xC4, 0x10, 0xC4, 0x10,
    0xC4, 0x10, 0xC4, 0x10, 0xC4, 0x10, 0xC4, 0x10, 0xC4, 0x10, 0xC4, 0x10, 0xC4, 0x10, 0xC4, 0x10,
    0xC4, 0x10, 0xC4, 0x10, 0xC4, 0x10, 0xC4, 0x10, 0xC4, 0x10, 0xC4, 0x10, 0xC4, 0x10, 0xC4, 0x10,
    0xC4, 0x10, 0xC4, 0x10, 0xC4, 0x10, 0xC4, 0x10, 0xC4, 0x10, 0xC4, 0x10, 0xC4, 0x10, 0xC4, 0x10,
    0xC4, 0x10, 0xC4, 0x10, 0xC4, 0x10, 0xC4, 0x10, 0xC4, 0x10, 0xC4, 0x10, 0xC4, 0x10, 0xC4, 0x10,
    0xC4, 0x10, 0xC4, 0x10, 0xC4, 0x10, 0xC4, 0x10, 0xC4, 0x10, 0xC4, 0x10, 0xC4, 0x10, 0xC4, 0x10,
    0xC4, 0x10, 0xC4, 0x10, 0xC4, 0x10, 0xC4, 0x10, 0xC4, 0x10, 0xC4, 0x10, 0xC4, 0x10, 0xC4, 0x10,
    0xC4, 0x10, 0xC4, 0x10, 0xC4, 0x10, 0xC4, 0x10, 0xC4, 0x10, 0xC4, 0x10, 0xC4, 0x10, 0xC4, 0x10,
    0xC4, 0x10, 0xC4, 0x10, 0xC4, 0x10, 0xC4, 0x10, 0xC4, 0x10, 0xC4, 0x10, 0xC4, 0x10, 0xC4, 0x10,
    0xC4, 0x10, 0xC4, 0x10, 0xC4, 0x10, 0xC4, 0x10, 0xC4, 0x10, 0xC4, 0x10, 0xC4, 0x10, 0xC4, 0x10,
    0xC4, 0x10, 0xC4, 0x10, 0xC4, 0x10, 0xC4, 0x10, 0xC4, 0x10, 0xC4, 0x10, 0xC4, 0x10, 0xC4, 0x10,
    0xC4, 0x10, 0xC4, 0x10, 0xC4, 0x10, 0xC4, 0x10, 0xC4, 0x10, 0xC4, 0x10, 0xC4, 0x10, 0xC4, 0x10,
    0xC4, 0x10, 0xC4, 0x10, 0xC4, 0x10, 0xC4, 0x10, 0xC4, 0x10, 0xC4, 0x10, 0xC4, 0x10, 0xC4, 0x10,
    0xC4, 0x10, 0xC4, 0x10, 0xC4, 0x10, 0xC4, 0x10, 0xC4, 0x10, 0xC4, 0x10, 0xC4, 0x10, 0xC4, 0x10,
    0xC4, 0x10, 0xC4, 0x10, 0xC4, 0x10, 0xC4, 0x10, 0xC4, 0x10, 0xC4, 0x10, 0xC4, 0x10, 0xC4, 0x10,
    0xC4, 0x10, 0xC4, 0x10, 0xC4, 0x10, 0xC4, 0x10, 0xC4, 0x10, 0xC4, 0x10, 0xC4, 0x10, 0xC4, 0x10,
    0xC4, 0x10, 0xC4, 0x10, 0xC4, 0x10, 0xC4, 0x10, 0xC4, 0x10, 0xC4, 0x10, 0xC4, 0x10, 0xC4, 0x10,
    0xC4, 0x10, 0xC4, 0x10, 0xC4, 0x10, 0xC4, 0x10, 0xC4, 0x10, 0xC4, 0x10, 0xC4, 0x10, 0xC4, 0x10,
    0xC4, 0x10, 0xC4, 0x10, 0xC4, 0x10, 0xC4, 0x10, 0xC4, 0x10, 0xC4, 0x10, 0xC4, 0x10, 0xC4, 0x10,
    0xC4, 0x10, 0xC4, 0x10, 0xC4, 0x10, 0xC4, 0x10, 0xC4, 0x10, 0xC4, 0x10, 0xC4, 0x10, 0xC4, 0x10,
    0xC4, 0x10, 0xC4, 0x10, 0xC4, 0x10, 0xC4, 0x10, 0xC4, 0x10, 0xC4, 0x10, 0xC4, 0x10, 0xC4, 0x10,
    0xC4, 0x10, 0xC4, 0x10, 0xC4, 0x10, 0xC4, 0x10, 0xC4, 0x10, 0xC4, 0x10, 0xC4, 0x10, 0xC4, 0x10,
    0xC4, 0x10, 0xC4, 0x10, 0xC4, 0x10, 0xC4, 0x10, 0xC4, 0x10, 0xC4, 0x10, 0xC4, 0x10, 0xC4, 0x10,
    0xC4, 0x10, 0xC4, 0x10, 0xC4, 0x10, 0xC4, 0x10, 0xC4, 0x10, 0xC4, 0x10, 0xC4, 0x10, 0xC4, 0x10,
    0xC4, 0x10, 0xC4, 0x10, 0xC4, 0x10, 0xC4, 0x10, 0xC4, 0x10, 0xC4, 0x10, 0xC4, 0x10, 0xC4, 0x10,
    0xC4, 0x10, 0xC4, 0x10, 0xC4, 0x10, 0xC4, 0x10, 0xC4, 0x10, 0xC4, 0x10, 0xC4, 0x10, 0xC4, 0x10,
    0xC4, 0x10, 0xC4, 0x10, 0xC4, 0x10, 0xC4, 0x10, 0xC4, 0x10, 0xC4, 0x10, 0xC4, 0x10, 0xC4, 0x10,
    0xC4, 0x10, 0xC4, 0x10, 0xC4, 0x10, 0xC4, 0x10, 0xC4, 0x10, 0xC4, 0x10, 0xC4, 0x10, 0xC4, 0x10,
    0xC4, 0x10, 0xC4, 0x10, 0xC4, 0x10, 0xC4, 0x10, 0xC4, 0x10, 0xC4, 0x10, 0xC4, 0x10, 0xC4, 0x10,
    0xC4, 0x10, 0xC4, 0x10, 0xC4, 0x10, 0xC4, 0x10, 0xC4, 0x10, 0xC4, 0x10, 0xC4, 0x10, 0xC4, 0x10,
    0xC4, 0x10, 0xC4, 0x10, 0xC4, 0x10, 0xC4, 0x10, 0xC4, 0x10, 0xC4, 0x10, 0xC4, 0x10, 0xC4, 0x10,
    0xC4, 0x10, 0xC4, 0x10, 0xC4, 0x10, 0xC4, 0x10, 0xC4, 0x10, 0xC4, 0x10, 0xC4, 0x10, 0xC4, 0x10,
    0xC4, 0x10, 0xC4, 0x10, 0xC4, 0x10, 0xC4, 0x10, 0xC4, 0x10, 0xC4, 0x10, 0xC4, 0x10, 0xC4, 0x10,
    0xC4, 0x10, 0xC4, 0x10, 0xC4, 0x10, 0xC4, 0x10, 0xC4, 0x10, 0xC4, 0x10, 0xC4, 0x10, 0xC4, 0x10,
    0xC4, 0x10, 0xC4, 0x10, 0xC4, 0x10, 0xC4, 0x10, 0xC4, 0x10, 0xC4, 0x10, 0xC4, 0x10, 0xC4, 0x10,
    0xC4, 0x10, 0xC4, 0x10, 0xC4, 0x10, 0xC4, 0x10, 0xC4, 0x10, 0xC4, 0x10, 0xC4, 0x10, 0xC4, 0x10,
    0xC4, 0x10, 0xC4, 0x10, 0xC4, 0x10, 0xC4, 0x10, 0xC4, 0x10, 0xC4, 0x10, 0xC4, 0x10, 0xC4, 0x10,
    0xC4, 0x10, 0xC4, 0x10, 0xC4, 0x10, 0xC4, 0x10, 0xC4, 0x10, 0xC4, 0x10, 0xC4, 0x10, 0xC4, 0x10,
    0xC4, 0x10, 0xC4, 0x10, 0xC4, 0x10, 0xC4, 0x10, 0xC4, 0x10, 0xC4, 0x10, 0xC4, 0x10, 0xC4, 0x10,
    0xC4, 0x10, 0xC4, 0x10, 0xC4, 0x10, 0xC4, 0x10, 0xC4, 0x10, 0xC4, 0x10, 0xC4, 0x10, 0xC4, 0x10,
    0xC4, 0x10, 0xC4, 0x10, 0xC4, 0x10, 0xC4, 0x10, 0xC4, 0x10, 0xC4, 0x10, 0xC4, 0x10, 0xC4, 0x10,
    0xC4, 0x10, 0xC4, 0x10, 0xC4, 0x10, 0xC4, 0x10, 0xC4, 0x10, 0xC4, 0x10, 0xC4, 0x10, 0xC4, 0x10,
    0xC4, 0x10, 0xC4, 0x10, 0xC4, 0x10, 0xC4, 0x10, 0xC4, 0x10, 0xC4, 0x10, 0xC4, 0x10, 0xC4, 0x10,
    0xC4, 0x10, 0xC4, 0x10, 0xC4, 0x10, 0xC4, 0x10, 0xC4, 0x10, 0xC4, 0x10, 0xC4, 0x10, 0xC4, 0x10,
    0xC4, 0x10, 0xC4, 0x10, 0xC4, 0x10, 0xC4, 0x10, 0xC4, 0x10, 0xC4, 0x10, 0xC4, 0x10, 0xC4, 0x10,
    0xC4, 0x10, 0xC4, 0x10, 0xC4, 0x10, 0xC4, 0x10, 0xC4, 0x10, 0xC4, 0x10, 0xC4, 0x10, 0xC4, 0x10,
    0xC4, 0x10, 0xC4, 0x10, 0xC4, 0x10, 0xC4, 0x10, 0xC4, 0x10, 0xC4, 0x10, 0xC4, 0x10, 0xC4, 0x10,
    0xC4, 0x10, 0xC4, 0x10, 0xC4, 0x10, 0xC4, 0x10, 0xC4, 0x10, 0xC4, 0x10, 0xC4, 0x10, 0xC4, 0x10,
    0xC4, 0x10, 0xC4, 0x10, 0xC4, 0x10, 0xC4, 0x10, 0xC4, 0x10, 0xC4, 0x10, 0xC4, 0x10, 0xC4, 0x10,
    0xC4, 0x10, 0xC4, 0x10, 0xC4, 0x10, 0xC4, 0x10, 0xC4, 0x10, 0xC4, 0x10, 0xC4, 0x10, 0xC4, 0x10,
    0xC4, 0x10, 0xC4, 0x10, 0xC4, 0x10, 0xC4, 0x10, 0xC4, 0x10, 0xC4, 0x10, 0xC4, 0x10, 0xC4, 0x10,
    0xC4, 0x10, 0xC4, 0x10, 0xC4, 0x10, 0xC4, 0x10, 0xC4, 0x10, 0xC4, 0x10, 0xC4, 0x10, 0xC4, 0x10,
    0xC4, 0x10, 0xC4, 0x10, 0xC4, 0x10, 0xC4, 0x10, 0xC4, 0x10, 0xC4, 0x10, 0xC4, 0x10, 0xC4, 0x10,
    0xC4, 0x10, 0xC4, 0x10, 0xC4, 0x10, 0xC4, 0x10, 0xC4, 0x10, 0xC4, 0x10, 0xC4, 0x10, 0xC4, 0x10,
    0xC4, 0x10, 0xC4, 0x10, 0xC4, 0x10, 0xC4, 0x10, 0xC4, 0x10, 0xC4, 0x10, 0xC4, 0x10, 0xC4, 0x10,
    0xC4, 0x10, 0xC4, 0x10, 0xC4, 0x10, 0xC4, 0x10, 0xC4, 0x10, 0xC4, 0x10, 0xC4, 0x10, 0xC4, 0x10,
    0xC4, 0x10, 0xC4, 0x10, 0xC4, 0x10, 0xC4, 0x10, 0xC4, 0x10, 0xC4, 0x10, 0xC4, 0x10, 0xC4, 0x10,
    0xC4, 0x10, 0xC4, 0x10, 0xC4, 0x10, 0xC4, 0x10, 0xC4, 0x10, 0xC4, 0x10, 0xC4, 0x10, 0xC4, 0x10,
    0xC4, 0x10, 0xC4, 0x10, 0xC4, 0x10, 0xC4, 0x10, 0xC4, 0x10, 0xC4, 0x10, 0xC4, 0x10, 0xC4, 0x10,
    0xC4, 0x10, 0xC4, 0x10, 0xC4, 0x10, 0xC4, 0x10, 0xC4, 0x10, 0xC4, 0x10, 0xC4, 0x10, 0xC4, 0x10,
    0xC4, 0x10, 0xC4, 0x10, 0xC4, 0x10, 0xC4, 0x10, 0xC4, 0x10, 0xC4, 0x10, 0xC4, 0x10, 0xC4, 0x10,
    0xC4, 0x10, 0xC4, 0x10, 0xC4, 0x10, 0xC4, 0x10, 0xC4, 0x10, 0xC4, 0x10, 0xC4, 0x10, 0xC4, 0x10,
    0xC4, 0x10, 0xC4, 0x10, 0xC4, 0x10, 0xC4, 0x10, 0xC4, 0x10, 0xC4, 0x10, 0xC4, 0x10, 0xC4, 0x10,
    0xC4, 0x10, 0xC4, 0x10, 0xC4, 0x10, 0xC4, 0x10, 0xC4, 0x10, 0xC4, 0x10, 0xC4, 0x10, 0xC4, 0x10,
    0xC4, 0x10, 0xC4, 0x10, 0xC4, 0x10, 0xC4, 0x10, 0xC4, 0x10, 0xC4, 0x10, 0xC4, 0x10, 0xC4, 0x10,
    0xC4, 0x10, 0xC4, 0x10, 0xC4, 0x10, 0xC4, 0x10, 0xC4, 0x10, 0xC4, 0x10, 0xC4, 0x10, 0xC4, 0x10,
    0xC4, 0x10, 0xC4, 0x10, 0xC4, 0x10, 0xC4, 0x10, 0xC4, 0x10, 0xC4, 0x10, 0xC4, 0x10, 0xC4, 0x10,
    0xC4, 0x10, 0xC4, 0x10, 0xC4, 0x10, 0xC4, 0x10, 0xC4, 0x10, 0xC4, 0x10, 0xC4, 0x10, 0xC4, 0x10,
    0xC4, 0x10, 0xC4, 0x10, 0xC4, 0x10, 0xC4, 0x10, 0xC4, 0x10, 0xC4, 0x10, 0xC4, 0x10, 0xC4, 0x10,
    0xC4, 0x10, 0xC4, 0x10, 0xC4, 0x10, 0xC4, 0x10, 0xC4, 0x10, 0xC4, 0x10, 0xC4, 0x10, 0xC4, 0x10,
    0xC4, 0x10, 0xC4, 0x10, 0xC4, 0x10, 0xC4, 0x10, 0xC4, 0x10, 0xC4, 0x10, 0xC4, 0x10, 0xC4, 0x10,
    0xC4, 0x10, 0xC4, 0x10, 0xC4, 0x10, 0xC4, 0x10, 0xC4, 0x10, 0xC4, 0x10, 0xC4, 0x10, 0xC4, 0x10,
    0xC4, 0x10, 0xC4, 0x10, 0xC4, 0x10, 0xC4, 0x10, 0xC4, 0x10, 0xC4, 0x10, 0xC4, 0x10, 0xC4, 0x10,
    0xC4, 0x10, 0xC4, 0x10, 0xC4, 0x10, 0xC4, 0x10, 0xC4, 0x10, 0xC4, 0x10, 0xC4, 0x10, 0xC4, 0x10,
    0xC4, 0x10, 0xC4, 0x10, 0xC4, 0x10, 0xC4, 0x10, 0xC4, 0x10, 0xC4, 0x10, 0xC4, 0x10, 0xC4, 0x10,
    0xC4, 0x10, 0xC4, 0x10, 0xC4, 0x10, 0xC4, 0x10, 0xC4, 0x10, 0xC4, 0x10, 0xC4, 0x10, 0xC4, 0x10,
    0xC4, 0x10, 0xC4, 0x10, 0xC4, 0x10, 0xC4, 0x10, 0xC4, 0x10, 0xC4, 0x10, 0xC4, 0x10, 0xC4, 0x10,
    0xC4, 0x10, 0xC4, 0x10, 0xC4, 0x10, 0xC4, 0x10, 0xC4, 0x10, 0xC4, 0x10, 0xC4, 0x10, 0xC4, 0x10,
    0xC4, 0x10, 0xC4, 0x10, 0xC4, 0x10, 0xC4, 0x10, 0xC4, 0x10, 0xC4, 0x10, 0xC4, 0x10, 0xC4, 0x10,
    0xC4, 0x10, 0xC4, 0x10, 0xC4, 0x10, 0xC4, 0x10, 0xC4, 0x10, 0xC4, 0x10, 0xC4, 0x10, 0xC4, 0x10,
    0xC4, 0x10, 0xC4, 0x10, 0xC4, 0x10, 0xC4, 0x10, 0xC4, 0x10, 0xC4, 0x10, 0xC4, 0x10, 0xC4, 0x10,
    0xC4, 0x10, 0xC4, 0x10, 0xC4, 0x10, 0xC4, 0x10, 0xC4, 0x10, 0xC4, 0x10, 0xC4, 0x10, 0xC4, 0x10,
    0xC4, 0x10, 0xC4, 0x10, 0xC4, 0x10, 0xC4, 0x10, 0xC4, 0x10, 0xC4, 0x10, 0xC4, 0x10, 0xC4, 0x10,
    0xC4, 0x10, 0xC4, 0x10, 0xC4, 0x10, 0xC4, 0x10, 0xC4, 0x10, 0xC4, 0x10, 0xC4, 0x10, 0xC4, 0x10,
    0xC4, 0x10, 0xC4, 0x10, 0xC4, 0x10, 0xC4, 0x10, 0xC4, 0x10, 0xC4, 0x10, 0xC4, 0x10, 0xC4, 0x10,
    0xC4, 0x10, 0xC4, 0x10, 0xC4, 0x10, 0xC4, 0x10, 0xC4, 0x10, 0xC4, 0x10, 0xC4, 0x10, 0xC4, 0x10,
    0xC4, 0x10, 0xC4, 0x10, 0xC4, 0x10, 0xC4, 0x10, 0xC4, 0x10, 0xC4, 0x10, 0xC4, 0x10, 0xC4, 0x10,
    0xC4, 0x10, 0xC4, 0x10, 0xC4, 0x10, 0xC4, 0x10, 0xC4, 0x10, 0xC4, 0x10, 0xC4, 0x10, 0xC4, 0x10,
    0xC4, 0x10, 0xC4, 0x10, 0xC4, 0x10, 0xC4, 0x10, 0xC4, 0x10, 0xC4, 0x10, 0xC4, 0x10, 0xC4, 0x10,
    0xC4, 0x10, 0xC4, 0x10, 0xC4, 0x10, 0xC4, 0x10, 0xC4, 0x10, 0xC4, 0x10, 0xC4, 0x10, 0xC4, 0x10,
    0xC4, 0x10, 0xC4, 0x10, 0xC4, 0x10, 0xC4, 0x10, 0xC4, 0x10, 0xC4, 0x10, 0xC4, 0x10, 0xC4, 0x10,
    0xC4, 0x10, 0xC4, 0x10, 0xC4, 0x10, 0xC4, 0x10, 0xC4, 0x10, 0xC4, 0x10, 0xC4, 0x10, 0xC4, 0x10,
    0xC4, 0x10, 0xC4, 0x10, 0xC4, 0x10, 0xC4, 0x10, 0xC4, 0x10, 0xC4, 0x10, 0xC4, 0x10, 0xC4, 0x10,
    0xC4, 0x10, 0xC4, 0x10, 0xC4, 0x10, 0xC4, 0x10, 0xC4, 0x10, 0xC4, 0x10, 0xC4, 0x10, 0xC4, 0x10,
    0xC4, 0x10, 0xC4, 0x10, 0xC4, 0x10, 0xC4, 0x10, 0xC4, 0x10, 0xC4, 0x10, 0xC4, 0x10, 0xC4, 0x10,
    0xC4, 0x10, 0xC4, 0x10, 0xC4, 0x10, 0xC4, 0x10, 0xC4, 0x10, 0xC4, 0x10, 0xC4, 0x10, 0xC4, 0x10,
    0xC4, 0x10, 0xC4, 0x10, 0xC4, 0x10, 0xC4, 0x10, 0xC4, 0x10, 0xC4, 0x10, 0xC4, 0x10, 0xC4, 0x10,
    0xC4, 0x10, 0xC4, 0x10, 0xC4, 0x10, 0xC4, 0x10, 0xC4, 0x10, 0xC4, 0x10, 0xC4, 0x10, 0xC4, 0x10,
    0xC4, 0x10, 0xC4, 0x10, 0xC4, 0x10, 0xC4, 0x10, 0xC4, 0x10, 0xC4, 0x10, 0xC4, 0x10, 0xC4, 0x10,
    0xC4, 0x10, 0xC4, 0x10, 0xC4, 0x10, 0xC4, 0x10, 0xC4, 0x10, 0xC4, 0x10, 0xC4, 0x10, 0xC4, 0x10,
    0xC4, 0x10, 0xC4, 0x10, 0xC4, 0x10, 0xC4, 0x10, 0xC4, 0x10, 0xC4, 0x10, 0xC4, 0x10, 0xC4, 0x10,
    0xC4, 0x10, 0xC4, 0x10, 0xC4, 0x10, 0xC4, 0x10, 0xC4, 0x10, 0xC4, 0x10, 0xC4, 0x10, 0xC4, 0x10,
    0xC4, 0x10, 0xC4, 0x10, 0xC4, 0x10, 0xC4, 0x10, 0xC4, 0x10, 0xC4, 0x10, 0xC4, 0x10, 0xC4, 0x10,
    0xC4, 0x10, 0xC4, 0x10, 0xC4, 0x10, 0xC4, 0x10, 0xC4, 0x10, 0xC4, 0x10, 0xC4, 0x10, 0xC4, 0x10,
    0xC4, 0x10, 0xC4, 0x10, 0xC4, 0x10, 0xC4, 0x10, 0xC4, 0x10, 0xC4, 0x10, 0xC4, 0x10, 0xC4, 0x10,
    0xC4, 0x10, 0xC4, 0x10, 0xC4, 0x10, 0xC4, 0x10, 0xC4, 0x10, 0xC4, 0x10, 0xC4, 0x10, 0xC4, 0x10,
    0xC4, 0x10, 0xC4, 0x10, 0xC4, 0x10, 0xC4, 0x10, 0xC4, 0x10, 0xC4, 0x10, 0xC4, 0x10, 0xC4, 0x10,
    0xC4, 0x10, 0xC4, 0x10, 0xC4, 0x10, 0xC4, 0x10, 0xC4, 0x10, 0xC4, 0x10, 0xC4, 0x10, 0xC4, 0x10,
    0xC4, 0x10, 0xC4, 0x10, 0xC4, 0x10, 0xC4, 0x10, 0xC4, 0x10, 0xC4, 0x10, 0xC4, 0x10, 0xC4, 0x10,
    0xC4, 0x10, 0xC4, 0x10, 0xC4, 0x10, 0xC4, 0x10, 0xC4, 0x10, 0xC4, 0x10, 0xC4, 0x10, 0xC4, 0x10,
    0xC4, 0x10, 0xC4, 0x10, 0xC4, 0x10, 0xC4, 0x10, 0xC4, 0x10, 0xC4, 0x10, 0xC4, 0x10, 0xC4, 0x10,
    0xC4, 0x10, 0xC4, 0x10, 0xC4, 0x10, 0xC4, 0x10, 0xC4, 0x10, 0xC4, 0x10, 0xC4, 0x10, 0xC4, 0x10,
    0xC4, 0x10, 0xC4, 0x10, 0xC4, 0x10, 0xC4, 0x10, 0xC4, 0x10, 0xC4, 0x10, 0xC4, 0x10, 0xC4, 0x10,
    0xC4, 0x10, 0xC4, 0x10, 0xC4, 0x10, 0xC4, 0x10, 0xC4, 0x10, 0xC4, 0x10, 0xC4, 0x10, 0xC4, 0x10,
    0xC4, 0x10, 0xC4, 0x10, 0xC4, 0x10, 0xC4, 0x10, 0xC4, 0x10, 0xC4, 0x10, 0xC4, 0x10, 0xC4, 0x10,
    0xC4, 0x10, 0xC4, 0x10, 0xC4, 0x10, 0xC4, 0x10, 0xC4, 0x10, 0xC4, 0x10, 0xC4, 0x10, 0xC4, 0x10,
    0xC4, 0x10, 0xC4, 0x10, 0xC4, 0x10, 0xC4, 0x10, 0xC4, 0x10, 0xC4, 0x10, 0xC4, 0x10, 0xC4, 0x10,
    0xC4, 0x10, 0xC4, 0x10, 0xC4, 0x10, 0xC4, 0x10, 0xC4, 0x10, 0xC4, 0x10, 0xC4, 0x10, 0xC4, 0x10,
    0xC4, 0x10, 0xC4, 0x10, 0xC4, 0x10, 0xC4, 0x10, 0xC4, 0x10, 0xC4, 0x10, 0xC4, 0x10, 0xC4, 0x10,
    0xC4, 0x10, 0xC4, 0x10, 0xC4, 0x10, 0xC4, 0x10, 0xC4, 0x10, 0xC4, 0x10, 0xC4, 0x10, 0xC4, 0x10,
    0xC4, 0x10, 0xC4, 0x10, 0xC4, 0x10, 0xC4, 0x10, 0xC4, 0x10, 0xC4, 0x10, 0xC4, 0x10, 0xC4, 0x10,
    0xC4, 0x10, 0xC4, 0x10, 0xC4, 0x10, 0xC4, 0x10, 0xC4, 0x10, 0xC4, 0x10, 0xC4, 0x10, 0xC4, 0x10,
    0xC4, 0x10, 0xC4, 0x10, 0xC4, 0x10, 0xC4, 0x10, 0xC4, 0x10, 0xC4, 0x10, 0xC4, 0x10, 0xC4, 0x10,
    0xC4, 0x10, 0xC4, 0x10, 0xC4, 0x10, 0xC4, 0x10, 0xC4, 0x10, 0xC4, 0x10, 0xC4, 0x10, 0xC4, 0x10,
    0xC4, 0x10, 0xC4, 0x10, 0xC4, 0x10, 0xC4, 0x10, 0xC4, 0x10, 0xC4, 0x10, 0xC4, 0x10, 0xC4, 0x10,
    0xC4, 0x10, 0xC4, 0x10, 0xC4, 0x10, 0xC4, 0x10, 0xC4, 0x10, 0xC4, 0x10, 0xC4, 0x10, 0xC4, 0x10,
    0xC4, 0x10, 0xC4, 0x10, 0xC4, 0x10, 0xC4, 0x10, 0xC4, 0x10, 0xC4, 0x10, 0xC4, 0x10, 0xC4, 0x10,
    0xC4, 0x10, 0xC4, 0x10, 0xC4, 0x10, 0xC4, 0x10, 0xC4, 0x10, 0xC4, 0x10, 0xC4, 0x10, 0xC4, 0x10,
    0xC4, 0x10, 0xC4, 0x10, 0xC4, 0x10, 0xC4, 0x10, 0xC4, 0x10, 0xC4, 0x10, 0xC4, 0x10, 0xC4, 0x10,
    0xC4, 0x10, 0xC4, 0x10, 0xC4, 0x10, 0xC4, 0x10, 0xC4, 0x10, 0xC4, 0x10, 0xC4, 0x10, 0xC4, 0x10,
    0xC4, 0x10, 0xC4, 0x10, 0xC4, 0x10, 0xC4, 0x10, 0xC4, 0x10, 0xC4, 0x10, 0xC4, 0x10, 0xC4, 0x10,
    0xC4, 0x10, 0xC4, 0x10, 0xC4, 0x10, 0xC4, 0x10, 0xC4, 0x10, 0xC4, 0x10, 0xC4, 0x10, 0xC4, 0x10,
    0xC4, 0x10, 0xC4, 0x10, 0xC4, 0x10, 0xC4, 0x10, 0xC4, 0x10, 0xC4, 0x10, 0xC4, 0x10, 0xC4, 0x10,
    0xC4, 0x10, 0xC4, 0x10, 0xC4, 0x10, 0xC4, 0x10, 0xC4, 0x10, 0xC4, 0x10, 0xC4, 0x10, 0xC4, 0x10,
    0xC4, 0x10, 0xC4, 0x10, 0xC4, 0x10, 0xC4, 0x10, 0xC4, 0x10, 0xC4, 0x10, 0xC4, 0x10, 0xC4, 0x10,
    0xC4, 0x10, 0xC4, 0x10, 0xC4, 0x10, 0xC4, 0x10, 0xC4, 0x10, 0xC4, 0x10, 0xC4, 0x10, 0xC4, 0x10,
    0xC4, 0x10, 0xC4, 0x10, 0xC4, 0x10, 0xC4, 0x10, 0xC4, 0x10, 0xC4, 0x10, 0xC4, 0x10, 0xC4, 0x10,
    0xC4, 0x10, 0xC4, 0x10, 0xC4, 0x10, 0xC4, 0x10, 0xC4, 0x10, 0xC4, 0x10, 0xC4, 0x10, 0xC4, 0x10,
    0xC4, 0x10, 0xC4, 0x10, 0xC4, 0x10, 0xC4, 0x10, 0xC4, 0x10, 0xC4, 0x10, 0xC4, 0x10, 0xC4, 0x10,
    0xC4, 0x10, 0xC4, 0x10, 0xC4, 0x10, 0xC4, 0x10, 0xC4, 0x10, 0xC4, 0x10, 0xC4, 0x10, 0xC4, 0x10,
    0xC4, 0x10, 0xC4, 0x10, 0xC4, 0x10, 0xC4, 0x10, 0xC4, 0x10, 0xC4, 0x10, 0xC4, 0x10, 0xC4, 0x10,
    0xC4, 0x10, 0xC4, 0x10, 0xC4, 0x10, 0xC4, 0x10, 0xC4, 0x10, 0xC4, 0x10, 0xC4, 0x10, 0xC4, 0x10,
    0xC4, 0x10, 0xC4, 0x10, 0xC4, 0x10, 0xC4, 0x10, 0xC4, 0x10, 0xC4, 0x10, 0xC4, 0x10, 0xC4, 0x10,
    0xC4, 0x10, 0xC4, 0x10, 0xC4, 0x10, 0xC4, 0x10, 0xC4, 0x10, 0xC4, 0x10, 0xC4, 0x10, 0xC4, 0x10,
    0xC4, 0x10, 0xC4, 0x10, 0xC4, 0x10, 0xC4, 0x10, 0xC4, 0x10, 0xC4, 0x10, 0xC4, 0x10, 0xC4, 0x10,
    0xC4, 0x10, 0xC4, 0x10, 0xC4, 0x10, 0xC4, 0x10, 0xC4, 0x10, 0xC4, 0x10, 0xC4, 0x10, 0xC4, 0x10,
    0xC4, 0x10, 0xC4, 0x10, 0xC4, 0x10, 0xC4, 0x10, 0xC4, 0x10, 0xC4, 0x10, 0xC4, 0x10, 0xC4, 0x10,
    0xC4, 0x10, 0xC4, 0x10, 0xC4, 0x10, 0xC4, 0x10, 0xC4, 0x10, 0xC4, 0x10, 0xC4, 0x10, 0xC4, 0x10,
    0xC4, 0x10, 0xC4, 0x10, 0xC4, 0x10, 0xC4, 0x10, 0xC4, 0x10, 0xC4, 0x10, 0xC4, 0x10, 0xC4, 0x10,
    0xC4, 0x10, 0xC4, 0x10, 0xC4, 0x10, 0xC4, 0x10, 0xC4, 0x10, 0xC4, 0x10, 0xC4, 0x10, 0xC4, 0x10,
    0xC4, 0x10, 0xC4, 0x10, 0xC4, 0x10, 0xC4, 0x10, 0xC4, 0x10, 0xC4, 0x10, 0xC4, 0x10, 0xC4, 0x10,
    0xC4, 0x10, 0xC4, 0x10, 0xC4, 0x10, 0xC4, 0x10, 0xC4, 0x10, 0xC4, 0x10, 0xC4, 0x10, 0xC4, 0x10,
    0xC4, 0x10, 0xC4, 0x10, 0xC4, 0x10, 0xC4, 0x10, 0xC4, 0x10, 0xC4, 0x10, 0xC4, 0x10, 0xC4, 0x10,
    0xC4, 0x10, 0xC4, 0x10, 0xC4, 0x10, 0xC4, 0x10, 0xC4, 0x10, 0xC4, 0x10, 0xC4, 0x10, 0xC4, 0x10,
    0xC4, 0x10, 0xC4, 0x10, 0xC4, 0x10, 0xC4, 0x10, 0xC4, 0x10, 0xC4, 0x10, 0xC4, 0x10, 0xC4, 0x10,
    0xC4, 0x10, 0xC4, 0x10, 0xC4, 0x10, 0xC4, 0x10, 0xC4, 0x10, 0xC4, 0x10, 0xC4, 0x10, 0xC4, 0x10,
    0xC4, 0x10, 0xC4, 0x10, 0xC4, 0x10, 0xC4, 0x10, 0xC4, 0x10, 0xC4, 0x10, 0xC4, 0x10, 0xC4, 0x10,
    0xC4, 0x10, 0xC4, 0x10, 0xC4, 0x10, 0xC4, 0x10, 0xC4, 0x10, 0xC4, 0x10, 0xC4, 0x10, 0xC4, 0x10,
    0xC4, 0x10, 0xC4, 0x10, 0xC4, 0x10, 0xC4, 0x10, 0xC4, 0x10, 0xC4, 0x10, 0xC4, 0x10, 0xC4, 0x10,
    0xC4, 0x10, 0xC4, 0x10, 0xC4, 0x10, 0xC4, 0x10, 0xC4, 0x10, 0xC4, 0x10, 0xC4, 0x10, 0xC4, 0x10,
    0xC4, 0x10, 0xC4, 0x10, 0xC4, 0x10, 0xC4, 0x10, 0xC4, 0x10, 0xC4, 0x10, 0xC4, 0x10, 0xC4, 0x10,
    0xC4, 0x10, 0xC4, 0x10, 0xC4, 0x10, 0xC4, 0x10, 0xC4, 0x10, 0xC4, 0x10, 0xC4, 0x10, 0xC4, 0x10,
    0xC4, 0x10, 0xC4, 0x10, 0xC4, 0x10, 0xC4, 0x10, 0xC4, 0x10, 0xC4, 0x10, 0xC4, 0x10, 0xC4, 0x10,
    0xC4, 0x10, 0xC4, 0x10, 0xC4, 0x10, 0xC4, 0x10, 0xC4, 0x10, 0xC4, 0x10, 0xC4, 0x10, 0xC4, 0x10,
    0xC4, 0x10, 0xC4, 0x10, 0xC4, 0x10, 0xC4, 0x10, 0xC4, 0x10, 0xC4, 0x10, 0xC4, 0x10, 0xC4, 0x10,
    0xC4, 0x10, 0xC4, 0x10, 0xC4, 0x10, 0xC4, 0x10, 0xC4, 0x10, 0xC4, 0x10, 0xC4, 0x10, 0xC4, 0x10,
    0xC4, 0x10, 0xC4, 0x10, 0xC4, 0x10, 0xC4, 0x10, 0xC4, 0x10, 0xC4, 0x10, 0xC4, 0x10, 0xC4, 0x10,
    0xC4, 0x10, 0xC4, 0x10, 0xC4, 0x10, 0xC4, 0x10, 0xC4, 0x10, 0xC4, 0x10, 0xC4, 0x10, 0xC4, 0x10,
    0xC4, 0x10, 0xC4, 0x10, 0xC4, 0x10, 0xC4, 0x10, 0xC4, 0x10, 0xC4, 0x10, 0xC4, 0x10, 0xC4, 0x10,
    0xC4, 0x10, 0xC4, 0x10, 0xC4, 0x10, 0xC4, 0x10, 0xC4, 0x10, 0xC4, 0x10, 0xC4, 0x10, 0xC4, 0x10,
    0xC4, 0x10, 0xC4, 0x10, 0xC4, 0x10, 0xC4, 0x10, 0xC4, 0x10, 0xC4, 0x10, 0xC4, 0x10, 0xC4, 0x10,
    0xC4, 0x10, 0xC4, 0x10, 0xC4, 0x10, 0xC4, 0x10, 0xC4, 0x10, 0xC4, 0x10, 0xC4, 0x10, 0xC4, 0x10,
    0xC4, 0x10, 0xC4, 0x10, 0xC4, 0x10, 0xC4, 0x10, 0xC4, 0x10, 0xC4, 0x10, 0xC4, 0x10, 0xC4, 0x10,
    0xC4, 0x10, 0xC4, 0x10, 0xC4, 0x10, 0xC4, 0x10, 0xC4, 0x10, 0xC4, 0x10, 0xC4, 0x10, 0xC4, 0x10,
    0xC4, 0x10, 0xC4, 0x10, 0xC4, 0x10, 0xC4, 0x10, 0xC4, 0x10, 0xC4, 0x10, 0xC4, 0x10, 0xC4, 0x10,
    0xC4, 0x10, 0xC4, 0x10, 0xC4, 0x10, 0xC4, 0x10, 0xC4, 0x10, 0xC4, 0x10, 0xC4, 0x10, 0xC4, 0x10,
    0xC4, 0x10, 0xC4, 0x10, 0xC4, 0x10, 0xC4, 0x10, 0xC4, 0x10, 0xC4, 0x10, 0xC4, 0x10, 0xC4, 0x10,
    0xC4, 0x10, 0xC4, 0x10, 0xC4, 0x10, 0xC4, 0x10, 0xC4, 0x10, 0xC4, 0x10, 0xC4, 0x10, 0xC4, 0x10,
    0xC4, 0x10, 0xC4, 0x10, 0xC4, 0x10, 0xC4, 0x10, 0xC4, 0x10, 0xC4, 0x10, 0xC4, 0x10, 0xC4, 0x10,
    0xC4, 0x10, 0xC4, 0x10, 0xC4, 0x10, 0xC4, 0x10, 0xC4, 0x10, 0xC4, 0x10, 0xC4, 0x10, 0xC4, 0x10,
    0xC4, 0x10, 0xC4, 0x10, 0xC4, 0x10, 0xC4, 0x10, 0xC4, 0x10, 0xC4, 0x10, 0xC4, 0x10, 0xC4, 0x10,
    0xC4, 0x10, 0xC4, 0x10, 0xC4, 0x10, 0xC4, 0x10, 0xC4, 0x10, 0xC4, 0x10, 0xC4, 0x10, 0xC4, 0x10,
    0xC4, 0x10, 0xC4, 0x10, 0xC4, 0x10, 0xC4, 0x10, 0xC4, 0x10, 0xC4, 0x10, 0xC4, 0x10, 0xC4, 0x10,
    0xC4, 0x10, 0xC4, 0x10, 0xC4, 0x10, 0xC4, 0x10, 0xC4, 0x10, 0xC4, 0x10, 0xC4, 0x10, 0xC4, 0x10,
    0xC4, 0x10, 0xC4, 0x10, 0xC4, 0x10, 0xC4, 0x10, 0xC4, 0x10, 0xC4, 0x10, 0xC4, 0x10, 0xC4, 0x10,
    0xC4, 0x10, 0xC4, 0x10, 0xC4, 0x10, 0xC4, 0x10, 0xC4, 0x10, 0xC4, 0x10, 0xC4, 0x10, 0xC4, 0x10,
    0xC4, 0x10, 0xC4, 0x10, 0xC4, 0x10, 0xC4, 0x10, 0xC4, 0x10, 0xC4, 0x10, 0xC4, 0x10, 0xC4, 0x10,
    0xC4, 0x10, 0xC4, 0x10, 0xC4, 0x10, 0xC4, 0x10, 0xC4, 0x10, 0xC4, 0x10, 0xC4, 0x10, 0xC4, 0x10,
    0xC4, 0x10, 0xC4, 0x10, 0xC4, 0x10, 0xC4, 0x10, 0xC4, 0x10, 0xC4, 0x10, 0xC4, 0x10, 0xC4, 0x10,
    0xC4, 0x10, 0xC4, 0x10, 0xC4, 0x10, 0xC4, 0x10, 0xC4, 0x10, 0xC4, 0x10, 0xC4, 0x10, 0xC4, 0x10,
    0xC4, 0x10, 0xC4, 0x10, 0xC4, 0x10, 0xC4, 0x10, 0xC4, 0x10, 0xC4, 0x10, 0xC4, 0x10, 0xC4, 0x10,
    0xC4, 0x10, 0xC4, 0x10, 0xC4, 0x10, 0xC4, 0x10, 0xC4, 0x10, 0xC4, 0x10, 0xC4, 0x10, 0xC4, 0x10,
    0xC4, 0x10, 0xC4, 0x10, 0xC4, 0x10, 0xC4, 0x10, 0xC4, 0x10, 0xC4, 0x10, 0xC4, 0x10, 0xC4, 0x10,
    0xC4, 0x10, 0xC4, 0x10, 0xC4, 0x10, 0xC4, 0x10, 0xC4, 0x10, 0xC4, 0x10, 0xC4, 0x10, 0xC4, 0x10,
    0xC4, 0x10, 0xC4, 0x10, 0xC4, 0x10, 0xC4, 0x10, 0xC4, 0x10, 0xC4, 0x10, 0xC4, 0x10, 0xC4, 0x10,
    0xC4, 0x10, 0xC4, 0x10, 0xC4, 0x10, 0xC4, 0x10, 0xC4, 0x10, 0xC4, 0x10, 0xC4, 0x10, 0xC4, 0x10,
    0xC4, 0x10, 0xC4, 0x10, 0xC4, 0x10, 0xC4, 0x10, 0xC4, 0x10, 0xC4, 0x10, 0xC4, 0x10, 0xC4, 0x10,
    0xC4, 0x10, 0xC4, 0x10, 0xC4, 0x10, 0xC4, 0x10, 0xC4, 0x10, 0xC4, 0x10, 0xC4, 0x10, 0xC4, 0x10,
    0xC4, 0x10, 0xC4, 0x10, 0xC4, 0x10, 0xC4, 0x10, 0xC4, 0x10, 0xC4, 0x10, 0xC4, 0x10, 0xC4, 0x10,
    0xC4, 0x10, 0xC4, 0x10, 0xC4, 0x10, 0xC4, 0x10, 0xC4, 0x10, 0xC4, 0x10, 0xC4, 0x10, 0xC4, 0x10,
    0xC4, 0x10, 0xC4, 0x10, 0xC4, 0x10, 0xC4, 0x10, 0xC4, 0x10, 0xC4, 0x10, 0xC4, 0x10, 0xC4, 0x10,
    0xC4, 0x10, 0xC4, 0x10, 0xC4, 0x10, 0xC4, 0x10, 0xC4, 0x10, 0xC4, 0x10, 0xC4, 0x10, 0xC4, 0x10,
    0xC4, 0x10, 0xC4, 0x10, 0xC4, 0x10, 0xC4, 0x10, 0xC4, 0x10, 0xC4, 0x10, 0xC4, 0x10, 0xC4, 0x10,
    0xC4, 0x10, 0xC4, 0x10, 0xC4, 0x10, 0xC4, 0x10, 0xC4, 0x10, 0xC4, 0x10, 0xC4, 0x10, 0xC4, 0x10,
    0xC4, 0x10, 0xC4, 0x10, 0xC4, 0x10, 0xC4, 0x10, 0xC4, 0x10, 0xC4, 0x10, 0xC4, 0x10, 0xC4, 0x10,
    0xC4, 0x10, 0xC4, 0x10, 0xC4, 0x10, 0xC4, 0x10, 0xC4, 0x10, 0xC4, 0x10, 0xC4, 0x10, 0xC4, 0x10,
    0xC4, 0x10, 0xC4, 0x10, 0xC4, 0x10, 0xC4, 0x10, 0xC4, 0x10, 0xC4, 0x10, 0xC4, 0x10, 0xC4, 0x10,
    0xC4, 0x10, 0xC4, 0x10, 0xC4, 0x10, 0xC4, 0x10, 0xC4, 0x10, 0xC4, 0x10, 0xC4, 0x10, 0xC4, 0x10,
    0xC4, 0x10, 0xC4, 0x10, 0xC4, 0x10, 0xC4, 0x10, 0xC4, 0x10, 0xC4, 0x10, 0xC4, 0x10, 0xC4, 0x10,
    0xC4, 0x10, 0xC4, 0x10, 0xC4, 0x10, 0xC4, 0x10, 0xC4, 0x10, 0xC4, 0x10, 0xC4, 0x10, 0xC4, 0x10,
    0xC4, 0x10, 0xC4, 0x10, 0xC4, 0x10, 0xC4, 0x10, 0xC4, 0x10, 0xC4, 0x10, 0xC4, 0x10, 0xC4, 0x10,
    0xC4, 0x10, 0xC4, 0x10, 0xC4, 0x10, 0xC4, 0x10, 0xC4, 0x10, 0xC4, 0x10, 0xC4, 0x10, 0xC4, 0x10,
    0xC4, 0x10, 0xC4, 0x10, 0xC4, 0x10, 0xC4, 0x10, 0xC4, 0x10, 0xC4, 0x10, 0xC4, 0x10, 0xC4, 0x10,
    0xC4, 0x10, 0xC4, 0x10, 0xC4, 0x10, 0xC4, 0x10, 0xC4, 0x10, 0xC4, 0x10, 0xC4, 0x10, 0xC4, 0x10,
    0xC4, 0x10, 0xC4, 0x10, 0xC4, 0x10, 0xC4, 0x10, 0xC4, 0x10, 0xC4, 0x10, 0xC4, 0x10, 0xC4, 0x10,
    0xC4, 0x10, 0xC4, 0x10, 0xC4, 0x10, 0xC4, 0x10, 0xC4, 0x10, 0xC4, 0x10, 0xC4, 0x10, 0xC4, 0x10,
    0xC4, 0x10, 0xC4, 0x10, 0xC4, 0x10, 0xC4, 0x10, 0xC4, 0x10, 0xC4, 0x10, 0xC4, 0x10, 0xC4, 0x10,
    0xC4, 0x10, 0xC4, 0x10, 0xC4, 0x10, 0xC4, 0x10, 0xC4, 0x10, 0xC4, 0x10, 0xC4, 0x10, 0xC4, 0x10,
    0xC4, 0x10, 0xC4, 0x10, 0xC4, 0x10, 0xC4, 0x10, 0xC4, 0x10, 0xC4, 0x10, 0xC4, 0x10, 0xC4, 0x10,
    0xC4, 0x10, 0xC4, 0x10, 0xC4, 0x10, 0xC4, 0x10, 0xC4, 0x10, 0xC4, 0x10, 0xC4, 0x10, 0xC4, 0x10,
    0xC4, 0x10, 0xC4, 0x10, 0xC4, 0x10, 0xC4, 0x10, 0xC4, 0x10, 0xC4, 0x10, 0xC4, 0x10, 0xC4, 0x10,
    0xC4, 0x10, 0xC4, 0x10, 0xC4, 0x10, 0xC4, 0x10, 0xC4, 0x10, 0xC4, 0x10, 0xC4, 0x10, 0xC4, 0x10,
    0xC4, 0x10, 0xC4, 0x10, 0xC4, 0x10, 0xC4, 0x10, 0xC4, 0x10, 0xC4, 0x10, 0xC4, 0x10, 0xC4, 0x10,
    0xC4, 0x10, 0xC4, 0x10, 0xC4, 0x10, 0xC4, 0x10, 0xC4, 0x10, 0xC4, 0x10, 0xC4, 0x10, 0xC4, 0x10,
    0xC4, 0x10, 0xC4, 0x10, 0xC4, 0x10, 0xC4, 0x10, 0xC4, 0x10, 0xC4, 0x10, 0xC4, 0x10, 0xC4, 0x10,
    0xC4, 0x10, 0xC4, 0x10, 0xC4, 0x10, 0xC4, 0x10, 0xC4, 0x10, 0xC4, 0x10, 0xC4, 0x10, 0xC4, 0x10,
    0xC4, 0x10, 0xC4, 0x10, 0xC4, 0x10, 0xC4, 0x10, 0xC4, 0x10, 0xC4, 0x10, 0xC4, 0x10, 0xC4, 0x10,
    0xC4, 0x10, 0xC4, 0x10, 0xC4, 0x10, 0xC4, 0x10, 0xC4, 0x10, 0xC4, 0x10, 0xC4, 0x10, 0xC4, 0x10,
    0xC4, 0x10, 0xC4, 0x10, 0xC4, 0x10, 0xC4, 0x10, 0xC4, 0x10, 0xC4, 0x10, 0xC4, 0x10, 0xC4, 0x10,
    0xC4, 0x10, 0xC4, 0x10, 0xC4, 0x10, 0xC4, 0x10, 0xC4, 0x10, 0xC4, 0x10, 0xC4, 0x10, 0xC4, 0x10,
    0xC4, 0x10, 0xC4, 0x10, 0xC4, 0x10, 0xC4, 0x10, 0xC4, 0x10, 0xC4, 0x10, 0xC4, 0x10, 0xC4, 0x10,
    0xC4, 0x10, 0xC4, 0x10, 0xC4, 0x10, 0xC4, 0x10, 0xC4, 0x10, 0xC4, 0x10, 0xC4, 0x10, 0xC4, 0x10,
    0xC4, 0x10, 0xC4, 0x10, 0xC4, 0x10, 0xC4, 0x10, 0xC4, 0x10, 0xC4, 0x10, 0xC4, 0x10, 0xC4, 0x10,
    0xC4, 0x10, 0xC4, 0x10, 0xC4, 0x10, 0xC4, 0x10, 0xC4, 0x10, 0xC4, 0x10, 0xC4, 0x10, 0xC4, 0x10,
    0xC4, 0x10, 0xC4, 0x10, 0xC4, 0x10, 0xC4, 0x10, 0xC4, 0x10, 0xC4, 0x10, 0xC4, 0x10, 0xC4, 0x10,
    0xC4, 0x10, 0xC4, 0x10, 0xC4, 0x10, 0xC4, 0x10, 0xC4, 0x10, 0xC4, 0x10, 0xC4, 0x10, 0xC4, 0x10,
    0xC4, 0x10, 0xC4, 0x10, 0xC4, 0x10, 0xC4, 0x10, 0xC4, 0x10, 0xC4, 0x10, 0xC4, 0x10, 0xC4, 0x10,
    0xC4, 0x10, 0xC4, 0x10, 0xC4, 0x10, 0xC4, 0x10, 0xC4, 0x10, 0xC4, 0x10, 0xC4, 0x10, 0xC4, 0x10,
    0xC4, 0x10, 0xC4, 0x10, 0xC4, 0x10, 0xC4, 0x10, 0xC4, 0x10, 0xC4, 0x10, 0xC4, 0x10, 0xC4, 0x10,
    0xC4, 0x10, 0xC4, 0x10, 0xC4, 0x10, 0xC4, 0x10, 0xC4, 0x10, 0xC4, 0x10, 0xC4, 0x10, 0xC4, 0x10,
    0xC4, 0x10, 0xC4, 0x10, 0xC4, 0x10, 0xC4, 0x10, 0xC4, 0x10, 0xC4, 0x10, 0xC4, 0x10, 0xC4, 0x10,
    0xC4, 0x10, 0xC4, 0x10, 0xC4, 0x10, 0xC4, 0x10, 0xC4, 0x10, 0xC4, 0x10, 0xC4, 0x10, 0xC4, 0x10,
    0xC4, 0x10, 0xC4, 0x10, 0xC4, 0x10, 0xC4, 0x10, 0xC4, 0x10, 0xC4, 0x10, 0xC4, 0x10, 0xC4, 0x10,
    0xC4, 0x10, 0xC4, 0x10, 0xC4, 0x10, 0xC4, 0x10, 0xC4, 0x10, 0xC4, 0x10, 0xC4, 0x10, 0xC4, 0x10,
    0xC4, 0x10, 0xC4, 0x10, 0xC4, 0x10, 0xC4, 0x10, 0xC4, 0x10, 0xC4, 0x10, 0xC4, 0x10, 0xC4, 0x10,
    0xC4, 0x10, 0xC4, 0x10, 0xC4, 0x10, 0xC4, 0x10, 0xC4, 0x10, 0xC4, 0x10, 0xC4, 0x10, 0xC4, 0x10,
    0xC4, 0x10, 0xC4, 0x10, 0xC4, 0x10, 0xC4, 0x10, 0xC4, 0x10, 0xC4, 0x10, 0xC4, 0x10, 0xC4, 0x10,
    0xC4, 0x10, 0xC4, 0x10, 0xC4, 0x10, 0xC4, 0x10, 0xC4, 0x10, 0xC4, 0x10, 0xC4, 0x10, 0xC4, 0x10,
    0xC4, 0x10, 0xC4, 0x10, 0xC4, 0x10, 0xC4, 0x10, 0xC4, 0x10, 0xC4, 0x10, 0xC4, 0x10, 0xC4, 0x10,
    0xC4, 0x10, 0xC4, 0x10, 0xC4, 0x10, 0xC4, 0x10, 0xC4, 0x10, 0xC4, 0x10, 0xC4, 0x10, 0xC4, 0x10,
    0xC4, 0x10, 0xC4, 0x10, 0xC4, 0x10, 0xC4, 0x10, 0xC4, 0x10, 0xC4, 0x10, 0xC4, 0x10, 0xC4, 0x10,
    0xC4, 0x10, 0xC4, 0x10, 0xC4, 0x10, 0xC4, 0x10, 0xC4, 0x10, 0xC4, 0x10, 0xC4, 0x10, 0xC4, 0x10,
    0xC4, 0x10, 0xC4, 0x10, 0xC4, 0x10, 0xC4, 0x10, 0xC4, 0x10, 0xC4, 0x10, 0xC4, 0x10, 0xC4, 0x10,
    0xC4, 0x10, 0xC4, 0x10, 0xC4, 0x10, 0xC4, 0x10, 0xC4, 0x10, 0xC4, 0x10, 0xC4, 0x10, 0xC4, 0x10,
    0xC4, 0x10, 0xC4, 0x10, 0xC4, 0x10, 0xC4, 0x10, 0xC4, 0x10, 0xC4, 0x10, 0xC4, 0x10, 0xC4, 0x10,
    0xC4, 0x10, 0xC4, 0x10, 0xC4, 0x10, 0xC4, 0x10, 0xC4, 0x10, 0xC4, 0x10, 0xC4, 0x10, 0xC4, 0x10,
    0xC4, 0x10, 0xC4, 0x10, 0xC4, 0x10, 0xC4, 0x10, 0xC4, 0x10, 0xC4, 0x10, 0xC4, 0x10, 0xC4, 0x10,
    0xC4, 0x10, 0xC4, 0x10, 0xC4, 0x10, 0xC4, 0x10, 0xC4, 0x10, 0xC4, 0x10, 0xC4, 0x10, 0xC4, 0x10,
    0xC4, 0x10, 0xC4, 0x10, 0xC4, 0x10, 0xC4, 0x10, 0xC4, 0x10, 0xC4, 0x10, 0xC4, 0x10, 0xC4, 0x10,
    0xC4, 0x10, 0xC4, 0x10, 0xC4, 0x10, 0xC4, 0x10, 0xC4, 0x10, 0xC4, 0x10, 0xC4, 0x10, 0xC4, 0x10,
    0xC4, 0x10, 0xC4, 0x10, 0xC4, 0x10, 0xC4, 0x10, 0xC4, 0x10, 0xC4, 0x10, 0xC4, 0x10, 0xC4, 0x10,
    0xC4, 0x10, 0xC4, 0x10, 0xC4, 0x10, 0xC4, 0x10, 0xC4, 0x10, 0xC4, 0x10, 0xC4, 0x10, 0xC4, 0x10,
    0xC4, 0x10, 0xC4, 0x10, 0xC4, 0x10, 0xC4, 0x10, 0xC4, 0x10, 0xC4, 0x10, 0xC4, 0x10, 0xC4, 0x10,
    0xC4, 0x10, 0xC4, 0x10, 0xC4, 0x10, 0xC4, 0x10, 0xC4, 0x10, 0xC4, 0x10, 0xC4, 0x10, 0xC4, 0x10,
    0xC4, 0x10, 0xC4, 0x10, 0xC4, 0x10, 0xC4, 0x10, 0xC4, 0x10, 0xC4, 0x10, 0xC4, 0x10, 0xC4, 0x10,
    0xC4, 0x10, 0xC4, 0x10, 0xC4, 0x10, 0xC4, 0x10, 0xC4, 0x10, 0xC4, 0x10, 0xC4, 0x10, 0xC4, 0x10,
    0xC4, 0x10, 0xC4, 0x10, 0xC4, 0x10, 0xC4, 0x10, 0xC4, 0x10, 0xC4, 0x10, 0xC4, 0x10, 0xC4, 0x10,
    0xC4, 0x10, 0xC4, 0x10, 0xC4, 0x10, 0xC4, 0x10, 0xC4, 0x10, 0xC4, 0x10, 0xC4, 0x10, 0xC4, 0x10,
    0xC4, 0x10, 0xC4, 0x10, 0xC4, 0x10, 0xC4, 0x10, 0xC4, 0x10, 0xC4, 0x10, 0xC4, 0x10, 0xC4, 0x10,
    0xC4, 0x10, 0xC4, 0x10, 0xC4, 0x10, 0xC4, 0x10, 0xC4, 0x10, 0xC4, 0x10, 0xC4, 0x10, 0xC4, 0x10,
    0xC4, 0x10, 0xC4, 0x10, 0xC4, 0x10, 0xC4, 0x10, 0xC4, 0x10, 0xC4, 0x10, 0xC4, 0x10, 0xC4, 0x10,
    0xC4, 0x10, 0xC4, 0x10, 0xC4, 0x10, 0xC4, 0x10, 0xC4, 0x10, 0xC4, 0x10, 0xC4, 0x10, 0xC4, 0x10,
    0xC4, 0x10, 0xC4, 0x10, 0xC4, 0x10, 0xC4, 0x10, 0xC4, 0x10, 0xC4, 0x10, 0xC4, 0x10, 0xC4, 0x10,
    0xC4, 0x10, 0xC4, 0x10, 0xC4, 0x10, 0xC4, 0x10, 0xC4, 0x10, 0xC4, 0x10, 0xC4, 0x10, 0xC4, 0x10,
    0xC4, 0x10, 0xC4, 0x10, 0xC4, 0x10, 0xC4, 0x10, 0xC4, 0x10, 0xC4, 0x10, 0xC4, 0x10, 0xC4, 0x10,
    0xC4, 0x10, 0xC4, 0x10, 0xC4, 0x10, 0xC4, 0x10, 0xC4, 0x10, 0xC4, 0x10, 0xC4, 0x10, 0xC4, 0x10,
    0xC4, 0x10, 0xC4, 0x10, 0xC4, 0x10, 0xC4, 0x10, 0xC4, 0x10, 0xC4, 0x10, 0xC4, 0x10, 0xC4, 0x10,
    0xC4, 0x10, 0xC4, 0x10, 0xC4, 0x10, 0xC4, 0x10, 0xC4, 0x10, 0xC4, 0x10, 0xC4, 0x10, 0xC4, 0x10,
    0xC4, 0x10, 0xC4, 0x10, 0xC4, 0x10, 0xC4, 0x10, 0xC4, 0x10, 0xC4, 0x10, 0xC4, 0x10, 0xC4, 0x10,
    0xC4, 0x10, 0xC4, 0x10, 0xC4, 0x10, 0xC4, 0x10, 0xC4, 0x10, 0xC4, 0x10, 0xC4, 0x10, 0xC4, 0x10,
    0xC4, 0x10, 0xC4, 0x10, 0xC4, 0x10, 0xC4, 0x10, 0xC4, 0x10, 0xC4, 0x10, 0xC4, 0x10, 0xC4, 0x10,
    0xC4, 0x10, 0xC4, 0x10, 0xC4, 0x10, 0xC4, 0x10, 0xC4, 0x10, 0xC4, 0x10, 0xC4, 0x10, 0xC4, 0x10,
    0xC4, 0x10, 0xC4, 0x10, 0xC4, 0x10, 0xC4, 0x10, 0xC4, 0x10, 0xC4, 0x10, 0xC4, 0x10, 0xC4, 0x10,
    0xC4, 0x10, 0xC4, 0x10, 0xC4, 0x10, 0xC4, 0x10, 0xC4, 0x10, 0xC4, 0x10, 0xC4, 0x10, 0xC4, 0x10,
    0xC4, 0x10, 0xC4, 0x10, 0xC4, 0x10, 0xC4, 0x10, 0xC4, 0x10, 0xC4, 0x10, 0xC4, 0x10, 0xC4, 0x10,
    0xC4, 0x10, 0xC4, 0x10, 0xC4, 0x10, 0xC4, 0x10, 0xC4, 0x10, 0xC4, 0x10, 0xC4, 0x10, 0xC4, 0x10,
    0xC4, 0x10, 0xC4, 0x10, 0xC4, 0x10, 0xC4, 0x10, 0xC4, 0x10, 0xC4, 0x10, 0xC4, 0x10, 0xC4, 0x10,
    0xC4, 0x10, 0xC4, 0x10, 0xC4, 0x10, 0xC4, 0x10, 0xC4, 0x10, 0xC4, 0x10, 0xC4, 0x10, 0xC4, 0x10,
    0xC4, 0x10, 0xC4, 0x10, 0xC4, 0x10, 0xC4, 0x10, 0xC4, 0x10, 0xC4, 0x10, 0xC4, 0x10, 0xC4, 0x10,
    0xC4, 0x10, 0xC4, 0x10, 0xC4, 0x10, 0xC4, 0x10, 0xC4, 0x10, 0xC4, 0x10, 0xC4, 0x10, 0xC4, 0x10,
    0xC4, 0x10, 0xC4, 0x10, 0xC4, 0x10, 0xC4, 0x10, 0xC4, 0x10, 0xC4, 0x10, 0xC4, 0x10, 0xC4, 0x10,
    0xC4, 0x10, 0xC4, 0x10, 0xC4, 0x10, 0xC4, 0x10, 0xC4, 0x10, 0xC4, 0x10, 0xC4, 0x10, 0xC4, 0x10,
    0xC4, 0x10, 0xC4, 0x10, 0xC4, 0x10, 0xC4, 0x10, 0xC4, 0x10, 0xC4, 0x10, 0xC4, 0x10, 0xC4, 0x10,
    0xC4, 0x10, 0xC4, 0x10, 0xC4, 0x10, 0xC4, 0x10, 0xC4, 0x10, 0xC4, 0x10, 0xC4, 0x10, 0xC4, 0x10,
    0xC4, 0x10, 0xC4, 0x10, 0xC4, 0x10, 0xC4, 0x10, 0xC4, 0x10, 0xC4, 0x10, 0xC4, 0x10, 0xC4, 0x10,
    0xC4, 0x10, 0xC4, 0x10, 0xC4, 0x10, 0xC4, 0x10, 0xC4, 0x10, 0xC4, 0x10, 0xC4, 0x10, 0xC4, 0x10,
    0xC4, 0x10, 0xC4, 0x10, 0xC4, 0x10, 0xC4, 0x10, 0xC4, 0x10, 0xC4, 0x10, 0xC4, 0x10, 0xC4, 0x10,
    0xC4, 0x10, 0xC4, 0x10, 0xC4, 0x10, 0xC4, 0x10, 0xC4, 0x10, 0xC4, 0x10, 0xC4, 0x10, 0xC4, 0x10,
    0xC4, 0x10, 0xC4, 0x10, 0xC4, 0x10, 0xC4, 0x10, 0xC4, 0x10, 0xC4, 0x10, 0xC4, 0x10, 0xC4, 0x10,
    0xC4, 0x10, 0xC4, 0x10, 0xC4, 0x10, 0xC4, 0x10, 0xC4, 0x10, 0xC4, 0x10, 0xC4, 0x10, 0xC4, 0x10,
    0xC4, 0x10, 0xC4, 0x10, 0xC4, 0x10, 0xC4, 0x10, 0xC4, 0x10, 0xC4, 0x10, 0xC4, 0x10, 0xC4, 0x10,
    0xC4, 0x10, 0xC4, 0x10, 0xC4, 0x10, 0xC4, 0x10, 0xC4, 0x10, 0xC4, 0x10, 0xC4, 0x10, 0xC4, 0x10,
    0xC4, 0x10, 0xC4, 0x10, 0xC4, 0x10, 0xC4, 0x10, 0xC4, 0x10, 0xC4, 0x10, 0xC4, 0x10, 0xC4, 0x10,
    0xC4, 0x10, 0xC4, 0x10, 0xC4, 0x10, 0xC4, 0x10, 0xC4, 0x10, 0xC4, 0x10, 0xC4, 0x10, 0xC4, 0x10,
    0xC4, 0x10, 0xC4, 0x10, 0xC4, 0x10, 0xC4, 0x10, 0xC4, 0x10, 0xC4, 0x10, 0xC4, 0x10, 0xC4, 0x10,
    0xC4, 0x10, 0xC4, 0x10, 0xC4, 0x10, 0xC4, 0x10, 0xC4, 0x10, 0xC4, 0x10, 0xC4, 0x10, 0xC4, 0x10,
    0xC4, 0x10, 0xC4, 0x10, 0xC4, 0x10, 0xC4, 0x10, 0xC4, 0x10, 0xC4, 0x10, 0xC4, 0x10, 0xC4, 0x10,
    0xC4, 0x10, 0xC4, 0x10, 0xC4, 0x10, 0xC4, 0x10, 0xC4, 0x10, 0xC4, 0x10, 0xC4, 0x10, 0xC4, 0x10,
    0xC4, 0x10, 0xC4, 0x10, 0xC4, 0x10, 0xC4, 0x10, 0xC4, 0x10, 0xC4, 0x10, 0xC4, 0x10, 0xC4, 0x10,
    0xC4, 0x10, 0xC4, 0x10, 0xC4, 0x10, 0xC4, 0x10, 0xC4, 0x10, 0xC4, 0x10, 0xC4, 0x10, 0xC4, 0x10,
    0xC4, 0x10, 0xC4, 0x10, 0xC4, 0x10, 0xC4, 0x10, 0xC4, 0x10, 0xC4, 0x10, 0xC4, 0x10, 0xC4, 0x10,
    0xC4, 0x10, 0xC4, 0x10, 0xC4, 0x10, 0xC4, 0x10, 0xC4, 0x10, 0xC4, 0x10, 0xC4, 0x10, 0xC4, 0x10,
    0xC4, 0x10, 0xC4, 0x10, 0xC4, 0x10, 0xC4, 0x10, 0xC4, 0x10, 0xC4, 0x10, 0xC4, 0x10, 0xC4, 0x10,
    0xC4, 0x10, 0xC4, 0x10, 0xC4, 0x10, 0xC4, 0x10, 0xC4, 0x10, 0xC4, 0x10, 0xC4, 0x10, 0xC4, 0x10,
    0xC4, 0x10, 0xC4, 0x10, 0xC4, 0x10, 0xC4, 0x10, 0xC4, 0x10, 0xC4, 0x10, 0xC4, 0x10, 0xC4, 0x10,
    0xC4, 0x10, 0xC4, 0x10, 0xC4, 0x10, 0xC4, 0x10, 0xC4, 0x10, 0xC4, 0x10, 0xC4, 0x10, 0xC4, 0x10,
    0xC4, 0x10, 0xC4, 0x10, 0xC4, 0x10, 0xC4, 0x10, 0xC4, 0x10, 0xC4, 0x10, 0xC4, 0x10, 0xC4, 0x10,
    0xC4, 0x10, 0xC4, 0x10, 0xC4, 0x10, 0xC4, 0x10, 0xC4, 0x10, 0xC4, 0x10, 0xC4, 0x10, 0xC4, 0x10,
    0xC4, 0x10, 0xC4, 0x10, 0xC4, 0x10, 0xC4, 0x10, 0xC4, 0x10, 0xC4, 0x10, 0xC4, 0x10, 0xC4, 0x10,
    0xC4, 0x10, 0xC4, 0x10, 0xC4, 0x10, 0xC4, 0x10, 0xC4, 0x10, 0xC4, 0x10, 0xC4, 0x10, 0xC4, 0x10,
    0xC4, 0x10, 0xC4, 0x10, 0xC4, 0x10, 0xC4, 0x10, 0xC4, 0x10, 0xC4, 0x10, 0xC4, 0x10, 0xC4, 0x10,
    0xC4, 0x10, 0xC4, 0x10, 0xC4, 0x10, 0xC4, 0x10, 0xC4, 0x10, 0xC4, 0x10, 0xC4, 0x10, 0xC4, 0x10,
    0xC4, 0x10, 0xC4, 0x10, 0xC4, 0x10, 0xC4, 0x10, 0xC4, 0x10, 0xC4, 0x10, 0xC4, 0x10, 0xC4, 0x10,
    0xC4, 0x10, 0xC4, 0x10, 0xC4, 0x10, 0xC4, 0x10, 0xC4, 0x10, 0xC4, 0x10, 0xC4, 0x10, 0xC4, 0x10,
    0xC4, 0x10, 0xC4, 0x10, 0xC4, 0x10, 0xC4, 0x10, 0xC4, 0x10, 0xC4, 0x10, 0xC4, 0x10, 0xC4, 0x10,
    0xC4, 0x10, 0xC4, 0x10, 0xC4, 0x10, 0xC4, 0x10, 0xC4, 0x10, 0xC4, 0x10, 0xC4, 0x10, 0xC4, 0x10,
    0xC4, 0x10, 0xC4, 0x10, 0xC4, 0x10, 0xC4, 0x10, 0xC4, 0x10, 0xC4, 0x10, 0xC4, 0x10, 0xC4, 0x10,
    0xC4, 0x10, 0xC4, 0x10, 0xC4, 0x10, 0xC4, 0x10, 0xC4, 0x10, 0xC4, 0x10, 0xC4, 0x10, 0xC4, 0x10,
    0xC4, 0x10, 0xC4, 0x10, 0xC4, 0x10, 0xC4, 0x10, 0xC4, 0x10, 0xC4, 0x10, 0xC4, 0x10, 0xC4, 0x10,
    0xC4, 0x10, 0xC4, 0x10, 0xC4, 0x10, 0xC4, 0x10, 0xC4, 0x10, 0xC4, 0x10, 0xC4, 0x10, 0xC4, 0x10,
    0xC4, 0x10, 0xC4, 0x10, 0xC4, 0x10, 0xC4, 0x10, 0xC4, 0x10, 0xC4, 0x10, 0xC4, 0x10, 0xC4, 0x10,
    0xC4, 0x10, 0xC4, 0x10, 0xC4, 0x10, 0xE5, 0x10, 0x2E, 0x5B, 0xF5, 0x94, 0x78, 0xA5, 0x36, 0x9D,
    0x12, 0x7C, 0xE9, 0x31, 0xC4, 0x10, 0xC4, 0x10, 0xC4, 0x10, 0xC4, 0x10, 0xC4, 0x10, 0xC4, 0x10,
    0xC4, 0x10, 0xC4, 0x10, 0xC4, 0x10, 0xC4, 0x10, 0xC4, 0x10, 0xC4, 0x10, 0xC4, 0x10, 0xC4, 0x10,
    0xC4, 0x10, 0xC4, 0x10, 0xC4, 0x10, 0xC4, 0x10, 0xC4, 0x10, 0xC4, 0x10, 0xC4, 0x10, 0xC4, 0x10,
    0xC4, 0x10, 0xC4, 0x10, 0xC4, 0x10, 0xC4, 0x10, 0xC4, 0x10, 0xC4, 0x10, 0xC4, 0x10, 0xC4, 0x10,
    0xC4, 0x10, 0xC4, 0x10, 0xC4, 0x10, 0xC4, 0x10, 0xC4, 0x10, 0xC4, 0x10, 0xC4, 0x10, 0xC4, 0x10,
    0xC4, 0x10, 0xC4, 0x10, 0xC4, 0x10, 0xC4, 0x10, 0xC4, 0x10, 0xC4, 0x10, 0xC4, 0x10, 0xC4, 0x10,
    0xC4, 0x10, 0xC4, 0x10, 0xC4, 0x10, 0xB0, 0x6B, 0x94, 0x84, 0xC4, 0x10, 0xC4, 0x10, 0xC4, 0x10,
    0xC4, 0x10, 0xC4, 0x10, 0xC4, 0x10, 0xC4, 0x10, 0xC4, 0x10, 0xC4, 0x10, 0xC4, 0x10, 0xC4, 0x10,
    0xC4, 0x10, 0xC4, 0x10, 0xC4, 0x10, 0xC4, 0x10, 0xC4, 0x10, 0xC4, 0x10, 0xC4, 0x10, 0xC4, 0x10,
    0xC4, 0x10, 0xC4, 0x10, 0xC4, 0x10, 0xC4, 0x10, 0xC4, 0x10, 0xC4, 0x10, 0xC4, 0x10, 0xC4, 0x10,
    0xC4, 0x10, 0xC4, 0x10, 0xB0, 0x6B, 0x94, 0x84, 0xC4, 0x10, 0xC4, 0x10, 0xC4, 0x10, 0xC4, 0x10,
    0xC4, 0x10, 0xC4, 0x10, 0xC4, 0x10, 0xC4, 0x10, 0xC4, 0x10, 0xC4, 0x10, 0xC4, 0x10, 0xC4, 0x10,
    0xC4, 0x10, 0xC4, 0x10, 0xC4, 0x10, 0xC4, 0x10, 0xC4, 0x10, 0xC4, 0x10, 0xC4, 0x10, 0xC4, 0x10,
    0xC4, 0x10, 0xC4, 0x10, 0xC4, 0x10, 0xC4, 0x10, 0xC4, 0x10, 0xC4, 0x10, 0xC4, 0x10, 0xC4, 0x10,
    0xC4, 0x10, 0xC4, 0x10, 0xC4, 0x10, 0xC4, 0x10, 0xC4, 0x10, 0xC4, 0x10, 0xC4, 0x10, 0xC4, 0x10,
    0xC4, 0x10, 0xC4, 0x10, 0xC4, 0x10, 0xC4, 0x10, 0xC4, 0x10, 0xC4, 0x10, 0xC4, 0x10, 0xC4, 0x10,
    0xC4, 0x10, 0xC4, 0x10, 0xC4, 0x10, 0xC4, 0x10, 0xC4, 0x10, 0xC4, 0x10, 0xC4, 0x10, 0xC4, 0x10,
    0xC4, 0x10, 0xC4, 0x10, 0xC4, 0x10, 0xC4, 0x10, 0xC4, 0x10, 0xC4, 0x10, 0xB0, 0x6B, 0x94, 0x84,
    0xC4, 0x10, 0xC4, 0x10, 0xC4, 0x10, 0xC4, 0x10, 0xC4, 0x10, 0xC4, 0x10, 0xC4, 0x10, 0xC4, 0x10,
    0xB0, 0x6B, 0x94, 0x84, 0xC4, 0x10, 0xC4, 0x10, 0xC4, 0x10, 0xC4, 0x10, 0xC4, 0x10, 0xC4, 0x10,
    0xC4, 0x10, 0xC4, 0x10, 0xC4, 0x10, 0xC4, 0x10, 0xC4, 0x10, 0xC4, 0x10, 0xC4, 0x10, 0xC4, 0x10,
    0xC4, 0x10, 0xC4, 0x10, 0xC4, 0x10, 0xC4, 0x10, 0xC4, 0x10, 0xC4, 0x10, 0xC4, 0x10, 0xC4, 0x10,
    0xC4, 0x10, 0xC4, 0x10, 0xC4, 0x10, 0xC4, 0x10, 0xC4, 0x10, 0xC4, 0x10, 0xC4, 0x10, 0xC4, 0x10,
    0xC4, 0x10, 0xC4, 0x10, 0xC4, 0x10, 0xC4, 0x10, 0xC4, 0x10, 0xC4, 0x10, 0xC4, 0x10, 0xC4, 0x10,
    0xB0, 0x6B, 0x94, 0x84, 0xC4, 0x10, 0xC4, 0x10, 0xC4, 0x10, 0xC4, 0x10, 0xC4, 0x10, 0xC4, 0x10,
    0xC4, 0x10, 0xC4, 0x10, 0xF1, 0x73, 0x53, 0x7C, 0xC4, 0x10, 0xC4, 0x10, 0xC4, 0x10, 0xC4, 0x10,
    0xC4, 0x10, 0xC4, 0x10, 0xC4, 0x10, 0xC4, 0x10, 0xC4, 0x10, 0xC4, 0x10, 0xC4, 0x10, 0xC4, 0x10,
    0xC4, 0x10, 0xC4, 0x10, 0xC4, 0x10, 0xC4, 0x10, 0xC4, 0x10, 0xC4, 0x10, 0xC4, 0x10, 0xC4, 0x10,
    0xC4, 0x10, 0xC4, 0x10, 0xC4, 0x10, 0xC4, 0x10, 0xC4, 0x10, 0xC4, 0x10, 0xC4, 0x10, 0xA8, 0x29,
    0xB8, 0xAD, 0x88, 0x29, 0xC4, 0x10, 0xC4, 0x10, 0xC4, 0x10, 0xC4, 0x10, 0xC4, 0x10, 0xC4, 0x10,
    0xC4, 0x10, 0xC4, 0x10, 0xC4, 0x10, 0xC4, 0x10, 0xC4, 0x10, 0xC4, 0x10, 0xC4, 0x10, 0xC4, 0x10,
    0xC4, 0x10, 0xC4, 0x10, 0xC4, 0x10, 0xC4, 0x10, 0xC4, 0x10, 0xC4, 0x10, 0xC4, 0x10, 0xC4, 0x10,
    0xC4, 0x10, 0xC4, 0x10, 0xC4, 0x10, 0xC4, 0x10, 0xB0, 0x6B, 0x94, 0x84, 0xC4, 0x10, 0xC4, 0x10,
    0xC4, 0x10, 0xC4, 0x10, 0xC4, 0x10, 0xC4, 0x10, 0xC4, 0x10, 0xC4, 0x10, 0xC4, 0x10, 0xC4, 0x10,
    0xC4, 0x10, 0xC4, 0x10, 0xC4, 0x10, 0xC4, 0x10, 0xC4, 0x10, 0xC4, 0x10, 0xC4, 0x10, 0xC4, 0x10,
    0xC4, 0x10, 0xC4, 0x10, 0xC4, 0x10, 0xC4, 0x10, 0xC4, 0x10, 0xC4, 0x10, 0xC4, 0x10, 0xC4, 0x10,
    0xC4, 0x10, 0xC4, 0x10, 0xC4, 0x10, 0xC4, 0x10, 0xC4, 0x10, 0xC4, 0x10, 0xC4, 0x10, 0xC4, 0x10,
    0xC4, 0x10, 0xC4, 0x10, 0xC4, 0x10, 0xC4, 0x10, 0xC4, 0x10, 0xC4, 0x10, 0xC4, 0x10, 0xC4, 0x10,
    0xC4, 0x10, 0xC4, 0x10, 0xC4, 0x10, 0xC4, 0x10, 0xC4, 0x10, 0xC4, 0x10, 0xC4, 0x10, 0xC4, 0x10,
    0xC4, 0x10, 0xC4, 0x10, 0xC4, 0x10, 0xC4, 0x10, 0xC4, 0x10, 0xC4, 0x10, 0xC4, 0x10, 0xC4, 0x10,
    0xC4, 0x10, 0xC4, 0x10, 0xC4, 0x10, 0xC4, 0x10, 0xC4, 0x10, 0xC4, 0x10, 0xC4, 0x10, 0xC4, 0x10,
    0xC4, 0x10, 0xC4, 0x10, 0xC4, 0x10, 0xC4, 0x10, 0xC4, 0x10, 0xC4, 0x10, 0xC4, 0x10, 0xC4, 0x10,
    0xC4, 0x10, 0xC4, 0x10, 0xC4, 0x10, 0xC4, 0x10, 0xC4, 0x10, 0xC4, 0x10, 0xC4, 0x10, 0xC4, 0x10,
    0xC4, 0x10, 0xC4, 0x10, 0xC4, 0x10, 0xC4, 0x10, 0xC4, 0x10, 0xC4, 0x10, 0xC4, 0x10, 0xC4, 0x10,
    0xC4, 0x10, 0xC4, 0x10, 0xC4, 0x10, 0xC4, 0x10, 0xC4, 0x10, 0xC4, 0x10, 0xC4, 0x10, 0xC4, 0x10,
    0xC4, 0x10, 0xC4, 0x10, 0xC4, 0x10, 0xC4, 0x10, 0xC4, 0x10, 0xC4, 0x10, 0xC4, 0x10, 0xC4, 0x10,
    0xC4, 0x10, 0xC4, 0x10, 0xC4, 0x10, 0xC4, 0x10, 0xC4, 0x10, 0xC4, 0x10, 0xC4, 0x10, 0xC4, 0x10,
    0xC4, 0x10, 0xC4, 0x10, 0xC4, 0x10, 0xC4, 0x10, 0xC4, 0x10, 0xC4, 0x10, 0xC4, 0x10, 0xC4, 0x10,
    0xC4, 0x10, 0xC4, 0x10, 0xC4, 0x10, 0xC4, 0x10, 0xC4, 0x10, 0xC4, 0x10, 0xC4, 0x10, 0xC4, 0x10,
    0xC4, 0x10, 0xC4, 0x10, 0xC4, 0x10, 0xC4, 0x10, 0xC4, 0x10, 0xC4, 0x10, 0xC4, 0x10, 0xC4, 0x10,
    0xC4, 0x10, 0xC4, 0x10, 0xC4, 0x10, 0xC4, 0x10, 0xC4, 0x10, 0xC4, 0x10, 0xC4, 0x10, 0xC4, 0x10,
    0xC4, 0x10, 0xC4, 0x10, 0xC4, 0x10, 0xC4, 0x10, 0xC4, 0x10, 0xC4, 0x10, 0xC4, 0x10, 0xC4, 0x10,
    0xC4, 0x10, 0xC4, 0x10, 0xC4, 0x10, 0xC4, 0x10, 0xC4, 0x10, 0xC4, 0x10, 0xC4, 0x10, 0xC4, 0x10,
    0xC4, 0x10, 0xC4, 0x10, 0xC4, 0x10, 0xC4, 0x10, 0xC4, 0x10, 0xC4, 0x10, 0xC4, 0x10, 0xC4, 0x10,
    0xC4, 0x10, 0xC4, 0x10, 0xC4, 0x10, 0xC4, 0x10, 0xC4, 0x10, 0xC4, 0x10, 0xC4, 0x10, 0xC4, 0x10,
    0xC4, 0x10, 0xC4, 0x10, 0xC4, 0x10, 0xC4, 0x10, 0xC4, 0x10, 0xC4, 0x10, 0xC4, 0x10, 0xC4, 0x10,
    0xC4, 0x10, 0xC4, 0x10, 0xC4, 0x10, 0xC4, 0x10, 0xC4, 0x10, 0xC4, 0x10, 0xC4, 0x10, 0xF1, 0x73,
    0x57, 0x9D, 0x2A, 0x3A, 0xE5, 0x18, 0x26, 0x19, 0x4B, 0x3A, 0x73, 0x84, 0xE5, 0x10, 0xC4, 0x10,
    0xC4, 0x10, 0xC4, 0x10, 0xC4, 0x10, 0xC4, 0x10, 0xC4, 0x10, 0xC4, 0x10, 0xC4, 0x10, 0xC4, 0x10,
    0xC4, 0x10, 0xC4, 0x10, 0xC4, 0x10, 0xC4, 0x10, 0xC4, 0x10, 0xC4, 0x10, 0xC4, 0x10, 0xC4, 0x10,
    0xC4, 0x10, 0xC4, 0x10, 0xC4, 0x10, 0xC4, 0x10, 0xC4, 0x10, 0xC4, 0x10, 0xC4, 0x10, 0xC4, 0x10,
    0xC4, 0x10, 0xC4, 0x10, 0xC4, 0x10, 0xC4, 0x10, 0xC4, 0x10, 0xC4, 0x10, 0xC4, 0x10, 0xC4, 0x10,
    0xC4, 0x10, 0xC4, 0x10, 0xC4, 0x10, 0xC4, 0x10, 0xC4, 0x10, 0xC4, 0x10, 0xC4, 0x10, 0xC4, 0x10,
    0xC4, 0x10, 0xC4, 0x10, 0xC4, 0x10, 0xC4, 0x10, 0xC4, 0x10, 0xC4, 0x10, 0xC4, 0x10, 0xB0, 0x6B,
    0x94, 0x84, 0xC4, 0x10, 0xC4, 0x10, 0xC4, 0x10, 0xC4, 0x10, 0xC4, 0x10, 0xC4, 0x10, 0xC4, 0x10,
    0xC4, 0x10, 0xC4, 0x10, 0xC4, 0x10, 0xC4, 0x10, 0xC4, 0x10, 0xC4, 0x10, 0xC4, 0x10, 0xC4, 0x10,
    0xC4, 0x10, 0xC4, 0x10, 0xC4, 0x10, 0xC4, 0x10, 0xC4, 0x10, 0xC4, 0x10, 0xC4, 0x10, 0xC4, 0x10,
    0xC4, 0x10, 0xC4, 0x10, 0xC4, 0x10, 0xC4, 0x10, 0xC4, 0x10, 0xC4, 0x10, 0xB0, 0x6B, 0x94, 0x84,
    0xC4, 0x10, 0xC4, 0x10, 0xC4, 0x10, 0xC4, 0x10, 0xC4, 0x10, 0xC4, 0x10, 0xC4, 0x10, 0xC4, 0x10,
    0xC4, 0x10, 0xC4, 0x10, 0xC4, 0x10, 0xC4, 0x10, 0xC4, 0x10, 0xC4, 0x10, 0xC4, 0x10, 0xC4, 0x10,
    0xC4, 0x10, 0xC4, 0x10, 0xC4, 0x10, 0xC4, 0x10, 0xC4, 0x10, 0xC4, 0x10, 0xC4, 0x10, 0xC4, 0x10,
    0xC4, 0x10, 0xC4, 0x10, 0xC4, 0x10, 0xC4, 0x10, 0xC4, 0x10, 0xC4, 0x10, 0xC4, 0x10, 0xC4, 0x10,
    0xC4, 0x10, 0xC4, 0x10, 0xC4, 0x10, 0xC4, 0x10, 0xC4, 0x10, 0xC4, 0x10, 0xC4, 0x10, 0xC4, 0x10,
    0xC4, 0x10, 0xC4, 0x10, 0xC4, 0x10, 0xC4, 0x10, 0xC4, 0x10, 0xC4, 0x10, 0xC4, 0x10, 0xC4, 0x10,
    0xC4, 0x10, 0xC4, 0x10, 0xC4, 0x10, 0xC4, 0x10, 0xC4, 0x10, 0xC4, 0x10, 0xC4, 0x10, 0xC4, 0x10,
    0xC4, 0x10, 0xC4, 0x10, 0xB0, 0x6B, 0x94, 0x84, 0xC4, 0x10, 0xC4, 0x10, 0xC4, 0x10, 0xD1, 0x6B,
    0x73, 0x84, 0xC4, 0x10, 0xC4, 0x10, 0xC4, 0x10, 0xB0, 0x6B, 0x94, 0x84, 0xC4, 0x10, 0xC4, 0x10,
    0xC4, 0x10, 0xC4, 0x10, 0xC4, 0x10, 0xC4, 0x10, 0xC4, 0x10, 0xC4, 0x10, 0xC4, 0x10, 0xC4, 0x10,
    0xC4, 0x10, 0xC4, 0x10, 0xC4, 0x10, 0xC4, 0x10, 0xC4, 0x10, 0xC4, 0x10, 0xC4, 0x10, 0xC4, 0x10,
    0xC4, 0x10, 0xC4, 0x10, 0xC4, 0x10, 0xC4, 0x10, 0xC4, 0x10, 0xC4, 0x10, 0xC4, 0x10, 0xC4, 0x10,
    0xC4, 0x10, 0xC4, 0x10, 0xC4, 0x10, 0xC4, 0x10, 0xC4, 0x10, 0xC4, 0x10, 0xC4, 0x10, 0xC4, 0x10,
    0xC4, 0x10, 0xC4, 0x10, 0xC4, 0x10, 0xC4, 0x10, 0xB0, 0x6B, 0x94, 0x84, 0xC4, 0x10, 0xC4, 0x10,
    0xD1, 0x6B, 0x73, 0x84, 0xC4, 0x10, 0xC4, 0x10, 0xC4, 0x10, 0xC4, 0x10, 0xF1, 0x73, 0x53, 0x7C,
    0xC4, 0x10, 0xC4, 0x10, 0xC4, 0x10, 0xC4, 0x10, 0xC4, 0x10, 0xC4, 0x10, 0xC4, 0x10, 0xC4, 0x10,
    0xC4, 0x10, 0xC4, 0x10, 0xC4, 0x10, 0xC4, 0x10, 0xC4, 0x10, 0xC4, 0x10, 0xC4, 0x10, 0xC4, 0x10,
    0xC4, 0x10, 0xC4, 0x10, 0xC4, 0x10, 0xC4, 0x10, 0xC4, 0x10, 0xC4, 0x10, 0xC4, 0x10, 0xC4, 0x10,
    0xC4, 0x10, 0xC4, 0x10, 0xC4, 0x10, 0xA8, 0x29, 0xB8, 0xAD, 0x88, 0x29, 0xC4, 0x10, 0xC4, 0x10,
    0xC4, 0x10, 0xC4, 0x10, 0xC4, 0x10, 0xC4, 0x10, 0xC4, 0x10, 0xC4, 0x10, 0xC4, 0x10, 0xC4, 0x10,
    0xC4, 0x10, 0xC4, 0x10, 0xC4, 0x10, 0xC4, 0x10, 0xC4, 0x10, 0xC4, 0x10, 0xC4, 0x10, 0xC4, 0x10,
    0xC4, 0x10, 0xC4, 0x10, 0xD1, 0x6B, 0x73, 0x84, 0xC4, 0x10, 0xC4, 0x10, 0xC4, 0x10, 0xC4, 0x10,
    0xB0, 0x6B, 0x94, 0x84, 0xC4, 0x10, 0xC4, 0x10, 0xC4, 0x10, 0xC4, 0x10, 0xC4, 0x10, 0xC4, 0x10,
    0xC4, 0x10, 0xC4, 0x10, 0xC4, 0x10, 0xC4, 0x10, 0xC4, 0x10, 0xC4, 0x10, 0xC4, 0x10, 0xC4, 0x10,
    0xC4, 0x10, 0xC4, 0x10, 0xC4, 0x10, 0xC4, 0x10, 0xC4, 0x10, 0xC4, 0x10, 0xC4, 0x10, 0xC4, 0x10,
    0xC4, 0x10, 0xC4, 0x10, 0xC4, 0x10, 0xC4, 0x10, 0xC4, 0x10, 0xC4, 0x10, 0xC4, 0x10, 0xC4, 0x10,
    0xC4, 0x10, 0xC4, 0x10, 0xC4, 0x10, 0xC4, 0x10, 0xC4, 0x10, 0xC4, 0x10, 0xC4, 0x10, 0xC4, 0x10,
    0xC4, 0x10, 0xC4, 0x10, 0xC4, 0x10, 0xC4, 0x10, 0xC4, 0x10, 0xC4, 0x10, 0xC4, 0x10, 0xC4, 0x10,
    0xC4, 0x10, 0xC4, 0x10, 0xC4, 0x10, 0xC4, 0x10, 0xC4, 0x10, 0xC4, 0x10, 0xC4, 0x10, 0xC4, 0x10,
    0xC4, 0x10, 0xC4, 0x10, 0xC4, 0x10, 0xC4, 0x10, 0xC4, 0x10, 0xC4, 0x10, 0xC4, 0x10, 0xC4, 0x10,
    0xC4, 0x10, 0xC4, 0x10, 0xC4, 0x10, 0xC4, 0x10, 0xC4, 0x10, 0xC4, 0x10, 0xC4, 0x10, 0xC4, 0x10,
    0xC4, 0x10, 0xC4, 0x10, 0xC4, 0x10, 0xC4, 0x10, 0xC4, 0x10, 0xC4, 0x10, 0xC4, 0x10, 0xC4, 0x10,
    0xC4, 0x10, 0xC4, 0x10, 0xC4, 0x10, 0xC4, 0x10, 0xC4, 0x10, 0xC4, 0x10, 0xC4, 0x10, 0xC4, 0x10,
    0xC4, 0x10, 0xC4, 0x10, 0xC4, 0x10, 0xC4, 0x10, 0xC4, 0x10, 0xC4, 0x10, 0xC4, 0x10, 0xC4, 0x10,
    0xC4, 0x10, 0xC4, 0x10, 0xC4, 0x10, 0xC4, 0x10, 0xC4, 0x10, 0xC4, 0x10, 0xC4, 0x10, 0xC4, 0x10,
    0xC4, 0x10, 0xC4, 0x10, 0xC4, 0x10, 0xC4, 0x10, 0xC4, 0x10, 0xC4, 0x10, 0xC4, 0x10, 0xC4, 0x10,
    0xC4, 0x10, 0xC4, 0x10, 0xC4, 0x10, 0xC4, 0x10, 0xC4, 0x10, 0xC4, 0x10, 0xC4, 0x10, 0xC4, 0x10,
    0xC4, 0x10, 0xC4, 0x10, 0xC4, 0x10, 0xC4, 0x10, 0xC4, 0x10, 0xC4, 0x10, 0xC4, 0x10, 0xC4, 0x10,
    0xC4, 0x10, 0xC4, 0x10, 0xC4, 0x10, 0xC4, 0x10, 0xC4, 0x10, 0xC4, 0x10, 0xC4, 0x10, 0xC4, 0x10,
    0xC4, 0x10, 0xC4, 0x10, 0xC4, 0x10, 0xC4, 0x10, 0xC4, 0x10, 0xC4, 0x10, 0xC4, 0x10, 0xC4, 0x10,
    0xC4, 0x10, 0xC4, 0x10, 0xC4, 0x10, 0xC4, 0x10, 0xC4, 0x10, 0xC4, 0x10, 0xC4, 0x10, 0xC4, 0x10,
    0xC4, 0x10, 0xC4, 0x10, 0xC4, 0x10, 0xC4, 0x10, 0xC4, 0x10, 0xC4, 0x10, 0xC4, 0x10, 0xC4, 0x10,
    0xC4, 0x10, 0xC4, 0x10, 0xC4, 0x10, 0xC4, 0x10, 0xC4, 0x10, 0xC4, 0x10, 0xC4, 0x10, 0xC4, 0x10,
    0xC4, 0x10, 0xC4, 0x10, 0xC4, 0x10, 0xC4, 0x10, 0xC4, 0x10, 0xD1, 0x6B, 0x73, 0x84, 0xC4, 0x10,
    0xC4, 0x10, 0xC4, 0x10, 0xC4, 0x10, 0xC4, 0x10, 0xC4, 0x10, 0xC4, 0x10, 0xC4, 0x10, 0xC4, 0x10,
    0xC4, 0x10, 0xC4, 0x10, 0xC4, 0x10, 0xC4, 0x10, 0xC4, 0x10, 0xC4, 0x10, 0xC4, 0x10, 0xC4, 0x10,
    0xC4, 0x10, 0xC4, 0x10, 0xC4, 0x10, 0x98, 0xA5, 0x6F, 0x63, 0xC4, 0x10, 0xC4, 0x10, 0xC4, 0x10,
    0xC4, 0x10, 0xC4, 0x10, 0xC4, 0x10, 0xC4, 0x10, 0xC4, 0x10, 0xC4, 0x10, 0xC4, 0x10, 0xC4, 0x10,
    0xC4, 0x10, 0xC4, 0x10, 0xC4, 0x10, 0xC4, 0x10, 0xC4, 0x10, 0xC4, 0x10, 0xC4, 0x10, 0xC4, 0x10,
    0xC4, 0x10, 0xC4, 0x10, 0xC4, 0x10, 0xC4, 0x10, 0xC4, 0x10, 0xC4, 0x10, 0xC4, 0x10, 0xC4, 0x10,
    0xC4, 0x10, 0xC4, 0x10, 0xC4, 0x10, 0xC4, 0x10, 0xC4, 0x10, 0xC4, 0x10, 0xC4, 0x10, 0xC4, 0x10,
    0xC4, 0x10, 0xC4, 0x10, 0xC4, 0x10, 0xC4, 0x10, 0xC4, 0x10, 0xC4, 0x10, 0xC4, 0x10, 0xC4, 0x10,
    0xC4, 0x10, 0xC4, 0x10, 0xC4, 0x10, 0xC4, 0x10, 0xC4, 0x10, 0xC4, 0x10, 0xC4, 0x10, 0xC4, 0x10,
    0xC4, 0x10, 0xC4, 0x10, 0xC4, 0x10, 0xB0, 0x6B, 0x94, 0x84, 0xC4, 0x10, 0xC4, 0x10, 0xC4, 0x10,
    0xC4, 0x10, 0xC4, 0x10, 0xC4, 0x10, 0xC4, 0x10, 0xC4, 0x10, 0xC4, 0x10, 0xC4, 0x10, 0xC4, 0x10,
    0xC4, 0x10, 0xC4, 0x10, 0xC4, 0x10, 0xC4, 0x10, 0xC4, 0x10, 0xC4, 0x10, 0xC4, 0x10, 0xC4, 0x10,
    0xC4, 0x10, 0xC4, 0x10, 0xC4, 0x10, 0xC4, 0x10, 0xC4, 0x10, 0xC4, 0x10, 0xC4, 0x10, 0xC4, 0x10,
    0xC4, 0x10, 0xC4, 0x10, 0xB0, 0x6B, 0x94, 0x84, 0xC4, 0x10, 0xC4, 0x10, 0xC4, 0x10, 0xC4, 0x10,
    0xC4, 0x10, 0xC4, 0x10, 0xC4, 0x10, 0xC4, 0x10, 0xC4, 0x10, 0xC4, 0x10, 0xC4, 0x10, 0xC4, 0x10,
    0xC4, 0x10, 0xC4, 0x10, 0xC4, 0x10, 0xC4, 0x10, 0xC4, 0x10, 0xC4, 0x10, 0xC4, 0x10, 0xC4, 0x10,
    0xC4, 0x10, 0xC4, 0x10, 0xC4, 0x10, 0xC4, 0x10, 0xC4, 0x10, 0xC4, 0x10, 0xC4, 0x10, 0xC4, 0x10,
    0xC4, 0x10, 0xC4, 0x10, 0xC4, 0x10, 0xC4, 0x10, 0xC4, 0x10, 0xC4, 0x10, 0xC4, 0x10, 0xC4, 0x10,
    0xC4, 0x10, 0xC4, 0x10, 0xC4, 0x10, 0xC4, 0x10, 0xC4, 0x10, 0xC4, 0x10, 0xC4, 0x10, 0xC4, 0x10,
    0xC4, 0x10, 0xC4, 0x10, 0xC4, 0x10, 0xC4, 0x10, 0xC4, 0x10, 0xC4, 0x10, 0xC4, 0x10, 0xC4, 0x10,
    0xC4, 0x10, 0xC4, 0x10, 0xC4, 0x10, 0xC4, 0x10, 0xC4, 0x10, 0xC4, 0x10, 0xC4, 0x10, 0xC4, 0x10,
    0xC4, 0x10, 0xC4, 0x10, 0xC4, 0x10, 0xD1, 0x6B, 0x73, 0x84, 0xC4, 0x10, 0xC4, 0x10, 0xC4, 0x10,
    0xC4, 0x10, 0xC4, 0x10, 0xC4, 0x10, 0xC4, 0x10, 0xC4, 0x10, 0xC4, 0x10, 0xC4, 0x10, 0xC4, 0x10,
    0xC4, 0x10, 0xC4, 0x10, 0xC4, 0x10, 0xC4, 0x10, 0xC4, 0x10, 0xC4, 0x10, 0xC4, 0x10, 0xC4, 0x10,
    0xC4, 0x10, 0xC4, 0x10, 0xC4, 0x10, 0xC4, 0x10, 0xC4, 0x10, 0xC4, 0x10, 0xC4, 0x10, 0xC4, 0x10,
    0xC4, 0x10, 0xC4, 0x10, 0xC4, 0x10, 0xC4, 0x10, 0xC4, 0x10, 0xC4, 0x10, 0xC4, 0x10, 0xC4, 0x10,
    0xC4, 0x10, 0xC4, 0x10, 0xC4, 0x10, 0xC4, 0x10, 0xC4, 0x10, 0xC4, 0x10, 0xC4, 0x10, 0xC4, 0x10,
    0xC4, 0x10, 0xC4, 0x10, 0xC4, 0x10, 0xC4, 0x10, 0xD1, 0x6B, 0x73, 0x84, 0xC4, 0x10, 0xC4, 0x10,
    0xC4, 0x10, 0xC4, 0x10, 0xF1, 0x73, 0x53, 0x7C, 0xC4, 0x10, 0xC4, 0x10, 0xC4, 0x10, 0xC4, 0x10,
    0xC4, 0x10, 0xC4, 0x10, 0xC4, 0x10, 0xC4, 0x10, 0xC4, 0x10, 0xC4, 0x10, 0xC4, 0x10, 0xC4, 0x10,
    0xC4, 0x10, 0xC4, 0x10, 0xC4, 0x10, 0xC4, 0x10, 0xC4, 0x10, 0xC4, 0x10, 0xC4, 0x10, 0xC4, 0x10,
    0xC4, 0x10, 0xC4, 0x10, 0xC4, 0x10, 0xC4, 0x10, 0xC4, 0x10, 0xC4, 0x10, 0xC4, 0x10, 0xA8, 0x29,
    0xB8, 0xAD, 0x88, 0x29, 0xC4, 0x10, 0xC4, 0x10, 0xC4, 0x10, 0xC4, 0x10, 0xC4, 0x10, 0xC4, 0x10,
    0xC4, 0x10, 0xC4, 0x10, 0xC4, 0x10, 0xC4, 0x10, 0xC4, 0x10, 0xC4, 0x10, 0xC4, 0x10, 0xC4, 0x10,
    0xC4, 0x10, 0xC4, 0x10, 0xC4, 0x10, 0xC4, 0x10, 0xC4, 0x10, 0xC4, 0x10, 0xD1, 0x6B, 0x73, 0x84,
    0xC4, 0x10, 0xC4, 0x10, 0xC4, 0x10, 0xC4, 0x10, 0xC4, 0x10, 0xC4, 0x10, 0xC4, 0x10, 0xC4, 0x10,
    0xC4, 0x10, 0xC4, 0x10, 0xC4, 0x10, 0xC4, 0x10, 0xC4, 0x10, 0xC4, 0x10, 0xC4, 0x10, 0xC4, 0x10,
    0xC4, 0x10, 0xC4, 0x10, 0xC4, 0x10, 0xC4, 0x10, 0xC4, 0x10, 0xC4, 0x10, 0xC4, 0x10, 0xC4, 0x10,
    0xC4, 0x10, 0xC4, 0x10, 0xC4, 0x10, 0xC4, 0x10, 0xC4, 0x10, 0xC4, 0x10, 0xC4, 0x10, 0xC4, 0x10,
    0xC4, 0x10, 0xC4, 0x10, 0xC4, 0x10, 0xC4, 0x10, 0xC4, 0x10, 0xC4, 0x10, 0xC4, 0x10, 0xC4, 0x10,
    0xC4, 0x10, 0xC4, 0x10, 0xC4, 0x10, 0xC4, 0x10, 0xC4, 0x10, 0xC4, 0x10, 0xC4, 0x10, 0xC4, 0x10,
    0xC4, 0x10, 0xC4, 0x10, 0xC4, 0x10, 0xC4, 0x10, 0xC4, 0x10, 0xC4, 0x10, 0xC4, 0x10, 0xC4, 0x10,
    0xC4, 0x10, 0xC4, 0x10, 0xC4, 0x10, 0xC4, 0x10, 0xC4, 0x10, 0xC4, 0x10, 0xC4, 0x10, 0xC4, 0x10,
    0xC4, 0x10, 0xC4, 0x10, 0xC4, 0x10, 0xC4, 0x10, 0xC4, 0x10, 0xC4, 0x10, 0xC4, 0x10, 0xC4, 0x10,
    0xC4, 0x10, 0xC4, 0x10, 0xC4, 0x10, 0xC4, 0x10, 0xC4, 0x10, 0xC4, 0x10, 0xC4, 0x10, 0xC4, 0x10,
    0xC4, 0x10, 0xC4, 0x10, 0xC4, 0x10, 0xC4, 0x10, 0xC4, 0x10, 0xC4, 0x10, 0xC4, 0x10, 0xC4, 0x10,
    0xC4, 0x10, 0xC4, 0x10, 0xC4, 0x10, 0xC4, 0x10, 0xC4, 0x10, 0xC4, 0x10, 0xC4, 0x10, 0xC4, 0x10,
    0xC4, 0x10, 0xC4, 0x10, 0xC4, 0x10, 0xC4, 0x10, 0xC4, 0x10, 0xC4, 0x10, 0xC4, 0x10, 0xC4, 0x10,
    0xC4, 0x10, 0xC4, 0x10, 0xC4, 0x10, 0xC4, 0x10, 0xC4, 0x10, 0xC4, 0x10, 0xC4, 0x10, 0xC4, 0x10,
    0xC4, 0x10, 0xC4, 0x10, 0xC4, 0x10, 0xC4, 0x10, 0xC4, 0x10, 0xC4, 0x10, 0xC4, 0x10, 0xC4, 0x10,
    0xC4, 0x10, 0xC4, 0x10, 0xC4, 0x10, 0xC4, 0x10, 0xC4, 0x10, 0xC4, 0x10, 0xC4, 0x10, 0xC4, 0x10,
    0xC4, 0x10, 0xC4, 0x10, 0xC4, 0x10, 0xC4, 0x10, 0xC4, 0x10, 0xC4, 0x10, 0xC4, 0x10, 0xC4, 0x10,
    0xC4, 0x10, 0xC4, 0x10, 0xC4, 0x10, 0xC4, 0x10, 0xC4, 0x10, 0xC4, 0x10, 0xC4, 0x10, 0xC4, 0x10,
    0xC4, 0x10, 0xC4, 0x10, 0xC4, 0x10, 0xC4, 0x10, 0xC4, 0x10, 0xC4, 0x10, 0xC4, 0x10, 0xC4, 0x10,
    0xC4, 0x10, 0xC4, 0x10, 0xC4, 0x10, 0xC4, 0x10, 0xC4, 0x10, 0xC4, 0x10, 0xC4, 0x10, 0xC4, 0x10,
    0xC4, 0x10, 0xC4, 0x10, 0xC4, 0x10, 0xC4, 0x10, 0xC4, 0x10, 0xC4, 0x10, 0xC4, 0x10, 0xC4, 0x10,
    0xC4, 0x10, 0xC4, 0x10, 0xC4, 0x10, 0xC4, 0x10, 0xC4, 0x10, 0xC4, 0x10, 0xC4, 0x10, 0xC4, 0x10,
    0xC4, 0x10, 0xD1, 0x6B, 0x73, 0x84, 0xC4, 0x10, 0xC4, 0x10, 0xC4, 0x10, 0xC4, 0x10, 0xC4, 0x10,
    0xC4, 0x10, 0xC4, 0x10, 0xC4, 0x10, 0xC4, 0x10, 0xC4, 0x10, 0xC4, 0x10, 0xC4, 0x10, 0xC4, 0x10,
    0xC4, 0x10, 0xC4, 0x10, 0xC4, 0x10, 0xC4, 0x10, 0xC4, 0x10, 0xC4, 0x10, 0xC4, 0x10, 0x16, 0x95,
    0x94, 0x84, 0x06, 0x19, 0xC4, 0x10, 0xC4, 0x10, 0xC4, 0x10, 0xC4, 0x10, 0xC4, 0x10, 0xC4, 0x10,
    0xC4, 0x10, 0x6B, 0x42, 0xB4, 0x8C, 0x98, 0xA5, 0x57, 0x9D, 0xB0, 0x6B, 0xE5, 0x10, 0xC4, 0x10,
    0xC4, 0x10, 0xC4, 0x10, 0xC4, 0x10, 0x6B, 0x42, 0xB4, 0x8C, 0x98, 0xA5, 0x36, 0x9D, 0x4F, 0x63,
    0xE5, 0x10, 0xC4, 0x10, 0x53, 0x7C, 0xD1, 0x73, 0xC4, 0x10, 0xC4, 0x10, 0xC4, 0x10, 0xC9, 0x31,
    0xB8, 0xAD, 0x67, 0x21, 0xC4, 0x10, 0xF1, 0x73, 0x73, 0x84, 0x4F, 0x63, 0x36, 0x9D, 0xB8, 0xAD,
    0x88, 0x29, 0xC4, 0x10, 0x6B, 0x42, 0xB4, 0x8C, 0x98, 0xA5, 0x57, 0x9D, 0xB0, 0x6B, 0xE5, 0x10,
    0xC4, 0x10, 0xC4, 0x10, 0xC4, 0x10, 0xC4, 0x10, 0xC4, 0x10, 0xC4, 0x10, 0xC4, 0x10, 0xB0, 0x6B,
    0x94, 0x84, 0xC4, 0x10, 0xC4, 0x10, 0xC5, 0x10, 0xED, 0x52, 0x16, 0x95, 0x98, 0xA5, 0x36, 0x9D,
    0x6F, 0x63, 0xE5, 0x10, 0xC4, 0x10, 0xC4, 0x10, 0xC4, 0x10, 0x6B, 0x42, 0xB4, 0x8C, 0x98, 0xA5,
    0x36, 0x9D, 0x4F, 0x63, 0xE5, 0x10, 0xC4, 0x10, 0xC4, 0x10, 0x2E, 0x5B, 0xB8, 0xAD, 0xB8, 0xAD,
    0x98, 0xA5, 0xD5, 0x8C, 0xCD, 0x4A, 0xC4, 0x10, 0xC4, 0x10, 0xC4, 0x10, 0xB0, 0x6B, 0x94, 0x84,
    0xC4, 0x10, 0xC4, 0x10, 0xC4, 0x10, 0xC4, 0x10, 0xC4, 0x10, 0xC4, 0x10, 0xC4, 0x10, 0xF1, 0x73,
    0x73, 0x84, 0x4F, 0x63, 0x36, 0x9D, 0xB8, 0xAD, 0x88, 0x29, 0xC4, 0x10, 0x6B, 0x42, 0xB4, 0x8C,
    0x98, 0xA5, 0x57, 0x9D, 0xB0, 0x6B, 0xE5, 0x10, 0xC4, 0x10, 0xC4, 0x10, 0xC4, 0x10, 0x6B, 0x42,
    0xB4, 0x8C, 0x98, 0xA5, 0x36, 0x9D, 0x4F, 0x63, 0xE5, 0x10, 0xC4, 0x10, 0xC5, 0x10, 0xED, 0x52,
    0x16, 0x95, 0x98, 0xA5, 0x36, 0x9D, 0x6F, 0x63, 0xE5, 0x10, 0xC4, 0x10, 0xC4, 0x10, 0xC5, 0x10,
    0x4F, 0x63, 0x57, 0x9D, 0x98, 0xA5, 0xB4, 0x8C, 0xCD, 0x52, 0xB8, 0xAD, 0x88, 0x29, 0xC4, 0x10,
    0xC4, 0x10, 0xF1, 0x73, 0x73, 0x84, 0x4F, 0x5B, 0xF6, 0x94, 0x98, 0xA5, 0xB4, 0x8C, 0xC9, 0x31,
    0xC4, 0x10, 0xC4, 0x10, 0xB0, 0x6B, 0x94, 0x84, 0xC4, 0x10, 0xC4, 0x10, 0xB0, 0x6B, 0xB8, 0xAD,
    0xB8, 0xAD, 0xB8, 0xAD, 0xB8, 0xAD, 0x4F, 0x63, 0xB0, 0x6B, 0x94, 0x84, 0xC4, 0x10, 0xC4, 0x10,
    0xC4, 0x10, 0xC5, 0x10, 0xED, 0x52, 0x16, 0x95, 0x98, 0xA5, 0x36, 0x9D, 0x6F, 0x63, 0xE5, 0x10,
    0xC4, 0x10, 0xC4, 0x10, 0xF1, 0x73, 0x73, 0x84, 0x4F, 0x5B, 0xF6, 0x94, 0x98, 0xA5, 0xB4, 0x8C,
    0xC9, 0x31, 0xC4, 0x10, 0xC4, 0x10, 0xC4, 0x10, 0xC4, 0x10, 0xC4, 0x10, 0xC4, 0x10, 0xE9, 0x31,
    0xB8, 0xAD, 0x47, 0x21, 0xC4, 0x10, 0xC4, 0x10, 0xB4, 0x8C, 0xB8, 0xA5, 0x06, 0x19, 0xC4, 0x10,
    0xC4, 0x10, 0xF5, 0x94, 0x4F, 0x5B, 0xC4, 0x10, 0xB0, 0x6B, 0x94, 0x84, 0xC4, 0x10, 0xB0, 0x6B,
    0xB8, 0xAD, 0xB8, 0xAD, 0xB8, 0xAD, 0xB8, 0xAD, 0x4F, 0x63, 0xC4, 0x10, 0xF1, 0x73, 0x73, 0x84,
    0x4F, 0x5B, 0xF6, 0x94, 0x98, 0xA5, 0xB4, 0x8C, 0xC9, 0x31, 0xC4, 0x10, 0xC4, 0x10, 0xC4, 0x10,
    0xC4, 0x10, 0xC4, 0x10, 0xC4, 0x10, 0xC4, 0x10, 0xC4, 0x10, 0x2E, 0x5B, 0xB8, 0xAD, 0xB8, 0xAD,
    0x98, 0xA5, 0xD5, 0x8C, 0xCD, 0x4A, 0xC4, 0x10, 0xC4, 0x10, 0xC4, 0x10, 0xC5, 0x10, 0x2E, 0x5B,
    0x37, 0x9D, 0x98, 0xA5, 0xB4, 0x8C, 0xCD, 0x52, 0xB8, 0xAD, 0x88, 0x29, 0xC4, 0x10, 0x2E, 0x5B,
    0xB8, 0xAD, 0xB8, 0xAD, 0x98, 0xA5, 0xD5, 0x8C, 0xCD, 0x4A, 0xC4, 0x10, 0xC4, 0x10, 0xC4, 0x10,
    0xF1, 0x73, 0x73, 0x84, 0x6F, 0x63, 0x16, 0x95, 0x98, 0xA5, 0x94, 0x84, 0xA8, 0x29, 0xC4, 0x10,
    0xC4, 0x10, 0xB0, 0x6B, 0xB8, 0xAD, 0xB8, 0xAD, 0xB8, 0xAD, 0xB8, 0xAD, 0x4F, 0x63, 0xC4, 0x10,
    0xB0, 0x6B, 0x94, 0x84, 0xC4, 0x10, 0x8C, 0x4A, 0x98, 0xA5, 0x26, 0x19, 0xC4, 0x10, 0xC4, 0x10,
    0xC4, 0x10, 0xA8, 0x29, 0xB8, 0xAD, 0xE9, 0x31, 0xC4, 0x10, 0xC4, 0x10, 0x6B, 0x42, 0xB4, 0x8C,
    0x98, 0xA5, 0x57, 0x9D, 0xB0, 0x6B, 0xE5, 0x10, 0xC4, 0x10, 0xC4, 0x10, 0xC4, 0x10, 0xC4, 0x10,
    0xC4, 0x10, 0xC4, 0x10, 0xC4, 0x10, 0xF1, 0x73, 0x73, 0x84, 0x6F, 0x63, 0x16, 0x95, 0x98, 0xA5,
    0x94, 0x84, 0xA8, 0x29, 0xC4, 0x10, 0xC4, 0x10, 0xC5, 0x10, 0xED, 0x52, 0x16, 0x95, 0x98, 0xA5,
    0x36, 0x9D, 0x6F, 0x63, 0xE5, 0x10, 0xC4, 0x10, 0xC4, 0x10, 0xE9, 0x31, 0xB8, 0xAD, 0x47, 0x21,
    0xC4, 0x10, 0xC4, 0x10, 0xB4, 0x8C, 0xB8, 0xA5, 0x06, 0x19, 0xC4, 0x10, 0xC4, 0x10, 0xF5, 0x94,
    0x4F, 0x5B, 0xC4, 0x10, 0xC4, 0x10, 0x6B, 0x42, 0xB4, 0x8C, 0x98, 0xA5, 0x57, 0x9D, 0xB0, 0x6B,
    0xE5, 0x10, 0xC4, 0x10, 0xC4, 0x10, 0xF1, 0x73, 0x73, 0x84, 0x4F, 0x63, 0x36, 0x9D, 0xB8, 0xAD,
    0x88, 0x29, 0xC4, 0x10, 0xC4, 0x10, 0xC4, 0x10, 0xC4, 0x10, 0xC4, 0x10, 0xF1, 0x73, 0x73, 0x84,
    0x90, 0x63, 0x16, 0x95, 0x98, 0xA5, 0xB4, 0x8C, 0xA8, 0x29, 0x8B, 0x42, 0xF5, 0x94, 0x98, 0xA5,
    0xF5, 0x94, 0x2A, 0x3A, 0xC4, 0x10, 0xC4, 0x10, 0xC4, 0x10, 0x2E, 0x5B, 0xB8, 0xAD, 0xB8, 0xAD,
    0x98, 0xA5, 0xD5, 0x8C, 0xCD, 0x4A, 0xC4, 0x10, 0xC4, 0x10, 0xC4, 0x10, 0xF1, 0x73, 0x73, 0x84,
    0x4F, 0x5B, 0xF6, 0x94, 0x98, 0xA5, 0xB4, 0x8C, 0xC9, 0x31, 0xC4, 0x10, 0xC4, 0x10, 0x2E, 0x5B,
    0xB8, 0xAD, 0xB8, 0xAD, 0x98, 0xA5, 0xD5, 0x8C, 0xCD, 0x4A, 0xC4, 0x10, 0xC4, 0x10, 0xC4, 0x10,
    0xC4, 0x10, 0xC5, 0x10, 0x4F, 0x63, 0x57, 0x9D, 0x98, 0xA5, 0xB4, 0x8C, 0xCD, 0x52, 0xB8, 0xAD,
    0x88, 0x29, 0xC4, 0x10, 0xC4, 0x10, 0x6B, 0x42, 0xB4, 0x8C, 0x98, 0xA5, 0x57, 0x9D, 0xB0, 0x6B,
    0xE5, 0x10, 0xC4, 0x10, 0xC4, 0x10, 0xF1, 0x73, 0x73, 0x84, 0x90, 0x63, 0x16, 0x95, 0x98, 0xA5,
    0xB4, 0x8C, 0xA8, 0x29, 0x8B, 0x42, 0xF5, 0x94, 0x98, 0xA5, 0xF5, 0x94, 0x2A, 0x3A, 0xC4, 0x10,
    0xC4, 0x10, 0xC4, 0x10, 0xC4, 0x10, 0x6B, 0x42, 0xB4, 0x8C, 0x98, 0xA5, 0x57, 0x9D, 0xB0, 0x6B,
    0xE5, 0x10, 0xC4, 0x10, 0xC4, 0x10, 0xF1, 0x73, 0x73, 0x84, 0x4F, 0x5B, 0xF6, 0x94, 0x98, 0xA5,
    0xB4, 0x8C, 0xC9, 0x31, 0xC4, 0x10, 0xC4, 0x10, 0xB0, 0x6B, 0xB8, 0xAD, 0xB8, 0xAD, 0xB8, 0xAD,
    0xB8, 0xAD, 0x4F, 0x63, 0xC4, 0x10, 0xC4, 0x10, 0xC4, 0x10, 0xC4, 0x10, 0xC4, 0x10, 0xC4, 0x10,
    0xC4, 0x10, 0xC4, 0x10, 0xC4, 0x10, 0xC4, 0x10, 0xC4, 0x10, 0xC4, 0x10, 0xC4, 0x10, 0xC4, 0x10,
    0xC4, 0x10, 0xC4, 0x10, 0xC4, 0x10, 0x0A, 0x3A, 0x57, 0x9D, 0x98, 0xA5, 0x94, 0x84, 0x6F, 0x63,
    0xE9, 0x31, 0xC4, 0x10, 0xC4, 0x10, 0xC4, 0x10, 0xAC, 0x4A, 0xB8, 0xAD, 0x0E, 0x5B, 0x26, 0x19,
    0x88, 0x29, 0xD5, 0x8C, 0xD1, 0x73, 0xC4, 0x10, 0xC4, 0x10, 0xC4, 0x10, 0xCD, 0x4A, 0xB8, 0xA5,
    0xED, 0x52, 0x26, 0x19, 0x47, 0x21, 0x2E, 0x5B, 0x2A, 0x3A, 0xC4, 0x10, 0x53, 0x7C, 0xD1, 0x73,
    0xC4, 0x10, 0xC4, 0x10, 0xC4, 0x10, 0xC9, 0x31, 0xB8, 0xAD, 0x67, 0x21, 0xC4, 0x10, 0xF1, 0x73,
    0xB8, 0xAD, 0xD1, 0x6B, 0x46, 0x21, 0xC4, 0x10, 0xC4, 0x10, 0xAC, 0x4A, 0xB8, 0xAD, 0x0E, 0x5B,
    0x26, 0x19, 0x88, 0x29, 0xD5, 0x8C, 0xD1, 0x73, 0xC4, 0x10, 0xC4, 0x10, 0xC4, 0x10, 0xC4, 0x10,
    0xC4, 0x10, 0xC4, 0x10, 0xC4, 0x10, 0xB0, 0x6B, 0x94, 0x84, 0xC4, 0x10, 0xC4, 0x10, 0xED, 0x52,
    0x98, 0xA5, 0x6B, 0x42, 0x05, 0x19, 0x09, 0x32, 0x36, 0x9D, 0xD1, 0x6B, 0xC4, 0x10, 0xC4, 0x10,
    0xCD, 0x4A, 0xB8, 0xA5, 0xED, 0x52, 0x26, 0x19, 0x47, 0x21, 0x2E, 0x5B, 0x2A, 0x3A, 0xC4, 0x10,
    0xC4, 0x10, 0xC4, 0x10, 0xC4, 0x10, 0xC4, 0x10, 0xE5, 0x18, 0x4B, 0x3A, 0x77, 0xA5, 0x6B, 0x42,
    0xC4, 0x10, 0xC4, 0x10, 0xB0, 0x6B, 0x94, 0x84, 0xC4, 0x10, 0xC4, 0x10, 0xC4, 0x10, 0xC4, 0x10,
    0xC4, 0x10, 0xC4, 0x10, 0xC4, 0x10, 0xF1, 0x73, 0xB8, 0xAD, 0xD1, 0x6B, 0x46, 0x21, 0xC4, 0x10,
    0xC4, 0x10, 0xAC, 0x4A, 0xB8, 0xAD, 0x0E, 0x5B, 0x26, 0x19, 0x88, 0x29, 0xD5, 0x8C, 0xD1, 0x73,
    0xC4, 0x10, 0xC4, 0x10, 0xCD, 0x4A, 0xB8, 0xA5, 0xED, 0x52, 0x26, 0x19, 0x47, 0x21, 0x2E, 0x5B,
    0x2A, 0x3A, 0xC4, 0x10, 0xED, 0x52, 0x98, 0xA5, 0x6B, 0x42, 0x05, 0x19, 0x09, 0x32, 0x36, 0x9D,
    0xD1, 0x6B, 0xC4, 0x10, 0xC4, 0x10, 0x0E, 0x5B, 0x77, 0xA5, 0x2A, 0x3A, 0x05, 0x19, 0x2A, 0x3A,
    0x57, 0x9D, 0xB8, 0xAD, 0x88, 0x29, 0xC4, 0x10, 0xC4, 0x10, 0xF1, 0x73, 0xB8, 0xAD, 0x90, 0x6B,
    0x26, 0x19, 0x26, 0x19, 0x12, 0x74, 0x36, 0x9D, 0xC5, 0x10, 0xC4, 0x10, 0xB0, 0x6B, 0x94, 0x84,
    0xC4, 0x10, 0xC4, 0x10, 0xC4, 0x10, 0xD1, 0x6B, 0x73, 0x84, 0xC4, 0x10, 0xC4, 0x10, 0xC4, 0x10,
    0xB0, 0x6B, 0x94, 0x84, 0xC4, 0x10, 0xC4, 0x10, 0xC4, 0x10, 0xED, 0x52, 0x98, 0xA5, 0x6B, 0x42,
    0x05, 0x19, 0x09, 0x32, 0x36, 0x9D, 0xD1, 0x6B, 0xC4, 0x10, 0xC4, 0x10, 0xF1, 0x73, 0xB8, 0xAD,
    0x90, 0x6B, 0x26, 0x19, 0x26, 0x19, 0x12, 0x74, 0x36, 0x9D, 0xC5, 0x10, 0xC4, 0x10, 0xC4, 0x10,
    0xC4, 0x10, 0xC4, 0x10, 0xC4, 0x10, 0xC5, 0x10, 0x77, 0xA5, 0xAC, 0x4A, 0xC4, 0x10, 0x06, 0x19,
    0xB8, 0xAD, 0x57, 0x9D, 0x4B, 0x42, 0xC4, 0x10, 0x47, 0x21, 0xB8, 0xAD, 0xE9, 0x31, 0xC4, 0x10,
    0xB0, 0x6B, 0x94, 0x84, 0xC4, 0x10, 0xC4, 0x10, 0xD1, 0x6B, 0x73, 0x84, 0xC4, 0x10, 0xC4, 0x10,
    0xC4, 0x10, 0xC4, 0x10, 0xF1, 0x73, 0xB8, 0xAD, 0x90, 0x6B, 0x26, 0x19, 0x26, 0x19, 0x12, 0x74,
    0x36, 0x9D, 0xC5, 0x10, 0xC4, 0x10, 0xC4, 0x10, 0xC4, 0x10, 0xC4, 0x10, 0xC4, 0x10, 0xC4, 0x10,
    0xC4, 0x10, 0xC4, 0x10, 0xC4, 0x10, 0xC4, 0x10, 0xE5, 0x18, 0x4B, 0x3A, 0x77, 0xA5, 0x6B, 0x42,
    0xC4, 0x10, 0xC4, 0x10, 0xED, 0x52, 0x77, 0xA5, 0x4B, 0x3A, 0x05, 0x19, 0x2A, 0x3A, 0x77, 0xA5,
    0xB8, 0xAD, 0x88, 0x29, 0xC4, 0x10, 0xC4, 0x10, 0xC4, 0x10, 0xC4, 0x10, 0xE5, 0x18, 0x4B, 0x3A,
    0x77, 0xA5, 0x6B, 0x42, 0xC4, 0x10, 0xC4, 0x10, 0xF1, 0x73, 0xB8, 0xAD, 0x12, 0x74, 0x46, 0x21,
    0x46, 0x21, 0x12, 0x74, 0x57, 0x9D, 0x06, 0x19, 0xC4, 0x10, 0xC4, 0x10, 0xD1, 0x6B, 0x73, 0x84,
    0xC4, 0x10, 0xC4, 0x10, 0xC4, 0x10, 0xC4, 0x10, 0xB0, 0x6B, 0x94, 0x84, 0xC4, 0x10, 0xE5, 0x10,
    0x77, 0xA5, 0xED, 0x52, 0xC4, 0x10, 0xC4, 0x10, 0xC4, 0x10, 0x90, 0x6B, 0x16, 0x95, 0xC4, 0x10,
    0xC4, 0x10, 0xAC, 0x4A, 0xB8, 0xAD, 0x0E, 0x5B, 0x26, 0x19, 0x88, 0x29, 0xD5, 0x8C, 0xD1, 0x73,
    0xC4, 0x10, 0xC4, 0x10, 0xC4, 0x10, 0xC4, 0x10, 0xC4, 0x10, 0xC4, 0x10, 0xC4, 0x10, 0xF1, 0x73,
    0xB8, 0xAD, 0x12, 0x74, 0x46, 0x21, 0x46, 0x21, 0x12, 0x74, 0x57, 0x9D, 0x06, 0x19, 0xC4, 0x10,
    0xED, 0x52, 0x98, 0xA5, 0x6B, 0x42, 0x05, 0x19, 0x09, 0x32, 0x36, 0x9D, 0xD1, 0x6B, 0xC4, 0x10,
    0xC4, 0x10, 0xC5, 0x10, 0x77, 0xA5, 0xAC, 0x4A, 0xC4, 0x10, 0x06, 0x19, 0xB8, 0xAD, 0x57, 0x9D,
    0x4B, 0x42, 0xC4, 0x10, 0x47, 0x21, 0xB8, 0xAD, 0xE9, 0x31, 0xC4, 0x10, 0xAC, 0x4A, 0xB8, 0xAD,
    0x0E, 0x5B, 0x26, 0x19, 0x88, 0x29, 0xD5, 0x8C, 0xD1, 0x73, 0xC4, 0x10, 0xC4, 0x10, 0xF1, 0x73,
    0xB8, 0xAD, 0xD1, 0x6B, 0x46, 0x21, 0xC4, 0x10, 0xC4, 0x10, 0xC4, 0x10, 0xC4, 0x10, 0xC4, 0x10,
    0xC4, 0x10, 0xC4, 0x10, 0xF1, 0x73, 0xB8, 0xAD, 0x90, 0x63, 0x26, 0x19, 0x47, 0x21, 0xB4, 0x8C,
    0x57, 0x9D, 0x94, 0x84, 0x88, 0x29, 0xE5, 0x18, 0x6F, 0x63, 0x77, 0xA5, 0x26, 0x19, 0xC4, 0x10,
    0xC4, 0x10, 0xC4, 0x10, 0xC4, 0x10, 0xC4, 0x10, 0xE5, 0x18, 0x4B, 0x3A, 0x77, 0xA5, 0x6B, 0x42,
    0xC4, 0x10, 0xC4, 0x10, 0xF1, 0x73, 0xB8, 0xAD, 0x90, 0x6B, 0x26, 0x19, 0x26, 0x19, 0x12, 0x74,
    0x36, 0x9D, 0xC5, 0x10, 0xC4, 0x10, 0xC4, 0x10, 0xC4, 0x10, 0xC4, 0x10, 0xE5, 0x18, 0x4B, 0x3A,
    0x77, 0xA5, 0x6B, 0x42, 0xC4, 0x10, 0xC4, 0x10, 0xC4, 0x10, 0x0E, 0x5B, 0x77, 0xA5, 0x2A, 0x3A,
    0x05, 0x19, 0x2A, 0x3A, 0x57, 0x9D, 0xB8, 0xAD, 0x88, 0x29, 0xC4, 0x10, 0xAC, 0x4A, 0xB8, 0xAD,
    0x0E, 0x5B, 0x26, 0x19, 0x88, 0x29, 0xD5, 0x8C, 0xD1, 0x73, 0xC4, 0x10, 0xC4, 0x10, 0xF1, 0x73,
    0xB8, 0xAD, 0x90, 0x63, 0x26, 0x19, 0x47, 0x21, 0xB4, 0x8C, 0x57, 0x9D, 0x94, 0x84, 0x88, 0x29,
    0xE5, 0x18, 0x6F, 0x63, 0x77, 0xA5, 0x26, 0x19, 0xC4, 0x10, 0xC4, 0x10, 0xAC, 0x4A, 0xB8, 0xAD,
    0x0E, 0x5B, 0x26, 0x19, 0x88, 0x29, 0xD5, 0x8C, 0xD1, 0x73, 0xC4, 0x10, 0xC4, 0x10, 0xF1, 0x73,
    0xB8, 0xAD, 0x90, 0x6B, 0x26, 0x19, 0x26, 0x19, 0x12, 0x74, 0x36, 0x9D, 0xC5, 0x10, 0xC4, 0x10,
    0xC4, 0x10, 0xD1, 0x6B, 0x73, 0x84, 0xC4, 0x10, 0xC4, 0x10, 0xC4, 0x10, 0xC4, 0x10, 0xC4, 0x10,
    0xC4, 0x10, 0xC4, 0x10, 0xC4, 0x10, 0xC4, 0x10, 0xC4, 0x10, 0xC4, 0x10, 0xC4, 0x10, 0xC4, 0x10,
    0xC4, 0x10, 0xC4, 0x10, 0xC4, 0x10, 0xC4, 0x10, 0xC4, 0x10, 0xC4, 0x10, 0xC4, 0x10, 0xC4, 0x10,
    0xE5, 0x10, 0x2A, 0x3A, 0x4F, 0x63, 0x94, 0x84, 0xB8, 0xAD, 0x32, 0x7C, 0xC5, 0x10, 0xC5, 0x10,
    0x37, 0x9D, 0x12, 0x7C, 0xC4, 0x10, 0xC4, 0x10, 0xC4, 0x10, 0xC9, 0x31, 0xB8, 0xAD, 0x67, 0x21,
    0xC4, 0x10, 0xC5, 0x10, 0x57, 0x9D, 0xB0, 0x6B, 0xC4, 0x10, 0xC4, 0x10, 0xC4, 0x10, 0xC4, 0x10,
    0xC4, 0x10, 0xC4, 0x10, 0x53, 0x7C, 0xD1, 0x73, 0xC4, 0x10, 0xC4, 0x10, 0xC4, 0x10, 0xC9, 0x31,
    0xB8, 0xAD, 0x67, 0x21, 0xC4, 0x10, 0xF1, 0x73, 0x37, 0x9D, 0xC5, 0x10, 0xC4, 0x10, 0xC4, 0x10,
    0xC5, 0x10, 0x37, 0x9D, 0x12, 0x7C, 0xC4, 0x10, 0xC4, 0x10, 0xC4, 0x10, 0xC9, 0x31, 0xB8, 0xAD,
    0x67, 0x21, 0xC4, 0x10, 0xC4, 0x10, 0xC4, 0x10, 0xC4, 0x10, 0xC4, 0x10, 0xC4, 0x10, 0xB0, 0x6B,
    0x94, 0x84, 0xC4, 0x10, 0xC4, 0x10, 0x57, 0x9D, 0x6F, 0x63, 0xC4, 0x10, 0xC4, 0x10, 0xC4, 0x10,
    0x8C, 0x4A, 0xB8, 0xAD, 0x47, 0x21, 0xC5, 0x10, 0x57, 0x9D, 0xB0, 0x6B, 0xC4, 0x10, 0xC4, 0x10,
    0xC4, 0x10, 0xC4, 0x10, 0xC4, 0x10, 0xC4, 0x10, 0xC4, 0x10, 0xC4, 0x10, 0xC4, 0x10, 0xC4, 0x10,
    0xC4, 0x10, 0xC4, 0x10, 0xB0, 0x6B, 0x32, 0x7C, 0xC4, 0x10, 0xC4, 0x10, 0xB0, 0x6B, 0x94, 0x84,
    0xC4, 0x10, 0xC4, 0x10, 0xC4, 0x10, 0xC4, 0x10, 0xC4, 0x10, 0xC4, 0x10, 0xC4, 0x10, 0xF1, 0x73,
    0x37, 0x9D, 0xC5, 0x10, 0xC4, 0x10, 0xC4, 0x10, 0xC5, 0x10, 0x37, 0x9D, 0x12, 0x7C, 0xC4, 0x10,
    0xC4, 0x10, 0xC4, 0x10, 0xC9, 0x31, 0xB8, 0xAD, 0x67, 0x21, 0xC5, 0x10, 0x57, 0x9D, 0xB0, 0x6B,
    0xC4, 0x10, 0xC4, 0x10, 0xC4, 0x10, 0xC4, 0x10, 0xC4, 0x10, 0xC4, 0x10, 0x57, 0x9D, 0x6F, 0x63,
    0xC4, 0x10, 0xC4, 0x10, 0xC4, 0x10, 0x8C, 0x4A, 0xB8, 0xAD, 0x47, 0x21, 0xC4, 0x10, 0x57, 0x9D,
    0x2E, 0x5B, 0xC4, 0x10, 0xC4, 0x10, 0xC4, 0x10, 0x0E, 0x5B, 0xB8, 0xAD, 0x88, 0x29, 0xC4, 0x10,
    0xC4, 0x10, 0xF1, 0x73, 0x16, 0x95, 0xC5, 0x10, 0xC4, 0x10, 0xC4, 0x10, 0xA8, 0x29, 0xB8, 0xAD,
    0x88, 0x29, 0xC4, 0x10, 0xB0, 0x6B, 0x94, 0x84, 0xC4, 0x10, 0xC4, 0x10, 0xC4, 0x10, 0xD1, 0x6B,
    0x73, 0x84, 0xC4, 0x10, 0xC4, 0x10, 0xC4, 0x10, 0xB0, 0x6B, 0x94, 0x84, 0xC4, 0x10, 0xC4, 0x10,
    0xC4, 0x10, 0x57, 0x9D, 0x6F, 0x63, 0xC4, 0x10, 0xC4, 0x10, 0xC4, 0x10, 0x8C, 0x4A, 0xB8, 0xAD,
    0x47, 0x21, 0xC4, 0x10, 0xF1, 0x73, 0x16, 0x95, 0xC5, 0x10, 0xC4, 0x10, 0xC4, 0x10, 0xA8, 0x29,
    0xB8, 0xAD, 0x88, 0x29, 0xC4, 0x10, 0xC4, 0x10, 0xC4, 0x10, 0xC4, 0x10, 0xC4, 0x10, 0xC4, 0x10,
    0x53, 0x7C, 0xF1, 0x73, 0xC4, 0x10, 0x6B, 0x42, 0xF5, 0x94, 0x90, 0x6B, 0xB0, 0x6B, 0xC4, 0x10,
    0xAC, 0x4A, 0x77, 0xA5, 0xC5, 0x10, 0xC4, 0x10, 0xB0, 0x6B, 0x94, 0x84, 0xC4, 0x10, 0xC4, 0x10,
    0xD1, 0x6B, 0x73, 0x84, 0xC4, 0x10, 0xC4, 0x10, 0xC4, 0x10, 0xC4, 0x10, 0xF1, 0x73, 0x16, 0x95,
    0xC5, 0x10, 0xC4, 0x10, 0xC4, 0x10, 0xA8, 0x29, 0xB8, 0xAD, 0x88, 0x29, 0xC4, 0x10, 0xC4, 0x10,
    0xC4, 0x10, 0xC4, 0x10, 0xC4, 0x10, 0xC4, 0x10, 0xC4, 0x10, 0xC4, 0x10, 0xC4, 0x10, 0xC4, 0x10,
    0xC4, 0x10, 0xC4, 0x10, 0xB0, 0x6B, 0x32, 0x7C, 0xC4, 0x10, 0xC4, 0x10, 0x57, 0x9D, 0x2E, 0x5B,
    0xC4, 0x10, 0xC4, 0x10, 0xC4, 0x10, 0x2E, 0x5B, 0xB8, 0xAD, 0x88, 0x29, 0xC4, 0x10, 0xC4, 0x10,
    0xC4, 0x10, 0xC4, 0x10, 0xC4, 0x10, 0xC4, 0x10, 0xB0, 0x6B, 0x32, 0x7C, 0xC4, 0x10, 0xC4, 0x10,
    0xF1, 0x73, 0x77, 0xA5, 0x05, 0x19, 0xC4, 0x10, 0xC4, 0x10, 0xE5, 0x18, 0x77, 0xA5, 0x0E, 0x53,
    0xC4, 0x10, 0xC4, 0x10, 0xD1, 0x6B, 0x73, 0x84, 0xC4, 0x10, 0xC4, 0x10, 0xC4, 0x10, 0xC4, 0x10,
    0xB0, 0x6B, 0x94, 0x84, 0xC4, 0x10, 0xC4, 0x10, 0xB0, 0x6B, 0xD5, 0x8C, 0xC4, 0x10, 0xC4, 0x10,
    0xE5, 0x10, 0x57, 0x9D, 0x0E, 0x5B, 0xC4, 0x10, 0xC5, 0x10, 0x37, 0x9D, 0x12, 0x7C, 0xC4, 0x10,
    0xC4, 0x10, 0xC4, 0x10, 0xC9, 0x31, 0xB8, 0xAD, 0x67, 0x21, 0xC4, 0x10, 0xC4, 0x10, 0xC4, 0x10,
    0xC4, 0x10, 0xC4, 0x10, 0xC4, 0x10, 0xF1, 0x73, 0x77, 0xA5, 0x05, 0x19, 0xC4, 0x10, 0xC4, 0x10,
    0xE5, 0x18, 0x77, 0xA5, 0x0E, 0x53, 0xC4, 0x10, 0x57, 0x9D, 0x6F, 0x63, 0xC4, 0x10, 0xC4, 0x10,
    0xC4, 0x10, 0x8C, 0x4A, 0xB8, 0xAD, 0x47, 0x21, 0xC4, 0x10, 0xC4, 0x10, 0x53, 0x7C, 0xF1, 0x73,
    0xC4, 0x10, 0x6B, 0x42, 0xF5, 0x94, 0x90, 0x6B, 0xB0, 0x6B, 0xC4, 0x10, 0xAC, 0x4A, 0x77, 0xA5,
    0xC5, 0x10, 0xC5, 0x10, 0x37, 0x9D, 0x12, 0x7C, 0xC4, 0x10, 0xC4, 0x10, 0xC4, 0x10, 0xC9, 0x31,
    0xB8, 0xAD, 0x67, 0x21, 0xC4, 0x10, 0xF1, 0x73, 0x37, 0x9D, 0xC5, 0x10, 0xC4, 0x10, 0xC4, 0x10,
    0xC4, 0x10, 0xC4, 0x10, 0xC4, 0x10, 0xC4, 0x10, 0xC4, 0x10, 0xC4, 0x10, 0xF1, 0x73, 0x16, 0x95,
    0xC5, 0x10, 0xC4, 0x10, 0xC4, 0x10, 0xAC, 0x4A, 0xB8, 0xAD, 0xA8, 0x29, 0xC4, 0x10, 0xC4, 0x10,
    0x26, 0x19, 0xB8, 0xAD, 0x0A, 0x3A, 0xC4, 0x10, 0xC4, 0x10, 0xC4, 0x10, 0xC4, 0x10, 0xC4, 0x10,
    0xC4, 0x10, 0xC4, 0x10, 0xB0, 0x6B, 0x32, 0x7C, 0xC4, 0x10, 0xC4, 0x10, 0xF1, 0x73, 0x16, 0x95,
    0xC5, 0x10, 0xC4, 0x10, 0xC4, 0x10, 0xA8, 0x29, 0xB8, 0xAD, 0x88, 0x29, 0xC4, 0x10, 0xC4, 0x10,
    0xC4, 0x10, 0xC4, 0x10, 0xC4, 0x10, 0xC4, 0x10, 0xB0, 0x6B, 0x32, 0x7C, 0xC4, 0x10, 0xC4, 0x10,
    0xC4, 0x10, 0x57, 0x9D, 0x2E, 0x5B, 0xC4, 0x10, 0xC4, 0x10, 0xC4, 0x10, 0x0E, 0x5B, 0xB8, 0xAD,
    0x88, 0x29, 0xC5, 0x10, 0x37, 0x9D, 0x12, 0x7C, 0xC4, 0x10, 0xC4, 0x10, 0xC4, 0x10, 0xC9, 0x31,
    0xB8, 0xAD, 0x67, 0x21, 0xC4, 0x10, 0xF1, 0x73, 0x16, 0x95, 0xC5, 0x10, 0xC4, 0x10, 0xC4, 0x10,
    0xAC, 0x4A, 0xB8, 0xAD, 0xA8, 0x29, 0xC4, 0x10, 0xC4, 0x10, 0x26, 0x19, 0xB8, 0xAD, 0x0A, 0x3A,
    0xC4, 0x10, 0xC5, 0x10, 0x37, 0x9D, 0x12, 0x7C, 0xC4, 0x10, 0xC4, 0x10, 0xC4, 0x10, 0xC9, 0x31,
    0xB8, 0xAD, 0x67, 0x21, 0xC4, 0x10, 0xF1, 0x73, 0x16, 0x95, 0xC5, 0x10, 0xC4, 0x10, 0xC4, 0x10,
    0xA8, 0x29, 0xB8, 0xAD, 0x88, 0x29, 0xC4, 0x10, 0xC4, 0x10, 0xD1, 0x6B, 0x73, 0x84, 0xC4, 0x10,
    0xC4, 0x10, 0xC4, 0x10, 0xC4, 0x10, 0xC4, 0x10, 0xC4, 0x10, 0xC4, 0x10, 0xC4, 0x10, 0xC4, 0x10,
    0xC4, 0x10, 0xC4, 0x10, 0xC4, 0x10, 0xC4, 0x10, 0xC4, 0x10, 0xC4, 0x10, 0xC4, 0x10, 0xC4, 0x10,
    0xC4, 0x10, 0xC4, 0x10, 0xC4, 0x10, 0xC4, 0x10, 0xC4, 0x10, 0xC4, 0x10, 0xC4, 0x10, 0xC4, 0x10,
    0x8C, 0x42, 0xB8, 0xAD, 0xED, 0x52, 0x67, 0x21, 0xB8, 0xAD, 0xAC, 0x4A, 0xC4, 0x10, 0xC4, 0x10,
    0xC4, 0x10, 0xC5, 0x10, 0x98, 0xA5, 0x4B, 0x42, 0xC4, 0x10, 0x67, 0x21, 0xB8, 0xAD, 0x4B, 0x42,
    0xC4, 0x10, 0xC4, 0x10, 0xC4, 0x10, 0xC4, 0x10, 0xC4, 0x10, 0xC4, 0x10, 0x53, 0x7C, 0xD1, 0x73,
    0xC4, 0x10, 0xC4, 0x10, 0xC4, 0x10, 0xC9, 0x31, 0xB8, 0xAD, 0x67, 0x21, 0xC4, 0x10, 0xF1, 0x73,
    0x73, 0x84, 0xC4, 0x10, 0xC4, 0x10, 0xC4, 0x10, 0x67, 0x21, 0xB8, 0xAD, 0xAC, 0x4A, 0xC4, 0x10,
    0xC4, 0x10, 0xC4, 0x10, 0xC5, 0x10, 0x98, 0xA5, 0x4B, 0x42, 0xC4, 0x10, 0xC4, 0x10, 0xC4, 0x10,
    0xC4, 0x10, 0xC4, 0x10, 0xC4, 0x10, 0xB0, 0x6B, 0x94, 0x84, 0xC4, 0x10, 0x26, 0x21, 0xB8, 0xAD,
    0x4B, 0x42, 0xC4, 0x10, 0xC4, 0x10, 0xC4, 0x10, 0x67, 0x21, 0xB8, 0xAD, 0x2A, 0x3A, 0x67, 0x21,
    0xB8, 0xAD, 0x4B, 0x42, 0xC4, 0x10, 0xC4, 0x10, 0xC4, 0x10, 0xC4, 0x10, 0xC4, 0x10, 0xC4, 0x10,
    0xC4, 0x10, 0x47, 0x21, 0xF1, 0x73, 0x36, 0x9D, 0xB8, 0xA5, 0xB8, 0xAD, 0xB8, 0xAD, 0xD5, 0x8C,
    0xC4, 0x10, 0xC4, 0x10, 0xB0, 0x6B, 0x94, 0x84, 0xC4, 0x10, 0xC4, 0x10, 0xC4, 0x10, 0xC4, 0x10,
    0xC4, 0x10, 0xC4, 0x10, 0xC4, 0x10, 0xF1, 0x73, 0x73, 0x84, 0xC4, 0x10, 0xC4, 0x10, 0xC4, 0x10,
    0x67, 0x21, 0xB8, 0xAD, 0xAC, 0x4A, 0xC4, 0x10, 0xC4, 0x10, 0xC4, 0x10, 0xC5, 0x10, 0x98, 0xA5,
    0x4B, 0x42, 0x67, 0x21, 0xB8, 0xAD, 0x4B, 0x42, 0xC4, 0x10, 0xC4, 0x10, 0xC4, 0x10, 0xC4, 0x10,
    0xC4, 0x10, 0x26, 0x21, 0xB8, 0xAD, 0x4B, 0x42, 0xC4, 0x10, 0xC4, 0x10, 0xC4, 0x10, 0x67, 0x21,
    0xB8, 0xAD, 0x2A, 0x3A, 0x46, 0x21, 0xB8, 0xAD, 0x2A, 0x3A, 0xC4, 0x10, 0xC4, 0x10, 0xC4, 0x10,
    0xE9, 0x31, 0xB8, 0xAD, 0x88, 0x29, 0xC4, 0x10, 0xC4, 0x10, 0xF1, 0x73, 0x53, 0x84, 0xC4, 0x10,
    0xC4, 0x10, 0xC4, 0x10, 0x47, 0x21, 0xB8, 0xAD, 0xE9, 0x31, 0xC4, 0x10, 0xB0, 0x6B, 0x94, 0x84,
    0xC4, 0x10, 0xC4, 0x10, 0xC4, 0x10, 0xD1, 0x6B, 0x73, 0x84, 0xC4, 0x10, 0xC4, 0x10, 0xC4, 0x10,
    0xB0, 0x6B, 0x94, 0x84, 0xC4, 0x10, 0xC4, 0x10, 0x26, 0x21, 0xB8, 0xAD, 0x4B, 0x42, 0xC4, 0x10,
    0xC4, 0x10, 0xC4, 0x10, 0x67, 0x21, 0xB8, 0xAD, 0x2A, 0x3A, 0xC4, 0x10, 0xF1, 0x73, 0x53, 0x84,
    0xC4, 0x10, 0xC4, 0x10, 0xC4, 0x10, 0x47, 0x21, 0xB8, 0xAD, 0xE9, 0x31, 0xC4, 0x10, 0xC4, 0x10,
    0xC4, 0x10, 0xC4, 0x10, 0xC4, 0x10, 0xC4, 0x10, 0xED, 0x52, 0x57, 0x9D, 0xC5, 0x10, 0xB1, 0x6B,
    0xB0, 0x6B, 0x4B, 0x3A, 0x16, 0x95, 0xC4, 0x10, 0xF1, 0x73, 0x32, 0x7C, 0xC4, 0x10, 0xC4, 0x10,
    0xB0, 0x6B, 0x94, 0x84, 0xC4, 0x10, 0xC4, 0x10, 0xD1, 0x6B, 0x73, 0x84, 0xC4, 0x10, 0xC4, 0x10,
    0xC4, 0x10, 0xC4, 0x10, 0xF1, 0x73, 0x53, 0x84, 0xC4, 0x10, 0xC4, 0x10, 0xC4, 0x10, 0x47, 0x21,
    0xB8, 0xAD, 0xE9, 0x31, 0xC4, 0x10, 0xC4, 0x10, 0xC4, 0x10, 0xC4, 0x10, 0xC4, 0x10, 0xC4, 0x10,
    0xC4, 0x10, 0x47, 0x21, 0xF1, 0x73, 0x36, 0x9D, 0xB8, 0xA5, 0xB8, 0xAD, 0xB8, 0xAD, 0xD5, 0x8C,
    0xC4, 0x10, 0x26, 0x21, 0xB8, 0xAD, 0x2A, 0x3A, 0xC4, 0x10, 0xC4, 0x10, 0xC4, 0x10, 0x09, 0x32,
    0xB8, 0xAD, 0x88, 0x29, 0xC4, 0x10, 0x47, 0x21, 0xF1, 0x73, 0x36, 0x9D, 0xB8, 0xA5, 0xB8, 0xAD,
    0xB8, 0xAD, 0xD5, 0x8C, 0xC4, 0x10, 0xC4, 0x10, 0xF1, 0x73, 0x94, 0x8C, 0xC4, 0x10, 0xC4, 0x10,
    0xC4, 0x10, 0xC4, 0x10, 0x94, 0x84, 0xF1, 0x73, 0xC4, 0x10, 0xC4, 0x10, 0xD1, 0x6B, 0x73, 0x84,
    0xC4, 0x10, 0xC4, 0x10, 0xC4, 0x10, 0xC4, 0x10, 0xB0, 0x6B, 0x94, 0x84, 0xC4, 0x10, 0xC4, 0x10,
    0xC9, 0x31, 0xB8, 0xAD, 0xC9, 0x31, 0xC4, 0x10, 0x6B, 0x42, 0xB8, 0xA5, 0x46, 0x21, 0xC4, 0x10,
    0x67, 0x21, 0xB8, 0xAD, 0xAC, 0x4A, 0xC4, 0x10, 0xC4, 0x10, 0xC4, 0x10, 0xC5, 0x10, 0x98, 0xA5,
    0x4B, 0x42, 0xC4, 0x10, 0xC4, 0x10, 0xC4, 0x10, 0xC4, 0x10, 0xC4, 0x10, 0xC4, 0x10, 0xF1, 0x73,
    0x94, 0x8C, 0xC4, 0x10, 0xC4, 0x10, 0xC4, 0x10, 0xC4, 0x10, 0x94, 0x84, 0xF1, 0x73, 0x26, 0x21,
    0xB8, 0xAD, 0x4B, 0x42, 0xC4, 0x10, 0xC4, 0x10, 0xC4, 0x10, 0x67, 0x21, 0xB8, 0xAD, 0x2A, 0x3A,
    0xC4, 0x10, 0xC4, 0x10, 0xED, 0x52, 0x57, 0x9D, 0xC5, 0x10, 0xB1, 0x6B, 0xB0, 0x6B, 0x4B, 0x3A,
    0x16, 0x95, 0xC4, 0x10, 0xF1, 0x73, 0x32, 0x7C, 0xC4, 0x10, 0x67, 0x21, 0xB8, 0xAD, 0xAC, 0x4A,
    0xC4, 0x10, 0xC4, 0x10, 0xC4, 0x10, 0xC5, 0x10, 0x98, 0xA5, 0x4B, 0x42, 0xC4, 0x10, 0xF1, 0x73,
    0x73, 0x84, 0xC4, 0x10, 0xC4, 0x10, 0xC4, 0x10, 0xC4, 0x10, 0xC4, 0x10, 0xC4, 0x10, 0xC4, 0x10,
    0xC4, 0x10, 0xC4, 0x10, 0xF1, 0x73, 0x53, 0x7C, 0xC4, 0x10, 0xC4, 0x10, 0xC4, 0x10, 0x6B, 0x42,
    0xB8, 0xAD, 0xE5, 0x10, 0xC4, 0x10, 0xC4, 0x10, 0xC5, 0x10, 0xB8, 0xAD, 0x6B, 0x42, 0xC4, 0x10,
    0xC4, 0x10, 0x47, 0x21, 0xF1, 0x73, 0x36, 0x9D, 0xB8, 0xA5, 0xB8, 0xAD, 0xB8, 0xAD, 0xD5, 0x8C,
    0xC4, 0x10, 0xC4, 0x10, 0xF1, 0x73, 0x53, 0x84, 0xC4, 0x10, 0xC4, 0x10, 0xC4, 0x10, 0x47, 0x21,
    0xB8, 0xAD, 0xE9, 0x31, 0xC4, 0x10, 0x47, 0x21, 0xF1, 0x73, 0x36, 0x9D, 0xB8, 0xA5, 0xB8, 0xAD,
    0xB8, 0xAD, 0xD5, 0x8C, 0xC4, 0x10, 0xC4, 0x10, 0x46, 0x21, 0xB8, 0xAD, 0x2A, 0x3A, 0xC4, 0x10,
    0xC4, 0x10, 0xC4, 0x10, 0xE9, 0x31, 0xB8, 0xAD, 0x88, 0x29, 0x67, 0x21, 0xB8, 0xAD, 0xAC, 0x4A,
    0xC4, 0x10, 0xC4, 0x10, 0xC4, 0x10, 0xC5, 0x10, 0x98, 0xA5, 0x4B, 0x42, 0xC4, 0x10, 0xF1, 0x73,
    0x53, 0x7C, 0xC4, 0x10, 0xC4, 0x10, 0xC4, 0x10, 0x6B, 0x42, 0xB8, 0xAD, 0xE5, 0x10, 0xC4, 0x10,
    0xC4, 0x10, 0xC5, 0x10, 0xB8, 0xAD, 0x6B, 0x42, 0xC4, 0x10, 0x67, 0x21, 0xB8, 0xAD, 0xAC, 0x4A,
    0xC4, 0x10, 0xC4, 0x10, 0xC4, 0x10, 0xC5, 0x10, 0x98, 0xA5, 0x4B, 0x42, 0xC4, 0x10, 0xF1, 0x73,
    0x53, 0x84, 0xC4, 0x10, 0xC4, 0x10, 0xC4, 0x10, 0x47, 0x21, 0xB8, 0xAD, 0xE9, 0x31, 0xC4, 0x10,
    0xC4, 0x10, 0xD1, 0x6B, 0x73, 0x84, 0xC4, 0x10, 0xC4, 0x10, 0xC4, 0x10, 0xC4, 0x10, 0xC4, 0x10,
    0xC4, 0x10, 0xC4, 0x10, 0xC4, 0x10, 0xC4, 0x10, 0xC4, 0x10, 0xC4, 0x10, 0xC4, 0x10, 0xC4, 0x10,
    0xC4, 0x10, 0xC4, 0x10, 0xC4, 0x10, 0xC4, 0x10, 0xC4, 0x10, 0xC4, 0x10, 0xC4, 0x10, 0xC4, 0x10,
    0xC4, 0x10, 0xC4, 0x10, 0xC4, 0x10, 0xC4, 0x10, 0xC4, 0x10, 0x57, 0x9D, 0xF1, 0x73, 0x67, 0x21,
    0xB8, 0xAD, 0xB8, 0xAD, 0xB8, 0xAD, 0xB8, 0xAD, 0xB8, 0xAD, 0xB8, 0xAD, 0xB8, 0xAD, 0xED, 0x52,
    0xC4, 0x10, 0x67, 0x21, 0xB8, 0xAD, 0x4B, 0x42, 0xC4, 0x10, 0xC4, 0x10, 0xC4, 0x10, 0xC4, 0x10,
    0xC4, 0x10, 0xC4, 0x10, 0x53, 0x7C, 0xD1, 0x73, 0xC4, 0x10, 0xC4, 0x10, 0xC4, 0x10, 0xC9, 0x31,
    0xB8, 0xAD, 0x67, 0x21, 0xC4, 0x10, 0xF1, 0x73, 0x53, 0x7C, 0xC4, 0x10, 0xC4, 0x10, 0xC4, 0x10,
    0x67, 0x21, 0xB8, 0xAD, 0xB8, 0xAD, 0xB8, 0xAD, 0xB8, 0xAD, 0xB8, 0xAD, 0xB8, 0xAD, 0xB8, 0xAD,
    0xED, 0x52, 0xC4, 0x10, 0xC4, 0x10, 0xC4, 0x10, 0xC4, 0x10, 0xC4, 0x10, 0xC4, 0x10, 0xB0, 0x6B,
    0x94, 0x84, 0xC4, 0x10, 0x26, 0x21, 0xB8, 0xAD, 0x4B, 0x42, 0xC4, 0x10, 0xC4, 0x10, 0xC4, 0x10,
    0x67, 0x21, 0xB8, 0xAD, 0x2A, 0x3A, 0x67, 0x21, 0xB8, 0xAD, 0x4B, 0x42, 0xC4, 0x10, 0xC4, 0x10,
    0xC4, 0x10, 0xC4, 0x10, 0xC4, 0x10, 0xC4, 0x10, 0xC4, 0x10, 0xB5, 0x8C, 0x53, 0x7C, 0xA8, 0x29,
    0xE5, 0x18, 0xC4, 0x10, 0x6F, 0x63, 0xD5, 0x8C, 0xC4, 0x10, 0xC4, 0x10, 0xB0, 0x6B, 0x94, 0x84,
    0xC4, 0x10, 0xC4, 0x10, 0xC4, 0x10, 0xC4, 0x10, 0xC4, 0x10, 0xC4, 0x10, 0xC4, 0x10, 0xF1, 0x73,
    0x53, 0x7C, 0xC4, 0x10, 0xC4, 0x10, 0xC4, 0x10, 0x67, 0x21, 0xB8, 0xAD, 0xB8, 0xAD, 0xB8, 0xAD,
    0xB8, 0xAD, 0xB8, 0xAD, 0xB8, 0xAD, 0xB8, 0xAD, 0xED, 0x52, 0x67, 0x21, 0xB8, 0xAD, 0x4B, 0x42,
    0xC4, 0x10, 0xC4, 0x10, 0xC4, 0x10, 0xC4, 0x10, 0xC4, 0x10, 0x26, 0x21, 0xB8, 0xAD, 0x4B, 0x42,
    0xC4, 0x10, 0xC4, 0x10, 0xC4, 0x10, 0x67, 0x21, 0xB8, 0xAD, 0x2A, 0x3A, 0x46, 0x21, 0xB8, 0xAD,
    0x0A, 0x3A, 0xC4, 0x10, 0xC4, 0x10, 0xC4, 0x10, 0x09, 0x32, 0xB8, 0xAD, 0x88, 0x29, 0xC4, 0x10,
    0xC4, 0x10, 0xF1, 0x73, 0x53, 0x7C, 0xC4, 0x10, 0xC4, 0x10, 0xC4, 0x10, 0x47, 0x21, 0xB8, 0xAD,
    0xE9, 0x31, 0xC4, 0x10, 0xB0, 0x6B, 0x94, 0x84, 0xC4, 0x10, 0xC4, 0x10, 0xC4, 0x10, 0xD1, 0x6B,
    0x73, 0x84, 0xC4, 0x10, 0xC4, 0x10, 0xC4, 0x10, 0xB0, 0x6B, 0x94, 0x84, 0xC4, 0x10, 0xC4, 0x10,
    0x26, 0x21, 0xB8, 0xAD, 0x4B, 0x42, 0xC4, 0x10, 0xC4, 0x10, 0xC4, 0x10, 0x67, 0x21, 0xB8, 0xAD,
    0x2A, 0x3A, 0xC4, 0x10, 0xF1, 0x73, 0x53, 0x7C, 0xC4, 0x10, 0xC4, 0x10, 0xC4, 0x10, 0x47, 0x21,
    0xB8, 0xAD, 0xE9, 0x31, 0xC4, 0x10, 0xC4, 0x10, 0xC4, 0x10, 0xC4, 0x10, 0xC4, 0x10, 0xC4, 0x10,
    0x88, 0x29, 0xB8, 0xAD, 0xA8, 0x29, 0x16, 0x95, 0x4B, 0x3A, 0x05, 0x19, 0xB8, 0xA5, 0x67, 0x21,
    0x57, 0x9D, 0xED, 0x52, 0xC4, 0x10, 0xC4, 0x10, 0xB0, 0x6B, 0x94, 0x84, 0xC4, 0x10, 0xC4, 0x10,
    0xD1, 0x6B, 0x73, 0x84, 0xC4, 0x10, 0xC4, 0x10, 0xC4, 0x10, 0xC4, 0x10, 0xF1, 0x73, 0x53, 0x7C,
    0xC4, 0x10, 0xC4, 0x10, 0xC4, 0x10, 0x47, 0x21, 0xB8, 0xAD, 0xE9, 0x31, 0xC4, 0x10, 0xC4, 0x10,
    0xC4, 0x10, 0xC4, 0x10, 0xC4, 0x10, 0xC4, 0x10, 0xC4, 0x10, 0xB5, 0x8C, 0x53, 0x7C, 0xA8, 0x29,
    0xE5, 0x18, 0xC4, 0x10, 0x6F, 0x63, 0xD5, 0x8C, 0xC4, 0x10, 0x46, 0x21, 0xB8, 0xAD, 0x2A, 0x3A,
    0xC4, 0x10, 0xC4, 0x10, 0xC4, 0x10, 0x09, 0x32, 0xB8, 0xAD, 0x88, 0x29, 0xC4, 0x10, 0xB5, 0x8C,
    0x53, 0x7C, 0xA8, 0x29, 0xE5, 0x18, 0xC4, 0x10, 0x6F, 0x63, 0xD5, 0x8C, 0xC4, 0x10, 0xC4, 0x10,
    0xF1, 0x73, 0x94, 0x8C, 0xC4, 0x10, 0xC4, 0x10, 0xC4, 0x10, 0xC4, 0x10, 0x94, 0x84, 0xF1, 0x73,
    0xC4, 0x10, 0xC4, 0x10, 0xD1, 0x6B, 0x73, 0x84, 0xC4, 0x10, 0xC4, 0x10, 0xC4, 0x10, 0xC4, 0x10,
    0xB0, 0x6B, 0x94, 0x84, 0xC4, 0x10, 0xC4, 0x10, 0xC4, 0x10, 0xD5, 0x8C, 0xB0, 0x6B, 0xC4, 0x10,
    0x53, 0x7C, 0x53, 0x7C, 0xC4, 0x10, 0xC4, 0x10, 0x67, 0x21, 0xB8, 0xAD, 0xB8, 0xAD, 0xB8, 0xAD,
    0xB8, 0xAD, 0xB8, 0xAD, 0xB8, 0xAD, 0xB8, 0xAD, 0xED, 0x52, 0xC4, 0x10, 0xC4, 0x10, 0xC4, 0x10,
    0xC4, 0x10, 0xC4, 0x10, 0xC4, 0x10, 0xF1, 0x73, 0x94, 0x8C, 0xC4, 0x10, 0xC4, 0x10, 0xC4, 0x10,
    0xC4, 0x10, 0x94, 0x84, 0xF1, 0x73, 0x26, 0x21, 0xB8, 0xAD, 0x4B, 0x42, 0xC4, 0x10, 0xC4, 0x10,
    0xC4, 0x10, 0x67, 0x21, 0xB8, 0xAD, 0x2A, 0x3A, 0xC4, 0x10, 0xC4, 0x10, 0x88, 0x29, 0xB8, 0xAD,
    0xA8, 0x29, 0x16, 0x95, 0x4B, 0x3A, 0x05, 0x19, 0xB8, 0xA5, 0x67, 0x21, 0x57, 0x9D, 0xED, 0x52,
    0xC4, 0x10, 0x67, 0x21, 0xB8, 0xAD, 0xB8, 0xAD, 0xB8, 0xAD, 0xB8, 0xAD, 0xB8, 0xAD, 0xB8, 0xAD,
    0xB8, 0xAD, 0xED, 0x52, 0xC4, 0x10, 0xF1, 0x73, 0x53, 0x7C, 0xC4, 0x10, 0xC4, 0x10, 0xC4, 0x10,
    0xC4, 0x10, 0xC4, 0x10, 0xC4, 0x10, 0xC4, 0x10, 0xC4, 0x10, 0xC4, 0x10, 0xF1, 0x73, 0x53, 0x7C,
    0xC4, 0x10, 0xC4, 0x10, 0xC4, 0x10, 0x6B, 0x42, 0xB8, 0xAD, 0xE5, 0x10, 0xC4, 0x10, 0xC4, 0x10,
    0xC5, 0x10, 0xB8, 0xAD, 0x6B, 0x42, 0xC4, 0x10, 0xC4, 0x10, 0xB5, 0x8C, 0x53, 0x7C, 0xA8, 0x29,
    0xE5, 0x18, 0xC4, 0x10, 0x6F, 0x63, 0xD5, 0x8C, 0xC4, 0x10, 0xC4, 0x10, 0xF1, 0x73, 0x53, 0x7C,
    0xC4, 0x10, 0xC4, 0x10, 0xC4, 0x10, 0x47, 0x21, 0xB8, 0xAD, 0xE9, 0x31, 0xC4, 0x10, 0xB5, 0x8C,
    0x53, 0x7C, 0xA8, 0x29, 0xE5, 0x18, 0xC4, 0x10, 0x6F, 0x63, 0xD5, 0x8C, 0xC4, 0x10, 0xC4, 0x10,
    0x46, 0x21, 0xB8, 0xAD, 0x0A, 0x3A, 0xC4, 0x10, 0xC4, 0x10, 0xC4, 0x10, 0x09, 0x32, 0xB8, 0xAD,
    0x88, 0x29, 0x67, 0x21, 0xB8, 0xAD, 0xB8, 0xAD, 0xB8, 0xAD, 0xB8, 0xAD, 0xB8, 0xAD, 0xB8, 0xAD,
    0xB8, 0xAD, 0xED, 0x52, 0xC4, 0x10, 0xF1, 0x73, 0x53, 0x7C, 0xC4, 0x10, 0xC4, 0x10, 0xC4, 0x10,
    0x6B, 0x42, 0xB8, 0xAD, 0xE5, 0x10, 0xC4, 0x10, 0xC4, 0x10, 0xC5, 0x10, 0xB8, 0xAD, 0x6B, 0x42,
    0xC4, 0x10, 0x67, 0x21, 0xB8, 0xAD, 0xB8, 0xAD, 0xB8, 0xAD, 0xB8, 0xAD, 0xB8, 0xAD, 0xB8, 0xAD,
    0xB8, 0xAD, 0xED, 0x52, 0xC4, 0x10, 0xF1, 0x73, 0x53, 0x7C, 0xC4, 0x10, 0xC4, 0x10, 0xC4, 0x10,
    0x47, 0x21, 0xB8, 0xAD, 0xE9, 0x31, 0xC4, 0x10, 0xC4, 0x10, 0xD1, 0x6B, 0x73, 0x84, 0xC4, 0x10,
    0xC4, 0x10, 0xC4, 0x10, 0xC4, 0x10, 0xC4, 0x10, 0xC4, 0x10, 0xC4, 0x10, 0xC4, 0x10, 0xC4, 0x10,
    0xC4, 0x10, 0xC4, 0x10, 0xC4, 0x10, 0xC4, 0x10, 0xC4, 0x10, 0xC4, 0x10, 0xC4, 0x10, 0xC4, 0x10,
    0xC4, 0x10, 0xC4, 0x10, 0xC4, 0x10, 0x4F, 0x5B, 0xC4, 0x10, 0xC4, 0x10, 0xC4, 0x10, 0xC4, 0x10,
    0xE5, 0x10, 0x98, 0xA5, 0xB0, 0x6B, 0xC5, 0x10, 0x57, 0x9D, 0xAC, 0x4A, 0xC4, 0x10, 0xC4, 0x10,
    0xC4, 0x10, 0xC4, 0x10, 0xC4, 0x10, 0xC4, 0x10, 0xC4, 0x10, 0xC5, 0x10, 0x57, 0x9D, 0x90, 0x6B,
    0xC4, 0x10, 0xC4, 0x10, 0xC4, 0x10, 0xC4, 0x10, 0xC4, 0x10, 0xC4, 0x10, 0xF1, 0x73, 0x32, 0x7C,
    0xC4, 0x10, 0xC4, 0x10, 0xC4, 0x10, 0x8C, 0x4A, 0xB8, 0xAD, 0x67, 0x21, 0xC4, 0x10, 0xF1, 0x73,
    0x53, 0x7C, 0xC4, 0x10, 0xC4, 0x10, 0xC4, 0x10, 0xC5, 0x10, 0x57, 0x9D, 0xAC, 0x4A, 0xC4, 0x10,
    0xC4, 0x10, 0xC4, 0x10, 0xC4, 0x10, 0xC4, 0x10, 0xC4, 0x10, 0xC4, 0x10, 0xC4, 0x10, 0xC4, 0x10,
    0xC4, 0x10, 0xC4, 0x10, 0xC4, 0x10, 0xB0, 0x6B, 0x94, 0x84, 0xC4, 0x10, 0xC4, 0x10, 0x57, 0x9D,
    0x6F, 0x63, 0xC4, 0x10, 0xC4, 0x10, 0xC4, 0x10, 0x8C, 0x4A, 0xB8, 0xAD, 0x47, 0x21, 0xC5, 0x10,
    0x57, 0x9D, 0x90, 0x6B, 0xC4, 0x10, 0xC4, 0x10, 0xC4, 0x10, 0xC4, 0x10, 0xC4, 0x10, 0xC4, 0x10,
    0xE5, 0x18, 0xB8, 0xAD, 0x4A, 0x3A, 0xC4, 0x10, 0xC4, 0x10, 0xC4, 0x10, 0x94, 0x8C, 0xD5, 0x8C,
    0xC4, 0x10, 0xC4, 0x10, 0xB0, 0x6B, 0x94, 0x84, 0xC4, 0x10, 0xC4, 0x10, 0xC4, 0x10, 0xC4, 0x10,
    0xC4, 0x10, 0xC4, 0x10, 0xC4, 0x10, 0xF1, 0x73, 0x53, 0x7C, 0xC4, 0x10, 0xC4, 0x10, 0xC4, 0x10,
    0xC5, 0x10, 0x57, 0x9D, 0xAC, 0x4A, 0xC4, 0x10, 0xC4, 0x10, 0xC4, 0x10, 0xC4, 0x10, 0xC4, 0x10,
    0xC4, 0x10, 0xC5, 0x10, 0x57, 0x9D, 0x90, 0x6B, 0xC4, 0x10, 0xC4, 0x10, 0xC4, 0x10, 0xC4, 0x10,
    0xC4, 0x10, 0xC4, 0x10, 0x57, 0x9D, 0x6F, 0x63, 0xC4, 0x10, 0xC4, 0x10, 0xC4, 0x10, 0x8C, 0x4A,
    0xB8, 0xAD, 0x47, 0x21, 0xC4, 0x10, 0x57, 0x9D, 0x2E, 0x5B, 0xC4, 0x10, 0xC4, 0x10, 0xC4, 0x10,
    0x0E, 0x5B, 0xB8, 0xAD, 0x88, 0x29, 0xC4, 0x10, 0xC4, 0x10, 0xF1, 0x73, 0x53, 0x7C, 0xC4, 0x10,
    0xC4, 0x10, 0xC4, 0x10, 0x47, 0x21, 0xB8, 0xAD, 0xE9, 0x31, 0xC4, 0x10, 0xB0, 0x6B, 0x94, 0x84,
    0xC4, 0x10, 0xC4, 0x10, 0xC4, 0x10, 0xB0, 0x6B, 0x94, 0x84, 0xC4, 0x10, 0xC4, 0x10, 0xC4, 0x10,
    0xB0, 0x6B, 0x94, 0x84, 0xC4, 0x10, 0xC4, 0x10, 0xC4, 0x10, 0x57, 0x9D, 0x6F, 0x63, 0xC4, 0x10,
    0xC4, 0x10, 0xC4, 0x10, 0x8C, 0x4A, 0xB8, 0xAD, 0x47, 0x21, 0xC4, 0x10, 0xF1, 0x73, 0x53, 0x7C,
    0xC4, 0x10, 0xC4, 0x10, 0xC4, 0x10, 0x47, 0x21, 0xB8, 0xAD, 0xE9, 0x31, 0xC4, 0x10, 0xC4, 0x10,
    0xC4, 0x10, 0xC4, 0x10, 0xC4, 0x10, 0xC4, 0x10, 0xC4, 0x10, 0x36, 0x9D, 0xB0, 0x6B, 0xB8, 0xA5,
    0x06, 0x19, 0xC4, 0x10, 0x94, 0x84, 0xB0, 0x6B, 0xB8, 0xAD, 0x88, 0x29, 0xC4, 0x10, 0xC4, 0x10,
    0xB0, 0x6B, 0x94, 0x84, 0xC4, 0x10, 0xC4, 0x10, 0xB0, 0x6B, 0x94, 0x84, 0xC4, 0x10, 0xC4, 0x10,
    0xC4, 0x10, 0xC4, 0x10, 0xF1, 0x73, 0x53, 0x7C, 0xC4, 0x10, 0xC4, 0x10, 0xC4, 0x10, 0x47, 0x21,
    0xB8, 0xAD, 0xE9, 0x31, 0xC4, 0x10, 0xC4, 0x10, 0xC4, 0x10, 0xC4, 0x10, 0xC4, 0x10, 0xC4, 0x10,
    0xE5, 0x18, 0xB8, 0xAD, 0x4A, 0x3A, 0xC4, 0x10, 0xC4, 0x10, 0xC4, 0x10, 0x94, 0x8C, 0xD5, 0x8C,
    0xC4, 0x10, 0xC4, 0x10, 0x57, 0x9D, 0x2E, 0x5B, 0xC4, 0x10, 0xC4, 0x10, 0xC4, 0x10, 0x2E, 0x5B,
    0xB8, 0xAD, 0x88, 0x29, 0xE5, 0x18, 0xB8, 0xAD, 0x4A, 0x3A, 0xC4, 0x10, 0xC4, 0x10, 0xC4, 0x10,
    0x94, 0x8C, 0xD5, 0x8C, 0xC4, 0x10, 0xC4, 0x10, 0xF1, 0x73, 0x77, 0xA5, 0x05, 0x19, 0xC4, 0x10,
    0xC4, 0x10, 0xE5, 0x18, 0x77, 0xA5, 0x0E, 0x53, 0xC4, 0x10, 0xC4, 0x10, 0xB0, 0x6B, 0x94, 0x84,
    0xC4, 0x10, 0xC4, 0x10, 0xC4, 0x10, 0xC4, 0x10, 0xB0, 0x6B, 0x94, 0x84, 0xC4, 0x10, 0xC4, 0x10,
    0xC4, 0x10, 0xED, 0x52, 0x77, 0x9D, 0x67, 0x21, 0xB8, 0xAD, 0x4B, 0x42, 0xC4, 0x10, 0xC4, 0x10,
    0xC5, 0x10, 0x57, 0x9D, 0xAC, 0x4A, 0xC4, 0x10, 0xC4, 0x10, 0xC4, 0x10, 0xC4, 0x10, 0xC4, 0x10,
    0xC4, 0x10, 0xC4, 0x10, 0xC4, 0x10, 0xC4, 0x10, 0xC4, 0x10, 0xC4, 0x10, 0xC4, 0x10, 0xF1, 0x73,
    0x77, 0xA5, 0x05, 0x19, 0xC4, 0x10, 0xC4, 0x10, 0xE5, 0x18, 0x77, 0xA5, 0x0E, 0x53, 0xC4, 0x10,
    0x57, 0x9D, 0x6F, 0x63, 0xC4, 0x10, 0xC4, 0x10, 0xC4, 0x10, 0x8C, 0x4A, 0xB8, 0xAD, 0x47, 0x21,
    0xC4, 0x10, 0xC4, 0x10, 0xC4, 0x10, 0x36, 0x9D, 0xB0, 0x6B, 0xB8, 0xA5, 0x06, 0x19, 0xC4, 0x10,
    0x94, 0x84, 0xB0, 0x6B, 0xB8, 0xAD, 0x88, 0x29, 0xC4, 0x10, 0xC5, 0x10, 0x57, 0x9D, 0xAC, 0x4A,
    0xC4, 0x10, 0xC4, 0x10, 0xC4, 0x10, 0xC4, 0x10, 0xC4, 0x10, 0xC4, 0x10, 0xC4, 0x10, 0xF1, 0x73,
    0x53, 0x7C, 0xC4, 0x10, 0xC4, 0x10, 0xC4, 0x10, 0xC4, 0x10, 0xC4, 0x10, 0xC4, 0x10, 0xC4, 0x10,
    0xC4, 0x10, 0xC4, 0x10, 0xF1, 0x73, 0x53, 0x7C, 0xC4, 0x10, 0xC4, 0x10, 0xC4, 0x10, 0x6B, 0x42,
    0xB8, 0xAD, 0xE5, 0x10, 0xC4, 0x10, 0xC4, 0x10, 0xC5, 0x10, 0xB8, 0xAD, 0x6B, 0x42, 0xC4, 0x10,
    0xE5, 0x18, 0xB8, 0xAD, 0x4A, 0x3A, 0xC4, 0x10, 0xC4, 0x10, 0xC4, 0x10, 0x94, 0x8C, 0xD5, 0x8C,
    0xC4, 0x10, 0xC4, 0x10, 0xF1, 0x73, 0x53, 0x7C, 0xC4, 0x10, 0xC4, 0x10, 0xC4, 0x10, 0x47, 0x21,
    0xB8, 0xAD, 0xE9, 0x31, 0xE5, 0x18, 0xB8, 0xAD, 0x4A, 0x3A, 0xC4, 0x10, 0xC4, 0x10, 0xC4, 0x10,
    0x94, 0x8C, 0xD5, 0x8C, 0xC4, 0x10, 0xC4, 0x10, 0xC4, 0x10, 0x57, 0x9D, 0x2E, 0x5B, 0xC4, 0x10,
    0xC4, 0x10, 0xC4, 0x10, 0x0E, 0x5B, 0xB8, 0xAD, 0x88, 0x29, 0xC5, 0x10, 0x57, 0x9D, 0xAC, 0x4A,
    0xC4, 0x10, 0xC4, 0x10, 0xC4, 0x10, 0xC4, 0x10, 0xC4, 0x10, 0xC4, 0x10, 0xC4, 0x10, 0xF1, 0x73,
    0x53, 0x7C, 0xC4, 0x10, 0xC4, 0x10, 0xC4, 0x10, 0x6B, 0x42, 0xB8, 0xAD, 0xE5, 0x10, 0xC4, 0x10,
    0xC4, 0x10, 0xC5, 0x10, 0xB8, 0xAD, 0x6B, 0x42, 0xC4, 0x10, 0xC5, 0x10, 0x57, 0x9D, 0xAC, 0x4A,
    0xC4, 0x10, 0xC4, 0x10, 0xC4, 0x10, 0xC4, 0x10, 0xC4, 0x10, 0xC4, 0x10, 0xC4, 0x10, 0xF1, 0x73,
    0x53, 0x7C, 0xC4, 0x10, 0xC4, 0x10, 0xC4, 0x10, 0x47, 0x21, 0xB8, 0xAD, 0xE9, 0x31, 0xC4, 0x10,
    0xC4, 0x10, 0xB0, 0x6B, 0x94, 0x84, 0xC4, 0x10, 0xC4, 0x10, 0xC4, 0x10, 0xC4, 0x10, 0xC4, 0x10,
    0xC4, 0x10, 0xC4, 0x10, 0xC4, 0x10, 0xC4, 0x10, 0xC4, 0x10, 0xC4, 0x10, 0xC4, 0x10, 0xC4, 0x10,
    0xC4, 0x10, 0xC4, 0x10, 0xC4, 0x10, 0xC4, 0x10, 0xC4, 0x10, 0xC4, 0x10, 0xC4, 0x10, 0x98, 0xA5,
    0x53, 0x7C, 0xC9, 0x31, 0xE5, 0x10, 0x87, 0x29, 0x12, 0x7C, 0x98, 0xA5, 0xC9, 0x31, 0xC4, 0x10,
    0xAC, 0x4A, 0x57, 0x9D, 0x4B, 0x42, 0x06, 0x19, 0x06, 0x19, 0xE9, 0x31, 0x32, 0x7C, 0x47, 0x21,
    0xC4, 0x10, 0xC4, 0x10, 0xCD, 0x4A, 0x98, 0xA5, 0xED, 0x52, 0x26, 0x19, 0x47, 0x21, 0x2E, 0x5B,
    0x2A, 0x3A, 0xC4, 0x10, 0xAC, 0x4A, 0x98, 0xA5, 0x0A, 0x3A, 0xE5, 0x10, 0xE9, 0x31, 0x16, 0x95,
    0xB8, 0xAD, 0x67, 0x21, 0xC4, 0x10, 0xF1, 0x73, 0x53, 0x7C, 0xC4, 0x10, 0xC4, 0x10, 0xC4, 0x10,
    0xC4, 0x10, 0xAC, 0x4A, 0x57, 0x9D, 0x4B, 0x42, 0x06, 0x19, 0x06, 0x19, 0xE9, 0x31, 0x32, 0x7C,
    0x47, 0x21, 0xC4, 0x10, 0xC4, 0x10, 0xC4, 0x10, 0xC4, 0x10, 0xC4, 0x10, 0xC4, 0x10, 0xB0, 0x6B,
    0x94, 0x84, 0xC4, 0x10, 0xC4, 0x10, 0xED, 0x52, 0x98, 0xA5, 0x6B, 0x42, 0x05, 0x19, 0xE9, 0x31,
    0x36, 0x9D, 0xD1, 0x6B, 0xC4, 0x10, 0xC4, 0x10, 0xCD, 0x4A, 0x98, 0xA5, 0xED, 0x52, 0x26, 0x19,
    0x47, 0x21, 0x2E, 0x5B, 0x2A, 0x3A, 0xC4, 0x10, 0xC4, 0x10, 0x16, 0x95, 0x12, 0x7C, 0x26, 0x19,
    0x26, 0x19, 0x6F, 0x63, 0xB8, 0xAD, 0xD5, 0x8C, 0xC4, 0x10, 0xC4, 0x10, 0xB0, 0x6B, 0x94, 0x84,
    0xC4, 0x10, 0xC4, 0x10, 0xC4, 0x10, 0xC4, 0x10, 0xC4, 0x10, 0xC4, 0x10, 0xC4, 0x10, 0xF1, 0x73,
    0x53, 0x7C, 0xC4, 0x10, 0xC4, 0x10, 0xC4, 0x10, 0xC4, 0x10, 0xAC, 0x4A, 0x57, 0x9D, 0x4B, 0x42,
    0x06, 0x19, 0x06, 0x19, 0xE9, 0x31, 0x32, 0x7C, 0x47, 0x21, 0xC4, 0x10, 0xCD, 0x4A, 0x98, 0xA5,
    0xED, 0x52, 0x26, 0x19, 0x47, 0x21, 0x2E, 0x5B, 0x2A, 0x3A, 0xC4, 0x10, 0xED, 0x52, 0x98, 0xA5,
    0x6B, 0x42, 0x05, 0x19, 0xE9, 0x31, 0x36, 0x9D, 0xD1, 0x6B, 0xC4, 0x10, 0xC4, 0x10, 0x0E, 0x5B,
    0x57, 0x9D, 0x2A, 0x3A, 0xE5, 0x18, 0x2A, 0x3A, 0x57, 0x9D, 0xB8, 0xAD, 0x88, 0x29, 0xC4, 0x10,
    0xC4, 0x10, 0xF1, 0x73, 0x53, 0x7C, 0xC4, 0x10, 0xC4, 0x10, 0xC4, 0x10, 0x47, 0x21, 0xB8, 0xAD,
    0xE9, 0x31, 0xC4, 0x10, 0xB0, 0x6B, 0x94, 0x84, 0xC4, 0x10, 0xC4, 0x10, 0xC4, 0x10, 0x0E, 0x53,
    0x57, 0x9D, 0x46, 0x21, 0xC4, 0x10, 0xC4, 0x10, 0xB0, 0x6B, 0x94, 0x84, 0xC4, 0x10, 0xC4, 0x10,
    0xC4, 0x10, 0xED, 0x52, 0x98, 0xA5, 0x6B, 0x42, 0x05, 0x19, 0xE9, 0x31, 0x36, 0x9D, 0xD1, 0x6B,
    0xC4, 0x10, 0xC4, 0x10, 0xF1, 0x73, 0x53, 0x7C, 0xC4, 0x10, 0xC4, 0x10, 0xC4, 0x10, 0x47, 0x21,
    0xB8, 0xAD, 0xE9, 0x31, 0xC4, 0x10, 0xC4, 0x10, 0xC4, 0x10, 0xC4, 0x10, 0xC4, 0x10, 0xC4, 0x10,
    0xC4, 0x10, 0xD1, 0x73, 0xB8, 0xA5, 0x94, 0x84, 0xC4, 0x10, 0xC4, 0x10, 0x2E, 0x5B, 0xB8, 0xA5,
    0x36, 0x9D, 0xC4, 0x10, 0xC4, 0x10, 0xC4, 0x10, 0xB0, 0x6B, 0x94, 0x84, 0xC4, 0x10, 0xC4, 0x10,
    0x0E, 0x53, 0x57, 0x9D, 0x46, 0x21, 0xC4, 0x10, 0xC4, 0x10, 0xC4, 0x10, 0xF1, 0x73, 0x53, 0x7C,
    0xC4, 0x10, 0xC4, 0x10, 0xC4, 0x10, 0x47, 0x21, 0xB8, 0xAD, 0xE9, 0x31, 0xC4, 0x10, 0xC4, 0x10,
    0xC4, 0x10, 0xC4, 0x10, 0xC4, 0x10, 0xC4, 0x10, 0xC4, 0x10, 0x16, 0x95, 0x12, 0x7C, 0x26, 0x19,
    0x26, 0x19, 0x6F, 0x63, 0xB8, 0xAD, 0xD5, 0x8C, 0xC4, 0x10, 0xC4, 0x10, 0x0E, 0x53, 0x77, 0xA5,
    0x4A, 0x3A, 0x05, 0x19, 0x2A, 0x3A, 0x77, 0x9D, 0xB8, 0xAD, 0x88, 0x29, 0xC4, 0x10, 0x16, 0x95,
    0x12, 0x7C, 0x26, 0x19, 0x26, 0x19, 0x6F, 0x63, 0xB8, 0xAD, 0xD5, 0x8C, 0xC4, 0x10, 0xC4, 0x10,
    0xF1, 0x73, 0xB8, 0xAD, 0x12, 0x74, 0x47, 0x21, 0x46, 0x21, 0xF2, 0x73, 0x57, 0x9D, 0x06, 0x19,
    0xC4, 0x10, 0xC4, 0x10, 0x0E, 0x53, 0x57, 0x9D, 0x46, 0x21, 0xC4, 0x10, 0xC4, 0x10, 0xC4, 0x10,
    0xB0, 0x6B, 0x94, 0x84, 0xC4, 0x10, 0xC4, 0x10, 0xC4, 0x10, 0x26, 0x19, 0x98, 0xA5, 0xB5, 0x8C,
    0x57, 0x9D, 0xC5, 0x10, 0xC4, 0x10, 0xC4, 0x10, 0xC4, 0x10, 0xAC, 0x4A, 0x57, 0x9D, 0x4B, 0x42,
    0x06, 0x19, 0x06, 0x19, 0xE9, 0x31, 0x32, 0x7C, 0x47, 0x21, 0xC4, 0x10, 0xC4, 0x10, 0xC4, 0x10,
    0xC4, 0x10, 0xC4, 0x10, 0xC4, 0x10, 0xF1, 0x73, 0xB8, 0xAD, 0x12, 0x74, 0x47, 0x21, 0x46, 0x21,
    0xF2, 0x73, 0x57, 0x9D, 0x06, 0x19, 0xC4, 0x10, 0xED, 0x52, 0x98, 0xA5, 0x6B, 0x42, 0x05, 0x19,
    0xE9, 0x31, 0x36, 0x9D, 0xD1, 0x6B, 0xC4, 0x10, 0xC4, 0x10, 0xC4, 0x10, 0xC4, 0x10, 0xD1, 0x73,
    0xB8, 0xA5, 0x94, 0x84, 0xC4, 0x10, 0xC4, 0x10, 0x2E, 0x5B, 0xB8, 0xA5, 0x36, 0x9D, 0xC4, 0x10,
    0xC4, 0x10, 0xC4, 0x10, 0xAC, 0x4A, 0x57, 0x9D, 0x4B, 0x42, 0x06, 0x19, 0x06, 0x19, 0xE9, 0x31,
    0x32, 0x7C, 0x47, 0x21, 0xC4, 0x10, 0xF1, 0x73, 0x53, 0x7C, 0xC4, 0x10, 0xC4, 0x10, 0xC4, 0x10,
    0xC4, 0x10, 0xC4, 0x10, 0xC4, 0x10, 0xC4, 0x10, 0xC4, 0x10, 0xC4, 0x10, 0xF1, 0x73, 0x53, 0x7C,
    0xC4, 0x10, 0xC4, 0x10, 0xC4, 0x10, 0x6B, 0x42, 0xB8, 0xAD, 0xE5, 0x10, 0xC4, 0x10, 0xC4, 0x10,
    0xC5, 0x10, 0xB8, 0xAD, 0x6B, 0x42, 0xC4, 0x10, 0xC4, 0x10, 0x16, 0x95, 0x12, 0x7C, 0x26, 0x19,
    0x26, 0x19, 0x6F, 0x63, 0xB8, 0xAD, 0xD5, 0x8C, 0xC4, 0x10, 0xC4, 0x10, 0xF1, 0x73, 0x53, 0x7C,
    0xC4, 0x10, 0xC4, 0x10, 0xC4, 0x10, 0x47, 0x21, 0xB8, 0xAD, 0xE9, 0x31, 0xC4, 0x10, 0x16, 0x95,
    0x12, 0x7C, 0x26, 0x19, 0x26, 0x19, 0x6F, 0x63, 0xB8, 0xAD, 0xD5, 0x8C, 0xC4, 0x10, 0xC4, 0x10,
    0xC4, 0x10, 0x0E, 0x5B, 0x57, 0x9D, 0x2A, 0x3A, 0xE5, 0x18, 0x2A, 0x3A, 0x57, 0x9D, 0xB8, 0xAD,
    0x88, 0x29, 0xC4, 0x10, 0xAC, 0x4A, 0x57, 0x9D, 0x4B, 0x42, 0x06, 0x19, 0x06, 0x19, 0xE9, 0x31,
    0x32, 0x7C, 0x47, 0x21, 0xC4, 0x10, 0xF1, 0x73, 0x53, 0x7C, 0xC4, 0x10, 0xC4, 0x10, 0xC4, 0x10,
    0x6B, 0x42, 0xB8, 0xAD, 0xE5, 0x10, 0xC4, 0x10, 0xC4, 0x10, 0xC5, 0x10, 0xB8, 0xAD, 0x6B, 0x42,
    0xC4, 0x10, 0xC4, 0x10, 0xAC, 0x4A, 0x57, 0x9D, 0x4B, 0x42, 0x06, 0x19, 0x06, 0x19, 0xE9, 0x31,
    0x32, 0x7C, 0x47, 0x21, 0xC4, 0x10, 0xF1, 0x73, 0x53, 0x7C, 0xC4, 0x10, 0xC4, 0x10, 0xC4, 0x10,
    0x47, 0x21, 0xB8, 0xAD, 0xE9, 0x31, 0xC4, 0x10, 0xC4, 0x10, 0x0E, 0x53, 0x57, 0x9D, 0x46, 0x21,
    0xC4, 0x10, 0xC4, 0x10, 0xAC, 0x4A, 0xB8, 0xAD, 0x88, 0x29, 0xC4, 0x10, 0xC4, 0x10, 0xC4, 0x10,
    0xC4, 0x10, 0xC4, 0x10, 0xC4, 0x10, 0xC4, 0x10, 0xC4, 0x10, 0xC4, 0x10, 0xC4, 0x10, 0xC4, 0x10,
    0xC4, 0x10, 0xC4, 0x10, 0xC4, 0x10, 0xA8, 0x29, 0xD1, 0x6B, 0xF6, 0x94, 0x98, 0xA5, 0x36, 0x9D,
    0x32, 0x7C, 0xC9, 0x31, 0xC4, 0x10, 0xC4, 0x10, 0xC4, 0x10, 0x4B, 0x42, 0x94, 0x84, 0x98, 0xA5,
    0x57, 0x9D, 0x73, 0x84, 0x4B, 0x42, 0xC4, 0x10, 0xC4, 0x10, 0xC4, 0x10, 0xC4, 0x10, 0x6B, 0x42,
    0xB5, 0x8C, 0x98, 0xA5, 0x16, 0x95, 0x4F, 0x63, 0xE5, 0x10, 0xC4, 0x10, 0xC5, 0x10, 0x6F, 0x63,
    0x36, 0x9D, 0x77, 0xA5, 0x73, 0x84, 0xCD, 0x52, 0xB8, 0xAD, 0x67, 0x21, 0xC4, 0x10, 0xF1, 0x73,
    0x53, 0x7C, 0xC4, 0x10, 0xC4, 0x10, 0xC4, 0x10, 0xC4, 0x10, 0xC4, 0x10, 0x4B, 0x42, 0x94, 0x84,
    0x98, 0xA5, 0x57, 0x9D, 0x73, 0x84, 0x4B, 0x42, 0xC4, 0x10, 0xC4, 0x10, 0xC4, 0x10, 0xC4, 0x10,
    0xC4, 0x10, 0xC4, 0x10, 0xC4, 0x10, 0xB0, 0x6B, 0x94, 0x84, 0xC4, 0x10, 0xC4, 0x10, 0xC5, 0x10,
    0xED, 0x52, 0x16, 0x95, 0x98, 0xA5, 0x36, 0x9D, 0x6F, 0x63, 0xE5, 0x10, 0xC4, 0x10, 0xC4, 0x10,
    0xC4, 0x10, 0x6B, 0x42, 0xB5, 0x8C, 0x98, 0xA5, 0x16, 0x95, 0x4F, 0x63, 0xE5, 0x10, 0xC4, 0x10,
    0xC4, 0x10, 0xC8, 0x29, 0x94, 0x8C, 0x98, 0xA5, 0x57, 0x9D, 0x12, 0x74, 0xD1, 0x6B, 0xD5, 0x8C,
    0xC4, 0x10, 0xC4, 0x10, 0xB0, 0x6B, 0x94, 0x84, 0xC4, 0x10, 0xC4, 0x10, 0xC4, 0x10, 0xC4, 0x10,
    0xC4, 0x10, 0xC4, 0x10, 0xC4, 0x10, 0xF1, 0x73, 0x53, 0x7C, 0xC4, 0x10, 0xC4, 0x10, 0xC4, 0x10,
    0xC4, 0x10, 0xC4, 0x10, 0x4B, 0x42, 0x94, 0x84, 0x98, 0xA5, 0x57, 0x9D, 0x73, 0x84, 0x4B, 0x42,
    0xC4, 0x10, 0xC4, 0x10, 0xC4, 0x10, 0x6B, 0x42, 0xB5, 0x8C, 0x98, 0xA5, 0x16, 0x95, 0x4F, 0x63,
    0xE5, 0x10, 0xC4, 0x10, 0xC5, 0x10, 0xED, 0x52, 0x16, 0x95, 0x98, 0xA5, 0x36, 0x9D, 0x6F, 0x63,
    0xE5, 0x10, 0xC4, 0x10, 0xC4, 0x10, 0xC5, 0x10, 0x4F, 0x63, 0x57, 0x9D, 0x98, 0xA5, 0xB4, 0x8C,
    0xED, 0x52, 0xB8, 0xAD, 0x67, 0x21, 0xC4, 0x10, 0xC4, 0x10, 0xF1, 0x73, 0x53, 0x7C, 0xC4, 0x10,
    0xC4, 0x10, 0xC4, 0x10, 0x47, 0x21, 0xB8, 0xAD, 0xE9, 0x31, 0xC4, 0x10, 0xB0, 0x6B, 0x94, 0x84,
    0xC4, 0x10, 0xC4, 0x10, 0xC4, 0x10, 0x06, 0x19, 0x32, 0x7C, 0x77, 0x9D, 0xB8, 0xAD, 0x4F, 0x63,
    0xB0, 0x6B, 0x94, 0x84, 0xC4, 0x10, 0xC4, 0x10, 0xC4, 0x10, 0xC5, 0x10, 0xED, 0x52, 0x16, 0x95,
    0x98, 0xA5, 0x36, 0x9D, 0x6F, 0x63, 0xE5, 0x10, 0xC4, 0x10, 0xC4, 0x10, 0xF1, 0x73, 0x53, 0x7C,
    0xC4, 0x10, 0xC4, 0x10, 0xC4, 0x10, 0x47, 0x21, 0xB8, 0xAD, 0xE9, 0x31, 0xC4, 0x10, 0xC4, 0x10,
    0xC4, 0x10, 0xC4, 0x10, 0xC4, 0x10, 0xC4, 0x10, 0xC4, 0x10, 0x8C, 0x42, 0xB8, 0xAD, 0x2E, 0x5B,
    0xC4, 0x10, 0xC4, 0x10, 0xE9, 0x31, 0xB8, 0xAD, 0xF1, 0x73, 0xC4, 0x10, 0xC4, 0x10, 0xC4, 0x10,
    0xB0, 0x6B, 0x94, 0x84, 0xC4, 0x10, 0xC4, 0x10, 0x06, 0x19, 0x32, 0x7C, 0x77, 0x9D, 0xB8, 0xAD,
    0x4F, 0x63, 0xC4, 0x10, 0xF1, 0x73, 0x53, 0x7C, 0xC4, 0x10, 0xC4, 0x10, 0xC4, 0x10, 0x47, 0x21,
    0xB8, 0xAD, 0xE9, 0x31, 0xC4, 0x10, 0xC4, 0x10, 0xC4, 0x10, 0xC4, 0x10, 0xC4, 0x10, 0xC4, 0x10,
    0xC4, 0x10, 0xC8, 0x29, 0x94, 0x8C, 0x98, 0xA5, 0x57, 0x9D, 0x12, 0x74, 0xD1, 0x6B, 0xD5, 0x8C,
    0xC4, 0x10, 0xC4, 0x10, 0xC5, 0x10, 0x4F, 0x5B, 0x57, 0x9D, 0x98, 0xA5, 0xB4, 0x8C, 0xCD, 0x52,
    0xB8, 0xAD, 0x88, 0x29, 0xC4, 0x10, 0xC8, 0x29, 0x94, 0x8C, 0x98, 0xA5, 0x57, 0x9D, 0x12, 0x74,
    0xD1, 0x6B, 0xD5, 0x8C, 0xC4, 0x10, 0xC4, 0x10, 0xF1, 0x73, 0x73, 0x84, 0x6F, 0x63, 0x16, 0x95,
    0x98, 0xA5, 0x94, 0x84, 0xC8, 0x29, 0xC4, 0x10, 0xC4, 0x10, 0xC4, 0x10, 0x06, 0x19, 0x32, 0x7C,
    0x77, 0x9D, 0xB8, 0xAD, 0x4F, 0x63, 0xC4, 0x10, 0xB0, 0x6B, 0x94, 0x84, 0xC4, 0x10, 0xC4, 0x10,
    0xC4, 0x10, 0xC4, 0x10, 0x12, 0x7C, 0xB8, 0xAD, 0x6F, 0x63, 0xC4, 0x10, 0xC4, 0x10, 0xC4, 0x10,
    0xC4, 0x10, 0xC4, 0x10, 0x4B, 0x42, 0x94, 0x84, 0x98, 0xA5, 0x57, 0x9D, 0x73, 0x84, 0x4B, 0x42,
    0xC4, 0x10, 0xC4, 0x10, 0xC4, 0x10, 0xC4, 0x10, 0xC4, 0x10, 0xC4, 0x10, 0xC4, 0x10, 0xF1, 0x73,
    0x73, 0x84, 0x6F, 0x63, 0x16, 0x95, 0x98, 0xA5, 0x94, 0x84, 0xC8, 0x29, 0xC4, 0x10, 0xC4, 0x10,
    0xC5, 0x10, 0xED, 0x52, 0x16, 0x95, 0x98, 0xA5, 0x36, 0x9D, 0x6F, 0x63, 0xE5, 0x10, 0xC4, 0x10,
    0xC4, 0x10, 0xC4, 0x10, 0xC4, 0x10, 0x8C, 0x42, 0xB8, 0xAD, 0x2E, 0x5B, 0xC4, 0x10, 0xC4, 0x10,
    0xE9, 0x31, 0xB8, 0xAD, 0xF1, 0x73, 0xC4, 0x10, 0xC4, 0x10, 0xC4, 0x10, 0xC4, 0x10, 0x4B, 0x42,
    0x94, 0x84, 0x98, 0xA5, 0x57, 0x9D, 0x73, 0x84, 0x4B, 0x42, 0xC4, 0x10, 0xC4, 0x10, 0xF1, 0x73,
    0x53, 0x7C, 0xC4, 0x10, 0xC4, 0x10, 0xC4, 0x10, 0xC4, 0x10, 0xC4, 0x10, 0xC4, 0x10, 0xC4, 0x10,
    0xC4, 0x10, 0xC4, 0x10, 0xF1, 0x73, 0x53, 0x7C, 0xC4, 0x10, 0xC4, 0x10, 0xC4, 0x10, 0x6B, 0x42,
    0xB8, 0xAD, 0xE5, 0x10, 0xC4, 0x10, 0xC4, 0x10, 0xC5, 0x10, 0xB8, 0xAD, 0x6B, 0x42, 0xC4, 0x10,
    0xC4, 0x10, 0xC8, 0x29, 0x94, 0x8C, 0x98, 0xA5, 0x57, 0x9D, 0x12, 0x74, 0xD1, 0x6B, 0xD5, 0x8C,
    0xC4, 0x10, 0xC4, 0x10, 0xF1, 0x73, 0x53, 0x7C, 0xC4, 0x10, 0xC4, 0x10, 0xC4, 0x10, 0x47, 0x21,
    0xB8, 0xAD, 0xE9, 0x31, 0xC4, 0x10, 0xC8, 0x29, 0x94, 0x8C, 0x98, 0xA5, 0x57, 0x9D, 0x12, 0x74,
    0xD1, 0x6B, 0xD5, 0x8C, 0xC4, 0x10, 0xC4, 0x10, 0xC4, 0x10, 0xC5, 0x10, 0x4F, 0x63, 0x57, 0x9D,
    0x98, 0xA5, 0xB4, 0x8C, 0xED, 0x52, 0xB8, 0xAD, 0x67, 0x21, 0xC4, 0x10, 0xC4, 0x10, 0x4B, 0x42,
    0x94, 0x84, 0x98, 0xA5, 0x57, 0x9D, 0x73, 0x84, 0x4B, 0x42, 0xC4, 0x10, 0xC4, 0x10, 0xF1, 0x73,
    0x53, 0x7C, 0xC4, 0x10, 0xC4, 0x10, 0xC4, 0x10, 0x6B, 0x42, 0xB8, 0xAD, 0xE5, 0x10, 0xC4, 0x10,
    0xC4, 0x10, 0xC5, 0x10, 0xB8, 0xAD, 0x6B, 0x42, 0xC4, 0x10, 0xC4, 0x10, 0xC4, 0x10, 0x4B, 0x42,
    0x94, 0x84, 0x98, 0xA5, 0x57, 0x9D, 0x73, 0x84, 0x4B, 0x42, 0xC4, 0x10, 0xC4, 0x10, 0xF1, 0x73,
    0x53, 0x7C, 0xC4, 0x10, 0xC4, 0x10, 0xC4, 0x10, 0x47, 0x21, 0xB8, 0xAD, 0xE9, 0x31, 0xC4, 0x10,
    0xC4, 0x10, 0x06, 0x19, 0x32, 0x7C, 0x77, 0x9D, 0xB8, 0xAD, 0x4F, 0x63, 0xAC, 0x4A, 0xB8, 0xAD,
    0x88, 0x29, 0xC4, 0x10, 0xC4, 0x10, 0xC4, 0x10, 0xC4, 0x10, 0xC4, 0x10, 0xC4, 0x10, 0xC4, 0x10,
    0xC4, 0x10, 0xC4, 0x10, 0xC4, 0x10, 0xC4, 0x10, 0xC4, 0x10, 0xC4, 0x10, 0xC4, 0x10, 0xC4, 0x10,
    0xC4, 0x10, 0xC4, 0x10, 0xC4, 0x10, 0xC4, 0x10, 0xC4, 0x10, 0xC4, 0x10, 0xC4, 0x10, 0xC4, 0x10,
    0xC4, 0x10, 0xC4, 0x10, 0xC4, 0x10, 0xC4, 0x10, 0xC4, 0x10, 0xC4, 0x10, 0xC4, 0x10, 0xC4, 0x10,
    0xC4, 0x10, 0xC4, 0x10, 0xC4, 0x10, 0xC4, 0x10, 0xC4, 0x10, 0xC4, 0x10, 0xC4, 0x10, 0xC4, 0x10,
    0xC4, 0x10, 0xC4, 0x10, 0xC4, 0x10, 0xC4, 0x10, 0xC4, 0x10, 0xC4, 0x10, 0xC4, 0x10, 0xC4, 0x10,
    0xC4, 0x10, 0xC4, 0x10, 0xC4, 0x10, 0xC4, 0x10, 0xC4, 0x10, 0xC4, 0x10, 0xC4, 0x10, 0xC4, 0x10,
    0xC4, 0x10, 0xC4, 0x10, 0xC4, 0x10, 0xC4, 0x10, 0xC4, 0x10, 0xC4, 0x10, 0xC4, 0x10, 0xC4, 0x10,
    0xC4, 0x10, 0xC4, 0x10, 0xC4, 0x10, 0xC4, 0x10, 0xC4, 0x10, 0xC4, 0x10, 0xC4, 0x10, 0xC4, 0x10,
    0xC4, 0x10, 0xC4, 0x10, 0xC4, 0x10, 0xC4, 0x10, 0xC4, 0x10, 0xC4, 0x10, 0xC4, 0x10, 0xC4, 0x10,
    0xC4, 0x10, 0xC4, 0x10, 0xC4, 0x10, 0xC4, 0x10, 0xC4, 0x10, 0xC4, 0x10, 0xC4, 0x10, 0xC4, 0x10,
    0xC4, 0x10, 0xC4, 0x10, 0xC4, 0x10, 0xC4, 0x10, 0xC4, 0x10, 0xC4, 0x10, 0xC4, 0x10, 0xC4, 0x10,
    0xC4, 0x10, 0xC4, 0x10, 0xC4, 0x10, 0xC4, 0x10, 0xC4, 0x10, 0xC4, 0x10, 0xC4, 0x10, 0xC4, 0x10,
    0xC4, 0x10, 0xC4, 0x10, 0xC4, 0x10, 0xC4, 0x10, 0xC4, 0x10, 0xC4, 0x10, 0xC4, 0x10, 0xC4, 0x10,
    0xC4, 0x10, 0xC4, 0x10, 0xC4, 0x10, 0xC4, 0x10, 0xC4, 0x10, 0xC4, 0x10, 0xC4, 0x10, 0xC4, 0x10,
    0xC4, 0x10, 0xC4, 0x10, 0xC4, 0x10, 0xC4, 0x10, 0xC4, 0x10, 0xC4, 0x10, 0xC4, 0x10, 0xC4, 0x10,
    0xC4, 0x10, 0xC4, 0x10, 0xC4, 0x10, 0xC4, 0x10, 0xC4, 0x10, 0xC4, 0x10, 0xC4, 0x10, 0xC4, 0x10,
    0xC4, 0x10, 0xC4, 0x10, 0xC4, 0x10, 0xC4, 0x10, 0xC4, 0x10, 0xC4, 0x10, 0xC4, 0x10, 0xC4, 0x10,
    0xC4, 0x10, 0xC4, 0x10, 0xC4, 0x10, 0xC4, 0x10, 0xCD, 0x52, 0x98, 0xA5, 0xE5, 0x10, 0xC4, 0x10,
    0xC4, 0x10, 0xC4, 0x10, 0xC4, 0x10, 0xC4, 0x10, 0xC4, 0x10, 0xC4, 0x10, 0xC4, 0x10, 0xC4, 0x10,
    0xC4, 0x10, 0xC4, 0x10, 0xC4, 0x10, 0xC4, 0x10, 0xC4, 0x10, 0xC4, 0x10, 0xC4, 0x10, 0xC4, 0x10,
    0xC4, 0x10, 0xC4, 0x10, 0xC4, 0x10, 0xC4, 0x10, 0xC4, 0x10, 0xC4, 0x10, 0xC4, 0x10, 0xC4, 0x10,
    0xC4, 0x10, 0xC4, 0x10, 0xC4, 0x10, 0xC4, 0x10, 0xC4, 0x10, 0xC4, 0x10, 0xC4, 0x10, 0xC4, 0x10,
    0xC4, 0x10, 0xC4, 0x10, 0xC4, 0x10, 0xC4, 0x10, 0xC4, 0x10, 0xC4, 0x10, 0xC4, 0x10, 0xC4, 0x10,
    0xC4, 0x10, 0xC4, 0x10, 0xC4, 0x10, 0xC4, 0x10, 0xC4, 0x10, 0xC4, 0x10, 0xC4, 0x10, 0xC4, 0x10,
    0xC4, 0x10, 0xC4, 0x10, 0xC4, 0x10, 0xC4, 0x10, 0xC4, 0x10, 0xC4, 0x10, 0xC4, 0x10, 0xC4, 0x10,
    0xC4, 0x10, 0xC4, 0x10, 0xC4, 0x10, 0xC4, 0x10, 0xC4, 0x10, 0xC4, 0x10, 0xC4, 0x10, 0xC4, 0x10,
    0xC4, 0x10, 0xC4, 0x10, 0xC4, 0x10, 0xC4, 0x10, 0xC4, 0x10, 0xC4, 0x10, 0xC4, 0x10, 0xC4, 0x10,
    0xC4, 0x10, 0xC4, 0x10, 0xC4, 0x10, 0xC4, 0x10, 0xC4, 0x10, 0xC4, 0x10, 0xC4, 0x10, 0xC4, 0x10,
    0xC4, 0x10, 0xC4, 0x10, 0xC4, 0x10, 0xC4, 0x10, 0xC4, 0x10, 0xC4, 0x10, 0xC4, 0x10, 0xC4, 0x10,
    0xC4, 0x10, 0xC4, 0x10, 0xC4, 0x10, 0xC4, 0x10, 0xC4, 0x10, 0xC4, 0x10, 0xC4, 0x10, 0xC4, 0x10,
    0xC4, 0x10, 0xC4, 0x10, 0xC4, 0x10, 0xC4, 0x10, 0xC4, 0x10, 0xC4, 0x10, 0xC4, 0x10, 0xC4, 0x10,
    0xC4, 0x10, 0xC4, 0x10, 0xC4, 0x10, 0xC4, 0x10, 0xC4, 0x10, 0xC4, 0x10, 0xC4, 0x10, 0xC4, 0x10,
    0xF1, 0x73, 0x53, 0x7C, 0xC4, 0x10, 0xC4, 0x10, 0xC4, 0x10, 0xC4, 0x10, 0xC4, 0x10, 0xC4, 0x10,
    0xC4, 0x10, 0xC4, 0x10, 0xC4, 0x10, 0xC4, 0x10, 0xC4, 0x10, 0xC4, 0x10, 0xC4, 0x10, 0xC4, 0x10,
    0xC4, 0x10, 0xC4, 0x10, 0xC4, 0x10, 0xC4, 0x10, 0xC4, 0x10, 0xC4, 0x10, 0xC4, 0x10, 0xC4, 0x10,
    0xC4, 0x10, 0xC4, 0x10, 0xC4, 0x10, 0xC4, 0x10, 0xC4, 0x10, 0xC4, 0x10, 0xC4, 0x10, 0xC4, 0x10,
    0xC4, 0x10, 0xC4, 0x10, 0xC4, 0x10, 0xC4, 0x10, 0xC4, 0x10, 0xC4, 0x10, 0xC4, 0x10, 0xC4, 0x10,
    0xC4, 0x10, 0xC4, 0x10, 0xC4, 0x10, 0xF1, 0x73, 0x53, 0x7C, 0xC4, 0x10, 0xC4, 0x10, 0xC4, 0x10,
    0xC4, 0x10, 0xC4, 0x10, 0xC4, 0x10, 0xC4, 0x10, 0xC4, 0x10, 0xC4, 0x10, 0xC4, 0x10, 0xC4, 0x10,
    0xC4, 0x10, 0xC4, 0x10, 0xC4, 0x10, 0xC4, 0x10, 0xC4, 0x10, 0xC4, 0x10, 0xC4, 0x10, 0xC4, 0x10,
    0xC4, 0x10, 0xC4, 0x10, 0xC4, 0x10, 0xC4, 0x10, 0xC4, 0x10, 0xC4, 0x10, 0xC4, 0x10, 0xC4, 0x10,
    0xC4, 0x10, 0xC4, 0x10, 0xC4, 0x10, 0xC4, 0x10, 0xC4, 0x10, 0xC4, 0x10, 0xC4, 0x10, 0xC4, 0x10,
    0xC4, 0x10, 0xC4, 0x10, 0xC4, 0x10, 0xC4, 0x10, 0xC4, 0x10, 0xC4, 0x10, 0xC4, 0x10, 0xC4, 0x10,
    0xC4, 0x10, 0xC4, 0x10, 0xC4, 0x10, 0xC4, 0x10, 0xC4, 0x10, 0xC4, 0x10, 0xC4, 0x10, 0xC4, 0x10,
    0xC4, 0x10, 0xC4, 0x10, 0xC4, 0x10, 0xC4, 0x10, 0xC4, 0x10, 0xC4, 0x10, 0xC4, 0x10, 0xC4, 0x10,
    0xC4, 0x10, 0xC4, 0x10, 0xC4, 0x10, 0xC4, 0x10, 0xC4, 0x10, 0xC4, 0x10, 0xC4, 0x10, 0xC4, 0x10,
    0xC4, 0x10, 0xC4, 0x10, 0xC4, 0x10, 0xC4, 0x10, 0xC4, 0x10, 0xC4, 0x10, 0xC4, 0x10, 0xC4, 0x10,
    0xC4, 0x10, 0xC4, 0x10, 0xC4, 0x10, 0xC4, 0x10, 0xC4, 0x10, 0xC4, 0x10, 0xC4, 0x10, 0xC4, 0x10,
    0xC4, 0x10, 0xC4, 0x10, 0xC4, 0x10, 0xC4, 0x10, 0xC4, 0x10, 0xC4, 0x10, 0xC4, 0x10, 0xC4, 0x10,
    0xC4, 0x10, 0xC4, 0x10, 0xC4, 0x10, 0xC4, 0x10, 0xC4, 0x10, 0xC4, 0x10, 0xCD, 0x52, 0x98, 0xA5,
    0xE5, 0x10, 0xC4, 0x10, 0xC4, 0x10, 0xC4, 0x10, 0xC4, 0x10, 0xC4, 0x10, 0xC4, 0x10, 0xC4, 0x10,
    0xC4, 0x10, 0xC4, 0x10, 0xC4, 0x10, 0xC4, 0x10, 0xC4, 0x10, 0xC4, 0x10, 0xC4, 0x10, 0xC4, 0x10,
    0xC4, 0x10, 0xC4, 0x10, 0xC4, 0x10, 0xC4, 0x10, 0xC4, 0x10, 0xC4, 0x10, 0xC4, 0x10, 0xC4, 0x10,
    0xC4, 0x10, 0xC4, 0x10, 0xC4, 0x10, 0xC4, 0x10, 0xC4, 0x10, 0xC4, 0x10, 0xC4, 0x10, 0xC4, 0x10,
    0xC4, 0x10, 0xC4, 0x10, 0xC4, 0x10, 0xC4, 0x10, 0xC4, 0x10, 0xC4, 0x10, 0xC4, 0x10, 0xC4, 0x10,
    0xC4, 0x10, 0xC4, 0x10, 0xC4, 0x10, 0xC4, 0x10, 0xC4, 0x10, 0xC4, 0x10, 0xC4, 0x10, 0xC4, 0x10,
    0xC4, 0x10, 0xC4, 0x10, 0xC4, 0x10, 0xC4, 0x10, 0xC4, 0x10, 0xC4, 0x10, 0xC4, 0x10, 0xC4, 0x10,
    0xC4, 0x10, 0xC4, 0x10, 0xC4, 0x10, 0xC4, 0x10, 0xC4, 0x10, 0xC4, 0x10, 0xC4, 0x10, 0xC4, 0x10,
    0xC4, 0x10, 0xC4, 0x10, 0xC4, 0x10, 0xC4, 0x10, 0xC4, 0x10, 0xC4, 0x10, 0xC4, 0x10, 0xC4, 0x10,
    0xC4, 0x10, 0xC4, 0x10, 0xC4, 0x10, 0xC4, 0x10, 0xC4, 0x10, 0xC4, 0x10, 0xC4, 0x10, 0xC4, 0x10,
    0xC4, 0x10, 0xC4, 0x10, 0xC4, 0x10, 0xC4, 0x10, 0xC4, 0x10, 0xC4, 0x10, 0xC4, 0x10, 0xC4, 0x10,
    0xC4, 0x10, 0xC4, 0x10, 0xC4, 0x10, 0xC4, 0x10, 0xC4, 0x10, 0xC4, 0x10, 0xC4, 0x10, 0xC4, 0x10,
    0xC4, 0x10, 0xC4, 0x10, 0xC4, 0x10, 0xC4, 0x10, 0xC4, 0x10, 0xC4, 0x10, 0xC4, 0x10, 0xC4, 0x10,
    0xC4, 0x10, 0xC4, 0x10, 0xC4, 0x10, 0xC4, 0x10, 0xC4, 0x10, 0xC4, 0x10, 0xC4, 0x10, 0xC4, 0x10,
    0xC4, 0x10, 0xC4, 0x10, 0xC4, 0x10, 0xC4, 0x10, 0xC4, 0x10, 0xC4, 0x10, 0xC4, 0x10, 0xC4, 0x10,
    0xC4, 0x10, 0xC4, 0x10, 0xC4, 0x10, 0xC4, 0x10, 0xC4, 0x10, 0xC4, 0x10, 0xC4, 0x10, 0xC4, 0x10,
    0xC4, 0x10, 0xC4, 0x10, 0xC4, 0x10, 0xC4, 0x10, 0xC4, 0x10, 0xC4, 0x10, 0xC4, 0x10, 0xC4, 0x10,
    0xC4, 0x10, 0xC4, 0x10, 0xC4, 0x10, 0xC4, 0x10, 0xC4, 0x10, 0xC4, 0x10, 0xC4, 0x10, 0xC4, 0x10,
    0xC4, 0x10, 0xC4, 0x10, 0xC4, 0x10, 0xC4, 0x10, 0xC4, 0x10, 0xC4, 0x10, 0xC4, 0x10, 0xC4, 0x10,
    0xC4, 0x10, 0xC4, 0x10, 0xC4, 0x10, 0xC4, 0x10, 0xC4, 0x10, 0xC4, 0x10, 0xC4, 0x10, 0xC4, 0x10,
    0xC4, 0x10, 0xC4, 0x10, 0xC4, 0x10, 0xC4, 0x10, 0xC4, 0x10, 0xC4, 0x10, 0xC4, 0x10, 0xC4, 0x10,
    0xC4, 0x10, 0xC4, 0x10, 0xC4, 0x10, 0xC4, 0x10, 0xC4, 0x10, 0xC4, 0x10, 0xC4, 0x10, 0xC4, 0x10,
    0xC4, 0x10, 0xC4, 0x10, 0xC4, 0x10, 0xC4, 0x10, 0xC4, 0x10, 0xC4, 0x10, 0xC4, 0x10, 0xC4, 0x10,
    0xC4, 0x10, 0xC4, 0x10, 0xC4, 0x10, 0xC4, 0x10, 0xC4, 0x10, 0xC4, 0x10, 0xC4, 0x10, 0xC4, 0x10,
    0xC4, 0x10, 0xC4, 0x10, 0xC4, 0x10, 0x88, 0x29, 0x4F, 0x5B, 0x67, 0x21, 0x05, 0x19, 0x2A, 0x3A,
    0x57, 0x9D, 0xB0, 0x6B, 0xC4, 0x10, 0xC4, 0x10, 0xC4, 0x10, 0xC4, 0x10, 0xC4, 0x10, 0xC4, 0x10,
    0xC4, 0x10, 0xC4, 0x10, 0xC4, 0x10, 0xC4, 0x10, 0xC4, 0x10, 0xC4, 0x10, 0xC4, 0x10, 0xC4, 0x10,
    0xC4, 0x10, 0xC4, 0x10, 0xC4, 0x10, 0xC4, 0x10, 0xC4, 0x10, 0xC4, 0x10, 0xC4, 0x10, 0xC4, 0x10,
    0xC4, 0x10, 0xC4, 0x10, 0xC4, 0x10, 0xC4, 0x10, 0xC4, 0x10, 0xC4, 0x10, 0xC4, 0x10, 0xC4, 0x10,
    0xC4, 0x10, 0xC4, 0x10, 0xC4, 0x10, 0xC4, 0x10, 0xC4, 0x10, 0xC4, 0x10, 0xC4, 0x10, 0xC4, 0x10,
    0xC4, 0x10, 0xC4, 0x10, 0xC4, 0x10, 0xC4, 0x10, 0xC4, 0x10, 0xC4, 0x10, 0xC4, 0x10, 0xC4, 0x10,
    0xC4, 0x10, 0xC4, 0x10, 0xC4, 0x10, 0xC4, 0x10, 0xC4, 0x10, 0xC4, 0x10, 0xC4, 0x10, 0xC4, 0x10,
    0xC4, 0x10, 0xC4, 0x10, 0xC4, 0x10, 0xC4, 0x10, 0xC4, 0x10, 0xC4, 0x10, 0xC4, 0x10, 0xC4, 0x10,
    0xC4, 0x10, 0xC4, 0x10, 0xC4, 0x10, 0xC4, 0x10, 0xC4, 0x10, 0xC4, 0x10, 0xC4, 0x10, 0xC4, 0x10,
    0xC4, 0x10, 0xC4, 0x10, 0xC4, 0x10, 0xC4, 0x10, 0xC4, 0x10, 0xC4, 0x10, 0xC4, 0x10, 0xC4, 0x10,
    0xC4, 0x10, 0xC4, 0x10, 0xC4, 0x10, 0xC4, 0x10, 0xC4, 0x10, 0xC4, 0x10, 0xC4, 0x10, 0xC4, 0x10,
    0xC4, 0x10, 0xC4, 0x10, 0xC4, 0x10, 0xC4, 0x10, 0xC4, 0x10, 0xC4, 0x10, 0xC4, 0x10, 0xC4, 0x10,
    0xC4, 0x10, 0xC4, 0x10, 0xC4, 0x10, 0xC4, 0x10, 0xC4, 0x10, 0xC4, 0x10, 0xC4, 0x10, 0xC4, 0x10,
    0xC4, 0x10, 0xC4, 0x10, 0xC4, 0x10, 0xC4, 0x10, 0xC4, 0x10, 0xC4, 0x10, 0xC4, 0x10, 0xC4, 0x10,
    0xC4, 0x10, 0xC4, 0x10, 0xC4, 0x10, 0xC4, 0x10, 0xF1, 0x73, 0x53, 0x7C, 0xC4, 0x10, 0xC4, 0x10,
    0xC4, 0x10, 0xC4, 0x10, 0xC4, 0x10, 0xC4, 0x10, 0xC4, 0x10, 0xC4, 0x10, 0xC4, 0x10, 0xC4, 0x10,
    0xC4, 0x10, 0xC4, 0x10, 0xC4, 0x10, 0xC4, 0x10, 0xC4, 0x10, 0xC4, 0x10, 0xC4, 0x10, 0xC4, 0x10,
    0xC4, 0x10, 0xC4, 0x10, 0xC4, 0x10, 0xC4, 0x10, 0xC4, 0x10, 0xC4, 0x10, 0xC4, 0x10, 0xC4, 0x10,
    0xC4, 0x10, 0xC4, 0x10, 0xC4, 0x10, 0xC4, 0x10, 0xC4, 0x10, 0xC4, 0x10, 0xC4, 0x10, 0xC4, 0x10,
    0xC4, 0x10, 0xC4, 0x10, 0xC4, 0x10, 0xC4, 0x10, 0xC4, 0x10, 0xC4, 0x10, 0xC4, 0x10, 0xF1, 0x73,
    0x53, 0x7C, 0xC4, 0x10, 0xC4, 0x10, 0xC4, 0x10, 0xC4, 0x10, 0xC4, 0x10, 0xC4, 0x10, 0xC4, 0x10,
    0xC4, 0x10, 0xC4, 0x10, 0xC4, 0x10, 0xC4, 0x10, 0xC4, 0x10, 0xC4, 0x10, 0xC4, 0x10, 0xC4, 0x10,
    0xC4, 0x10, 0xC4, 0x10, 0xC4, 0x10, 0xC4, 0x10, 0xC4, 0x10, 0xC4, 0x10, 0xC4, 0x10, 0xC4, 0x10,
    0xC4, 0x10, 0xC4, 0x10, 0xC4, 0x10, 0xC4, 0x10, 0xC4, 0x10, 0xC4, 0x10, 0xC4, 0x10, 0xC4, 0x10,
    0xC4, 0x10, 0xC4, 0x10, 0xC4, 0x10, 0xC4, 0x10, 0xC4, 0x10, 0xC4, 0x10, 0xC4, 0x10, 0xC4, 0x10,
    0xC4, 0x10, 0xC4, 0x10, 0xC4, 0x10, 0xC4, 0x10, 0xC4, 0x10, 0xC4, 0x10, 0xC4, 0x10, 0xC4, 0x10,
    0xC4, 0x10, 0xC4, 0x10, 0xC4, 0x10, 0xC4, 0x10, 0xC4, 0x10, 0xC4, 0x10, 0xC4, 0x10, 0xC4, 0x10,
    0xC4, 0x10, 0xC4, 0x10, 0xC4, 0x10, 0xC4, 0x10, 0xC4, 0x10, 0xC4, 0x10, 0xC4, 0x10, 0xC4, 0x10,
    0xC4, 0x10, 0xC4, 0x10, 0xC4, 0x10, 0xC4, 0x10, 0xC4, 0x10, 0xC4, 0x10, 0xC4, 0x10, 0xC4, 0x10,
    0xC4, 0x10, 0xC4, 0x10, 0xC4, 0x10, 0xC4, 0x10, 0xC4, 0x10, 0xC4, 0x10, 0xC4, 0x10, 0xC4, 0x10,
    0xC4, 0x10, 0xC4, 0x10, 0xC4, 0x10, 0xC4, 0x10, 0xC4, 0x10, 0xC4, 0x10, 0xC4, 0x10, 0xC4, 0x10,
    0xC4, 0x10, 0xC4, 0x10, 0xC4, 0x10, 0xC4, 0x10, 0xC4, 0x10, 0x88, 0x29, 0x4F, 0x5B, 0x67, 0x21,
    0x05, 0x19, 0x2A, 0x3A, 0x57, 0x9D, 0xB0, 0x6B, 0xC4, 0x10, 0xC4, 0x10, 0xC4, 0x10, 0xC4, 0x10,
    0xC4, 0x10, 0xC4, 0x10, 0xC4, 0x10, 0xC4, 0x10, 0xC4, 0x10, 0xC4, 0x10, 0xC4, 0x10, 0xC4, 0x10,
    0xC4, 0x10, 0xC4, 0x10, 0xC4, 0x10, 0xC4, 0x10, 0xC4, 0x10, 0xC4, 0x10, 0xC4, 0x10, 0xC4, 0x10,
    0xC4, 0x10, 0xC4, 0x10, 0xC4, 0x10, 0xC4, 0x10, 0xC4, 0x10, 0xC4, 0x10, 0xC4, 0x10, 0xC4, 0x10,
    0xC4, 0x10, 0xC4, 0x10, 0xC4, 0x10, 0xC4, 0x10, 0xC4, 0x10, 0xC4, 0x10, 0xC4, 0x10, 0xC4, 0x10,
    0xC4, 0x10, 0xC4, 0x10, 0xC4, 0x10, 0xC4, 0x10, 0xC4, 0x10, 0xC4, 0x10, 0xC4, 0x10, 0xC4, 0x10,
    0xC4, 0x10, 0xC4, 0x10, 0xC4, 0x10, 0xC4, 0x10, 0xC4, 0x10, 0xC4, 0x10, 0xC4, 0x10, 0xC4, 0x10,
    0xC4, 0x10, 0xC4, 0x10, 0xC4, 0x10, 0xC4, 0x10, 0xC4, 0x10, 0xC4, 0x10, 0xC4, 0x10, 0xC4, 0x10,
    0xC4, 0x10, 0xC4, 0x10, 0xC4, 0x10, 0xC4, 0x10, 0xC4, 0x10, 0xC4, 0x10, 0xC4, 0x10, 0xC4, 0x10,
    0xC4, 0x10, 0xC4, 0x10, 0xC4, 0x10, 0xC4, 0x10, 0xC4, 0x10, 0xC4, 0x10, 0xC4, 0x10, 0xC4, 0x10,
    0xC4, 0x10, 0xC4, 0x10, 0xC4, 0x10, 0xC4, 0x10, 0xC4, 0x10, 0xC4, 0x10, 0xC4, 0x10, 0xC4, 0x10,
    0xC4, 0x10, 0xC4, 0x10, 0xC4, 0x10, 0xC4, 0x10, 0xC4, 0x10, 0xC4, 0x10, 0xC4, 0x10, 0xC4, 0x10,
    0xC4, 0x10, 0xC4, 0x10, 0xC4, 0x10, 0xC4, 0x10, 0xC4, 0x10, 0xC4, 0x10, 0xC4, 0x10, 0xC4, 0x10,
    0xC4, 0x10, 0xC4, 0x10, 0xC4, 0x10, 0xC4, 0x10, 0xC4, 0x10, 0xC4, 0x10, 0xC4, 0x10, 0xC4, 0x10,
    0xC4, 0x10, 0xC4, 0x10, 0xC4, 0x10, 0xC4, 0x10, 0xC4, 0x10, 0xC4, 0x10, 0xC4, 0x10, 0xC4, 0x10,
    0xC4, 0x10, 0xC4, 0x10, 0xC4, 0x10, 0xC4, 0x10, 0xC4, 0x10, 0xC4, 0x10, 0xC4, 0x10, 0xC4, 0x10,
    0xC4, 0x10, 0xC4, 0x10, 0xC4, 0x10, 0xC4, 0x10, 0xC4, 0x10, 0xC4, 0x10, 0xC4, 0x10, 0xC4, 0x10,
    0xC4, 0x10, 0xC4, 0x10, 0xC4, 0x10, 0xC4, 0x10, 0xC4, 0x10, 0xC4, 0x10, 0xC4, 0x10, 0xC4, 0x10,
    0xC4, 0x10, 0xC4, 0x10, 0xC4, 0x10, 0xC4, 0x10, 0xC4, 0x10, 0xC4, 0x10, 0xC4, 0x10, 0xC4, 0x10,
    0xC4, 0x10, 0xC4, 0x10, 0xC4, 0x10, 0xC4, 0x10, 0xC4, 0x10, 0xC4, 0x10, 0xC4, 0x10, 0xC4, 0x10,
    0xC4, 0x10, 0xC4, 0x10, 0xC4, 0x10, 0xC4, 0x10, 0xC4, 0x10, 0xC4, 0x10, 0xC4, 0x10, 0xC4, 0x10,
    0xC4, 0x10, 0xC4, 0x10, 0xC4, 0x10, 0xC4, 0x10, 0xC4, 0x10, 0xC4, 0x10, 0xC4, 0x10, 0xC4, 0x10,
    0xC4, 0x10, 0xC4, 0x10, 0xC4, 0x10, 0xC4, 0x10, 0xC4, 0x10, 0xC4, 0x10, 0xC4, 0x10, 0xC4, 0x10,
    0xC4, 0x10, 0xC4, 0x10, 0xC4, 0x10, 0xC4, 0x10, 0xC4, 0x10, 0xC4, 0x10, 0xC4, 0x10, 0xC4, 0x10,
    0xC4, 0x10, 0xC4, 0x10, 0xC4, 0x10, 0xC4, 0x10, 0xC4, 0x10, 0xC4, 0x10, 0xC4, 0x10, 0xC5, 0x10,
    0x0E, 0x5B, 0xF5, 0x94, 0x98, 0xA5, 0xF5, 0x94, 0x2E, 0x5B, 0xE5, 0x10, 0xC4, 0x10, 0xC4, 0x10,
    0xC4, 0x10, 0xC4, 0x10, 0xC4, 0x10, 0xC4, 0x10, 0xC4, 0x10, 0xC4, 0x10, 0xC4, 0x10, 0xC4, 0x10,
    0xC4, 0x10, 0xC4, 0x10, 0xC4, 0x10, 0xC4, 0x10, 0xC4, 0x10, 0xC4, 0x10, 0xC4, 0x10, 0xC4, 0x10,
    0xC4, 0x10, 0xC4, 0x10, 0xC4, 0x10, 0xC4, 0x10, 0xC4, 0x10, 0xC4, 0x10, 0xC4, 0x10, 0xC4, 0x10,
    0xC4, 0x10, 0xC4, 0x10, 0xC4, 0x10, 0xC4, 0x10, 0xC4, 0x10, 0xC4, 0x10, 0xC4, 0x10, 0xC4, 0x10,
    0xC4, 0x10, 0xC4, 0x10, 0xC4, 0x10, 0xC4, 0x10, 0xC4, 0x10, 0xC4, 0x10, 0xC4, 0x10, 0xC4, 0x10,
    0xC4, 0x10, 0xC4, 0x10, 0xC4, 0x10, 0xC4, 0x10, 0xC4, 0x10, 0xC4, 0x10, 0xC4, 0x10, 0xC4, 0x10,
    0xC4, 0x10, 0xC4, 0x10, 0xC4, 0x10, 0xC4, 0x10, 0xC4, 0x10, 0xC4, 0x10, 0xC4, 0x10, 0xC4, 0x10,
    0xC4, 0x10, 0xC4, 0x10, 0xC4, 0x10, 0xC4, 0x10, 0xC4, 0x10, 0xC4, 0x10, 0xC4, 0x10, 0xC4, 0x10,
    0xC4, 0x10, 0xC4, 0x10, 0xC4, 0x10, 0xC4, 0x10, 0xC4, 0x10, 0xC4, 0x10, 0xC4, 0x10, 0xC4, 0x10,
    0xC4, 0x10, 0xC4, 0x10, 0xC4, 0x10, 0xC4, 0x10, 0xC4, 0x10, 0xC4, 0x10, 0xC4, 0x10, 0xC4, 0x10,
    0xC4, 0x10, 0xC4, 0x10, 0xC4, 0x10, 0xC4, 0x10, 0xC4, 0x10, 0xC4, 0x10, 0xC4, 0x10, 0xC4, 0x10,
    0xC4, 0x10, 0xC4, 0x10, 0xC4, 0x10, 0xC4, 0x10, 0xC4, 0x10, 0xC4, 0x10, 0xC4, 0x10, 0xC4, 0x10,
    0xC4, 0x10, 0xC4, 0x10, 0xC4, 0x10, 0xC4, 0x10, 0xC4, 0x10, 0xC4, 0x10, 0xC4, 0x10, 0xC4, 0x10,
    0xC4, 0x10, 0xC4, 0x10, 0xC4, 0x10, 0xC4, 0x10, 0xC4, 0x10, 0xC4, 0x10, 0xC4, 0x10, 0xC4, 0x10,
    0xF1, 0x73, 0x53, 0x7C, 0xC4, 0x10, 0xC4, 0x10, 0xC4, 0x10, 0xC4, 0x10, 0xC4, 0x10, 0xC4, 0x10,
    0xC4, 0x10, 0xC4, 0x10, 0xC4, 0x10, 0xC4, 0x10, 0xC4, 0x10, 0xC4, 0x10, 0xC4, 0x10, 0xC4, 0x10,
    0xC4, 0x10, 0xC4, 0x10, 0xC4, 0x10, 0xC4, 0x10, 0xC4, 0x10, 0xC4, 0x10, 0xC4, 0x10, 0xC4, 0x10,
    0xC4, 0x10, 0xC4, 0x10, 0xC4, 0x10, 0xC4, 0x10, 0xC4, 0x10, 0xC4, 0x10, 0xC4, 0x10, 0xC4, 0x10,
    0xC4, 0x10, 0xC4, 0x10, 0xC4, 0x10, 0xC4, 0x10, 0xC4, 0x10, 0xC4, 0x10, 0xC4, 0x10, 0xC4, 0x10,
    0xC4, 0x10, 0xC4, 0x10, 0xC4, 0x10, 0xF1, 0x73, 0x53, 0x7C, 0xC4, 0x10, 0xC4, 0x10, 0xC4, 0x10,
    0xC4, 0x10, 0xC4, 0x10, 0xC4, 0x10, 0xC4, 0x10, 0xC4, 0x10, 0xC4, 0x10, 0xC4, 0x10, 0xC4, 0x10,
    0xC4, 0x10, 0xC4, 0x10, 0xC4, 0x10, 0xC4, 0x10, 0xC4, 0x10, 0xC4, 0x10, 0xC4, 0x10, 0xC4, 0x10,
    0xC4, 0x10, 0xC4, 0x10, 0xC4, 0x10, 0xC4, 0x10, 0xC4, 0x10, 0xC4, 0x10, 0xC4, 0x10, 0xC4, 0x10,
    0xC4, 0x10, 0xC4, 0x10, 0xC4, 0x10, 0xC4, 0x10, 0xC4, 0x10, 0xC4, 0x10, 0xC4, 0x10, 0xC4, 0x10,
    0xC4, 0x10, 0xC4, 0x10, 0xC4, 0x10, 0xC4, 0x10, 0xC4, 0x10, 0xC4, 0x10, 0xC4, 0x10, 0xC4, 0x10,
    0xC4, 0x10, 0xC4, 0x10, 0xC4, 0x10, 0xC4, 0x10, 0xC4, 0x10, 0xC4, 0x10, 0xC4, 0x10, 0xC4, 0x10,
    0xC4, 0x10, 0xC4, 0x10, 0xC4, 0x10, 0xC4, 0x10, 0xC4, 0x10, 0xC4, 0x10, 0xC4, 0x10, 0xC4, 0x10,
    0xC4, 0x10, 0xC4, 0x10, 0xC4, 0x10, 0xC4, 0x10, 0xC4, 0x10, 0xC4, 0x10, 0xC4, 0x10, 0xC4, 0x10,
    0xC4, 0x10, 0xC4, 0x10, 0xC4, 0x10, 0xC4, 0x10, 0xC4, 0x10, 0xC4, 0x10, 0xC4, 0x10, 0xC4, 0x10,
    0xC4, 0x10, 0xC4, 0x10, 0xC4, 0x10, 0xC4, 0x10, 0xC4, 0x10, 0xC4, 0x10, 0xC4, 0x10, 0xC4, 0x10,
    0xC4, 0x10, 0xC4, 0x10, 0xC4, 0x10, 0xC4, 0x10, 0xC4, 0x10, 0xC4, 0x10, 0xC4, 0x10, 0xC4, 0x10,
    0xC4, 0x10, 0xC5, 0x10, 0x0E, 0x5B, 0xF5, 0x94, 0x98, 0xA5, 0xF5, 0x94, 0x2E, 0x5B, 0xE5, 0x10,
    0xC4, 0x10, 0xC4, 0x10, 0xC4, 0x10, 0xC4, 0x10, 0xC4, 0x10, 0xC4, 0x10, 0xC4, 0x10, 0xC4, 0x10,
    0xC4, 0x10, 0xC4, 0x10, 0xC4, 0x10, 0xC4, 0x10, 0xC4, 0x10, 0xC4, 0x10, 0xC4, 0x10, 0xC4, 0x10,
    0xC4, 0x10, 0xC4, 0x10, 0xC4, 0x10, 0xC4, 0x10, 0xC4, 0x10, 0xC4, 0x10, 0xC4, 0x10, 0xC4, 0x10,
    0xC4, 0x10, 0xC4, 0x10, 0xC4, 0x10, 0xC4, 0x10, 0xC4, 0x10, 0xC4, 0x10, 0xC4, 0x10, 0xC4, 0x10,
    0xC4, 0x10, 0xC4, 0x10, 0xC4, 0x10, 0xC4, 0x10, 0xC4, 0x10, 0xC4, 0x10, 0xC4, 0x10, 0xC4, 0x10,
    0xC4, 0x10, 0xC4, 0x10, 0xC4, 0x10, 0xC4, 0x10, 0xC4, 0x10, 0xC4, 0x10, 0xC4, 0x10, 0xC4, 0x10,
    0xC4, 0x10, 0xC4, 0x10, 0xC4, 0x10, 0xC4, 0x10, 0xC4, 0x10, 0xC4, 0x10, 0xC4, 0x10, 0xC4, 0x10,
    0xC4, 0x10, 0xC4, 0x10, 0xC4, 0x10, 0xC4, 0x10, 0xC4, 0x10, 0xC4, 0x10, 0xC4, 0x10, 0xC4, 0x10,
    0xC4, 0x10, 0xC4, 0x10, 0xC4, 0x10, 0xC4, 0x10, 0xC4, 0x10, 0xC4, 0x10, 0xC4, 0x10, 0xC4, 0x10,
    0xC4, 0x10, 0xC4, 0x10, 0xC4, 0x10, 0xC4, 0x10, 0xC4, 0x10, 0xC4, 0x10, 0xC4, 0x10, 0xC4, 0x10,
    0xC4, 0x10, 0xC4, 0x10, 0xC4, 0x10, 0xC4, 0x10, 0xC4, 0x10, 0xC4, 0x10, 0xC4, 0x10, 0xC4, 0x10,
    0xC4, 0x10, 0xC4, 0x10, 0xC4, 0x10, 0xC4, 0x10, 0xC4, 0x10, 0xC4, 0x10, 0xC4, 0x10, 0xC4, 0x10,
    0xC4, 0x10, 0xC4, 0x10, 0xC4, 0x10, 0xC4, 0x10, 0xC4, 0x10, 0xC4, 0x10, 0xC4, 0x10, 0xC4, 0x10,
    0xC4, 0x10, 0xC4, 0x10, 0xC4, 0x10, 0xC4, 0x10, 0xC4, 0x10, 0xC4, 0x10, 0xC4, 0x10, 0xC4, 0x10,
    0xC4, 0x10, 0xC4, 0x10, 0xC4, 0x10, 0xC4, 0x10, 0xC4, 0x10, 0xC4, 0x10, 0xC4, 0x10, 0xC4, 0x10,
    0xC4, 0x10, 0xC4, 0x10, 0xC4, 0x10, 0xC4, 0x10, 0xC4, 0x10, 0xC4, 0x10, 0xC4, 0x10, 0xC4, 0x10,
    0xC4, 0x10, 0xC4, 0x10, 0xC4, 0x10, 0xC4, 0x10, 0xC4, 0x10, 0xC4, 0x10, 0xC4, 0x10, 0xC4, 0x10,
    0xC4, 0x10, 0xC4, 0x10, 0xC4, 0x10, 0xC4, 0x10, 0xC4, 0x10, 0xC4, 0x10, 0xC4, 0x10, 0xC4, 0x10,
    0xC4, 0x10, 0xC4, 0x10, 0xC4, 0x10, 0xC4, 0x10, 0xC4, 0x10, 0xC4, 0x10, 0xC4, 0x10, 0xC4, 0x10,
    0xC4, 0x10, 0xC4, 0x10, 0xC4, 0x10, 0xC4, 0x10, 0xC4, 0x10, 0xC4, 0x10, 0xC4, 0x10, 0xC4, 0x10,
    0xC4, 0x10, 0xC4, 0x10, 0xC4, 0x10, 0xC4, 0x10, 0xC4, 0x10, 0xC4, 0x10, 0xC4, 0x10, 0xC4, 0x10,
    0xC4, 0x10, 0xC4, 0x10, 0xC4, 0x10, 0xC4, 0x10, 0xC4, 0x10, 0xC4, 0x10, 0xC4, 0x10, 0xC4, 0x10,
    0xC4, 0x10, 0xC4, 0x10, 0xC4, 0x10, 0xC4, 0x10, 0xC4, 0x10, 0xC4, 0x10, 0xC4, 0x10, 0xC4, 0x10,
    0xC4, 0x10, 0xC4, 0x10, 0xC4, 0x10, 0xC4, 0x10, 0xC4, 0x10, 0xC4, 0x10, 0xC4, 0x10, 0xC4, 0x10,
    0xC4, 0x10, 0xC4, 0x10, 0xC4, 0x10, 0xC4, 0x10, 0xC4, 0x10, 0xC4, 0x10, 0xC4, 0x10, 0xC4, 0x10,
    0xC4, 0x10, 0xC4, 0x10, 0xC4, 0x10, 0xC4, 0x10, 0xC4, 0x10, 0xC4, 0x10, 0xC4, 0x10, 0xC4, 0x10,
    0xC4, 0x10, 0xC4, 0x10, 0xC4, 0x10, 0xC4, 0x10, 0xC4, 0x10, 0xC4, 0x10, 0xC4, 0x10, 0xC4, 0x10,
    0xC4, 0x10, 0xC4, 0x10, 0xC4, 0x10, 0xC4, 0x10, 0xC4, 0x10, 0xC4, 0x10, 0xC4, 0x10, 0xC4, 0x10,
    0xC4, 0x10, 0xC4, 0x10, 0xC4, 0x10, 0xC4, 0x10, 0xC4, 0x10, 0xC4, 0x10, 0xC4, 0x10, 0xC4, 0x10,
    0xC4, 0x10, 0xC4, 0x10, 0xC4, 0x10, 0xC4, 0x10, 0xC4, 0x10, 0xC4, 0x10, 0xC4, 0x10, 0xC4, 0x10,
    0xC4, 0x10, 0xC4, 0x10, 0xC4, 0x10, 0xC4, 0x10, 0xC4, 0x10, 0xC4, 0x10, 0xC4, 0x10, 0xC4, 0x10,
    0xC4, 0x10, 0xC4, 0x10, 0xC4, 0x10, 0xC4, 0x10, 0xC4, 0x10, 0xC4, 0x10, 0xC4, 0x10, 0xC4, 0x10,
    0xC4, 0x10, 0xC4, 0x10, 0xC4, 0x10, 0xC4, 0x10, 0xC4, 0x10, 0xC4, 0x10, 0xC4, 0x10, 0xC4, 0x10,
    0xC4, 0x10, 0xC4, 0x10, 0xC4, 0x10, 0xC4, 0x10, 0xC4, 0x10, 0xC4, 0x10, 0xC4, 0x10, 0xC4, 0x10,
    0xC4, 0x10, 0xC4, 0x10, 0xC4, 0x10, 0xC4, 0x10, 0xC4, 0x10, 0xC4, 0x10, 0xC4, 0x10, 0xC4, 0x10,
    0xC4, 0x10, 0xC4, 0x10, 0xC4, 0x10, 0xC4, 0x10, 0xC4, 0x10, 0xC4, 0x10, 0xC4, 0x10, 0xC4, 0x10,
    0xC4, 0x10, 0xC4, 0x10, 0xC4, 0x10, 0xC4, 0x10, 0xC4, 0x10, 0xC4, 0x10, 0xC4, 0x10, 0xC4, 0x10,
    0xC4, 0x10, 0xC4, 0x10, 0xC4, 0x10, 0xC4, 0x10, 0xC4, 0x10, 0xC4, 0x10, 0xC4, 0x10, 0xC4, 0x10,
    0xC4, 0x10, 0xC4, 0x10, 0xC4, 0x10, 0xC4, 0x10, 0xC4, 0x10, 0xC4, 0x10, 0xC4, 0x10, 0xC4, 0x10,
    0xC4, 0x10, 0xC4, 0x10, 0xC4, 0x10, 0xC4, 0x10, 0xC4, 0x10, 0xC4, 0x10, 0xC4, 0x10, 0xC4, 0x10,
    0xC4, 0x10, 0xC4, 0x10, 0xC4, 0x10, 0xC4, 0x10, 0xC4, 0x10, 0xC4, 0x10, 0xC4, 0x10, 0xC4, 0x10,
    0xC4, 0x10, 0xC4, 0x10, 0xC4, 0x10, 0xC4, 0x10, 0xC4, 0x10, 0xC4, 0x10, 0xC4, 0x10, 0xC4, 0x10,
    0xC4, 0x10, 0xC4, 0x10, 0xC4, 0x10, 0xC4, 0x10, 0xC4, 0x10, 0xC4, 0x10, 0xC4, 0x10, 0xC4, 0x10,
    0xC4, 0x10, 0xC4, 0x10, 0xC4, 0x10, 0xC4, 0x10, 0xC4, 0x10, 0xC4, 0x10, 0xC4, 0x10, 0xC4, 0x10,
    0xC4, 0x10, 0xC4, 0x10, 0xC4, 0x10, 0xC4, 0x10, 0xC4, 0x10, 0xC4, 0x10, 0xC4, 0x10, 0xC4, 0x10,
    0xC4, 0x10, 0xC4, 0x10, 0xC4, 0x10, 0xC4, 0x10, 0xC4, 0x10, 0xC4, 0x10, 0xC4, 0x10, 0xC4, 0x10,
    0xC4, 0x10, 0xC4, 0x10, 0xC4, 0x10, 0xC4, 0x10, 0xC4, 0x10, 0xC4, 0x10, 0xC4, 0x10, 0xC4, 0x10,
    0xC4, 0x10, 0xC4, 0x10, 0xC4, 0x10, 0xC4, 0x10, 0xC4, 0x10, 0xC4, 0x10, 0xC4, 0x10, 0xC4, 0x10,
    0xC4, 0x10, 0xC4, 0x10, 0xC4, 0x10, 0xC4, 0x10, 0xC4, 0x10, 0xC4, 0x10, 0xC4, 0x10, 0xC4, 0x10,
    0xC4, 0x10, 0xC4, 0x10, 0xC4, 0x10, 0xC4, 0x10, 0xC4, 0x10, 0xC4, 0x10, 0xC4, 0x10, 0xC4, 0x10,
    0xC4, 0x10, 0xC4, 0x10, 0xC4, 0x10, 0xC4, 0x10, 0xC4, 0x10, 0xC4, 0x10, 0xC4, 0x10, 0xC4, 0x10,
    0xC4, 0x10, 0xC4, 0x10, 0xC4, 0x10, 0xC4, 0x10, 0xC4, 0x10, 0xC4, 0x10, 0xC4, 0x10, 0xC4, 0x10,
    0xC4, 0x10, 0xC4, 0x10, 0xC4, 0x10, 0xC4, 0x10, 0xC4, 0x10, 0xC4, 0x10, 0xC4, 0x10, 0xC4, 0x10,
    0xC4, 0x10, 0xC4, 0x10, 0xC4, 0x10, 0xC4, 0x10, 0xC4, 0x10, 0xC4, 0x10, 0xC4, 0x10, 0xC4, 0x10,
    0xC4, 0x10, 0xC4, 0x10, 0xC4, 0x10, 0xC4, 0x10, 0xC4, 0x10, 0xC4, 0x10, 0xC4, 0x10, 0xC4, 0x10,
    0xC4, 0x10, 0xC4, 0x10, 0xC4, 0x10, 0xC4, 0x10, 0xC4, 0x10, 0xC4, 0x10, 0xC4, 0x10, 0xC4, 0x10,
    0xC4, 0x10, 0xC4, 0x10, 0xC4, 0x10, 0xC4, 0x10, 0xC4, 0x10, 0xC4, 0x10, 0xC4, 0x10, 0xC4, 0x10,
    0xC4, 0x10, 0xC4, 0x10, 0xC4, 0x10, 0xC4, 0x10, 0xC4, 0x10, 0xC4, 0x10, 0xC4, 0x10, 0xC4, 0x10,
    0xC4, 0x10, 0xC4, 0x10, 0xC4, 0x10, 0xC4, 0x10, 0xC4, 0x10, 0xC4, 0x10, 0xC4, 0x10, 0xC4, 0x10,
    0xC4, 0x10, 0xC4, 0x10, 0xC4, 0x10, 0xC4, 0x10, 0xC4, 0x10, 0xC4, 0x10, 0xC4, 0x10, 0xC4, 0x10,
    0xC4, 0x10, 0xC4, 0x10, 0xC4, 0x10, 0xC4, 0x10, 0xC4, 0x10, 0xC4, 0x10, 0xC4, 0x10, 0xC4, 0x10,
    0xC4, 0x10, 0xC4, 0x10, 0xC4, 0x10, 0xC4, 0x10, 0xC4, 0x10, 0xC4, 0x10, 0xC4, 0x10, 0xC4, 0x10,
    0xC4, 0x10, 0xC4, 0x10, 0xC4, 0x10, 0xC4, 0x10, 0xC4, 0x10, 0xC4, 0x10, 0xC4, 0x10, 0xC4, 0x10,
    0xC4, 0x10, 0xC4, 0x10, 0xC4, 0x10, 0xC4, 0x10, 0xC4, 0x10, 0xC4, 0x10, 0xC4, 0x10, 0xC4, 0x10,
    0xC4, 0x10, 0xC4, 0x10, 0xC4, 0x10, 0xC4, 0x10, 0xC4, 0x10, 0xC4, 0x10, 0xC4, 0x10, 0xC4, 0x10,
    0xC4, 0x10, 0xC4, 0x10, 0xC4, 0x10, 0xC4, 0x10, 0xC4, 0x10, 0xC4, 0x10, 0xC4, 0x10, 0xC4, 0x10,
    0xC4, 0x10, 0xC4, 0x10, 0xC4, 0x10, 0xC4, 0x10, 0xC4, 0x10, 0xC4, 0x10, 0xC4, 0x10, 0xC4, 0x10,
    0xC4, 0x10, 0xC4, 0x10, 0xC4, 0x10, 0xC4, 0x10, 0xC4, 0x10, 0xC4, 0x10, 0xC4, 0x10, 0xC4, 0x10,
    0xC4, 0x10, 0xC4, 0x10, 0xC4, 0x10, 0xC4, 0x10, 0xC4, 0x10, 0xC4, 0x10, 0xC4, 0x10, 0xC4, 0x10,
    0xC4, 0x10, 0xC4, 0x10, 0xC4, 0x10, 0xC4, 0x10, 0xC4, 0x10, 0xC4, 0x10, 0xC4, 0x10, 0xC4, 0x10,
    0xC4, 0x10, 0xC4, 0x10, 0xC4, 0x10, 0xC4, 0x10, 0xC4, 0x10, 0xC4, 0x10, 0xC4, 0x10, 0xC4, 0x10,
    0xC4, 0x10, 0xC4, 0x10, 0xC4, 0x10, 0xC4, 0x10, 0xC4, 0x10, 0xC4, 0x10, 0xC4, 0x10, 0xC4, 0x10,
    0xC4, 0x10, 0xC4, 0x10, 0xC4, 0x10, 0xC4, 0x10, 0xC4, 0x10, 0xC4, 0x10, 0xC4, 0x10, 0xC4, 0x10,
    0xC4, 0x10, 0xC4, 0x10, 0xC4, 0x10, 0xC4, 0x10, 0xC4, 0x10, 0xC4, 0x10, 0xC4, 0x10, 0xC4, 0x10,
    0xC4, 0x10, 0xC4, 0x10, 0xC4, 0x10, 0xC4, 0x10, 0xC4, 0x10, 0xC4, 0x10, 0xC4, 0x10, 0xC4, 0x10,
    0xC4, 0x10, 0xC4, 0x10, 0xC4, 0x10, 0xC4, 0x10, 0xC4, 0x10, 0xC4, 0x10, 0xC4, 0x10, 0xC4, 0x10,
    0xC4, 0x10, 0xC4, 0x10, 0xC4, 0x10, 0xC4, 0x10, 0xC4, 0x10, 0xC4, 0x10, 0xC4, 0x10, 0xC4, 0x10,
    0xC4, 0x10, 0xC4, 0x10, 0xC4, 0x10, 0xC4, 0x10, 0xC4, 0x10, 0xC4, 0x10, 0xC4, 0x10, 0xC4, 0x10,
    0xC4, 0x10, 0xC4, 0x10, 0xC4, 0x10, 0xC4, 0x10, 0xC4, 0x10, 0xC4, 0x10, 0xC4, 0x10, 0xC4, 0x10,
    0xC4, 0x10, 0xC4, 0x10, 0xC4, 0x10, 0xC4, 0x10, 0xC4, 0x10, 0xC4, 0x10, 0xC4, 0x10, 0xC4, 0x10,
    0xC4, 0x10, 0xC4, 0x10, 0xC4, 0x10, 0xC4, 0x10, 0xC4, 0x10, 0xC4, 0x10, 0xC4, 0x10, 0xC4, 0x10,
    0xC4, 0x10, 0xC4, 0x10, 0xC4, 0x10, 0xC4, 0x10, 0xC4, 0x10, 0xC4, 0x10, 0xC4, 0x10, 0xC4, 0x10,
    0xC4, 0x10, 0xC4, 0x10, 0xC4, 0x10, 0xC4, 0x10, 0xC4, 0x10, 0xC4, 0x10, 0xC4, 0x10, 0xC4, 0x10,
    0xC4, 0x10, 0xC4, 0x10, 0xC4, 0x10, 0xC4, 0x10, 0xC4, 0x10, 0xC4, 0x10, 0xC4, 0x10, 0xC4, 0x10,
    0xC4, 0x10, 0xC4, 0x10, 0xC4, 0x10, 0xC4, 0x10, 0xC4, 0x10, 0xC4, 0x10, 0xC4, 0x10, 0xC4, 0x10,
    0xC4, 0x10, 0xC4, 0x10, 0xC4, 0x10, 0xC4, 0x10, 0xC4, 0x10, 0xC4, 0x10, 0xC4, 0x10, 0xC4, 0x10,
    0xC4, 0x10, 0xC4, 0x10, 0xC4, 0x10, 0xC4, 0x10, 0xC4, 0x10, 0xC4, 0x10, 0xC4, 0x10, 0xC4, 0x10,
    0xC4, 0x10, 0xC4, 0x10, 0xC4, 0x10, 0xC4, 0x10, 0xC4, 0x10, 0xC4, 0x10, 0xC4, 0x10, 0xC4, 0x10,
    0xC4, 0x10, 0xC4, 0x10, 0xC4, 0x10, 0xC4, 0x10, 0xC4, 0x10, 0xC4, 0x10, 0xC4, 0x10, 0xC4, 0x10,
    0xC4, 0x10, 0xC4, 0x10, 0xC4, 0x10, 0xC4, 0x10, 0xC4, 0x10, 0xC4, 0x10, 0xC4, 0x10, 0xC4, 0x10,
    0xC4, 0x10, 0xC4, 0x10, 0xC4, 0x10, 0xC4, 0x10, 0xC4, 0x10, 0xC4, 0x10, 0xC4, 0x10, 0xC4, 0x10,
    0xC4, 0x10, 0xC4, 0x10, 0xC4, 0x10, 0xC4, 0x10, 0xC4, 0x10, 0xC4, 0x10, 0xC4, 0x10, 0xC4, 0x10,
    0xC4, 0x10, 0xC4, 0x10, 0xC4, 0x10, 0xC4, 0x10, 0xC4, 0x10, 0xC4, 0x10, 0xC4, 0x10, 0xC4, 0x10,
    0xC4, 0x10, 0xC4, 0x10, 0xC4, 0x10, 0xC4, 0x10, 0xC4, 0x10, 0xC4, 0x10, 0xC4, 0x10, 0xC4, 0x10,
    0xC4, 0x10, 0xC4, 0x10, 0xC4, 0x10, 0xC4, 0x10, 0xC4, 0x10, 0xC4, 0x10, 0xC4, 0x10, 0xC4, 0x10,
    0xC4, 0x10, 0xC4, 0x10, 0xC4, 0x10, 0xC4, 0x10, 0xC4, 0x10, 0xC4, 0x10, 0xC4, 0x10, 0xC4, 0x10,
    0xC4, 0x10, 0xC4, 0x10, 0xC4, 0x10, 0xC4, 0x10, 0xC4, 0x10, 0xC4, 0x10, 0xC4, 0x10, 0xC4, 0x10,
    0xC4, 0x10, 0xC4, 0x10, 0xC4, 0x10, 0xC4, 0x10, 0xC4, 0x10, 0xC4, 0x10, 0xC4, 0x10, 0xC4, 0x10,
    0xC4, 0x10, 0xC4, 0x10, 0xC4, 0x10, 0xC4, 0x10, 0xC4, 0x10, 0xC4, 0x10, 0xC4, 0x10, 0xC4, 0x10,
    0xC4, 0x10, 0xC4, 0x10, 0xC4, 0x10, 0xC4, 0x10, 0xC4, 0x10, 0xC4, 0x10, 0xC4, 0x10, 0xC4, 0x10,
    0xC4, 0x10, 0xC4, 0x10, 0xC4, 0x10, 0xC4, 0x10, 0xC4, 0x10, 0xC4, 0x10, 0xC4, 0x10, 0xC4, 0x10,
    0xC4, 0x10, 0xC4, 0x10, 0xC4, 0x10, 0xC4, 0x10, 0xC4, 0x10, 0xC4, 0x10, 0xC4, 0x10, 0xC4, 0x10,
    0xC4, 0x10, 0xC4, 0x10, 0xC4, 0x10, 0xC4, 0x10, 0xC4, 0x10, 0xC4, 0x10, 0xC4, 0x10, 0xC4, 0x10,
    0xC4, 0x10, 0xC4, 0x10, 0xC4, 0x10, 0xC4, 0x10, 0xC4, 0x10, 0xC4, 0x10, 0xC4, 0x10, 0xC4, 0x10,
    0xC4, 0x10, 0xC4, 0x10, 0xC4, 0x10, 0xC4, 0x10, 0xC4, 0x10, 0xC4, 0x10, 0xC4, 0x10, 0xC4, 0x10,
    0xC4, 0x10, 0xC4, 0x10, 0xC4, 0x10, 0xC4, 0x10, 0xC4, 0x10, 0xC4, 0x10, 0xC4, 0x10, 0xC4, 0x10,
    0xC4, 0x10, 0xC4, 0x10, 0xC4, 0x10, 0xC4, 0x10, 0xC4, 0x10, 0xC4, 0x10, 0xC4, 0x10, 0xC4, 0x10,
    0xC4, 0x10, 0xC4, 0x10, 0xC4, 0x10, 0xC4, 0x10, 0xC4, 0x10, 0xC4, 0x10, 0xC4, 0x10, 0xC4, 0x10,
    0xC4, 0x10, 0xC4, 0x10, 0xC4, 0x10, 0xC4, 0x10, 0xC4, 0x10, 0xC4, 0x10, 0xC4, 0x10, 0xC4, 0x10,
    0xC4, 0x10, 0xC4, 0x10, 0xC4, 0x10, 0xC4, 0x10, 0xC4, 0x10, 0xC4, 0x10, 0xC4, 0x10, 0xC4, 0x10,
    0xC4, 0x10, 0xC4, 0x10, 0xC4, 0x10, 0xC4, 0x10, 0xC4, 0x10, 0xC4, 0x10, 0xC4, 0x10, 0xC4, 0x10,
    0xC4, 0x10, 0xC4, 0x10, 0xC4, 0x10, 0xC4, 0x10, 0xC4, 0x10, 0xC4, 0x10, 0xC4, 0x10, 0xC4, 0x10,
    0xC4, 0x10, 0xC4, 0x10, 0xC4, 0x10, 0xC4, 0x10, 0xC4, 0x10, 0xC4, 0x10, 0xC4, 0x10, 0xC4, 0x10,
    0xC4, 0x10, 0xC4, 0x10, 0xC4, 0x10, 0xC4, 0x10, 0xC4, 0x10, 0xC4, 0x10, 0xC4, 0x10, 0xC4, 0x10,
    0xC4, 0x10, 0xC4, 0x10, 0xC4, 0x10, 0xC4, 0x10, 0xC4, 0x10, 0xC4, 0x10, 0xC4, 0x10, 0xC4, 0x10,
    0xC4, 0x10, 0xC4, 0x10, 0xC4, 0x10, 0xC4, 0x10, 0xC4, 0x10, 0xC4, 0x10, 0xC4, 0x10, 0xC4, 0x10,
    0xC4, 0x10, 0xC4, 0x10, 0xC4, 0x10, 0xC4, 0x10, 0xC4, 0x10, 0xC4, 0x10, 0xC4, 0x10, 0xC4, 0x10,
    0xC4, 0x10, 0xC4, 0x10, 0xC4, 0x10, 0xC4, 0x10, 0xC4, 0x10, 0xC4, 0x10, 0xC4, 0x10, 0xC4, 0x10,
    0xC4, 0x10, 0xC4, 0x10, 0xC4, 0x10, 0xC4, 0x10, 0xC4, 0x10, 0xC4, 0x10, 0xC4, 0x10, 0xC4, 0x10,
    0xC4, 0x10, 0xC4, 0x10, 0xC4, 0x10, 0xC4, 0x10, 0xC4, 0x10, 0xC4, 0x10, 0xC4, 0x10, 0xC4, 0x10,
    0xC4, 0x10, 0xC4, 0x10, 0xC4, 0x10, 0xC4, 0x10, 0xC4, 0x10, 0xC4, 0x10, 0xC4, 0x10, 0xC4, 0x10,
    0xC4, 0x10, 0xC4, 0x10, 0xC4, 0x10, 0xC4, 0x10, 0xC4, 0x10, 0xC4, 0x10, 0xC4, 0x10, 0xC4, 0x10,
    0xC4, 0x10, 0xC4, 0x10, 0xC4, 0x10, 0xC4, 0x10, 0xC4, 0x10, 0xC4, 0x10, 0xC4, 0x10, 0xC4, 0x10,
    0xC4, 0x10, 0xC4, 0x10, 0xC4, 0x10, 0xC4, 0x10, 0xC4, 0x10, 0xC4, 0x10, 0xC4, 0x10, 0xC4, 0x10,
    0xC4, 0x10, 0xC4, 0x10, 0xC4, 0x10, 0xC4, 0x10, 0xC4, 0x10, 0xC4, 0x10, 0xC4, 0x10, 0xC4, 0x10,
    0xC4, 0x10, 0xC4, 0x10, 0xC4, 0x10, 0xC4, 0x10, 0xC4, 0x10, 0xC4, 0x10, 0xC4, 0x10, 0xC4, 0x10,
    0xC4, 0x10, 0xC4, 0x10, 0xC4, 0x10, 0xC4, 0x10, 0xC4, 0x10, 0xC4, 0x10, 0xC4, 0x10, 0xC4, 0x10,
    0xC4, 0x10, 0xC4, 0x10, 0xC4, 0x10, 0xC4, 0x10, 0xC4, 0x10, 0xC4, 0x10, 0xC4, 0x10, 0xC4, 0x10,
    0xC4, 0x10, 0xC4, 0x10, 0xC4, 0x10, 0xC4, 0x10, 0xC4, 0x10, 0xC4, 0x10, 0xC4, 0x10, 0xC4, 0x10,
    0xC4, 0x10, 0xC4, 0x10, 0xC4, 0x10, 0xC4, 0x10, 0xC4, 0x10, 0xC4, 0x10, 0xC4, 0x10, 0xC4, 0x10,
    0xC4, 0x10, 0xC4, 0x10, 0xC4, 0x10, 0xC4, 0x10, 0xC4, 0x10, 0xC4, 0x10, 0xC4, 0x10, 0xC4, 0x10,
    0xC4, 0x10, 0xC4, 0x10, 0xC4, 0x10, 0xC4, 0x10, 0xC4, 0x10, 0xC4, 0x10, 0xC4, 0x10, 0xC4, 0x10,
    0xC4, 0x10, 0xC4, 0x10, 0xC4, 0x10, 0xC4, 0x10, 0xC4, 0x10, 0xC4, 0x10, 0xC4, 0x10, 0xC4, 0x10,
    0xC4, 0x10, 0xC4, 0x10, 0xC4, 0x10, 0xC4, 0x10, 0xC4, 0x10, 0xC4, 0x10, 0xC4, 0x10, 0xC4, 0x10,
    0xC4, 0x10, 0xC4, 0x10, 0xC4, 0x10, 0xC4, 0x10, 0xC4, 0x10, 0xC4, 0x10, 0xC4, 0x10, 0xC4, 0x10,
    0xC4, 0x10, 0xC4, 0x10, 0xC4, 0x10, 0xC4, 0x10, 0xC4, 0x10, 0xC4, 0x10, 0xC4, 0x10, 0xC4, 0x10,
    0xC4, 0x10, 0xC4, 0x10, 0xC4, 0x10, 0xC4, 0x10, 0xC4, 0x10, 0xC4, 0x10, 0xC4, 0x10, 0xC4, 0x10,
    0xC4, 0x10, 0xC4, 0x10, 0xC4, 0x10, 0xC4, 0x10, 0xC4, 0x10, 0xC4, 0x10, 0xC4, 0x10, 0xC4, 0x10,
    0xC4, 0x10, 0xC4, 0x10, 0xC4, 0x10, 0xC4, 0x10, 0xC4, 0x10, 0xC4, 0x10, 0xC4, 0x10, 0xC4, 0x10,
    0xC4, 0x10, 0xC4, 0x10, 0xC4, 0x10, 0xC4, 0x10, 0xC4, 0x10, 0xC4, 0x10, 0xC4, 0x10, 0xC4, 0x10,
    0xC4, 0x10, 0xC4, 0x10, 0xC4, 0x10, 0xC4, 0x10, 0xC4, 0x10, 0xC4, 0x10, 0xC4, 0x10, 0xC4, 0x10,
    0xC4, 0x10, 0xC4, 0x10, 0xC4, 0x10, 0xC4, 0x10, 0xC4, 0x10, 0xC4, 0x10, 0xC4, 0x10, 0xC4, 0x10,
    0xC4, 0x10, 0xC4, 0x10, 0xC4, 0x10, 0xC4, 0x10, 0xC4, 0x10, 0xC4, 0x10, 0xC4, 0x10, 0xC4, 0x10,
    0xC4, 0x10, 0xC4, 0x10, 0xC4, 0x10, 0xC4, 0x10, 0xC4, 0x10, 0xC4, 0x10, 0xC4, 0x10, 0xC4, 0x10,
    0xC4, 0x10, 0xC4, 0x10, 0xC4, 0x10, 0xC4, 0x10, 0xC4, 0x10, 0xC4, 0x10, 0xC4, 0x10, 0xC4, 0x10,
    0xC4, 0x10, 0xC4, 0x10, 0xC4, 0x10, 0xC4, 0x10, 0xC4, 0x10, 0xC4, 0x10, 0xC4, 0x10, 0xC4, 0x10,
    0xC4, 0x10, 0xC4, 0x10, 0xC4, 0x10, 0xC4, 0x10, 0xC4, 0x10, 0xC4, 0x10, 0xC4, 0x10, 0xC4, 0x10,
    0xC4, 0x10, 0xC4, 0x10, 0xC4, 0x10, 0xC4, 0x10, 0xC4, 0x10, 0xC4, 0x10, 0xC4, 0x10, 0xC4, 0x10,
    0xC4, 0x10, 0xC4, 0x10, 0xC4, 0x10, 0xC4, 0x10, 0xC4, 0x10, 0xC4, 0x10, 0xC4, 0x10, 0xC4, 0x10,
    0xC4, 0x10, 0xC4, 0x10, 0xC4, 0x10, 0xC4, 0x10, 0xC4, 0x10, 0xC4, 0x10, 0xC4, 0x10, 0xC4, 0x10,
    0xC4, 0x10, 0xC4, 0x10, 0xC4, 0x10, 0xC4, 0x10, 0xC4, 0x10, 0xC4, 0x10, 0xC4, 0x10, 0xC4, 0x10,
    0xC4, 0x10, 0xC4, 0x10, 0xC4, 0x10, 0xC4, 0x10, 0xC4, 0x10, 0xC4, 0x10, 0xC4, 0x10, 0xC4, 0x10,
    0xC4, 0x10, 0xC4, 0x10, 0xC4, 0x10, 0xC4, 0x10, 0xC4, 0x10, 0xC4, 0x10, 0xC4, 0x10, 0xC4, 0x10,
    0xC4, 0x10, 0xC4, 0x10, 0xC4, 0x10, 0xC4, 0x10, 0xC4, 0x10, 0xC4, 0x10, 0xC4, 0x10, 0xC4, 0x10,
    0xC4, 0x10, 0xC4, 0x10, 0xC4, 0x10, 0xC4, 0x10, 0xC4, 0x10, 0xC4, 0x10, 0xC4, 0x10, 0xC4, 0x10,
    0xC4, 0x10, 0xC4, 0x10, 0xC4, 0x10, 0xC4, 0x10, 0xC4, 0x10, 0xC4, 0x10, 0xC4, 0x10, 0xC4, 0x10,
    0xC4, 0x10, 0xC4, 0x10, 0xC4, 0x10, 0xC4, 0x10, 0xC4, 0x10, 0xC4, 0x10, 0xC4, 0x10, 0xC4, 0x10,
    0xC4, 0x10, 0xC4, 0x10, 0xC4, 0x10, 0xC4, 0x10, 0xC4, 0x10, 0xC4, 0x10, 0xC4, 0x10, 0xC4, 0x10,
    0xC4, 0x10, 0xC4, 0x10, 0xC4, 0x10, 0xC4, 0x10, 0xC4, 0x10, 0xC4, 0x10, 0xC4, 0x10, 0xC4, 0x10,
    0xC4, 0x10, 0xC4, 0x10, 0xC4, 0x10, 0xC4, 0x10, 0xC4, 0x10, 0xC4, 0x10, 0xC4, 0x10, 0xC4, 0x10,
    0xC4, 0x10, 0xC4, 0x10, 0xC4, 0x10, 0xC4, 0x10, 0xC4, 0x10, 0xC4, 0x10, 0xC4, 0x10, 0xC4, 0x10,
    0xC4, 0x10, 0xC4, 0x10, 0xC4, 0x10, 0xC4, 0x10, 0xC4, 0x10, 0xC4, 0x10, 0xC4, 0x10, 0xC4, 0x10,
    0xC4, 0x10, 0xC4, 0x10, 0xC4, 0x10, 0xC4, 0x10, 0xC4, 0x10, 0xC4, 0x10, 0xC4, 0x10, 0xC4, 0x10,
    0xC4, 0x10, 0xC4, 0x10, 0xC4, 0x10, 0xC4, 0x10, 0xC4, 0x10, 0xC4, 0x10, 0xC4, 0x10, 0xC4, 0x10,
    0xC4, 0x10, 0xC4, 0x10, 0xC4, 0x10, 0xC4, 0x10, 0xC4, 0x10, 0xC4, 0x10, 0xC4, 0x10, 0xC4, 0x10,
    0xC4, 0x10, 0xC4, 0x10, 0xC4, 0x10, 0xC4, 0x10, 0xC4, 0x10, 0xC4, 0x10, 0xC4, 0x10, 0xC4, 0x10,
    0xC4, 0x10, 0xC4, 0x10, 0xC4, 0x10, 0xC4, 0x10, 0xC4, 0x10, 0xC4, 0x10, 0xC4, 0x10, 0xC4, 0x10,
    0xC4, 0x10, 0xC4, 0x10, 0xC4, 0x10, 0xC4, 0x10, 0xC4, 0x10, 0xC4, 0x10, 0xC4, 0x10, 0xC4, 0x10,
    0xC4, 0x10, 0xC4, 0x10, 0xC4, 0x10, 0xC4, 0x10, 0xC4, 0x10, 0xC4, 0x10, 0xC4, 0x10, 0xC4, 0x10,
    0xC4, 0x10, 0xC4, 0x10, 0xC4, 0x10, 0xC4, 0x10, 0xC4, 0x10, 0xC4, 0x10, 0xC4, 0x10, 0xC4, 0x10,
    0xC4, 0x10, 0xC4, 0x10, 0xC4, 0x10, 0xC4, 0x10, 0xC4, 0x10, 0xC4, 0x10, 0xC4, 0x10, 0xC4, 0x10,
    0xC4, 0x10, 0xC4, 0x10, 0xC4, 0x10, 0xC4, 0x10, 0xC4, 0x10, 0xC4, 0x10, 0xC4, 0x10, 0xC4, 0x10,
    0xC4, 0x10, 0xC4, 0x10, 0xC4, 0x10, 0xC4, 0x10, 0xC4, 0x10, 0xC4, 0x10, 0xC4, 0x10, 0xC4, 0x10,
    0xC4, 0x10, 0xC4, 0x10, 0xC4, 0x10, 0xC4, 0x10, 0xC4, 0x10, 0xC4, 0x10, 0xC4, 0x10, 0xC4, 0x10,
    0xC4, 0x10, 0xC4, 0x10, 0xC4, 0x10, 0xC4, 0x10, 0xC4, 0x10, 0xC4, 0x10, 0xC4, 0x10, 0xC4, 0x10,
    0xC4, 0x10, 0xC4, 0x10, 0xC4, 0x10, 0xC4, 0x10, 0xC4, 0x10, 0xC4, 0x10, 0xC4, 0x10, 0xC4, 0x10,
    0xC4, 0x10, 0xC4, 0x10, 0xC4, 0x10, 0xC4, 0x10, 0xC4, 0x10, 0xC4, 0x10, 0xC4, 0x10, 0xC4, 0x10,
    0xC4, 0x10, 0xC4, 0x10, 0xC4, 0x10, 0xC4, 0x10, 0xC4, 0x10, 0xC4, 0x10, 0xC4, 0x10, 0xC4, 0x10,
    0xC4, 0x10, 0xC4, 0x10, 0xC4, 0x10, 0xC4, 0x10, 0xC4, 0x10, 0xC4, 0x10, 0xC4, 0x10, 0xC4, 0x10,
    0xC4, 0x10, 0xC4, 0x10, 0xC4, 0x10, 0xC4, 0x10, 0xC4, 0x10, 0xC4, 0x10, 0xC4, 0x10, 0xC4, 0x10,
    0xC4, 0x10, 0xC4, 0x10, 0xC4, 0x10, 0xC4, 0x10, 0xC4, 0x10, 0xC4, 0x10, 0xC4, 0x10, 0xC4, 0x10,
    0xC4, 0x10, 0xC4, 0x10, 0xC4, 0x10, 0xC4, 0x10, 0xC4, 0x10, 0xC4, 0x10, 0xC4, 0x10, 0xC4, 0x10,
    0xC4, 0x10, 0xC4, 0x10, 0xC4, 0x10, 0xC4, 0x10, 0xC4, 0x10, 0xC4, 0x10, 0xC4, 0x10, 0xC4, 0x10,
    0xC4, 0x10, 0xC4, 0x10, 0xC4, 0x10, 0xC4, 0x10, 0xC4, 0x10, 0xC4, 0x10, 0xC4, 0x10, 0xC4, 0x10,
    0xC4, 0x10, 0xC4, 0x10, 0xC4, 0x10, 0xC4, 0x10, 0xC4, 0x10, 0xC4, 0x10, 0xC4, 0x10, 0xC4, 0x10,
    0xC4, 0x10, 0xC4, 0x10, 0xC4, 0x10, 0xC4, 0x10, 0xC4, 0x10, 0xC4, 0x10, 0xC4, 0x10, 0xC4, 0x10,
    0xC4, 0x10, 0xC4, 0x10, 0xC4, 0x10, 0xC4, 0x10, 0xC4, 0x10, 0xC4, 0x10, 0xC4, 0x10, 0xC4, 0x10,
    0xC4, 0x10, 0xC4, 0x10, 0xC4, 0x10, 0xC4, 0x10, 0xC4, 0x10, 0xC4, 0x10, 0xC4, 0x10, 0xC4, 0x10,
    0xC4, 0x10, 0xC4, 0x10, 0xC4, 0x10, 0xC4, 0x10, 0xC4, 0x10, 0xC4, 0x10, 0xC4, 0x10, 0xC4, 0x10,
    0xC4, 0x10, 0xC4, 0x10, 0xC4, 0x10, 0xC4, 0x10, 0xC4, 0x10, 0xC4, 0x10, 0xC4, 0x10, 0xC4, 0x10,
    0xC4, 0x10, 0xC4, 0x10, 0xC4, 0x10, 0xC4, 0x10, 0xC4, 0x10, 0xC4, 0x10, 0xC4, 0x10, 0xC4, 0x10,
    0xC4, 0x10, 0xC4, 0x10, 0xC4, 0x10, 0xC4, 0x10, 0xC4, 0x10, 0xC4, 0x10, 0xC4, 0x10, 0xC4, 0x10,
    0xC4, 0x10, 0xC4, 0x10, 0xC4, 0x10, 0xC4, 0x10, 0xC4, 0x10, 0xC4, 0x10, 0xC4, 0x10, 0xC4, 0x10,
    0xC4, 0x10, 0xC4, 0x10, 0xC4, 0x10, 0xC4, 0x10, 0xC4, 0x10, 0xC4, 0x10, 0xC4, 0x10, 0xC4, 0x10,
    0xC4, 0x10, 0xC4, 0x10, 0xC4, 0x10, 0xC4, 0x10, 0xC4, 0x10, 0xC4, 0x10, 0xC4, 0x10, 0xC4, 0x10,
    0xC4, 0x10, 0xC4, 0x10, 0xC4, 0x10, 0xC4, 0x10, 0xC4, 0x10, 0xC4, 0x10, 0xC4, 0x10, 0xC4, 0x10,
    0xC4, 0x10, 0xC4, 0x10, 0xC4, 0x10, 0xC4, 0x10, 0xC4, 0x10, 0xC4, 0x10, 0xC4, 0x10, 0xC4, 0x10,
    0xC4, 0x10, 0xC4, 0x10, 0xC4, 0x10, 0xC4, 0x10, 0xC4, 0x10, 0xC4, 0x10, 0xC4, 0x10, 0xC4, 0x10,
    0xC4, 0x10, 0xC4, 0x10, 0xC4, 0x10, 0xC4, 0x10, 0xC4, 0x10, 0xC4, 0x10, 0xC4, 0x10, 0xC4, 0x10,
    0xC4, 0x10, 0xC4, 0x10, 0xC4, 0x10, 0xC4, 0x10, 0xC4, 0x10, 0xC4, 0x10, 0xC4, 0x10, 0xC4, 0x10,
    0xC4, 0x10, 0xC4, 0x10, 0xC4, 0x10, 0xC4, 0x10, 0xC4, 0x10, 0xC4, 0x10, 0xC4, 0x10, 0xC4, 0x10,
    0xC4, 0x10, 0xC4, 0x10, 0xC4, 0x10, 0xC4, 0x10, 0xC4, 0x10, 0xC4, 0x10, 0xC4, 0x10, 0xC4, 0x10,
    0xC4, 0x10, 0xC4, 0x10, 0xC4, 0x10, 0xC4, 0x10, 0xC4, 0x10, 0xC4, 0x10, 0xC4, 0x10, 0xC4, 0x10,
    0xC4, 0x10, 0xC4, 0x10, 0xC4, 0x10, 0xC4, 0x10, 0xC4, 0x10, 0xC4, 0x10, 0xC4, 0x10, 0xC4, 0x10,
    0xC4, 0x10, 0xC4, 0x10, 0xC4, 0x10, 0xC4, 0x10, 0xC4, 0x10, 0xC4, 0x10, 0xC4, 0x10, 0xC4, 0x10,
    0xC4, 0x10, 0xC4, 0x10, 0xC4, 0x10, 0xC4, 0x10, 0xC4, 0x10, 0xC4, 0x10, 0xC4, 0x10, 0xC4, 0x10,
    0xC4, 0x10, 0xC4, 0x10, 0xC4, 0x10, 0xC4, 0x10, 0xC4, 0x10, 0xC4, 0x10, 0xC4, 0x10, 0xC4, 0x10,
    0xC4, 0x10, 0xC4, 0x10, 0xC4, 0x10, 0xC4, 0x10, 0xC4, 0x10, 0xC4, 0x10, 0xC4, 0x10, 0xC4, 0x10,
    0xC4, 0x10, 0xC4, 0x10, 0xC4, 0x10, 0xC4, 0x10, 0xC4, 0x10, 0xC4, 0x10, 0xC4, 0x10, 0xC4, 0x10,
    0xC4, 0x10, 0xC4, 0x10, 0xC4, 0x10, 0xC4, 0x10, 0xC4, 0x10, 0xC4, 0x10, 0xC4, 0x10, 0xC4, 0x10,
    0xC4, 0x10, 0xC4, 0x10, 0xC4, 0x10, 0xC4, 0x10, 0xC4, 0x10, 0xC4, 0x10, 0xC4, 0x10, 0xC4, 0x10,
    0xC4, 0x10, 0xC4, 0x10, 0xC4, 0x10, 0xC4, 0x10, 0xC4, 0x10, 0xC4, 0x10, 0xC4, 0x10, 0xC4, 0x10,
    0xC4, 0x10, 0xC4, 0x10, 0xC4, 0x10, 0xC4, 0x10, 0xC4, 0x10, 0xC4, 0x10, 0xC4, 0x10, 0xC4, 0x10,
    0xC4, 0x10, 0xC4, 0x10, 0xC4, 0x10, 0xC4, 0x10, 0xC4, 0x10, 0xC4, 0x10, 0xC4, 0x10, 0xC4, 0x10,
    0xC4, 0x10, 0xC4, 0x10, 0xC4, 0x10, 0xC4, 0x10, 0xC4, 0x10, 0xC4, 0x10, 0xC4, 0x10, 0xC4, 0x10,
    0xC4, 0x10, 0xC4, 0x10, 0xC4, 0x10, 0xC4, 0x10, 0xC4, 0x10, 0xC4, 0x10, 0xC4, 0x10, 0xC4, 0x10,
    0xC4, 0x10, 0xC4, 0x10, 0xC4, 0x10, 0xC4, 0x10, 0xC4, 0x10, 0xC4, 0x10, 0xC4, 0x10, 0xC4, 0x10,
    0xC4, 0x10, 0xC4, 0x10, 0xC4, 0x10, 0xC4, 0x10, 0xC4, 0x10, 0xC4, 0x10, 0xC4, 0x10, 0xC4, 0x10,
    0xC4, 0x10, 0xC4, 0x10, 0xC4, 0x10, 0xC4, 0x10, 0xC4, 0x10, 0xC4, 0x10, 0xC4, 0x10, 0xC4, 0x10,
    0xC4, 0x10, 0xC4, 0x10, 0xC4, 0x10, 0xC4, 0x10, 0xC4, 0x10, 0xC4, 0x10, 0xC4, 0x10, 0xC4, 0x10,
    0xC4, 0x10, 0xC4, 0x10, 0xC4, 0x10, 0xC4, 0x10, 0xC4, 0x10, 0xC4, 0x10, 0xC4, 0x10, 0xC4, 0x10,
    0xC4, 0x10, 0xC4, 0x10, 0xC4, 0x10, 0xC4, 0x10, 0xC4, 0x10, 0xC4, 0x10, 0xC4, 0x10, 0xC4, 0x10,
    0xC4, 0x10, 0xC4, 0x10, 0xC4, 0x10, 0xC4, 0x10, 0xC4, 0x10, 0xC4, 0x10, 0xC4, 0x10, 0xC4, 0x10,
    0xC4, 0x10, 0xC4, 0x10, 0xC4, 0x10, 0xC4, 0x10, 0xC4, 0x10, 0xC4, 0x10, 0xC4, 0x10, 0xC4, 0x10,
    0xC4, 0x10, 0xC4, 0x10, 0xC4, 0x10, 0xC4, 0x10, 0xC4, 0x10, 0xC4, 0x10, 0xC4, 0x10, 0xC4, 0x10,
    0xC4, 0x10, 0xC4, 0x10, 0xC4, 0x10, 0xC4, 0x10, 0xC4, 0x10, 0xC4, 0x10, 0xC4, 0x10, 0xC4, 0x10,
    0xC4, 0x10, 0xC4, 0x10, 0xC4, 0x10, 0xC4, 0x10, 0xC4, 0x10, 0xC4, 0x10, 0xC4, 0x10, 0xC4, 0x10,
    0xC4, 0x10, 0xC4, 0x10, 0xC4, 0x10, 0xC4, 0x10, 0xC4, 0x10, 0xC4, 0x10, 0xC4, 0x10, 0xC4, 0x10,
    0xC4, 0x10, 0xC4, 0x10, 0xC4, 0x10, 0xC4, 0x10, 0xC4, 0x10, 0xC4, 0x10, 0xC4, 0x10, 0xC4, 0x10,
    0xC4, 0x10, 0xC4, 0x10, 0xC4, 0x10, 0xC4, 0x10, 0xC4, 0x10, 0xC4, 0x10, 0xC4, 0x10, 0xC4, 0x10,
    0xC4, 0x10, 0xC4, 0x10, 0xC4, 0x10, 0xC4, 0x10, 0xC4, 0x10, 0xC4, 0x10, 0xC4, 0x10, 0xC4, 0x10,
    0xC4, 0x10, 0xC4, 0x10, 0xC4, 0x10, 0xC4, 0x10, 0xC4, 0x10, 0xC4, 0x10, 0xC4, 0x10, 0xC4, 0x10,
    0xC4, 0x10, 0xC4, 0x10, 0xC4, 0x10, 0xC4, 0x10, 0xC4, 0x10, 0xC4, 0x10, 0xC4, 0x10, 0xC4, 0x10,
    0xC4, 0x10, 0xC4, 0x10, 0xC4, 0x10, 0xC4, 0x10, 0xC4, 0x10, 0xC4, 0x10, 0xC4, 0x10, 0xC4, 0x10,
    0xC4, 0x10, 0xC4, 0x10, 0xC4, 0x10, 0xC4, 0x10, 0xC4, 0x10, 0xC4, 0x10, 0xC4, 0x10, 0xC4, 0x10,
    0xC4, 0x10, 0xC4, 0x10, 0xC4, 0x10, 0xC4, 0x10, 0xC4, 0x10, 0xC4, 0x10, 0xC4, 0x10, 0xC4, 0x10,
    0xC4, 0x10, 0xC4, 0x10, 0xC4, 0x10, 0xC4, 0x10, 0xC4, 0x10, 0xC4, 0x10, 0xC4, 0x10, 0xC4, 0x10,
    0xC4, 0x10, 0xC4, 0x10, 0xC4, 0x10, 0xC4, 0x10, 0xC4, 0x10, 0xC4, 0x10, 0xC4, 0x10, 0xC4, 0x10,
    0xC4, 0x10, 0xC4, 0x10, 0xC4, 0x10, 0xC4, 0x10, 0xC4, 0x10, 0xC4, 0x10, 0xC4, 0x10, 0xC4, 0x10,
    0xC4, 0x10, 0xC4, 0x10, 0xC4, 0x10, 0xC4, 0x10, 0xC4, 0x10, 0xC4, 0x10, 0xC4, 0x10, 0xC4, 0x10,
    0xC4, 0x10, 0xC4, 0x10, 0xC4, 0x10, 0xC4, 0x10, 0xC4, 0x10, 0xC4, 0x10, 0xC4, 0x10, 0xC4, 0x10,
    0xC4, 0x10, 0xC4, 0x10, 0xC4, 0x10, 0xC4, 0x10, 0xC4, 0x10, 0xC4, 0x10, 0xC4, 0x10, 0xC4, 0x10,
    0xC4, 0x10, 0xC4, 0x10, 0xC4, 0x10, 0xC4, 0x10, 0xC4, 0x10, 0xC4, 0x10, 0xC4, 0x10, 0xC4, 0x10,
    0xC4, 0x10, 0xC4, 0x10, 0xC4, 0x10, 0xC4, 0x10, 0xC4, 0x10, 0xC4, 0x10, 0xC4, 0x10, 0xC4, 0x10,
    0xC4, 0x10, 0xC4, 0x10, 0xC4, 0x10, 0xC4, 0x10, 0xC4, 0x10, 0xC4, 0x10, 0xC4, 0x10, 0xC4, 0x10,
    0xC4, 0x10, 0xC4, 0x10, 0xC4, 0x10, 0xC4, 0x10, 0xC4, 0x10, 0xC4, 0x10, 0xC4, 0x10, 0xC4, 0x10,
    0xC4, 0x10, 0xC4, 0x10, 0xC4, 0x10, 0xC4, 0x10, 0xC4, 0x10, 0xC4, 0x10, 0xC4, 0x10, 0xC4, 0x10,
    0xC4, 0x10, 0xC4, 0x10, 0xC4, 0x10, 0xC4, 0x10, 0xC4, 0x10, 0xC4, 0x10, 0xC4, 0x10, 0xC4, 0x10,
    0xC4, 0x10, 0xC4, 0x10, 0xC4, 0x10, 0xC4, 0x10, 0xC4, 0x10, 0xC4, 0x10, 0xC4, 0x10, 0xC4, 0x10,
    0xC4, 0x10, 0xC4, 0x10, 0xC4, 0x10, 0xC4, 0x10, 0xC4, 0x10, 0xC4, 0x10, 0xC4, 0x10, 0xC4, 0x10,
    0xC4, 0x10, 0xC4, 0x10, 0xC4, 0x10, 0xC4, 0x10, 0xC4, 0x10, 0xC4, 0x10, 0xC4, 0x10, 0xC4, 0x10,
    0xC4, 0x10, 0xC4, 0x10, 0xC4, 0x10, 0xC4, 0x10, 0xC4, 0x10, 0xC4, 0x10, 0xC4, 0x10, 0xC4, 0x10,
    0xC4, 0x10, 0xC4, 0x10, 0xC4, 0x10, 0xC4, 0x10, 0xC4, 0x10, 0xC4, 0x10, 0xC4, 0x10, 0xC4, 0x10,
    0xC4, 0x10, 0xC4, 0x10, 0xC4, 0x10, 0xC4, 0x10, 0xC4, 0x10, 0xC4, 0x10, 0xC4, 0x10, 0xC4, 0x10,
    0xC4, 0x10, 0xC4, 0x10, 0xC4, 0x10, 0xC4, 0x10, 0xC4, 0x10, 0xC4, 0x10, 0xC4, 0x10, 0xC4, 0x10,
    0xC4, 0x10, 0xC4, 0x10, 0xC4, 0x10, 0xC4, 0x10, 0xC4, 0x10, 0xC4, 0x10, 0xC4, 0x10, 0xC4, 0x10,
    0xC4, 0x10, 0xC4, 0x10, 0xC4, 0x10, 0xC4, 0x10, 0xC4, 0x10, 0xC4, 0x10, 0xC4, 0x10, 0xC4, 0x10,
    0xC4, 0x10, 0xC4, 0x10, 0xC4, 0x10, 0xC4, 0x10, 0xC4, 0x10, 0xC4, 0x10, 0xC4, 0x10, 0xC4, 0x10,
    0xC4, 0x10, 0xC4, 0x10, 0xC4, 0x10, 0xC4, 0x10, 0xC4, 0x10, 0xC4, 0x10, 0xC4, 0x10, 0xC4, 0x10,
    0xC4, 0x10, 0xC4, 0x10, 0xC4, 0x10, 0xC4, 0x10, 0xC4, 0x10, 0xC4, 0x10, 0xC4, 0x10, 0xC4, 0x10,
    0xC4, 0x10, 0xC4, 0x10, 0xC4, 0x10, 0xC4, 0x10, 0xC4, 0x10, 0xC4, 0x10, 0xC4, 0x10, 0xC4, 0x10,
    0xC4, 0x10, 0xC4, 0x10, 0xC4, 0x10, 0xC4, 0x10, 0xC4, 0x10, 0xC4, 0x10, 0xC4, 0x10, 0xC4, 0x10,
    0xC4, 0x10, 0xC4, 0x10, 0xC4, 0x10, 0xC4, 0x10, 0xC4, 0x10, 0xC4, 0x10, 0xC4, 0x10, 0xC4, 0x10,
    0xC4, 0x10, 0xC4, 0x10, 0xC4, 0x10, 0xC4, 0x10, 0xC4, 0x10, 0xC4, 0x10, 0xC4, 0x10, 0xC4, 0x10,
    0xC4, 0x10, 0xC4, 0x10, 0xC4, 0x10, 0xC4, 0x10, 0xC4, 0x10, 0xC4, 0x10, 0xC4, 0x10, 0xC4, 0x10,
    0xC4, 0x10, 0xC4, 0x10, 0xC4, 0x10, 0xC4, 0x10, 0xC4, 0x10, 0xC4, 0x10, 0xC4, 0x10, 0xC4, 0x10,
    0xC4, 0x10, 0xC4, 0x10, 0xC4, 0x10, 0xC4, 0x10, 0xC4, 0x10, 0xC4, 0x10, 0xC4, 0x10, 0xC4, 0x10,
    0xC4, 0x10, 0xC4, 0x10, 0xC4, 0x10, 0xC4, 0x10, 0xC4, 0x10, 0xC4, 0x10, 0xC4, 0x10, 0xC4, 0x10,
    0xC4, 0x10, 0xC4, 0x10, 0xC4, 0x10, 0xC4, 0x10, 0xC4, 0x10, 0xC4, 0x10, 0xC4, 0x10, 0xC4, 0x10,
    0xC4, 0x10, 0xC4, 0x10, 0xC4, 0x10, 0xC4, 0x10, 0xC4, 0x10, 0xC4, 0x10, 0xC4, 0x10, 0xC4, 0x10,
    0xC4, 0x10, 0xC4, 0x10, 0xC4, 0x10, 0xC4, 0x10, 0xC4, 0x10, 0xC4, 0x10, 0xC4, 0x10, 0xC4, 0x10,
    0xC4, 0x10, 0xC4, 0x10, 0xC4, 0x10, 0xC4, 0x10, 0xC4, 0x10, 0xC4, 0x10, 0xC4, 0x10, 0xC4, 0x10,
    0xC4, 0x10, 0xC4, 0x10, 0xC4, 0x10, 0xC4, 0x10, 0xC4, 0x10, 0xC4, 0x10, 0xC4, 0x10, 0xC4, 0x10,
    0xC4, 0x10, 0xC4, 0x10, 0xC4, 0x10, 0xC4, 0x10, 0xC4, 0x10, 0xC4, 0x10, 0xC4, 0x10, 0xC4, 0x10,
    0xC4, 0x10, 0xC4, 0x10, 0xC4, 0x10, 0xC4, 0x10, 0xC4, 0x10, 0xC4, 0x10, 0xC4, 0x10, 0xC4, 0x10,
    0xC4, 0x10, 0xC4, 0x10, 0xC4, 0x10, 0xC4, 0x10, 0xC4, 0x10, 0xC4, 0x10, 0xC4, 0x10, 0xC4, 0x10,
    0xC4, 0x10, 0xC4, 0x10, 0xC4, 0x10, 0xC4, 0x10, 0xC4, 0x10, 0xC4, 0x10, 0xC4, 0x10, 0xC4, 0x10,
    0xC4, 0x10, 0xC4, 0x10, 0xC4, 0x10, 0xC4, 0x10, 0xC4, 0x10, 0xC4, 0x10, 0xC4, 0x10, 0xC4, 0x10,
    0xC4, 0x10, 0xC4, 0x10, 0xC4, 0x10, 0xC4, 0x10, 0xC4, 0x10, 0xC4, 0x10, 0xC4, 0x10, 0xC4, 0x10,
    0xC4, 0x10, 0xC4, 0x10, 0xC4, 0x10, 0xC4, 0x10, 0xC4, 0x10, 0xC4, 0x10, 0xC4, 0x10, 0xC4, 0x10,
    0xC4, 0x10, 0xC4, 0x10, 0xC4, 0x10, 0xC4, 0x10, 0xC4, 0x10, 0xC4, 0x10, 0xC4, 0x10, 0xC4, 0x10,
    0xC4, 0x10, 0xC4, 0x10, 0xC4, 0x10, 0xC4, 0x10, 0xC4, 0x10, 0xC4, 0x10, 0xC4, 0x10, 0xC4, 0x10,
    0xC4, 0x10, 0xC4, 0x10, 0xC4, 0x10, 0xC4, 0x10, 0xC4, 0x10, 0xC4, 0x10, 0xC4, 0x10, 0xC4, 0x10,
    0xC4, 0x10, 0xC4, 0x10, 0xC4, 0x10, 0xC4, 0x10, 0xC4, 0x10, 0xC4, 0x10, 0xC4, 0x10, 0xC4, 0x10,
    0xC4, 0x10, 0xC4, 0x10, 0xC4, 0x10, 0xC4, 0x10, 0xC4, 0x10, 0xC4, 0x10, 0xC4, 0x10, 0xC4, 0x10,
    0xC4, 0x10, 0xC4, 0x10, 0xC4, 0x10, 0xC4, 0x10, 0xC4, 0x10, 0xC4, 0x10, 0xC4, 0x10, 0xC4, 0x10,
    0xC4, 0x10, 0xC4, 0x10, 0xC4, 0x10, 0xC4, 0x10, 0xC4, 0x10, 0xC4, 0x10, 0xC4, 0x10, 0xC4, 0x10,
    0xC4, 0x10, 0xC4, 0x10, 0xC4, 0x10, 0xC4, 0x10, 0xC4, 0x10, 0xC4, 0x10, 0xC4, 0x10, 0xC4, 0x10,
    0xC4, 0x10, 0xC4, 0x10, 0xC4, 0x10, 0xC4, 0x10, 0xC4, 0x10, 0xC4, 0x10, 0xC4, 0x10, 0xC4, 0x10,
    0xC4, 0x10, 0xC4, 0x10, 0xC4, 0x10, 0xC4, 0x10, 0xC4, 0x10, 0xC4, 0x10, 0xC4, 0x10, 0xC4, 0x10,
    0xC4, 0x10, 0xC4, 0x10, 0xC4, 0x10, 0xC4, 0x10, 0xC4, 0x10, 0xC4, 0x10, 0xC4, 0x10, 0xC4, 0x10,
    0xC4, 0x10, 0xC4, 0x10, 0xC4, 0x10, 0xC4, 0x10, 0xC4, 0x10, 0xC4, 0x10, 0xC4, 0x10, 0xC4, 0x10,
    0xC4, 0x10, 0xC4, 0x10, 0xC4, 0x10, 0xC4, 0x10, 0xC4, 0x10, 0xC4, 0x10, 0xC4, 0x10, 0xC4, 0x10,
    0xC4, 0x10, 0xC4, 0x10, 0xC4, 0x10, 0xC4, 0x10, 0xC4, 0x10, 0xC4, 0x10, 0xC4, 0x10, 0xC4, 0x10,
    0xC4, 0x10, 0xC4, 0x10, 0xC4, 0x10, 0xC4, 0x10, 0xC4, 0x10, 0xC4, 0x10, 0xC4, 0x10, 0xC4, 0x10,
    0xC4, 0x10, 0xC4, 0x10, 0xC4, 0x10, 0xC4, 0x10, 0xC4, 0x10, 0xC4, 0x10, 0xC4, 0x10, 0xC4, 0x10,
    0xC4, 0x10, 0xC4, 0x10, 0xC4, 0x10, 0xC4, 0x10, 0xC4, 0x10, 0xC4, 0x10, 0xC4, 0x10, 0xC4, 0x10,
    0xC4, 0x10, 0xC4, 0x10, 0xC4, 0x10, 0xC4, 0x10, 0xC4, 0x10, 0xC4, 0x10, 0xC4, 0x10, 0xC4, 0x10,
    0xC4, 0x10, 0xC4, 0x10, 0xC4, 0x10, 0xC4, 0x10, 0xC4, 0x10, 0xC4, 0x10, 0xC4, 0x10, 0xC4, 0x10,
    0xC4, 0x10, 0xC4, 0x10, 0xC4, 0x10, 0xC4, 0x10, 0xC4, 0x10, 0xC4, 0x10, 0xC4, 0x10, 0xC4, 0x10,
    0xC4, 0x10, 0xC4, 0x10, 0xC4, 0x10, 0xC4, 0x10, 0xC4, 0x10, 0xC4, 0x10, 0xC4, 0x10, 0xC4, 0x10,
    0xC4, 0x10, 0xC4, 0x10, 0xC4, 0x10, 0xC4, 0x10, 0xC4, 0x10, 0xC4, 0x10, 0xC4, 0x10, 0xC4, 0x10,
    0xC4, 0x10, 0xC4, 0x10, 0xC4, 0x10, 0xC4, 0x10, 0xC4, 0x10, 0xC4, 0x10, 0xC4, 0x10, 0xC4, 0x10,
    0xC4, 0x10, 0xC4, 0x10, 0xC4, 0x10, 0xC4, 0x10, 0xC4, 0x10, 0xC4, 0x10, 0xC4, 0x10, 0xC4, 0x10,
    0xC4, 0x10, 0xC4, 0x10, 0xC4, 0x10, 0xC4, 0x10, 0xC4, 0x10, 0xC4, 0x10, 0xC4, 0x10, 0xC4, 0x10,
    0xC4, 0x10, 0xC4, 0x10, 0xC4, 0x10, 0xC4, 0x10, 0xC4, 0x10, 0xC4, 0x10, 0xC4, 0x10, 0xC4, 0x10,
    0xC4, 0x10, 0xC4, 0x10, 0xC4, 0x10, 0xC4, 0x10, 0xC4, 0x10, 0xC4, 0x10, 0xC4, 0x10, 0xC4, 0x10,
    0xC4, 0x10, 0xC4, 0x10, 0xC4, 0x10, 0xC4, 0x10, 0xC4, 0x10, 0xC4, 0x10, 0xC4, 0x10, 0xC4, 0x10,
    0xC4, 0x10, 0xC4, 0x10, 0xC4, 0x10, 0xC4, 0x10, 0xC4, 0x10, 0xC4, 0x10, 0xC4, 0x10, 0xC4, 0x10,
    0xC4, 0x10, 0xC4, 0x10, 0xC4, 0x10, 0xC4, 0x10, 0xC4, 0x10, 0xC4, 0x10, 0xC4, 0x10, 0xC4, 0x10,
    0xC4, 0x10, 0xC4, 0x10, 0xC4, 0x10, 0xC4, 0x10, 0xC4, 0x10, 0xC4, 0x10, 0xC4, 0x10, 0xC4, 0x10,
    0xC4, 0x10, 0xC4, 0x10, 0xC4, 0x10, 0xC4, 0x10, 0xC4, 0x10, 0xC4, 0x10, 0xC4, 0x10, 0xC4, 0x10,
    0xC4, 0x10, 0xC4, 0x10, 0xC4, 0x10, 0xC4, 0x10, 0xC4, 0x10, 0xC4, 0x10, 0xC4, 0x10, 0xC4, 0x10,
    0xC4, 0x10, 0xC4, 0x10, 0xC4, 0x10, 0xC4, 0x10, 0xC4, 0x10, 0xC4, 0x10, 0xC4, 0x10, 0xC4, 0x10,
    0xC4, 0x10, 0xC4, 0x10, 0xC4, 0x10, 0xC4, 0x10, 0xC4, 0x10, 0xC4, 0x10, 0xC4, 0x10, 0xC4, 0x10,
    0xC4, 0x10, 0xC4, 0x10, 0xC4, 0x10, 0xC4, 0x10, 0xC4, 0x10, 0xC4, 0x10, 0xC4, 0x10, 0xC4, 0x10,
    0xC4, 0x10, 0xC4, 0x10, 0xC4, 0x10, 0xC4, 0x10, 0xC4, 0x10, 0xC4, 0x10, 0xC4, 0x10, 0xC4, 0x10,
    0xC4, 0x10, 0xC4, 0x10, 0xC4, 0x10, 0xC4, 0x10, 0xC4, 0x10, 0xC4, 0x10, 0xC4, 0x10, 0xC4, 0x10,
    0xC4, 0x10, 0xC4, 0x10, 0xC4, 0x10, 0xC4, 0x10, 0xC4, 0x10, 0xC4, 0x10, 0xC4, 0x10, 0xC4, 0x10,
    0xC4, 0x10, 0xC4, 0x10, 0xC4, 0x10, 0xC4, 0x10, 0xC4, 0x10, 0xC4, 0x10, 0xC4, 0x10, 0xC4, 0x10,
    0xC4, 0x10, 0xC4, 0x10, 0xC4, 0x10, 0xC4, 0x10, 0xC4, 0x10, 0xC4, 0x10, 0xC4, 0x10, 0xC4, 0x10,
    0xC4, 0x10, 0xC4, 0x10, 0xC4, 0x10, 0xC4, 0x10, 0xC4, 0x10, 0xC4, 0x10, 0xC4, 0x10, 0xC4, 0x10,
    0xC4, 0x10, 0xC4, 0x10, 0xC4, 0x10, 0xC4, 0x10, 0xC4, 0x10, 0xC4, 0x10, 0xC4, 0x10, 0xC4, 0x10,
    0xC4, 0x10, 0xC4, 0x10, 0xC4, 0x10, 0xC4, 0x10, 0xC4, 0x10, 0xC4, 0x10, 0xC4, 0x10, 0xC4, 0x10,
    0xC4, 0x10, 0xC4, 0x10, 0xC4, 0x10, 0xC4, 0x10, 0xC4, 0x10, 0xC4, 0x10, 0xC4, 0x10, 0xC4, 0x10,
    0xC4, 0x10, 0xC4, 0x10, 0xC4, 0x10, 0xC4, 0x10, 0xC4, 0x10, 0xC4, 0x10, 0xC4, 0x10, 0xC4, 0x10,
    0xC4, 0x10, 0xC4, 0x10, 0xC4, 0x10, 0xC4, 0x10, 0xC4, 0x10, 0xC4, 0x10, 0xC4, 0x10, 0xC4, 0x10,
    0xC4, 0x10, 0xC4, 0x10, 0xC4, 0x10, 0xC4, 0x10, 0xC4, 0x10, 0xC4, 0x10, 0xC4, 0x10, 0xC4, 0x10,
    0xC4, 0x10, 0xC4, 0x10, 0xC4, 0x10, 0xC4, 0x10, 0xC4, 0x10, 0xC4, 0x10, 0xC4, 0x10, 0xC4, 0x10,
    0xC4, 0x10, 0xC4, 0x10, 0xC4, 0x10, 0xC4, 0x10, 0xC4, 0x10, 0xC4, 0x10, 0xC4, 0x10, 0xC4, 0x10,
    0xC4, 0x10, 0xC4, 0x10, 0xC4, 0x10, 0xC4, 0x10, 0xC4, 0x10, 0xC4, 0x10, 0xC4, 0x10, 0xC4, 0x10,
    0xC4, 0x10, 0xC4, 0x10, 0xC4, 0x10, 0xC4, 0x10, 0xC4, 0x10, 0xC4, 0x10, 0xC4, 0x10, 0xC4, 0x10,
    0xC4, 0x10, 0xC4, 0x10, 0xC4, 0x10, 0xC4, 0x10, 0xC4, 0x10, 0xC4, 0x10, 0xC4, 0x10, 0xC4, 0x10,
    0xC4, 0x10, 0xC4, 0x10, 0xC4, 0x10, 0xC4, 0x10, 0xC4, 0x10, 0xC4, 0x10, 0xC4, 0x10, 0xC4, 0x10,
    0xC4, 0x10, 0xC4, 0x10, 0xC4, 0x10, 0xC4, 0x10, 0xC4, 0x10, 0xC4, 0x10, 0xC4, 0x10, 0xC4, 0x10,
    0xC4, 0x10, 0xC4, 0x10, 0xC4, 0x10, 0xC4, 0x10, 0xC4, 0x10, 0xC4, 0x10, 0xC4, 0x10, 0xC4, 0x10,
    0xC4, 0x10, 0xC4, 0x10, 0xC4, 0x10, 0xC4, 0x10, 0xC4, 0x10, 0xC4, 0x10, 0xC4, 0x10, 0xC4, 0x10,
    0xC4, 0x10, 0xC4, 0x10, 0xC4, 0x10, 0xC4, 0x10, 0xC4, 0x10, 0xC4, 0x10, 0xC4, 0x10, 0xC4, 0x10,
    0xC4, 0x10, 0xC4, 0x10, 0xC4, 0x10, 0xC4, 0x10, 0xC4, 0x10, 0xC4, 0x10, 0xC4, 0x10, 0xC4, 0x10,
    0xC4, 0x10, 0xC4, 0x10, 0xC4, 0x10, 0xC4, 0x10, 0xC4, 0x10, 0xC4, 0x10, 0xC4, 0x10, 0xC4, 0x10,
    0xC4, 0x10, 0xC4, 0x10, 0xC4, 0x10, 0xC4, 0x10, 0xC4, 0x10, 0xC4, 0x10, 0xC4, 0x10, 0xC4, 0x10,
    0xC4, 0x10, 0xC4, 0x10, 0xC4, 0x10, 0xC4, 0x10, 0xC4, 0x10, 0xC4, 0x10, 0xC4, 0x10, 0xC4, 0x10,
    0xC4, 0x10, 0xC4, 0x10, 0xC4, 0x10, 0xC4, 0x10, 0xC4, 0x10, 0xC4, 0x10, 0xC4, 0x10, 0xC4, 0x10,
    0xC4, 0x10, 0xC4, 0x10, 0xC4, 0x10, 0xC4, 0x10, 0xC4, 0x10, 0xC4, 0x10, 0xC4, 0x10, 0xC4, 0x10,
    0xC4, 0x10, 0xC4, 0x10, 0xC4, 0x10, 0xC4, 0x10, 0xC4, 0x10, 0xC4, 0x10, 0xC4, 0x10, 0xC4, 0x10,
    0xC4, 0x10, 0xC4, 0x10, 0xC4, 0x10, 0xC4, 0x10, 0xC4, 0x10, 0xC4, 0x10, 0xC4, 0x10, 0xC4, 0x10,
    0xC4, 0x10, 0xC4, 0x10, 0xC4, 0x10, 0xC4, 0x10, 0xC4, 0x10, 0xC4, 0x10, 0xC4, 0x10, 0xC4, 0x10,
    0xC4, 0x10, 0xC4, 0x10, 0xC4, 0x10, 0xC4, 0x10, 0xC4, 0x10, 0xC4, 0x10, 0xC4, 0x10, 0xC4, 0x10,
    0xC4, 0x10, 0xC4, 0x10, 0xC4, 0x10, 0xC4, 0x10, 0xC4, 0x10, 0xC4, 0x10, 0xC4, 0x10, 0xC4, 0x10,
    0xC4, 0x10, 0xC4, 0x10, 0xC4, 0x10, 0xC4, 0x10, 0xC4, 0x10, 0xC4, 0x10, 0xC4, 0x10, 0xC4, 0x10,
    0xC4, 0x10, 0xC4, 0x10, 0xC4, 0x10, 0xC4, 0x10, 0xC4, 0x10, 0xC4, 0x10, 0xC4, 0x10, 0xC4, 0x10,
    0xC4, 0x10, 0xC4, 0x10, 0xC4, 0x10, 0xC4, 0x10, 0xC4, 0x10, 0xC4, 0x10, 0xC4, 0x10, 0xC4, 0x10,
    0xC4, 0x10, 0xC4, 0x10, 0xC4, 0x10, 0xC4, 0x10, 0xC4, 0x10, 0xC4, 0x10, 0xC4, 0x10, 0xC4, 0x10,
    0xC4, 0x10, 0xC4, 0x10, 0xC4, 0x10, 0xC4, 0x10, 0xC4, 0x10, 0xC4, 0x10, 0xC4, 0x10, 0xC4, 0x10,
    0xC4, 0x10, 0xC4, 0x10, 0xC4, 0x10, 0xC4, 0x10, 0xC4, 0x10, 0xC4, 0x10, 0xC4, 0x10, 0xC4, 0x10,
    0xC4, 0x10, 0xC4, 0x10, 0xC4, 0x10, 0xC4, 0x10, 0xC4, 0x10, 0xC4, 0x10, 0xC4, 0x10, 0xC4, 0x10,
    0xC4, 0x10, 0xC4, 0x10, 0xC4, 0x10, 0xC4, 0x10, 0xC4, 0x10, 0xC4, 0x10, 0xC4, 0x10, 0xC4, 0x10,
    0xC4, 0x10, 0xC4, 0x10, 0xC4, 0x10, 0xC4, 0x10, 0xC4, 0x10, 0xC4, 0x10, 0xC4, 0x10, 0xC4, 0x10,
    0xC4, 0x10, 0xC4, 0x10, 0xC4, 0x10, 0xC4, 0x10, 0xC4, 0x10, 0xC4, 0x10, 0xC4, 0x10, 0xC4, 0x10,
    0xC4, 0x10, 0xC4, 0x10, 0xC4, 0x10, 0xC4, 0x10, 0xC4, 0x10, 0xC4, 0x10, 0xC4, 0x10, 0xC4, 0x10,
    0xC4, 0x10, 0xC4, 0x10, 0xC4, 0x10, 0xC4, 0x10, 0xC4, 0x10, 0xC4, 0x10, 0xC4, 0x10, 0xC4, 0x10,
    0xC4, 0x10, 0xC4, 0x10, 0xC4, 0x10, 0xC4, 0x10, 0xC4, 0x10, 0xC4, 0x10, 0xC4, 0x10, 0xC4, 0x10,
    0xC4, 0x10, 0xC4, 0x10, 0xC4, 0x10, 0xC4, 0x10, 0xC4, 0x10, 0xC4, 0x10, 0xC4, 0x10, 0xC4, 0x10,
    0xC4, 0x10, 0xC4, 0x10, 0xC4, 0x10, 0xC4, 0x10, 0xC4, 0x10, 0xC4, 0x10, 0xC4, 0x10, 0xC4, 0x10,
    0xC4, 0x10, 0xC4, 0x10, 0xC4, 0x10, 0xC4, 0x10, 0xC4, 0x10, 0xC4, 0x10, 0xC4, 0x10, 0xC4, 0x10,
    0xC4, 0x10, 0xC4, 0x10, 0xC4, 0x10, 0xC4, 0x10, 0xC4, 0x10, 0xC4, 0x10, 0xC4, 0x10, 0xC4, 0x10,
    0xC4, 0x10, 0xC4, 0x10, 0xC4, 0x10, 0xC4, 0x10, 0xC4, 0x10, 0xC4, 0x10, 0xC4, 0x10, 0xC4, 0x10,
    0xC4, 0x10, 0xC4, 0x10, 0xC4, 0x10, 0xC4, 0x10, 0xC4, 0x10, 0xC4, 0x10, 0xC4, 0x10, 0xC4, 0x10,
    0xC4, 0x10, 0xC4, 0x10, 0xC4, 0x10, 0xC4, 0x10, 0xC4, 0x10, 0xC4, 0x10, 0xC4, 0x10, 0xC4, 0x10,
    0xC4, 0x10, 0xC4, 0x10, 0xC4, 0x10, 0xC4, 0x10, 0xC4, 0x10, 0xC4, 0x10, 0xC4, 0x10, 0xC4, 0x10,
    0xC4, 0x10, 0xC4, 0x10, 0xC4, 0x10, 0xC4, 0x10, 0xC4, 0x10, 0xC4, 0x10, 0xC4, 0x10, 0xC4, 0x10,
    0xC4, 0x10, 0xC4, 0x10, 0xC4, 0x10, 0xC4, 0x10, 0xC4, 0x10, 0xC4, 0x10, 0xC4, 0x10, 0xC4, 0x10,
    0xC4, 0x10, 0xC4, 0x10, 0xC4, 0x10, 0xC4, 0x10, 0xC4, 0x10, 0xC4, 0x10, 0xC4, 0x10, 0xC4, 0x10,
    0xC4, 0x10, 0xC4, 0x10, 0xC4, 0x10, 0xC4, 0x10, 0xC4, 0x10, 0xC4, 0x10, 0xC4, 0x10, 0xC4, 0x10,
    0xC4, 0x10, 0xC4, 0x10, 0xC4, 0x10, 0xC4, 0x10, 0xC4, 0x10, 0xC4, 0x10, 0xC4, 0x10, 0xC4, 0x10,
    0xC4, 0x10, 0xC4, 0x10, 0xC4, 0x10, 0xC4, 0x10, 0xC4, 0x10, 0xC4, 0x10, 0xC4, 0x10, 0xC4, 0x10,
    0xC4, 0x10, 0xC4, 0x10, 0xC4, 0x10, 0xC4, 0x10, 0xC4, 0x10, 0xC4, 0x10, 0xC4, 0x10, 0xC4, 0x10,
    0xC4, 0x10, 0xC4, 0x10, 0xC4, 0x10, 0xC4, 0x10, 0xC4, 0x10, 0xC4, 0x10, 0xC4, 0x10, 0xC4, 0x10,
    0xC4, 0x10, 0xC4, 0x10, 0xC4, 0x10, 0xC4, 0x10, 0xC4, 0x10, 0xC4, 0x10, 0xC4, 0x10, 0xC4, 0x10,
    0xC4, 0x10, 0xC4, 0x10, 0xC4, 0x10, 0xC4, 0x10, 0xC4, 0x10, 0xC4, 0x10, 0xC4, 0x10, 0xC4, 0x10,
    0xC4, 0x10, 0xC4, 0x10, 0xC4, 0x10, 0xC4, 0x10, 0xC4, 0x10, 0xC4, 0x10, 0xC4, 0x10, 0xC4, 0x10,
    0xC4, 0x10, 0xC4, 0x10, 0xC4, 0x10, 0xC4, 0x10, 0xC4, 0x10, 0xC4, 0x10, 0xC4, 0x10, 0xC4, 0x10,
    0xC4, 0x10, 0xC4, 0x10, 0xC4, 0x10, 0xC4, 0x10, 0xC4, 0x10, 0xC4, 0x10, 0xC4, 0x10, 0xC4, 0x10,
    0xC4, 0x10, 0xC4, 0x10, 0xC4, 0x10, 0xC4, 0x10, 0xC4, 0x10, 0xC4, 0x10, 0xC4, 0x10, 0xC4, 0x10,
    0xC4, 0x10, 0xC4, 0x10, 0xC4, 0x10, 0xC4, 0x10, 0xC4, 0x10, 0xC4, 0x10, 0xC4, 0x10, 0xC4, 0x10,
    0xC4, 0x10, 0xC4, 0x10, 0xC4, 0x10, 0xC4, 0x10, 0xC4, 0x10, 0xC4, 0x10, 0xC4, 0x10, 0xC4, 0x10,
    0xC4, 0x10, 0xC4, 0x10, 0xC4, 0x10, 0xC4, 0x10, 0xC4, 0x10, 0xC4, 0x10, 0xC4, 0x10, 0xC4, 0x10,
    0xC4, 0x10, 0xC4, 0x10, 0xC4, 0x10, 0xC4, 0x10, 0xC4, 0x10, 0xC4, 0x10, 0xC4, 0x10, 0xC4, 0x10,
    0xC4, 0x10, 0xC4, 0x10, 0xC4, 0x10, 0xC4, 0x10, 0xC4, 0x10, 0xC4, 0x10, 0xC4, 0x10, 0xC4, 0x10,
    0xC4, 0x10, 0xC4, 0x10, 0xC4, 0x10, 0xC4, 0x10, 0xC4, 0x10, 0xC4, 0x10, 0xC4, 0x10, 0xC4, 0x10,
    0xC4, 0x10, 0xC4, 0x10, 0xC4, 0x10, 0xC4, 0x10, 0xC4, 0x10, 0xC4, 0x10, 0xC4, 0x10, 0xC4, 0x10,
    0xC4, 0x10, 0xC4, 0x10, 0xC4, 0x10, 0xC4, 0x10, 0xC4, 0x10, 0xC4, 0x10, 0xC4, 0x10, 0xC4, 0x10,
    0xC4, 0x10, 0xC4, 0x10, 0xC4, 0x10, 0xC4, 0x10, 0xC4, 0x10, 0xC4, 0x10, 0xC4, 0x10, 0xC4, 0x10,
    0xC4, 0x10, 0xC4, 0x10, 0xC4, 0x10, 0xC4, 0x10, 0xC4, 0x10, 0xC4, 0x10, 0xC4, 0x10, 0xC4, 0x10,
    0xC4, 0x10, 0xC4, 0x10, 0xC4, 0x10, 0xC4, 0x10, 0xC4, 0x10, 0xC4, 0x10, 0xC4, 0x10, 0xC4, 0x10,
    0xC4, 0x10, 0xC4, 0x10, 0xC4, 0x10, 0xC4, 0x10, 0xC4, 0x10, 0xC4, 0x10, 0xC4, 0x10, 0xC4, 0x10,
    0xC4, 0x10, 0xC4, 0x10, 0xC4, 0x10, 0xC4, 0x10, 0xC4, 0x10, 0xC4, 0x10, 0xC4, 0x10, 0xC4, 0x10,
    0xC4, 0x10, 0xC4, 0x10, 0xC4, 0x10, 0xC4, 0x10, 0xC4, 0x10, 0xC4, 0x10, 0xC4, 0x10, 0xC4, 0x10,
    0xC4, 0x10, 0xC4, 0x10, 0xC4, 0x10, 0xC4, 0x10, 0xC4, 0x10, 0xC4, 0x10, 0xC4, 0x10, 0xC4, 0x10,
    0xC4, 0x10, 0xC4, 0x10, 0xC4, 0x10, 0xC4, 0x10, 0xC4, 0x10, 0xC4, 0x10, 0xC4, 0x10, 0xC4, 0x10,
    0xC4, 0x10, 0xC4, 0x10, 0xC4, 0x10, 0xC4, 0x10, 0xC4, 0x10, 0xC4, 0x10, 0xC4, 0x10, 0xC4, 0x10,
    0xC4, 0x10, 0xC4, 0x10, 0xC4, 0x10, 0xC4, 0x10, 0xC4, 0x10, 0xC4, 0x10, 0xC4, 0x10, 0xC4, 0x10,
    0xC4, 0x10, 0xC4, 0x10, 0xC4, 0x10, 0xC4, 0x10, 0xC4, 0x10, 0xC4, 0x10, 0xC4, 0x10, 0xC4, 0x10,
    0xC4, 0x10, 0xC4, 0x10, 0xC4, 0x10, 0xC4, 0x10, 0xC4, 0x10, 0xC4, 0x10, 0xC4, 0x10, 0xC4, 0x10,
    0xC4, 0x10, 0xC4, 0x10, 0xC4, 0x10, 0xC4, 0x10, 0xC4, 0x10, 0xC4, 0x10, 0xC4, 0x10, 0xC4, 0x10,
    0xC4, 0x10, 0xC4, 0x10, 0xC4, 0x10, 0xC4, 0x10, 0xC4, 0x10, 0xC4, 0x10, 0xC4, 0x10, 0xC4, 0x10,
    0xC4, 0x10, 0xC4, 0x10, 0xC4, 0x10, 0xC4, 0x10, 0xC4, 0x10, 0xC4, 0x10, 0xC4, 0x10, 0xC4, 0x10,
    0xC4, 0x10, 0xC4, 0x10, 0xC4, 0x10, 0xC4, 0x10, 0xC4, 0x10, 0xC4, 0x10, 0xC4, 0x10, 0xC4, 0x10,
    0xC4, 0x10, 0xC4, 0x10, 0xC4, 0x10, 0xC4, 0x10, 0xC4, 0x10, 0xC4, 0x10, 0xC4, 0x10, 0xC4, 0x10,
    0xC4, 0x10, 0xC4, 0x10, 0xC4, 0x10, 0xC4, 0x10, 0xC4, 0x10, 0xC4, 0x10, 0xC4, 0x10, 0xC4, 0x10,
    0xC4, 0x10, 0xC4, 0x10, 0xC4, 0x10, 0xC4, 0x10, 0xC4, 0x10, 0xC4, 0x10, 0xC4, 0x10, 0xC4, 0x10,
    0xC4, 0x10, 0xC4, 0x10, 0xC4, 0x10, 0xC4, 0x10, 0xC4, 0x10, 0xC4, 0x10, 0xC4, 0x10, 0xC4, 0x10,
    0xC4, 0x10, 0xC4, 0x10, 0xC4, 0x10, 0xC4, 0x10, 0xC4, 0x10, 0xC4, 0x10, 0xC4, 0x10, 0xC4, 0x10,
    0xC4, 0x10, 0xC4, 0x10, 0xC4, 0x10, 0xC4, 0x10, 0xC4, 0x10, 0xC4, 0x10, 0xC4, 0x10, 0xC4, 0x10,
    0xC4, 0x10, 0xC4, 0x10, 0xC4, 0x10, 0xC4, 0x10, 0xC4, 0x10, 0xC4, 0x10, 0xC4, 0x10, 0xC4, 0x10,
    0xC4, 0x10, 0xC4, 0x10, 0xC4, 0x10, 0xC4, 0x10, 0xC4, 0x10, 0xC4, 0x10, 0xC4, 0x10, 0xC4, 0x10,
    0xC4, 0x10, 0xC4, 0x10, 0xC4, 0x10, 0xC4, 0x10, 0xC4, 0x10, 0xC4, 0x10, 0xC4, 0x10, 0xC4, 0x10,
    0xC4, 0x10, 0xC4, 0x10, 0xC4, 0x10, 0xC4, 0x10, 0xC4, 0x10, 0xC4, 0x10, 0xC4, 0x10, 0xC4, 0x10,
    0xC4, 0x10, 0xC4, 0x10, 0xC4, 0x10, 0xC4, 0x10, 0xC4, 0x10, 0xC4, 0x10, 0xC4, 0x10, 0xC4, 0x10,
    0xC4, 0x10, 0xC4, 0x10, 0xC4, 0x10, 0xC4, 0x10, 0xC4, 0x10, 0xC4, 0x10, 0xC4, 0x10, 0xC4, 0x10,
    0xC4, 0x10, 0xC4, 0x10, 0xC4, 0x10, 0xC4, 0x10, 0xC4, 0x10, 0xC4, 0x10, 0xC4, 0x10, 0xC4, 0x10,
    0xC4, 0x10, 0xC4, 0x10, 0xC4, 0x10, 0xC4, 0x10, 0xC4, 0x10, 0xC4, 0x10, 0xC4, 0x10, 0xC4, 0x10,
    0xC4, 0x10, 0xC4, 0x10, 0xC4, 0x10, 0xC4, 0x10, 0xC4, 0x10, 0xC4, 0x10, 0xC4, 0x10, 0xC4, 0x10,
    0xC4, 0x10, 0xC4, 0x10, 0xC4, 0x10, 0xC4, 0x10, 0xC4, 0x10, 0xC4, 0x10, 0xC4, 0x10, 0xC4, 0x10,
    0xC4, 0x10, 0xC4, 0x10, 0xC4, 0x10, 0xC4, 0x10, 0xC4, 0x10, 0xC4, 0x10, 0xC4, 0x10, 0xC4, 0x10,
    0xC4, 0x10, 0xC4, 0x10, 0xC4, 0x10, 0xC4, 0x10, 0xC4, 0x10, 0xC4, 0x10, 0xC4, 0x10, 0xC4, 0x10,
    0xC4, 0x10, 0xC4, 0x10, 0xC4, 0x10, 0xC4, 0x10, 0xC4, 0x10, 0xC4, 0x10, 0xC4, 0x10, 0xC4, 0x10,
    0xC4, 0x10, 0xC4, 0x10, 0xC4, 0x10, 0xC4, 0x10, 0xC4, 0x10, 0xC4, 0x10, 0xC4, 0x10, 0xC4, 0x10,
    0xC4, 0x10, 0xC4, 0x10, 0xC4, 0x10, 0xC4, 0x10, 0xC4, 0x10, 0xC4, 0x10, 0xC4, 0x10, 0xC4, 0x10,
    0xC4, 0x10, 0xC4, 0x10, 0xC4, 0x10, 0xC4, 0x10, 0xC4, 0x10, 0xC4, 0x10, 0xC4, 0x10, 0xC4, 0x10,
    0xC4, 0x10, 0xC4, 0x10, 0xC4, 0x10, 0xC4, 0x10, 0xC4, 0x10, 0xC4, 0x10, 0xC4, 0x10, 0xC4, 0x10,
    0xC4, 0x10, 0xC4, 0x10, 0xC4, 0x10, 0xC4, 0x10, 0xC4, 0x10, 0xC4, 0x10, 0xC4, 0x10, 0xC4, 0x10,
    0xC4, 0x10, 0xC4, 0x10, 0xC4, 0x10, 0xC4, 0x10, 0xC4, 0x10, 0xC4, 0x10, 0xC4, 0x10, 0xC4, 0x10,
    0xC4, 0x10, 0xC4, 0x10, 0xC4, 0x10, 0xC4, 0x10, 0xC4, 0x10, 0xC4, 0x10, 0xC4, 0x10, 0xC4, 0x10,
    0xC4, 0x10, 0xC4, 0x10, 0xC4, 0x10, 0xC4, 0x10, 0xC4, 0x10, 0xC4, 0x10, 0xC4, 0x10, 0xC4, 0x10,
    0xC4, 0x10, 0xC4, 0x10, 0xC4, 0x10, 0xC4, 0x10, 0xC4, 0x10, 0xC4, 0x10, 0xC4, 0x10, 0xC4, 0x10,
    0xC4, 0x10, 0xC4, 0x10, 0xC4, 0x10, 0xC4, 0x10, 0xC4, 0x10, 0xC4, 0x10, 0xC4, 0x10, 0xC4, 0x10,
    0xC4, 0x10, 0xC4, 0x10, 0xC4, 0x10, 0xC4, 0x10, 0xC4, 0x10, 0xC4, 0x10, 0xC4, 0x10, 0xC4, 0x10,
    0xC4, 0x10, 0xC4, 0x10, 0xC4, 0x10, 0xC4, 0x10, 0xC4, 0x10, 0xC4, 0x10, 0xC4, 0x10, 0xC4, 0x10,
    0xC4, 0x10, 0xC4, 0x10, 0xC4, 0x10, 0xC4, 0x10, 0xC4, 0x10, 0xC4, 0x10, 0xC4, 0x10, 0xC4, 0x10,
    0xC4, 0x10, 0xC4, 0x10, 0xC4, 0x10, 0xC4, 0x10, 0xC4, 0x10, 0xC4, 0x10, 0xC4, 0x10, 0xC4, 0x10,
    0xC4, 0x10, 0xC4, 0x10, 0xC4, 0x10, 0xC4, 0x10, 0xC4, 0x10, 0xC4, 0x10, 0xC4, 0x10, 0xC4, 0x10,
    0xC4, 0x10, 0xC4, 0x10, 0xC4, 0x10, 0xC4, 0x10, 0xC4, 0x10, 0xC4, 0x10, 0xC4, 0x10, 0xC4, 0x10,
    0xC4, 0x10, 0xC4, 0x10, 0xC4, 0x10, 0xC4, 0x10, 0xC4, 0x10, 0xC4, 0x10, 0xC4, 0x10, 0xC4, 0x10,
    0xC4, 0x10, 0xC4, 0x10, 0xC4, 0x10, 0xC4, 0x10, 0xC4, 0x10, 0xC4, 0x10, 0xC4, 0x10, 0xC4, 0x10,
    0xC4, 0x10, 0xC4, 0x10, 0xC4, 0x10, 0xC4, 0x10, 0xC4, 0x10, 0xC4, 0x10, 0xC4, 0x10, 0xC4, 0x10,
    0xC4, 0x10, 0xC4, 0x10, 0xC4, 0x10, 0xC4, 0x10, 0xC4, 0x10, 0xC4, 0x10, 0xC4, 0x10, 0xC4, 0x10,
    0xC4, 0x10, 0xC4, 0x10, 0xC4, 0x10, 0xC4, 0x10, 0xC4, 0x10, 0xC4, 0x10, 0xC4, 0x10, 0xC4, 0x10,
    0xC4, 0x10, 0xC4, 0x10, 0xC4, 0x10, 0xC4, 0x10, 0xC4, 0x10, 0xC4, 0x10, 0xC4, 0x10, 0xC4, 0x10,
    0xC4, 0x10, 0xC4, 0x10, 0xC4, 0x10, 0xC4, 0x10, 0xC4, 0x10, 0xC4, 0x10, 0xC4, 0x10, 0xC4, 0x10,
    0xC4, 0x10, 0xC4, 0x10, 0xC4, 0x10, 0xC4, 0x10, 0xC4, 0x10, 0xC4, 0x10, 0xC4, 0x10, 0xC4, 0x10,
    0xC4, 0x10, 0xC4, 0x10, 0xC4, 0x10, 0xC4, 0x10, 0xC4, 0x10, 0xC4, 0x10, 0xC4, 0x10, 0xC4, 0x10,
    0xC4, 0x10, 0xC4, 0x10, 0xC4, 0x10, 0xC4, 0x10, 0xC4, 0x10, 0xC4, 0x10, 0xC4, 0x10, 0xC4, 0x10,
    0xC4, 0x10, 0xC4, 0x10, 0xC4, 0x10, 0xC4, 0x10, 0xC4, 0x10, 0xC4, 0x10, 0xC4, 0x10, 0xC4, 0x10,
    0xC4, 0x10, 0xC4, 0x10, 0xC4, 0x10, 0xC4, 0x10, 0xC4, 0x10, 0xC4, 0x10, 0xC4, 0x10, 0xC4, 0x10,
    0xC4, 0x10, 0xC4, 0x10, 0xC4, 0x10, 0xC4, 0x10, 0xC4, 0x10, 0xC4, 0x10, 0xC4, 0x10, 0xC4, 0x10,
    0xC4, 0x10, 0xC4, 0x10, 0xC4, 0x10, 0xC4, 0x10, 0xC4, 0x10, 0xC4, 0x10, 0xC4, 0x10, 0xC4, 0x10,
    0xC4, 0x10, 0xC4, 0x10, 0xC4, 0x10, 0xC4, 0x10, 0xC4, 0x10, 0xC4, 0x10, 0xC4, 0x10, 0xC4, 0x10,
    0xC4, 0x10, 0xC4, 0x10, 0xC4, 0x10, 0xC4, 0x10, 0xC4, 0x10, 0xC4, 0x10, 0xC4, 0x10, 0xC4, 0x10,
    0xC4, 0x10, 0xC4, 0x10, 0xC4, 0x10, 0xC4, 0x10, 0xC4, 0x10, 0xC4, 0x10, 0xC4, 0x10, 0xC4, 0x10,
    0xC4, 0x10, 0xC4, 0x10, 0xC4, 0x10, 0xC4, 0x10, 0xC4, 0x10, 0xC4, 0x10, 0xC4, 0x10, 0xC4, 0x10,
    0xC4, 0x10, 0xC4, 0x10, 0xC4, 0x10, 0xC4, 0x10, 0xC4, 0x10, 0xC4, 0x10, 0xC4, 0x10, 0xC4, 0x10,
    0xC4, 0x10, 0xC4, 0x10, 0xC4, 0x10, 0xC4, 0x10, 0xC4, 0x10, 0xC4, 0x10, 0xC4, 0x10, 0xC4, 0x10,
    0xC4, 0x10, 0xC4, 0x10, 0xC4, 0x10, 0xC4, 0x10, 0xC4, 0x10, 0xC4, 0x10, 0xC4, 0x10, 0xC4, 0x10,
    0xC4, 0x10, 0xC4, 0x10, 0xC4, 0x10, 0xC4, 0x10, 0xC4, 0x10, 0xC4, 0x10, 0xC4, 0x10, 0xC4, 0x10,
    0xC4, 0x10, 0xC4, 0x10, 0xC4, 0x10, 0xC4, 0x10, 0xC4, 0x10, 0xC4, 0x10, 0xC4, 0x10, 0xC4, 0x10,
    0xC4, 0x10, 0xC4, 0x10, 0xC4, 0x10, 0xC4, 0x10, 0xC4, 0x10, 0xC4, 0x10, 0xC4, 0x10, 0xC4, 0x10,
    0xC4, 0x10, 0xC4, 0x10, 0xC4, 0x10, 0xC4, 0x10, 0xC4, 0x10, 0xC4, 0x10, 0xC4, 0x10, 0xC4, 0x10,
    0xC4, 0x10, 0xC4, 0x10, 0xC4, 0x10, 0xC4, 0x10, 0xC4, 0x10, 0xC4, 0x10, 0xC4, 0x10, 0xC4, 0x10,
    0xC4, 0x10, 0xC4, 0x10, 0xC4, 0x10, 0xC4, 0x10, 0xC4, 0x10, 0xC4, 0x10, 0xC4, 0x10, 0xC4, 0x10,
    0xC4, 0x10, 0xC4, 0x10, 0xC4, 0x10, 0xC4, 0x10, 0xC4, 0x10, 0xC4, 0x10, 0xC4, 0x10, 0xC4, 0x10,
    0xC4, 0x10, 0xC4, 0x10, 0xC4, 0x10, 0xC4, 0x10, 0xC4, 0x10, 0xC4, 0x10, 0xC4, 0x10, 0xC4, 0x10,
    0xC4, 0x10, 0xC4, 0x10, 0xC4, 0x10, 0xC4, 0x10, 0xC4, 0x10, 0xC4, 0x10, 0xC4, 0x10, 0xC4, 0x10,
    0xC4, 0x10, 0xC4, 0x10, 0xC4, 0x10, 0xC4, 0x10, 0xC4, 0x10, 0xC4, 0x10, 0xC4, 0x10, 0xC4, 0x10,
    0xC4, 0x10, 0xC4, 0x10, 0xC4, 0x10, 0xC4, 0x10, 0xC4, 0x10, 0xC4, 0x10, 0xC4, 0x10, 0xC4, 0x10,
    0xC4, 0x10, 0xC4, 0x10, 0xC4, 0x10, 0xC4, 0x10, 0xC4, 0x10, 0xC4, 0x10, 0xC4, 0x10, 0xC4, 0x10,
    0xC4, 0x10, 0xC4, 0x10, 0xC4, 0x10, 0xC4, 0x10, 0xC4, 0x10, 0xC4, 0x10, 0xC4, 0x10, 0xC4, 0x10,
    0xC4, 0x10, 0xC4, 0x10, 0xC4, 0x10, 0xC4, 0x10, 0xC4, 0x10, 0xC4, 0x10, 0xC4, 0x10, 0xC4, 0x10,
    0xC4, 0x10, 0xC4, 0x10, 0xC4, 0x10, 0xC4, 0x10, 0xC4, 0x10, 0xC4, 0x10, 0xC4, 0x10, 0xC4, 0x10,
    0xC4, 0x10, 0xC4, 0x10, 0xC4, 0x10, 0xC4, 0x10, 0xC4, 0x10, 0xC4, 0x10, 0xC4, 0x10, 0xC4, 0x10,
    0xC4, 0x10, 0xC4, 0x10, 0xC4, 0x10, 0xC4, 0x10, 0xC4, 0x10, 0xC4, 0x10, 0xC4, 0x10, 0xC4, 0x10,
    0xC4, 0x10, 0xC4, 0x10, 0xC4, 0x10, 0xC4, 0x10, 0xC4, 0x10, 0xC4, 0x10, 0xC4, 0x10, 0xC4, 0x10,
    0xC4, 0x10, 0xC4, 0x10, 0xC4, 0x10, 0xC4, 0x10, 0xC4, 0x10, 0xC4, 0x10, 0xC4, 0x10, 0xC4, 0x10,
    0xC4, 0x10, 0xC4, 0x10, 0xC4, 0x10, 0xC4, 0x10, 0xC4, 0x10, 0xC4, 0x10, 0xC4, 0x10, 0xC4, 0x10,
    0xC4, 0x10, 0xC4, 0x10, 0xC4, 0x10, 0xC4, 0x10, 0xC4, 0x10, 0xC4, 0x10, 0xC4, 0x10, 0xC4, 0x10,
    0xC4, 0x10, 0xC4, 0x10, 0xC4, 0x10, 0xC4, 0x10, 0xC4, 0x10, 0xC4, 0x10, 0xC4, 0x10, 0xC4, 0x10,
    0xC4, 0x10, 0xC4, 0x10, 0xC4, 0x10, 0xC4, 0x10, 0xC4, 0x10, 0xC4, 0x10, 0xC4, 0x10, 0xC4, 0x10,
    0xC4, 0x10, 0xC4, 0x10, 0xC4, 0x10, 0xC4, 0x10, 0xC4, 0x10, 0xC4, 0x10, 0xC4, 0x10, 0xC4, 0x10,
    0xC4, 0x10, 0xC4, 0x10, 0xC4, 0x10, 0xC4, 0x10, 0xC4, 0x10, 0xC4, 0x10, 0xC4, 0x10, 0xC4, 0x10,
    0xC4, 0x10, 0xC4, 0x10, 0xC4, 0x10, 0xC4, 0x10, 0xC4, 0x10, 0xC4, 0x10, 0xC4, 0x10, 0xC4, 0x10,
    0xC4, 0x10, 0xC4, 0x10, 0xC4, 0x10, 0xC4, 0x10, 0xC4, 0x10, 0xC4, 0x10, 0xC4, 0x10, 0xC4, 0x10,
    0xC4, 0x10, 0xC4, 0x10, 0xC4, 0x10, 0xC4, 0x10, 0xC4, 0x10, 0xC4, 0x10, 0xC4, 0x10, 0xC4, 0x10,
    0xC4, 0x10, 0xC4, 0x10, 0xC4, 0x10, 0xC4, 0x10, 0xC4, 0x10, 0xC4, 0x10, 0xC4, 0x10, 0xC4, 0x10,
    0xC4, 0x10, 0xC4, 0x10, 0xC4, 0x10, 0xC4, 0x10, 0xC4, 0x10, 0xC4, 0x10, 0xC4, 0x10, 0xC4, 0x10,
    0xC4, 0x10, 0xC4, 0x10, 0xC4, 0x10, 0xC4, 0x10, 0xC4, 0x10, 0xC4, 0x10, 0xC4, 0x10, 0xC4, 0x10,
    0xC4, 0x10, 0xC4, 0x10, 0xC4, 0x10, 0xC4, 0x10, 0xC4, 0x10, 0xC4, 0x10, 0xC4, 0x10, 0xC4, 0x10,
    0xC4, 0x10, 0xC4, 0x10, 0xC4, 0x10, 0xC4, 0x10, 0xC4, 0x10, 0xC4, 0x10, 0xC4, 0x10, 0xC4, 0x10,
    0xC4, 0x10, 0xC4, 0x10, 0xC4, 0x10, 0xC4, 0x10, 0xC4, 0x10, 0xC4, 0x10, 0xC4, 0x10, 0xC4, 0x10,
    0xC4, 0x10, 0xC4, 0x10, 0xC4, 0x10, 0xC4, 0x10, 0xC4, 0x10, 0xC4, 0x10, 0xC4, 0x10, 0xC4, 0x10,
    0xC4, 0x10, 0xC4, 0x10, 0xC4, 0x10, 0xC4, 0x10, 0xC4, 0x10, 0xC4, 0x10, 0xC4, 0x10, 0xC4, 0x10,
    0xC4, 0x10, 0xC4, 0x10, 0xC4, 0x10, 0xC4, 0x10, 0xC4, 0x10, 0xC4, 0x10, 0xC4, 0x10, 0xC4, 0x10,
    0xC4, 0x10, 0xC4, 0x10, 0xC4, 0x10, 0xC4, 0x10, 0xC4, 0x10, 0xC4, 0x10, 0xC4, 0x10, 0xC4, 0x10,
    0xC4, 0x10, 0xC4, 0x10, 0xC4, 0x10, 0xC4, 0x10, 0xC4, 0x10, 0xC4, 0x10, 0xC4, 0x10, 0xC4, 0x10,
    0xC4, 0x10, 0xC4, 0x10, 0xC4, 0x10, 0xC4, 0x10, 0xC4, 0x10, 0xC4, 0x10, 0xC4, 0x10, 0xC4, 0x10,
    0xC4, 0x10, 0xC4, 0x10, 0xC4, 0x10, 0xC4, 0x10, 0xC4, 0x10, 0xC4, 0x10, 0xC4, 0x10, 0xC4, 0x10,
    0xC4, 0x10, 0xC4, 0x10, 0xC4, 0x10, 0xC4, 0x10, 0xC4, 0x10, 0xC4, 0x10, 0xC4, 0x10, 0xC4, 0x10,
    0xC4, 0x10, 0xC4, 0x10, 0xC4, 0x10, 0xC4, 0x10, 0xC4, 0x10, 0xC4, 0x10, 0xC4, 0x10, 0xC4, 0x10,
    0xC4, 0x10, 0xC4, 0x10, 0xC4, 0x10, 0xC4, 0x10, 0xC4, 0x10, 0xC4, 0x10, 0xC4, 0x10, 0xC4, 0x10,
    0xC4, 0x10, 0xC4, 0x10, 0xC4, 0x10, 0xC4, 0x10, 0xC4, 0x10, 0xC4, 0x10, 0xC4, 0x10, 0xC4, 0x10,
    0xC4, 0x10, 0xC4, 0x10, 0xC4, 0x10, 0xC4, 0x10, 0xC4, 0x10, 0xC4, 0x10, 0xC4, 0x10, 0xC4, 0x10,
    0xC4, 0x10, 0xC4, 0x10, 0xC4, 0x10, 0xC4, 0x10, 0xC4, 0x10, 0xC4, 0x10, 0xC4, 0x10, 0xC4, 0x10,
    0xC4, 0x10, 0xC4, 0x10, 0xC4, 0x10, 0xC4, 0x10, 0xC4, 0x10, 0xC4, 0x10, 0xC4, 0x10, 0xC4, 0x10,
    0xC4, 0x10, 0xC4, 0x10, 0xC4, 0x10, 0xC4, 0x10, 0xC4, 0x10, 0xC4, 0x10, 0xC4, 0x10, 0xC4, 0x10,
    0xC4, 0x10, 0xC4, 0x10, 0xC4, 0x10, 0xC4, 0x10, 0xC4, 0x10, 0xC4, 0x10, 0xC4, 0x10, 0xC4, 0x10,
    0xC4, 0x10, 0xC4, 0x10, 0xC4, 0x10, 0xC4, 0x10, 0xC4, 0x10, 0xC4, 0x10, 0xC4, 0x10, 0xC4, 0x10,
    0xC4, 0x10, 0xC4, 0x10, 0xC4, 0x10, 0xC4, 0x10, 0xC4, 0x10, 0xC4, 0x10, 0xC4, 0x10, 0xC4, 0x10,
    0xC4, 0x10, 0xC4, 0x10, 0xC4, 0x10, 0xC4, 0x10, 0xC4, 0x10, 0xC4, 0x10, 0xC4, 0x10, 0xC4, 0x10,
    0xC4, 0x10, 0xC4, 0x10, 0xC4, 0x10, 0xC4, 0x10, 0xC4, 0x10, 0xC4, 0x10, 0xC4, 0x10, 0xC4, 0x10,
    0xC4, 0x10, 0xC4, 0x10, 0xC4, 0x10, 0xC4, 0x10, 0xC4, 0x10, 0xC4, 0x10, 0xC4, 0x10, 0xC4, 0x10,
    0xC4, 0x10, 0xC4, 0x10, 0xC4, 0x10, 0xC4, 0x10, 0xC4, 0x10, 0xC4, 0x10, 0xC4, 0x10, 0xC4, 0x10,
    0xC4, 0x10, 0xC4, 0x10, 0xC4, 0x10, 0xC4, 0x10, 0xC4, 0x10, 0xC4, 0x10, 0xC4, 0x10, 0xC4, 0x10,
    0xC4, 0x10, 0xC4, 0x10, 0xC4, 0x10, 0xC4, 0x10, 0xC4, 0x10, 0xC4, 0x10, 0xC4, 0x10, 0xC4, 0x10,
    0xC4, 0x10, 0xC4, 0x10, 0xC4, 0x10, 0xC4, 0x10, 0xC4, 0x10, 0xC4, 0x10, 0xC4, 0x10, 0xC4, 0x10,
    0xC4, 0x10, 0xC4, 0x10, 0xC4, 0x10, 0xC4, 0x10, 0xC4, 0x10, 0xC4, 0x10, 0xC4, 0x10, 0xC4, 0x10,
    0xC4, 0x10, 0xC4, 0x10, 0xC4, 0x10, 0xC4, 0x10, 0xC4, 0x10, 0xC4, 0x10, 0xC4, 0x10, 0xC4, 0x10,
};

const lv_image_dsc_t launcher_heading_light_image = {
    .header = {
        .magic = LV_IMAGE_HEADER_MAGIC,
        .cf = LV_COLOR_FORMAT_RGB565,
        .flags = 0,
        .w = 460,
        .h = 68,
        .stride = 920,
        .reserved_2 = 0,
    },
    .data_size = sizeof(launcher_heading_light_map),
    .data = launcher_heading_light_map,
    .reserved = NULL,
};

const lv_image_dsc_t launcher_heading_dark_image = {
    .header = {
        .magic = LV_IMAGE_HEADER_MAGIC,
        .cf = LV_COLOR_FORMAT_RGB565,
        .flags = 0,
        .w = 460,
        .h = 68,
        .stride = 920,
        .reserved_2 = 0,
    },
    .data_size = sizeof(launcher_heading_dark_map),
    .data = launcher_heading_dark_map,
    .reserved = NULL,
};
